00000139
00001c2e
00000d6d
fffffc7b
00001a4e
00000006
fffffa54
0000100b
00001881
00002800
00000629
000026ae
ffffc546
00004667
00001190
fffff842
fffffda5
00003ffa
0000210e
ffffdbdc
ffffe7ff
00000228
00000b3a
ffffebd7
fffff904
fffff663
ffffec9b
000012bf
ffffec46
fffff18d
00000bff
ffffc1df
fffffafe
00001b3d
0000179c
fffff4e8
ffffcc03
ffffc79c
00001218
00000127
000010ab
0000153f
fffff0f0
00001364
00000629
ffffff96
00002f52
0000259b
ffffeb4d
00001b94
0000107e
ffffffb3
ffffee16
0000157a
00000206
ffffe7cc
0000058e
ffffe5ec
00001769
00002a6c
00000fc5
000004f5
ffffe718
00000650
fffffe84
00000333
000013e4
00001079
fffffa40
00001c34
ffffefa6
fffff523
00000c60
00002a96
ffffea76
00002151
00001332
ffffef24
fffffcb2
000012e9
000014f3
000003cf
0000088b
fffff6ba
00001f50
fffff7e7
00000848
ffffdd2a
00001bde
000005d9
000016b5
000008e5
fffff1f1
ffffd2a3
00000a16
ffffe9b1
ffffdae3
fffff37f
00001243
ffffdb3d
fffff094
00001b0f
fffff9ba
000010ba
00001be5
000005e8
0000097d
fffff967
000007f5
fffffbb4
fffffc2a
fffff519
ffffe6c5
0000045b
0000101e
fffffbcf
00000312
00002013
00001cfe
00000289
000025ac
0000064b
fffff2ab
000013cf
00000212
ffffe61c
00000fa0
00001dcd
fffff2c6
ffffe57c
00000ac5
000004ba
0000012e
fffff27c
fffff5b5
00000d91
ffffed44
00000850
fffffba8
00004639
ffffe204
fffff8b4
fffff49f
00001873
fffff259
00004414
fffff795
000035ae
00000209
0000073f
00000fd6
00000515
000018a1
fffffef5
00000e83
ffffe232
00000700
fffff105
00000935
00000d14
00000686
0000126e
00002a1b
00001fde
fffff4dc
00001ec0
00001621
fffff823
00001344
000008bc
ffffefcd
fffffec9
000000cc
000016cd
ffffe875
00000051
000000db
00000f62
fffffa84
ffffd49e
fffff3d5
0000179c
fffff7b7
00000cac
000000b5
fffff354
00001356
ffffe0a5
ffffe8ec
ffffdb6e
fffff3a5
ffffe989
00000228
fffffdd6
00002502
fffff245
ffffefad
00001814
ffffe2a8
00001d49
ffffd665
0000168c
00000a16
fffff04d
ffffea0b
000011c9
ffffe607
fffffb73
0000053d
fffff948
0000119d
ffffefe9
fffff39c
ffffff2a
00001274
fffffe1d
00001944
000006da
000016b7
00001110
00001149
00001d82
ffffd0a5
000010e5
00001348
00001aae
ffffd450
ffffd47e
000000b1
fffffd2f
00001585
000001b7
0000032c
00000509
fffff0a7
00001a0a
ffffe584
fffffd8d
fffff2e4
fffffef6
00001847
fffffc15
fffff7fc
00002670
ffffe649
fffffed3
ffffe749
000010aa
fffffca9
ffffe6d3
fffff361
ffffe736
ffffebbe
00000b73
000010e4
ffffeaf5
0000089c
ffffdc91
ffffe194
00000882
000015f7
ffffedca
fffffe69
fffffd03
00001052
00001ac6
000001d2
ffffecc7
fffffd91
000017c4
fffffa82
fffff53b
0000224a
ffffe5cc
00001fdd
000017f5
00000665
00001693
fffffdce
00001133
fffff868
00000b31
00001b35
00000249
00001053
ffffd79b
00000a5d
0000151b
ffffee76
00000a8c
00001ba0
000002d3
ffffcb3a
000028d2
fffffd71
ffffc6a3
fffff96b
00000b81
00001851
ffffcb1c
00000b0c
00000f67
000003a5
00000362
ffffebaa
ffffe7c7
000003c6
000006b5
fffff85c
ffffec25
00000212
fffffacd
00001375
000003dd
fffff915
ffffe644
000003b8
fffffb46
ffffe053
000022eb
fffffcb5
ffffdf0f
ffffe674
000017ee
0000077a
fffff631
ffffd035
ffffd997
00001a9d
00000d83
fffff5eb
000001ed
00001b29
fffff188
00001366
ffffefd1
00001235
fffffaba
fffff484
000006d3
00002b3d
000001f3
fffff3f0
ffffcda8
ffffffa3
00000178
0000021f
00000755
0000096a
ffffe7bc
00001e61
fffffabb
00000b9a
00000fd8
00000e24
0000061b
ffffe49f
000017c5
fffffc8b
00000da2
ffffe21c
fffff4ed
fffff3db
ffffee7f
ffffd632
ffffe845
ffffd770
fffff212
ffffecf0
00001d57
00000fdf
ffffec5b
fffff88e
fffff2e6
000008b7
000011a0
fffff20b
ffffcf5f
fffff2b8
ffffefdf
00000b3d
0000026e
ffffe615
000007f8
000000f5
00000b47
fffff188
ffffbb9e
000001e6
00001262
000000e8
000001d6
ffffee10
00000a89
0000172f
000017f7
ffffe145
fffff774
ffffd956
00000e0a
00000386
fffff40d
00000f98
fffffcaf
00000844
fffff492
ffffbb25
fffff53a
ffffe6a4
00000a15
fffffbf9
00000840
ffffc933
ffffec3c
000017a7
ffffdf25
000007ea
fffff7f1
ffffdb07
ffffe488
00000428
00000e51
fffff9b4
ffffe7de
ffffd865
fffff90d
ffffd6a6
ffffe925
ffffe537
00000f95
00000337
fffff63e
00003183
fffff485
00001dc7
fffff8d4
ffffed6f
fffff6eb
fffffe1b
fffffe0c
000016cc
fffffe1a
ffffeb77
ffffe4e0
00000b53
000005ce
00001255
0000104b
fffffc6b
ffffe164
00001099
000018c1
0000105c
fffff470
000028cf
fffffdcd
ffffe711
000002a4
00002344
ffffd822
00000938
fffff6ad
000003cd
00000082
ffffed06
fffff142
fffffbc5
000009a7
00001b1a
00000e6f
00000c7d
fffffade
ffffeaf6
00000a90
ffffebd0
fffff268
ffffefe5
0000350b
00000534
00000619
000007ed
fffff72d
fffffdb9
000003b5
000004c4
000002a4
fffff60e
fffffb44
ffffe062
ffffe6f9
00000244
00000fa8
fffff6a2
00000673
0000084d
00000506
00002249
ffffed5f
ffffe6ed
fffff59b
000016a7
00000fdb
ffffeb04
ffffdc1c
ffffef27
00000980
ffffd8c6
ffffea27
0000098a
00000c63
000024ec
000016ac
ffffdf21
00001b63
00001689
000006f5
000008a4
fffff7d8
000004c0
00000b19
ffffead7
fffffb68
000015b5
00000b86
00000b44
00000714
00003819
000008f7
ffffd674
fffffc8a
fffff900
00000668
ffffecd0
fffff40b
fffffbc3
ffffe7a4
00002892
00000ba6
ffffd8c0
ffffffbe
0000060e
00001088
00001a21
0000014f
00002835
000027f5
000005de
fffffed5
ffffecbd
ffffddcf
fffffdd9
00000660
000024aa
ffffe8fa
00000cbe
ffffef5d
fffff273
ffffffe4
ffffe7da
00000900
ffffe073
000010cb
fffff60a
00000d54
0000040e
000003b2
fffff1d7
ffffedca
fffff09c
000006a0
fffff92e
ffffeb16
00000c09
ffffec50
fffff54d
fffff229
00002f81
ffffec4b
fffff5e5
00002a48
000003dd
0000023a
00000d34
00000745
ffffdabc
fffff9a9
ffffee61
00000458
fffff3e5
ffffed86
ffffd52a
000001da
00000f70
ffffee4b
00000067
00000c1a
fffff5f9
ffffda68
0000135f
000001cb
00000423
00000b56
ffffc71e
fffff3b9
00000695
00001c03
000021d4
00001b54
fffff02e
ffffe9e3
000027b5
ffffef21
000021e7
00000e62
00001063
00002f82
fffff6fb
ffffedbc
00000e6e
fffffa05
ffffcd99
ffffedb3
ffffe52f
00001ee4
ffffebf8
000027ea
000009bb
000020bf
ffffe9b8
000000d9
0000161a
00001c0f
000004af
ffffec5f
00000274
0000175b
ffffe38f
00001c5c
00002a61
00002ef2
000019de
0000155e
00000939
ffffcd7c
ffffe50b
000004f9
00000460
fffff62b
fffffb53
fffff68f
fffffc09
fffff5ee
ffffe62b
ffffd705
00002200
ffffe29d
00001517
fffff1b6
fffffabf
00003824
fffffb3e
000021c3
fffff355
00000e87
fffff074
fffffb1a
00000706
ffffffaf
0000024b
00000169
ffffdff8
00000a03
fffff10f
00000166
00001b9c
fffff1ce
ffffee31
fffffed3
00001564
ffffe06b
000013a4
00000923
fffffb2b
fffff33d
fffff184
00000543
00002b1f
fffffe57
0000210c
ffffeb72
ffffff59
000011bb
ffffe557
000012cb
ffffe874
ffffe45b
fffffdfd
00000944
ffffeb9a
ffffd810
00002211
00000064
00002052
00000b18
fffff4fb
0000140c
000007e6
fffff4a8
ffffecf7
000005da
00001660
00000f97
ffffefb6
00001708
fffff24a
fffffb03
fffffd15
00000630
fffff4bb
00002419
00001509
0000125f
00000d34
00000cef
ffffeac7
ffffe280
ffffd844
fffff891
fffffd35
fffffa27
00001c51
fffff7e5
00001370
fffff216
00000fa6
fffff934
fffff9ef
000023e9
000001e3
fffff7b5
00002245
ffffcf08
000001b2
00000743
00003322
fffffab2
0000239d
000018a2
00000451
fffff856
00001579
fffff031
0000123f
fffffb71
00003a1c
00002366
fffff5fc
ffffd0ec
000016e5
0000195b
000007b5
0000056e
0000132e
fffff72f
ffffe756
fffff43f
00002817
0000135d
00002f80
fffff87e
ffffe5fd
00002693
0000211f
000015ac
ffffdc35
00000443
000000d4
00001156
0000076d
000010b7
fffffe44
fffffc5d
fffff5a4
fffffcfa
fffffe87
00000c56
fffffaba
00001e62
fffff73b
ffffed1e
ffffed91
fffff052
00002c3c
ffffdf01
0000055a
fffffaa4
000004e3
00000706
0000036f
ffffd44d
ffffedb1
fffffaca
fffffb14
00000e23
0000038c
fffff602
fffffc22
000017e0
00001bbb
fffffc42
00000471
fffff901
00000945
000011d1
ffffea3a
fffffd8c
00002fa0
fffff900
0000128e
00000421
00002189
fffffe14
00000cc5
fffff75b
fffffc7f
00000753
fffff0da
ffffffed
00000098
ffffee69
00000b21
fffffa05
00001447
fffff499
0000079e
00001910
0000162e
ffffdbdd
ffffdc7f
fffff4c4
fffff2e2
00001047
ffffef0d
ffffe009
fffff7ba
000000f4
ffffe595
fffff79b
fffff965
fffff1a9
fffff094
fffff67d
00000933
fffff49a
fffffbbb
0000056c
00000de5
00000f88
0000066d
0000022c
00001675
ffffee04
000000ee
fffff8d7
000007fe
00000d5a
000012d8
00000442
000007a1
000004b1
00000ef8
fffffd16
ffffff6b
ffffee5b
fffff9e4
00000196
00001c1d
000002b5
fffff923
00000c1e
00001587
fffffd1b
00002cc1
fffff0ba
0000013c
ffffca58
fffffbb2
fffffba3
00000369
00000c3e
ffffe767
00001d89
ffffedb8
00001646
000012fd
ffffff9b
fffffa9e
000001cb
fffff206
000028bf
fffff995
fffff6b1
ffffe25b
00001679
ffffe291
fffffbb9
00000e51
00001dfc
ffffff4c
000002b1
000007a9
000011e6
fffff094
000027a2
fffffde7
00000ddf
ffffe0d6
ffffffe1
00000d99
fffffaf4
fffffea9
ffffe1f1
ffffff1f
ffffeeb9
00000c0c
00003823
0000060f
0000070d
00001335
000009df
fffff9af
fffff37d
00000cdf
0000147b
00001102
fffff119
00000291
fffff7e7
ffffd7f5
ffffe777
0000029d
fffffcf5
000000ff
ffffeb27
ffffe8d8
00001276
00001864
fffff1e9
0000059c
ffffeb11
00000388
fffffdea
fffff6a1
0000102f
000013c9
ffffed41
fffff6f2
00001e44
fffff157
ffffe531
00001241
fffffe2c
00000d68
ffffdaee
fffff58a
fffff9d9
00001bfa
000011c9
fffffb40
fffff9d3
000011d3
fffffeea
ffffef63
000002b6
000004dd
00000132
00000026
000004b3
ffffe63d
000002b1
fffff9e3
ffffef35
00000411
00000815
fffff3fd
000013b2
fffffc45
fffff3fb
ffffdce9
0000005f
0000095a
00002cb1
00000b1e
ffffe683
0000105e
fffffc7a
fffffddf
fffff11f
fffff0d7
ffffe85b
0000193d
fffff1a4
00000ae3
00000761
fffff7e4
0000156d
fffff223
00000535
00000561
ffffe801
fffff9ca
ffffe93a
ffffe3be
000009f6
ffffec51
fffff102
00000dd5
00001090
ffffee43
fffff00a
00000201
00000ab4
000005fe
fffff67a
ffffe0a0
00000e5b
ffffefa9
ffffe6fe
fffff613
ffffca6f
00001140
000001ce
fffffaf0
000001ad
000006ad
ffffe499
fffffd09
ffffce58
ffffffcc
ffffeb04
000007f0
fffff6b0
00000f0b
00000bb9
000010c6
000001ea
00001524
00000374
00000d3b
00000a79
00000291
fffffe8a
fffff251
000004f3
000000e0
ffffdb54
000003f0
ffffe8bc
000009ae
00000039
ffffe29e
fffff9c7
fffff0d2
000017f6
ffffc8b0
00000da3
fffffac4
ffffdf14
ffffee85
00000ad8
fffff5f6
00000640
fffff4e1
fffffa11
0000025d
000019ef
ffffecc4
ffffe93c
fffff2ea
ffffe9d0
ffffeb3e
ffffdd4a
0000148c
fffffc3b
00000e91
000004ea
fffffba7
00002b28
fffff862
000018c1
00003383
00000dc1
00000111
0000173a
00001230
00000545
fffff526
ffffe718
ffffee71
0000126d
ffffe508
00000424
fffff96c
00001cb8
ffffe889
ffffdb4b
fffff086
ffffefdf
fffff6e5
ffffed66
fffff89d
ffffe1ee
00000f33
00001b74
00002071
000005b1
ffffedda
fffff12f
ffffe707
ffffdce3
00001f9b
fffffe9b
000001bd
00000ec4
00000b64
00000d02
000010ad
0000005d
ffffe128
fffff71e
ffffed35
00000a51
00001640
fffffa5b
fffffa7f
0000008f
fffffafa
fffff0c1
00000816
00001d44
000002c7
00000558
0000022d
ffffe942
000011b0
ffffeab8
00000895
00000b36
00000063
000020a9
ffffe97b
fffff362
00000688
00000697
ffffd4ac
00001689
00000421
000015e7
fffffaf0
0000125a
00000a9a
000003d1
fffff41d
ffffef50
ffffd9a5
ffffefb4
00000168
00000151
fffffdba
fffff7ec
00001177
0000103e
ffffec07
00000be8
ffffee92
ffffe648
000002be
fffff68f
000010a2
000006c6
000001e3
fffffc1f
00000dd4
00000b7c
ffffd97f
ffffec24
fffff2e7
ffffdcab
ffffdee3
00000364
ffffff8e
fffffab0
ffffd421
fffff6be
0000174a
fffff913
000006f1
ffffd9b9
fffff6d4
00000a44
00000a6d
00000588
00000820
00001e53
fffff00b
ffffeb7b
ffffe147
ffffefb0
0000157b
0000164a
ffffeb0f
ffffe087
00001ffb
ffffff96
00000730
fffffee3
00000628
0000084f
000012db
ffffea5a
00000edf
ffffea6c
fffffda0
000023a0
0000020d
00001525
000001fb
ffffdce5
fffff353
0000086b
000005ac
fffff2c8
000007a0
0000059e
000004f3
000004b0
fffffca2
fffff581
000001a2
fffff3a0
fffff1dd
fffff9bd
0000008f
fffff150
fffffe6a
fffff930
000007bc
ffffeb7b
fffff88f
fffff3fa
fffff163
fffff633
00000716
00000aed
0000089b
fffff844
00000352
00000d2c
fffffd42
00000e62
ffffe62d
ffffff45
00000bca
fffffc85
00001b81
ffffff34
fffff2da
00001b78
fffff9bb
fffffc2b
00000677
fffff596
00001056
00000fee
fffffacc
fffff4df
00000698
fffff9d7
fffffd02
00000631
000010e0
fffff636
00000705
000010af
00001927
fffff5f4
000004bd
fffffcd1
fffff7c2
fffff4ce
0000142f
fffffe20
fffff73d
000021d3
fffff009
000006e0
0000079c
fffff858
00000331
0000126c
000003cd
000005ce
fffffc4e
000006d1
fffffe3c
000004db
0000036e
fffffd57
00000993
ffffefab
fffff41c
00000188
00000246
0000015d
fffffac6
00001899
000004b2
00000b7c
fffff47f
00000497
fffff0db
0000195a
ffffe7da
fffff157
000003da
fffff3d1
0000076d
000004cb
fffffb2f
000008c9
fffff47b
000006ec
ffffff97
000000f9
000015b7
0000045f
000013bb
fffff81f
0000059a
fffff23f
00000b86
ffffff46
00000dba
00000fd8
ffffeb9b
ffffffb5
00000da6
fffffe82
00001846
ffffe492
000010d8
ffffed89
fffff7fd
ffffe5ac
000019c0
000006e8
00000069
00000224
ffffd4be
fffffa78
000002f2
fffff3b0
00000733
00000aa7
fffff61c
fffffab5
ffffe7aa
00000205
fffff101
000012ff
fffff573
000011e7
000001de
0000207b
0000003e
00000246
00000086
ffffea76
fffff82c
00000b1d
ffffe94c
ffffe2d8
00000aaf
ffffeded
00000b26
fffff120
000006f3
fffff3bd
00000778
00000170
0000056e
00000a47
00001138
00000281
ffffe61c
0000016c
00000959
00001959
000007ca
000012af
00000ecc
0000001a
fffff791
fffff759
00000a95
ffffd070
00000062
fffffe6b
fffffd07
fffffc68
fffffaf4
ffffef18
ffffebca
00000bd4
fffff674
fffff4dc
fffffa8b
ffffec32
00002881
00000a86
00000208
fffff4fe
0000122a
ffffee63
00000946
00000b38
00000aa4
00000948
000006e1
0000000a
fffff18d
ffffe599
ffffd37d
00000158
fffffa1f
fffff278
fffffeb1
fffff317
0000242b
fffffa3d
fffff5bf
000016f6
00000539
ffffecc4
000017d1
fffff83c
00002206
ffffd944
00000129
ffffced0
00001346
ffffddc2
ffffed10
00000c05
ffffe231
000025c4
00000e80
00000e03
000013ae
fffffcce
ffffee33
00001ec3
00001bf2
0000261b
ffffd7ca
000007a2
ffffdd67
fffffe41
000001c0
fffff93d
00001053
fffff295
ffffec24
fffff49c
ffffe2de
ffffdb48
fffffa90
000009c8
000014ca
00001bda
00001353
000024e3
00000adf
0000077c
ffffe420
000036e1
ffffe4f0
00000463
ffffddf9
ffffda86
fffffa3c
00001783
fffff750
fffffcc8
00001585
ffffeb42
fffff7bb
fffffb64
fffffc99
ffffe68e
fffffe9d
00000945
ffffa227
00000902
00000312
ffffe5af
fffff6dc
00001f6d
fffff8d7
0000042e
fffffb70
00003643
00000eaf
00000a5d
fffff98f
00004010
fffff880
ffffc1a0
0000229d
000001cc
fffffcb8
ffffcd08
ffffdda1
00000dc3
0000008c
fffff456
000030c6
fffffd06
ffffd160
00001f96
fffff75f
000000ee
00000a88
000016f4
000002bb
ffffc8ff
ffffe811
ffffff42
fffff5c5
00000bf9
000014fe
00002c47
000000ea
ffffef99
00000a98
00000c65
0000058a
000025cb
0000179d
ffffedb0
fffff52d
00001ada
0000153b
000007a7
ffffd281
fffff034
ffffe72a
00000f27
fffff983
fffff43a
ffffef77
fffff5ae
000005fc
00000e40
fffff9a1
ffffe13a
0000080b
fffffc70
ffffe132
ffffd9a0
000002c4
ffffefaf
ffffece6
ffffd699
0000094c
ffffe655
fffff21b
0000184b
fffffb59
ffff9c22
0000063b
ffffdeaa
fffff0d6
00001579
00000d2c
fffff258
000004d3
ffffcce2
ffffe8d9
fffffbe0
fffff338
0000015a
fffff777
ffffff43
ffffff4c
ffffe496
fffff92d
fffff9d8
fffff3c1
00001f03
000003ba
ffffe38e
0000280d
0000261f
ffffdfdc
0000131f
00002411
00000569
ffffd14f
000003ed
00001be6
fffff850
fffffbc9
ffffffc0
00003349
ffffe370
000024a3
fffff04d
0000084c
ffffe51f
fffff152
fffff7f9
00000c2b
00000682
00002a35
fffff3b5
00000ea6
ffffed83
ffffed00
ffffef77
fffffe48
0000040b
fffff511
00001a56
fffff303
fffff788
fffff6cf
fffff15a
ffffffc9
000008d8
fffffb0f
fffff414
fffff36f
ffffed62
fffffbdc
00000c63
fffff0f9
00000510
fffff09d
ffffec6f
000003b1
fffff607
00000919
fffffca9
fffffff5
000005a3
000008e2
fffff202
00000c41
00000782
fffff6d6
ffffeaef
fffff514
fffffadc
fffff827
00000a05
ffffff14
00000156
fffffffc
ffffed65
fffff403
ffffe797
fffffcbf
00000c90
fffffc81
00000217
000003a9
000005a5
fffff136
0000207a
ffffef7b
00000215
0000133c
ffffec1a
fffffee2
00001268
00001059
fffff00a
000004e2
fffffa4b
ffffeeab
ffffe1c8
fffffbe0
fffffae2
ffffff22
00000056
fffff089
0000027b
0000074a
000005dd
fffff3c0
ffffdc95
fffff417
000008e7
00000de8
000002c8
ffffe702
000015f6
fffff861
fffff653
0000022f
fffffe61
fffff03d
0000052a
ffffe262
ffffedc2
fffff41b
000007ef
000009c0
000000c5
000001f4
000007d7
fffffc40
ffffdf76
ffffe242
0000015e
00000710
fffff6fd
fffff6da
fffff63b
00001402
fffff627
fffffdfe
fffffdc4
00000a7b
00000409
ffffffa6
00000ea3
fffff9bf
0000016a
ffffeec3
000001aa
fffff5c4
ffffebbb
fffffe27
fffffefb
fffffb5d
fffffee2
0000034f
00000760
00000dec
00000df2
00000fad
00000548
ffffee72
fffffae7
ffffffef
fffff664
000005a1
fffff722
00000461
0000042f
000007c1
fffff6cd
fffff4a1
00000d4f
fffff40f
00000124
ffffdd00
00000714
fffffea4
fffffafe
0000065a
0000049d
fffffe65
fffffdd5
00000425
fffffd40
ffffff80
fffff7cd
fffffce0
fffff66a
000008f4
fffff285
fffffcf2
fffffe6e
ffffeaad
000008a6
00000d41
ffffec26
fffff476
0000156b
00000ad2
00000b3a
ffffee3b
fffffb57
00000482
ffffe823
fffffe9d
fffffe4b
ffffffe2
00000b26
fffffb77
00000685
fffffad7
ffffe9f2
fffff4de
ffffff95
ffffffea
fffff79d
0000022c
000020eb
ffffe8f5
ffffea60
fffffadf
fffffc02
fffffeea
000001e5
00000e6d
00000e0b
ffffee4f
00000931
fffff6b7
00000f17
fffff66a
000018cb
0000111f
0000095a
000014a9
fffffeb5
fffffdc4
00000c30
fffffa88
fffff8ff
000008c2
fffff7b0
00000fb5
00003d17
fffff6a9
ffffe034
fffff5b0
00000cdb
fffffb70
ffffea0c
000003cf
ffffe87e
00000975
ffffeba4
00000e82
ffffeb3c
00000fe1
0000148b
ffffff48
ffffff61
00001cc0
00000d58
00000beb
00000488
ffffee9b
00001557
ffffe6f1
000019e6
ffffe9b7
fffff84d
ffffed8e
00001135
fffff1ee
00001a34
00001e94
00001e6c
00001fd5
ffffeff4
ffffe28a
00001edb
000014a2
000001d3
00001943
00002004
ffffd828
00000c89
ffffef42
fffff899
00000d09
0000054a
000010fd
fffff4de
ffffe054
fffff14f
0000037f
ffffec99
ffffe4ea
fffff91e
00000be6
ffffe1ef
fffffe32
fffff2c0
000008e0
00001852
00000af8
000017ef
ffffcdff
fffffdac
fffff597
00001e29
ffffe36d
00004631
fffff97a
000003cc
00000f95
ffffecf9
000000bc
fffffdfe
ffffe7b2
fffff536
fffffddb
00000bf8
00000801
00000bfa
00000972
0000269e
000019d7
ffffe6f0
fffff142
ffffc6b0
ffffff65
ffffea09
fffffc2f
00001aa1
000000f1
fffff586
00000a3e
ffffec42
fffffa02
00000ea8
00001509
0000020c
ffffdedd
ffffec32
ffffea8f
fffff820
0000156a
ffffd8a4
0000245e
ffffed54
ffffedbc
00000934
000004ac
ffffed11
fffff941
00000334
000015c2
ffffe8ae
fffffe2b
000012d8
fffffe9b
00000b7b
fffff6c8
00001074
00001a18
00002a03
00000248
0000149a
000015f7
0000043b
fffff5cc
00000464
00001179
000014f0
ffffd82c
00000767
0000141e
000006dc
00000a18
fffffd38
00000a84
00000182
00000eaa
ffffeea9
fffff53c
ffffeeba
ffffe976
00000c6a
000026b0
00000160
fffffc67
000013cb
00001fe9
ffffec47
ffffe306
fffff38b
ffffe39c
ffffd506
fffff160
00000b6f
0000066c
fffffdce
ffffff47
ffffda95
ffffed80
ffffe70c
000028aa
00001ebe
ffffe21a
00000b25
000010e0
000004ff
fffffa50
ffffef2c
fffff9ac
ffffe380
00000130
ffffe8c3
fffff714
ffffe970
fffffc1c
ffffdf1a
000012fd
fffff481
000018c9
fffff270
ffffe530
ffffe3d8
0000015d
fffff674
00000199
fffffe3e
00002d13
00000527
0000051e
ffffd64e
00001d20
fffffd3c
fffffe3e
00000663
ffffef1a
00001c97
00002003
ffffe960
ffffee93
ffffd768
fffff3b7
0000067b
fffffc3d
000003e6
000001ff
000001d4
ffffedb2
00000247
000014c4
ffffdc0b
fffffef5
00000b4d
ffffd228
fffff21c
000005e6
ffffe6b1
fffffba2
fffff6a5
fffffd9c
00000bb8
0000107e
000008a4
00000f8d
00000226
fffff3bf
fffff934
0000069f
fffffda2
00001563
00002206
ffffee2d
fffff206
00000779
00000ce4
0000007f
000003d1
00000729
fffff039
fffff993
000008f7
ffffef7d
00000321
fffffe39
ffffec16
ffffecae
ffffef5d
fffffafb
ffffebb5
00000642
000006ca
000011f7
fffffb82
0000122e
00000bae
fffffb0d
00000c51
00000608
fffff736
00000122
ffffff97
ffffefd5
00000b90
00000186
000003e1
000014c0
000006d2
fffffe8e
fffff62c
fffff4d9
000037c2
000007c4
fffff52f
ffffec47
fffffdca
000008da
000017b8
fffffe16
ffffefef
ffffe73b
fffff858
00000d7c
fffff9e9
00002322
00001c6a
fffff744
ffffffef
00000488
00000104
fffff994
ffffe8cb
000007ef
fffff02c
0000068c
fffffce8
00000e0c
fffffcf3
00000108
ffffff5f
ffffe130
0000119a
0000000e
00000550
000018fd
000008ad
0000050d
000003b4
ffffee2f
000001a7
00002073
fffff6d4
fffffd3e
ffffedc2
ffffe810
fffffe0e
fffff711
fffffefe
000001a9
fffff323
000012c6
fffffad3
fffff784
00000636
fffffc97
0000018a
fffffd99
ffffeb21
00000a29
00000949
00000cf1
fffff674
00000fee
00000858
fffff5d6
00000ae7
fffffb68
fffff230
000005e7
00001429
00001af1
0000004a
fffff968
fffffdf5
00000e3a
00000c2d
00000622
fffff8ec
0000019a
ffffecdf
00000938
fffff2a5
000004eb
000008cc
0000218a
ffffe187
ffffe0df
00002927
00000e66
ffffeec6
0000137e
fffff416
fffff79b
0000000f
00001018
fffff3ce
00000411
00000340
fffff019
ffffe04c
fffff8c1
000001ae
000007f1
00001771
00001063
ffffeba5
00000490
00000bf7
000008d0
fffffd5c
ffffff0d
00000638
00000d8d
fffff899
fffff409
00000837
ffffe4ab
ffffee90
0000086d
ffffeedb
00000b71
fffffdac
ffffe6c5
00001502
00000e6e
fffff683
fffff906
000004c5
0000028a
ffffe089
0000135a
ffffd59b
00000b21
fffff353
ffffe2bc
ffffef87
00001988
fffffc43
fffff909
fffffe1e
00000d79
00000cac
ffffead9
0000013b
fffff209
00000de9
000004a3
fffff284
ffffe39c
00001d9d
fffff27a
ffffe8a6
00000bc6
ffffde88
00001cde
00001ba5
00000e6b
ffffda94
fffff616
ffffd8da
ffffda40
00000bd4
00000666
fffffba7
00001376
ffffe76b
ffffd5ad
fffff6cc
fffff216
00001795
fffff1f7
fffff8c5
000010bf
ffffebb0
00000e05
000004d5
fffff80a
0000078d
ffffdefa
fffff878
fffffcfe
fffffd8a
00000502
fffff4ba
ffffe4bc
00000995
00000e7a
ffffec00
ffffedba
ffffe450
00000654
000004db
fffff311
fffff3b8
000013c0
fffffbc2
ffffe761
fffff5d2
fffffb48
0000230d
00002f49
ffffedd0
0000268a
000008df
0000224a
ffffc9b7
fffffe03
ffffef9b
ffffffe4
00001394
fffff7c1
fffff57d
fffff301
000019d2
00000e10
fffff128
ffffde5a
fffffe77
fffff68a
0000052f
fffff857
fffff9c3
ffffd1d1
fffffabd
ffffea83
0000038b
ffffdccc
fffff1ad
fffffce5
fffff09e
000002dd
fffffd66
00001952
000004c6
00000405
fffff14c
0000209c
000010d6
fffff7f9
000005ab
fffff862
ffffe010
000004e9
fffff2d1
ffffea5e
00002ade
00003440
000022cb
00001ae3
000022ee
ffffe3e3
fffff41a
000027a6
fffff49e
ffffdad9
ffffd9bf
fffff990
fffffebf
ffffd8be
0000000e
00003b00
fffff7e5
ffffe09a
00002606
ffffd41c
fffff22a
ffffd6d0
0000009f
ffffefed
000007d6
0000248e
ffffff14
ffffe6d4
fffff0fe
000003e3
ffffe848
0000199c
000020e4
ffffff5e
ffffff2e
00000f59
0000277a
ffffebda
00000673
ffffee82
00001afe
000035cf
ffffeafb
ffffe1b3
000000df
00000da0
0000089a
ffffe264
00001629
fffffbcb
000025dc
fffff662
00000130
ffffea78
0000017f
ffffdf24
00000434
00000678
00000573
fffff4aa
00003b04
ffffd2ab
ffffe535
00001487
fffff1f4
ffffd2bc
000009f5
00001715
000006f2
00000152
fffff80c
0000060a
000007e7
ffffe245
fffffc25
00001d14
000001ed
ffffcf87
fffff9ad
fffffe13
ffffef29
ffffebe6
000008be
0000130f
fffff942
00000a50
fffff5e3
ffffe2a7
00000d62
000000c2
ffffe577
fffff42e
ffffe589
00000128
fffff92c
ffffd758
000000bd
fffffcd4
ffffe80f
ffffe2a5
000003d2
fffff327
00000768
00000ba0
00001474
fffffbaf
00000dd5
ffffd66e
00000913
ffffef09
fffffb18
00000d6f
00001444
00001cf6
00000251
000014d0
0000018b
fffff6e9
fffffac7
fffff8cd
000000f2
ffffef8d
000017db
ffffea1e
00001e2f
0000122c
fffffa4c
00000970
ffffecd3
ffffdfe8
0000031d
ffffe316
ffffe99d
ffffe5d0
ffffed15
00000a87
00000061
000009c3
ffffd675
0000008b
ffffe3ff
000007b2
000000f0
fffff767
0000107e
00000d31
00000f9f
00000854
fffff58e
00000301
fffff9b7
fffffb0e
00001341
fffff4f8
ffffeef5
00001ff4
fffff7c7
0000030b
0000048e
ffffe0e2
fffffa0b
fffff56a
00000a9b
ffffedc0
ffffec04
ffffeab3
fffff3f1
00000b1a
00001c2e
00000725
fffff56b
00002b3d
00000f8c
fffff243
00002373
000010df
00000879
00002c76
ffffff83
ffffeb47
fffff18d
00001d00
ffffe5f3
00001ab2
000009d1
fffffc01
fffff741
ffffe2cf
fffffeed
fffff1c1
ffffef6c
ffffdb9e
00001084
00000708
000027eb
00000a40
ffffff86
000007ff
ffffe93b
00000131
fffffe32
000000ea
00000e9b
00001d7f
ffffe143
ffffd89d
fffff84a
ffffee2d
ffffedd9
ffffe86c
0000003e
00000c80
00000c5b
ffffecb5
fffff5f8
000018ee
ffffcce4
0000182d
00000d5d
00000b67
00000bde
00001aec
fffffe93
0000103c
ffffeb09
0000298e
000002a8
000010ad
000019b1
fffff1b8
000008ce
fffff5ef
0000070b
ffffff36
00001cfe
fffffa35
fffff3b9
ffffdd22
00001d4b
ffffef62
000014ed
00000c4d
00000089
000018db
fffff947
000015e5
00000a4c
00000bad
ffffdf79
00000e1f
0000055f
fffff599
ffffe7ee
0000097c
ffffded7
000012ac
000026c1
00001d18
00001b04
ffffeb0f
0000292b
ffffe3bc
0000199c
ffffed2d
ffffef12
00001b96
0000052e
00001aa5
0000331c
000007fc
ffffe7d7
000007b2
fffff3b8
00000c4f
fffffbb6
fffffdb4
ffffeca7
fffff75f
fffff6d3
fffff39c
ffffdd9f
00000643
fffffab1
00000b05
00000458
00001c5c
fffff89e
ffffe1f1
00000074
0000213a
ffffd295
000006ec
ffffec5a
fffffe1b
fffff664
ffffee14
000018f3
000020e9
000013c1
fffff67f
00000804
00000389
00000f70
ffffddb7
00000f99
000009f6
ffffd74f
fffffa06
ffffe3ce
00001a83
fffffe20
fffffd3b
fffff340
000011fc
0000046d
000017c3
00000ec6
0000011b
fffff6cb
fffffc86
000008fb
0000008c
fffff767
ffffe7e6
fffff44f
ffffea07
fffff1d8
fffff3f5
0000145a
000007e9
00000188
fffff350
ffffeb9b
000016c5
000011e0
000011d4
fffffcb8
00000b63
ffffe53a
00000866
00000c40
0000069c
00000fea
00000013
fffffe3d
fffff1f2
ffffc2d3
fffffa38
ffffeb9d
fffff53c
00000d1d
00002a5d
fffff7a2
00002893
ffffef4e
00000c29
00001440
00000ab9
ffffb822
fffffe49
00001869
ffffd302
0000063c
fffff73c
ffffecc2
00001ad4
00000990
fffffefd
ffffe2a5
0000066f
00001221
ffffef6b
fffff849
ffffdcf2
ffffe29e
ffffcb82
ffffd615
ffffff75
0000003b
000005d6
00000b82
ffffeb5f
00000439
ffffe38c
fffffe23
ffffe335
ffffef9f
fffff9ee
ffffe239
00002f19
fffff8bc
00000c90
fffff408
ffffe504
000005b2
fffff12d
00000b24
fffffe1c
0000071e
00001404
fffffd2e
ffffec36
00000afa
00000714
0000066e
00000eb2
ffffce5e
ffffdc8b
fffff9c0
fffffa28
ffffe7ac
ffffeac8
000025db
fffffb70
00000a2f
ffffdf72
00002602
ffffe6f3
00000d0a
ffffe71e
ffffe9f8
ffffdbeb
fffffeb9
0000124d
fffff416
ffffe4b1
fffffbb0
000002df
00001846
00000aca
ffffe64b
fffffaf3
00000355
00000858
fffffae7
000010ca
fffffae6
00002acc
fffffbc8
000030c4
0000060f
fffff3cf
ffffd93c
ffffe742
fffff802
00000e2f
ffffe2b0
ffffdfcb
0000026b
00003717
fffff966
00000eae
fffff338
ffffe0be
000002d3
0000131a
ffffd107
00001af0
fffff911
00000907
fffff3f7
ffffd704
fffffe8c
ffffddea
00000ca6
00000ae7
fffff6c5
ffffe4e7
fffff4cc
ffffee93
fffff79d
ffffe115
fffff8cb
000013fe
00000ad2
000009f3
fffff119
ffffd22c
00001c28
fffffc6e
000006f5
00001254
000007eb
ffffd6dd
000005ec
ffffe8f3
00000d27
000001f3
000014ac
fffff39f
ffffe8a3
00000c59
000010b8
00000a57
00001720
fffffd0d
00000fed
ffffdbaa
ffffd653
fffff3f5
ffffe7fc
fffff98e
ffffe4b2
ffffed9e
fffff7a1
000000a5
fffffd6a
fffffdca
fffffa8d
ffffec21
ffffc54c
fffff31a
0000100a
ffffece2
fffff70d
00000ef5
00001b5a
000014ef
ffffdfb4
00000df5
00000bc7
000022c7
ffffe1ea
00000572
0000106b
ffffd500
fffff125
fffff093
0000051a
fffffc26
ffffcbd2
fffff10d
ffffe9ad
00000c29
00001717
00000bdf
0000054c
00000dd6
0000124f
fffffdbc
ffffcf8c
fffff3ab
ffffe46d
ffffe950
0000107d
000006c4
fffff2aa
ffffe8ed
00002b76
ffffe326
00002aa3
ffffd434
000000e4
fffff78c
fffff584
00001049
0000019a
fffffbf0
00000199
000005ad
0000294f
ffffd123
fffff97e
0000091a
ffffe92d
ffffd37c
ffffeaf4
fffff8b7
ffffff03
ffffda10
ffffff90
ffffee49
00000a26
ffffdb3f
fffffac5
0000077c
00001483
ffffcc57
00000b78
00000288
000014df
00000853
ffffe310
fffffb4c
fffff96e
ffffec3c
ffffff5f
00001566
ffffd546
0000282b
00004075
ffffd1fa
00002ad3
fffff574
000008e2
00000bd3
000022e2
00001957
ffffd6e6
ffffda6f
fffffa21
ffffeb78
ffffe0ea
0000039b
000010fa
00001273
fffff5de
ffffee43
000018df
00000e10
fffff42f
ffffeb3a
000029db
00000963
00000670
00001309
000023fd
ffffef60
ffffe633
fffff8ac
ffffcfaf
ffffdaa5
ffffd3c3
00000c97
fffffc86
00000207
ffffe9e4
0000089f
00001679
0000214d
fffffb34
ffffee28
ffffe465
fffffd04
00000034
00001953
fffffac0
ffffe9b1
ffffd85d
ffffc2cf
00000b6a
000006e2
00000742
ffffe645
fffff08a
00000d7d
00000353
000015ff
00000346
fffff907
0000005a
ffffefc1
000006c9
ffffdc65
fffff426
00000b4b
00001be7
000018e4
fffff883
00001d81
fffffe17
ffffca57
ffffe1b0
ffffed2e
00000662
fffff8eb
fffff89b
ffffd69d
00001cfc
fffffe3d
0000198b
fffff399
ffffc723
ffffd983
ffffe1e6
ffffec77
000025bd
000022ea
ffffe3fe
00000ef0
0000108a
ffffdafe
ffffeb05
ffffdbcd
00003819
00000f75
ffffef2e
00000190
00001693
000005ec
ffffddcc
000008f8
ffffc3bd
0000176b
00000ba8
fffff98a
00000e37
ffffe8db
ffffe967
00001e85
00002a74
fffff4dd
fffff62c
00001716
0000343e
fffffc58
00002573
ffff9c98
00000fd5
00000947
00001717
ffffe5ee
ffffe997
00001a65
fffff79a
fffffa7b
00000554
fffff376
000002cf
00000da5
fffff628
000023eb
ffffe543
00001522
fffffde7
ffffdb9b
000007e3
ffffee54
00001688
0000075b
fffffb8a
0000043f
ffffe4d6
00001710
ffffebef
000015ff
ffffe0bf
00000fb8
00001dc8
ffffdf03
ffffefe6
00002417
ffffedc9
ffffd9aa
00000390
fffffa67
00002951
0000033a
00001ae3
000008be
00000446
fffffc79
ffffed41
fffffdc8
fffff26f
00001c55
000000e9
000025a6
00000baa
fffff925
fffff759
ffffe8c0
fffff19f
00001876
00001f31
ffffe00d
ffffcda9
ffffcdad
000036c1
fffff15a
000022f2
0000136d
00000a74
ffffe444
00000a84
00000479
ffffe80d
00000ddc
00000e6f
ffffeaa9
00001c8b
ffffe1b5
000007dd
00000955
00002275
00000ec7
ffffe0b2
00001099
fffff7e7
0000085e
fffffc8d
fffff18b
00000018
000004df
fffff40a
000018bd
0000037f
ffffd34a
0000074a
00001586
00000fa3
fffff0fe
000006ae
00000ce1
000020e9
ffffe93b
fffffe91
ffffdfa8
00000a2a
0000061d
00000503
ffffedeb
000003e2
00000602
ffffe6c8
00001314
000013f4
00000714
ffffe63c
0000078b
fffff722
fffff736
000012e3
ffffec95
00000a1c
ffffcf97
00000d2f
fffffe69
ffffd4ec
fffff671
00000485
ffffefdd
00000e97
fffff93e
fffffcb6
fffffdf9
fffff427
00000709
ffffefff
0000048a
fffffe30
0000064c
00000320
000009a2
00001384
fffffd90
fffff0a7
ffffeebf
000002bb
fffffcbc
fffffa82
ffffea9c
00001829
000007be
ffffe8f6
fffff368
fffff204
00001d00
fffff52a
00001387
000005f5
00000ba5
fffff924
00000526
ffffff71
00000561
00001900
ffffe268
00000ab0
fffff586
fffff698
00001777
fffffd5e
00001072
fffff8df
fffffa3d
fffffd86
00002384
ffffd206
ffffd1e5
ffffed53
00000458
ffffef78
00001356
0000023d
ffffea93
00001500
000005bf
ffffdce6
0000002b
ffffeb7e
ffffd777
fffff6aa
fffffb35
fffffdcc
ffffef2f
000012a5
00000917
fffff8c4
0000047e
00000366
00000367
00000204
fffff7b7
00000639
ffffe0f6
0000316c
0000226f
fffff88b
fffff541
ffffd87a
00002613
00001852
00002b90
00000848
00000547
00002be3
ffffe08a
00002303
0000139e
ffffdb17
fffffec7
0000134d
000001ea
ffffd2b0
ffffef0c
00001139
ffffe56f
ffffef61
ffffe30d
ffffe1f6
fffff112
00000a1e
fffff299
ffffe9bf
fffffaef
00000c91
00000e23
000009a8
ffffce2c
fffff6c2
ffffd1e6
ffffec06
00002f2c
00002dda
fffffcf8
00000aae
000005f3
fffff8fa
ffffe474
fffff1bb
ffffeff2
fffffe2a
ffffe27b
000000b4
ffffeced
ffffe619
fffff8f9
fffff38a
000021cd
ffffd8b0
fffff4d8
00000a5b
0000161b
fffff4d0
ffffdfdd
fffffa00
ffffdece
000001d4
fffff971
00000170
00000b6d
fffff184
fffff825
000009dc
fffff962
00000e40
00002391
0000172f
fffff592
00002b0f
0000220a
fffff011
ffffe71a
fffff0ec
00001a09
fffff635
ffffc6a2
fffff5df
ffffd83e
000023e0
00000671
fffffea8
ffffdcf4
000032fb
ffffde54
ffffea44
fffffee3
00002fc1
fffff306
00000cf9
ffffec62
ffffe61c
000016d4
00001fc0
fffff60f
00000f6a
fffff867
00000eb7
fffff5cc
fffff250
00001e5b
000026d2
ffffe812
00001899
ffffe5d8
0000339a
ffffdcef
fffff409
00000635
fffff0d8
ffffeffd
fffff8c0
00001b0a
00001fc3
ffffecaf
ffffd74b
fffffe9d
000003dc
00000444
00003258
00000a20
fffff199
fffffe47
fffffe39
00001814
0000098c
00000ba2
00003eab
00002236
0000160b
00000887
fffff9da
fffffd14
000007c4
ffffcfb7
ffffd491
00000458
000001b8
00000fe3
ffffecb0
000020b7
0000111f
fffff323
000003ba
00001714
ffffdf99
fffffd94
00001b5d
ffffe463
00000033
00000e3c
0000263b
ffffef77
00000e3f
fffff0d9
ffffb517
fffff38b
000001e5
ffffcd8d
00002d1b
fffff90e
00000b2e
ffffe3af
000010c8
ffffed59
fffff44b
fffff06d
fffff724
ffffe68e
000003a2
ffffec53
ffffeec3
00001fa1
0000189b
fffffcf3
0000162d
ffffd665
00000e33
ffffdafc
00000f1b
fffff458
0000098a
fffff181
00001fc3
00000416
fffff575
ffffea0c
0000076d
fffff8c0
00000954
ffffeacd
00000c11
fffff761
ffffe23a
ffffcefd
00001fe9
fffff4b1
fffff776
0000467e
fffffb5d
00000eb2
00001cff
ffffed0f
fffff1b2
000001f6
00000ec8
00001d8d
fffffb7c
fffffc47
00000637
00000588
ffffef2d
fffff3a5
00000f21
fffff1e6
fffffb69
fffff8dc
fffffb63
fffff7ec
fffff497
fffff5ea
000002b2
00000b0c
ffffd8ce
fffff55b
ffffffbc
00000afd
ffffe884
000015fc
ffffe9e1
00000784
00000ae1
00000730
000010b8
ffffe762
000001a0
00000c4a
000011a6
fffff38f
fffffb01
00000828
00000d07
0000051a
0000062d
fffffd35
ffffebbc
ffffec67
0000047a
fffff67a
ffffe8d3
fffffc12
00001520
00000a4e
ffffeb96
ffffdc51
00000884
000009ed
000014cc
00002495
000004f5
00000cf7
ffffed1f
fffff44d
000010e7
fffff219
00000065
000009c7
ffffeb88
ffffd6b6
fffffd16
00000609
fffffce4
ffffef78
00003417
fffffd96
00000162
0000067e
fffffc71
fffffe19
00000996
ffffff91
ffffe5c8
fffff090
000003bf
00000c05
fffffb86
00000c13
000004d6
ffffe2e2
ffffff77
0000244e
ffffec58
000001a2
0000102f
fffffaa1
000008e2
fffffda1
fffff4ba
000018dd
0000027f
ffffe65b
00000b41
ffffdaa6
fffff1d5
0000166d
00000da2
000012b1
fffffe4c
0000058e
fffff732
00000ad7
00001c03
00000a79
ffffee71
00000c2d
000006a7
00000867
ffffe2e1
00000dbf
00000621
fffff9db
00000eb3
fffff568
000016f6
ffffefb9
ffffffc4
00000dfc
00000f8d
000010fd
fffff78c
0000097d
00000bc7
00001628
000017dd
fffff4e7
fffff235
00000c9f
00000a22
fffffb01
fffff209
fffff498
fffff84d
00000bdf
0000118c
000006a3
00000866
ffffef3d
000019c8
fffff48a
000018bc
fffff872
fffff31d
ffffef4d
fffffc0b
ffffce60
00000921
000022f8
fffffc4f
ffffdf35
00001276
00000193
ffffeec8
00001c0c
fffffad5
0000029b
00000c95
00000350
0000064b
ffffef93
000001c3
000006cf
fffffdd1
ffffbfde
000002e5
00001c69
000013f9
0000009a
0000013f
00000cf6
00000075
00000c79
ffffec7a
000005d6
fffff69b
000002ed
00001f4c
ffffee28
00001e33
00000031
ffffe556
000013aa
fffffd44
ffffd383
ffffed96
000021df
ffffdf7f
fffff9f6
000017ea
fffff7ca
ffffe648
fffff724
fffff65d
00001455
0000028d
00002c85
fffffa68
fffffe8b
00000814
fffff861
ffffd022
00000e1c
ffffe3cb
fffff7d7
00003242
ffffe2f5
fffffe65
0000007e
fffff065
fffff931
fffff682
ffffff50
00000de7
fffff65f
ffffe0b9
00001144
00002d63
00000c45
ffffe809
ffffcc40
0000029b
0000313f
fffffa1e
00001b71
ffffdd75
fffffe9d
ffffe6d5
00001212
ffffd97b
00000efe
ffffe182
ffffe8d7
000014a8
fffff2a4
00000977
00000208
00004d3c
fffffffb
fffff705
fffffbc9
ffffecfd
00000734
ffffe8cc
fffffde6
000009ba
ffffec10
00000159
fffff088
000008a8
fffff851
ffffffa7
00001182
00001edc
000011cb
00003186
00000baf
ffffea2c
0000015c
ffffdca0
00000258
fffffb3e
000028e0
00000327
0000042b
fffff787
fffff919
ffffe121
ffffd5d8
ffffc030
0000357e
0000070f
fffff453
ffffe338
00000901
000003e6
000004aa
00000476
fffff53d
ffffff67
ffffeccc
ffffe51a
fffff100
fffffb1f
000013d9
ffffef52
ffffed9d
000011e6
fffffe5a
ffffdc4d
fffff38c
fffffa68
fffff914
000000d1
000014e9
000001b6
00000807
fffff753
000001ac
ffffee0f
ffffe31e
00000554
000008e1
00001317
000016e8
ffffeab6
ffffd81d
ffffcc51
000013e3
0000028d
ffffffdb
00001881
00001e39
fffff971
ffffe5c4
000005c4
00000178
ffffed64
00002175
00001263
fffff1e2
ffffed4b
ffffedca
fffff406
ffffee61
ffffe6c6
ffffe515
00000878
fffff4b2
000006ad
000000e8
00000d9a
00000f94
000015c9
00000f72
00001f6c
fffff6d2
00001ec3
0000022f
ffffe3ff
fffff9bb
ffffedf9
00000314
fffffa9a
0000174b
ffffe31c
ffffe2ff
ffffd9e8
000017d2
ffffffb9
ffffdfe9
ffffeadc
00000762
00001248
00002890
00000205
fffffc79
00001b96
ffffe9c1
fffff23a
0000312d
0000252a
ffffdf58
ffffe4f0
00000e11
fffff82a
ffffeadb
0000066f
fffff9b6
ffffea9d
00000e4d
00001742
fffff4c7
00000fed
ffffe523
fffff731
ffffd685
0000134f
000015e5
fffffd9d
0000038e
000021c8
0000017c
00001a6a
00000bc0
ffffebc4
fffffbfc
00000ff8
000015aa
00002a5b
000003b8
fffffe5c
00002e12
fffffdec
fffff42a
ffffdffe
fffff5c2
fffff1a2
00000f1b
ffffd56c
fffffd6b
ffffc814
00001c93
ffffe160
ffffe73b
00000af2
ffffe5c3
00000715
ffffeb02
fffff50c
0000024a
ffffe582
ffffff0f
00000720
00000924
00001095
0000177c
ffffe21f
ffffe611
00000644
fffff6b4
ffffef7c
ffffe5c5
ffffe9cd
fffff239
00001d34
000004c1
ffffffa5
00002b75
00000901
00001a73
0000072e
00001444
00000694
00000265
fffff6b1
00000d2a
fffffa00
fffffa95
00000180
00000064
00000903
ffffee4f
00000a47
000006cc
ffffebf2
ffffec6d
fffff419
fffffc9e
fffffed6
fffff991
fffff8e8
fffff9d6
00000cdf
00000d06
ffffeebc
000019d2
fffff782
00000d60
ffffeb2d
000012e8
ffffe6f8
00000103
0000042f
00000bbb
000019b1
000005b6
0000007d
fffff81e
fffff9f0
ffffff6b
00000c6a
fffff6bf
00001612
000012e9
00000ea7
0000093e
fffffaeb
ffffffc5
00001256
ffffef2b
0000015c
00001180
ffffdb22
ffffead3
fffff54a
ffffe90f
fffffa54
00000e3d
00000567
00001360
00001848
0000002b
fffff030
fffff2e3
ffffde60
fffff2db
00000fd5
00000189
fffff995
00000417
fffffae5
fffffc4f
0000009a
00000e98
ffffed49
fffff5b3
ffffeee2
ffffff49
00000c84
00001ae6
0000072e
ffffe796
fffff395
fffff824
ffffe18f
fffff0d5
0000011f
00001453
fffff451
00001542
000007f6
0000167b
00001a6d
fffffaa2
fffff4c4
fffff6c6
00000aeb
00000505
0000074f
ffffe52a
fffff89b
ffffef0f
00000583
000002a2
ffffff93
ffffeaa4
00000064
00000845
000007e3
ffffe7bb
fffffe07
00000587
fffff340
000005ca
000001d0
00001a0e
fffff724
00000710
fffffff6
ffffef81
000010bf
ffffec2f
00000038
000003b3
0000060f
00000dcd
0000003c
ffffe196
fffff7e0
fffff80e
fffff043
fffff896
00000646
fffff11a
fffffeff
fffff110
ffffd671
fffff416
0000261d
00000f00
ffffe741
0000217a
fffff318
fffff8aa
00000e1a
ffffff27
00000244
fffff046
fffffa2f
0000186f
00000c76
ffffefeb
fffff166
fffff0ab
000017cf
fffffc1a
fffff741
000035ac
fffffe20
0000042d
00000333
0000092d
ffffec8c
ffffeb97
00000757
fffff5b9
ffffe648
fffffba4
00000d35
fffffa85
00001768
000009e3
000030e0
00000b88
ffffdfc1
00001d16
fffff90c
fffffb41
fffff665
0000118a
ffffdeca
ffffff83
00000725
fffffcc7
ffffebb5
000001c5
fffffda4
fffff158
fffffeb2
fffffcbf
00001615
ffffe78a
00000877
ffffeac2
fffff8ec
00001abf
0000001f
00001b34
ffffe0d9
fffff7a4
00000092
fffffc39
00000aaa
ffffd090
0000027f
00000b25
fffff71b
00000d69
00001d6b
000006ad
00000d56
0000020a
00000b46
ffffe3dd
ffffee81
000002e0
ffffd8a8
00000b17
00001653
00000760
fffff78a
000009e0
000018dc
ffffed75
000019bf
00002259
ffffe214
000000df
fffffbc4
fffff2b1
ffffd59b
000017ce
ffffeab6
000022d9
00001c99
00003269
0000101b
00000544
00000657
fffff550
000025b8
ffffde3e
000012f3
000044b9
ffffebe5
ffffff2f
000004a1
ffffe3c5
fffffa29
00000809
fffff7c2
ffffce9a
00001659
00000fb4
00001358
00000f43
fffff246
ffffdf08
fffff4d2
ffffebd7
ffffddc8
00000a3c
000011dd
000016e7
000013be
0000239d
ffffe624
0000257d
fffff92c
fffff950
ffffdebd
ffffe176
fffffb37
00000428
fffffe3d
00003123
00000830
fffff759
000023bd
ffffecf5
fffff742
0000053b
00001e35
00000c7b
fffffe39
0000203c
00001a68
0000054a
fffff2db
fffffdd6
00002539
fffffa1b
000009a2
ffffe36d
0000088f
000000ad
000000a2
000008f1
00000199
fffff98e
000017bd
00002a3e
ffffdac1
fffff7dc
fffff8fe
00000c05
000001bf
000009db
fffff510
fffffaca
ffffe119
ffffff64
00000e93
000002ef
fffff681
000026dd
000016c4
fffff0fe
00001ad6
fffffdbe
00001e77
000005ea
fffff50c
00000446
00000e0a
0000056b
fffff81f
fffff33a
000003ee
0000118f
00000499
0000076b
ffffd44c
fffff8f9
fffffbd3
00000134
fffffc58
000004af
ffffed41
0000291f
00000fd3
000003a3
ffffd98f
00001b71
00001923
00000507
00000c61
00000082
ffffee39
00000bca
00001c2d
fffff61a
000023d0
000003ee
00001024
000009b6
00000a9c
fffff12e
0000177a
fffffa25
ffffff22
00000675
0000007a
00002551
fffff91e
fffff974
fffff99b
ffffffb8
0000003b
fffff184
00001f74
fffffb65
ffffec8f
00001e85
ffffeece
ffffef97
ffffe050
fffffff9
0000237b
000007f3
fffffe0a
00002101
fffffae1
000006a8
fffff1c4
00000f23
0000077f
000009c0
00000964
ffffff8b
00000689
00000282
fffffb6a
fffffc84
00001036
00000d24
ffffffce
fffff3b9
00000b36
000013f5
0000076b
00000822
fffff775
000000d0
00000350
0000012c
fffffd3c
ffffe0e2
000019b9
fffff1dd
fffff734
00000510
000003c3
00000001
ffffea20
00000450
fffff743
ffffd992
ffffecd0
ffffefbc
fffff925
fffffb33
00000c74
fffffcfe
00000204
fffff665
00000205
00000601
00000b7d
00001159
ffffff2f
fffffa3d
fffff356
fffff1ab
fffffb46
fffff748
00000ec7
00000bcf
00000ac1
00000e32
00000494
fffff0e2
fffffca8
fffff944
000010cb
0000047f
fffffb6b
00001630
fffffb2d
fffffc0e
ffffe933
fffff688
000009d2
fffffb30
00000267
fffff721
000002b5
fffff9d2
00000939
00000b55
fffff280
ffffef3e
0000142f
fffff314
ffffdfb7
fffff082
fffff569
00000108
fffffd50
00000415
ffffe5c1
000017ac
0000106e
000008e6
ffffdd84
ffffff2f
00001055
fffff7ce
000009ad
000003d4
fffffbda
fffff3a7
ffffeae8
ffffe0bc
ffffffdf
fffff79b
fffff67c
000005ed
000006a5
0000132e
00000c52
ffffffd6
fffffc25
fffff159
00000120
fffff4b2
ffffffb8
00000348
000003d6
ffffdf63
fffff7d6
0000139a
00000773
000006d0
fffffb62
fffff116
fffff6c1
00000419
000007c1
00000179
fffff76a
fffff84c
00000bb7
ffffeff4
fffffee8
00000818
fffffe10
00000fdc
00000179
ffffeffd
fffff48c
00000a19
000005b1
00000705
fffffc80
fffff8bb
00000105
000007e4
000002c4
00000b28
00000137
00001ff7
fffffb54
fffff504
fffffb60
fffffa59
fffff39c
00000313
00000d6a
fffffaea
0000014e
00000447
0000009d
ffffee2d
000013cd
00000a39
fffff302
00001ded
0000041d
fffff9cf
000001aa
fffffc48
fffff004
fffff3e9
0000027b
fffffb06
fffffcb9
ffffed64
000004d2
fffffd6f
fffff503
fffffe58
ffffff2f
fffff117
000003a5
000002be
00000c1a
000001eb
fffff72d
fffff1fd
ffffe5b5
fffffbdb
0000047f
00000dde
00000574
000004ac
fffff1bb
000014f5
00000a5e
fffffdbf
fffff983
fffff04c
fffffd74
fffffe43
fffffd4f
000004a5
ffffefb0
0000276d
0000202d
fffffba5
000012a0
00000ffe
000010e0
ffffe039
00001417
0000095f
fffff117
00000b66
ffffe341
00000f58
fffff8f5
00000777
ffffff57
000007ab
000010dc
ffffe68a
ffffffb8
000012fc
fffff166
fffffb14
000005e3
fffffe4e
fffff1b5
ffffff14
fffff35a
000012e8
00000b87
0000002c
0000019e
fffffd5c
fffff30a
fffff758
fffffa7e
00000c6f
ffffefc3
0000142f
000006e5
ffffdffd
00000324
00000c26
ffffffd7
fffff47c
00000e09
0000015b
ffffff44
000007ef
00000d03
000005e0
fffff5d1
00000321
000000f8
fffff881
fffff4f6
0000078d
000004b6
fffffe5e
00000a80
00001c22
00000670
fffff47d
00000000
000015aa
00001390
00001203
ffffe014
ffffea8d
000016b5
00001621
000003af
0000078c
fffffc5f
fffff847
fffff5f6
000002ab
00001b47
ffffe139
00000220
ffffdfed
00000fc4
00000041
00000d27
00000170
fffff98d
fffff195
ffffe4e9
000012a4
00002622
fffffe74
ffffe8db
00000c0e
00002405
000009a9
fffff18c
fffffe05
fffff022
fffff27b
fffffa00
ffffd452
fffff8d3
fffff91c
fffff028
0000004a
fffffd4b
fffff2af
000002c1
fffffccd
00000194
00001ab4
fffff871
fffffb87
fffffd73
00001acb
fffffdc2
ffffe941
ffffdedd
000003fa
000006fb
fffff13c
000012d1
fffffd92
fffff70f
ffffcc70
0000104a
fffff970
00000697
00000176
00001b9f
ffffec9a
fffff107
000001d2
0000070c
00000f79
fffff80e
ffffedcf
fffff3fb
00001322
00001029
ffffffc2
fffff9cb
00001014
00001293
fffff617
fffff642
0000058d
00000da1
00001b46
fffffe66
ffffd69b
00001663
00000508
00000b9e
0000083c
000000c5
fffff48b
00000311
00000b73
00001846
000003a1
ffffecf6
ffffed0e
ffffee28
ffffe461
fffffa3b
ffffe91a
ffffec56
0000064a
ffffef86
fffff2b2
00000a21
000002a5
fffffd5e
fffffd36
fffff219
000008ab
0000090a
ffffe8f0
000002eb
fffff39d
00000b79
00000d49
fffffd51
ffffec5e
00000222
00000564
000015da
0000102a
fffff800
00001533
ffffee1a
00000beb
fffffee4
fffffc8a
000015df
fffff717
ffffe58e
fffff361
00000a54
fffff873
fffffd95
000007b6
ffffe25e
ffffeefc
fffff06e
fffffd2a
00001f24
0000248b
fffffede
00000671
00000258
00001fce
ffffbf01
0000092f
ffffdf4d
00000908
ffffd29c
ffffe5e2
fffff4a7
fffffa67
ffffeff7
00000c1d
000024f9
000007fc
00001251
fffff9c3
ffffe12e
00001f2d
ffffd854
fffff9a4
fffff807
fffff80c
0000105a
0000242a
ffffd4be
fffff24b
fffffdbc
00001ff3
ffffe3b2
ffffe58e
00000e75
0000054d
ffffda1f
000029ad
00000f10
ffffd48f
000014d8
fffffa1c
ffffd91b
00001c69
ffffe826
fffffd2c
00001875
0000189f
0000057c
00001237
000003c8
000008d4
ffffe927
ffffff5f
00000a00
00000aea
00001231
ffffd70f
ffffdc88
fffff4b4
00000dfb
00000b5c
000008d8
00000d7c
000009cc
000001d6
fffff5bf
fffff1c5
000011a1
0000093d
ffffe63b
0000232e
0000050f
fffffb22
00001b76
ffffdb43
ffffde6a
00001596
000006d1
ffffda21
fffff54e
000007f3
000006f7
00000b08
ffffdbbd
00000f6e
fffff673
000005d1
0000157b
fffffb1e
ffffe7f7
00002053
00000f68
ffffc16b
ffffe772
00000357
ffffe5d4
00003d86
00002c97
fffffcfa
fffff4e6
0000279e
fffff42d
ffffef0c
fffff44e
ffffd0fb
00001310
000001f0
ffffe3d5
00001741
fffffa71
00002de3
000006a2
fffff768
00003929
fffffa0c
00000831
fffff1ab
ffffe36b
00000f95
ffffe87b
ffffdd1f
fffff403
00000880
00001f93
00000996
000013c0
000010ae
00001cde
ffffcab0
ffffee09
ffffdaf9
00001b61
fffff846
ffffc8c8
fffffbf2
fffff696
0000032b
ffffdc8d
ffffda8c
00001460
ffffe99e
ffffe68a
ffffe480
00002b46
00001186
fffffd40
00000a9a
ffffe2ef
fffff851
00000c54
ffffe330
ffffe087
00000c33
fffff912
fffff400
00001ef0
000000eb
ffffea74
fffff3de
0000096d
fffffc54
ffffd52f
000001fd
ffffcefb
00000318
fffff1fc
fffff03f
000008ea
00000d8c
fffff5ff
00000a5d
ffffe612
ffffec1e
fffff262
00000287
fffffba7
00000279
00000c36
fffff982
fffffb5d
00000c90
ffffe519
fffffa33
00000168
ffffc6d8
fffff009
00001909
ffffe1e6
000021fc
00002e63
ffffff29
fffff905
00000456
00001f95
000009cd
ffffd33f
00002f30
fffff2e9
fffff482
ffffcfb1
ffffee6f
ffffdf77
0000037b
00002003
000004ab
ffffe90c
fffff7b7
000002b3
00000119
0000321c
fffff859
00000fe6
0000107d
ffffe321
fffffe2a
000015b0
00000e91
00001391
0000199b
000012a5
00003067
fffff186
ffffd557
ffffed8b
ffffed6c
00000647
00000c3a
00001dc2
000014e3
fffff182
000004aa
fffff1f8
ffffec43
ffffee57
00000d0f
00000855
ffffde11
0000089b
ffffdfe2
00002e5f
0000182e
ffffcbb7
fffffce7
fffffc67
00002262
ffffebc1
ffffeeb1
00000837
ffffef0c
0000086c
ffffdbf4
ffffef70
ffffe39c
fffffba3
ffffdb86
00001e43
ffffe7aa
ffffe07a
fffffac7
00000d39
fffff261
00000c0d
ffffe25c
fffff9db
ffffc88c
00000e52
fffff43e
ffffed73
000011a6
0000060e
00000618
000006a7
ffffebe8
ffffe97d
fffff568
00001a03
ffffea31
00000c88
0000205f
ffffeb93
00002a8d
fffff083
00001606
000006cb
00000182
ffffcae3
0000110f
000003b7
fffff547
ffffe8fd
ffffe64a
ffffdf72
00000a00
fffffb6d
00001a32
fffffb72
00000f68
00002c1b
00000ae5
ffffeddc
fffff512
fffffb32
fffff210
00002500
ffffece4
00000b84
fffff31d
00000b22
ffffe1b9
00000145
ffffef06
00000239
fffffadc
000021dc
00000569
ffffec99
ffffefe7
000000e1
00000408
ffffc5ed
fffffa62
00000516
ffffecaa
00000df2
00000fd8
fffffe43
00002194
ffffee36
ffffe43f
0000003b
0000013e
000002f1
ffffe2a3
00000c06
00000335
00000886
ffffefc3
fffff280
00000f13
00000ab3
ffffec0d
000002a1
00000a8f
000027d7
ffffff10
fffffb7e
00002346
ffffdbb0
000013dd
00000b7e
fffff161
ffffe75f
ffffed62
fffff174
00000727
000004b8
0000183e
fffffb00
0000044d
000008eb
00003a63
ffffedd3
fffff701
000000db
00000d04
000000d8
fffff8b7
ffffe93d
0000153e
000002b6
ffffeac0
00000e3d
ffffeb12
ffffee3c
00000f8c
00000787
fffffe6c
0000038b
00001338
fffffa3d
000000e3
ffffeed4
ffffdc6c
fffff06c
fffff572
fffff972
0000105d
ffffe37a
00001c69
000004f5
00000ad1
ffffebde
000006bf
fffffe2d
00000e5e
ffffed96
ffffd7e3
ffffd2f8
0000295c
00001606
00000a4e
0000142c
0000045e
000023f5
00000c07
0000010b
0000279c
fffff75f
0000053c
ffffd660
fffffb14
ffffdedc
fffffa8b
0000058b
00000001
00002545
00000dc0
ffffe7d6
00000d21
fffffb45
00000894
00000373
000011b8
ffffe441
00000d5d
fffff542
ffffdc72
fffff34d
ffffeb26
fffffef8
ffffeeb8
ffffe9f0
fffff528
00001cff
ffffe991
fffffc94
00000a30
00000477
ffffc4f0
fffff68c
fffff378
00000ec2
000006a9
fffff9cc
0000001e
00002ad6
fffff47b
fffff4fe
ffffe8aa
000002a2
ffffe320
000015e0
ffffd599
fffff705
00000e40
fffffd9a
00000d29
ffffee1b
0000166d
000007fe
ffffe7f1
00000fef
000001f4
fffff7f2
ffffec65
00002358
ffffedb1
00000bd3
000014b8
000006e0
ffffff8f
0000236b
fffff5ef
000007e7
ffffec3e
fffff617
fffffbcd
00000745
00000247
fffffa68
00001912
fffff6fe
000004c7
0000294b
fffff371
fffff794
fffffee2
fffff84b
ffffe024
ffffe36c
00000c8c
ffffed95
0000166a
fffffd2e
00000268
ffffec33
fffff99b
00000468
fffffe9b
00003032
fffffb93
ffffe68e
ffffe4e6
00000973
00000441
000004a5
fffffe50
fffff6aa
000003de
fffff786
000005d0
00001e8e
fffff127
fffffc51
ffffe93a
00000760
fffff963
00001282
0000009f
0000170d
fffff98e
0000002f
00001a0a
fffff18b
ffffecaa
000016ab
00000a37
ffffed45
000002e1
fffff112
fffff78c
ffffe0ef
00000439
00000bc9
ffffe521
ffffebef
ffffed07
000018d2
00002106
000023b4
0000106d
ffffe734
fffff7ca
00001810
ffffe75b
fffff980
fffff78c
fffffe16
ffffefdf
ffffeba9
ffffde3a
00001094
00002c2e
000004fe
ffffe065
fffffa4a
000009a8
fffff620
ffffe29b
00000681
000016aa
ffffee99
00000aaf
fffffc21
000009dc
00001089
0000040a
fffffab3
ffffe93e
ffffefe1
0000010d
fffff2af
ffffe93e
00000054
ffffece2
00001608
ffffef2c
00001f97
00000f76
fffff102
00001403
ffffedd2
00000a6d
000018c9
fffff06c
00000c4c
ffffe08b
00000eda
0000063f
fffff711
00000195
ffffe0de
ffffd2c1
fffff77b
fffff4e5
0000002e
000001b5
ffffe84a
000004cb
00000d38
0000021b
000009be
00000f2c
00000168
ffffee50
fffff933
000007f1
00000248
000006f4
ffffff8c
fffff7ce
fffff173
fffffa82
00000d1e
ffffe994
fffffe14
00000383
fffff4ac
ffffea7c
0000050b
00000e3d
fffffe99
000006fd
00000b36
fffff056
fffff1e5
00001cf8
00000af2
fffff8f3
ffffff1e
0000001c
000007d8
ffffffbc
ffffe7d4
ffffdd8d
00000215
fffff285
ffffff94
00000a39
ffffea19
fffff535
00000569
00000d9f
fffff9ba
00000515
fffff6a9
00000709
000010e1
fffff94e
0000028d
00000999
00000f2a
000005c9
0000137f
ffffe396
fffff14f
fffffe00
fffff029
ffffe46e
0000045e
0000107d
0000250a
00000dab
0000017a
000006bc
00000f53
fffff9fc
00000357
fffff98b
00000eea
fffffcdd
ffffee3f
ffffecd8
fffffffa
000001dc
00000cad
ffffe50a
00000523
00000e4c
00000996
ffffff07
000004fe
ffffeaec
000008ea
fffff636
ffffecfd
00001668
0000046e
fffffb5d
fffff16a
ffffef0f
0000119e
0000010d
ffffe7cc
fffffe5a
fffff514
fffffc0d
00000de6
000001eb
fffffc71
ffffe2ab
00000f1a
fffffb25
00000b1e
ffffeb91
ffffe641
fffffc11
fffff64c
0000143c
fffffed4
fffffa33
ffffe9a5
fffff86e
0000048d
fffffa31
00000a33
000006db
00000855
000009ea
00000bf6
000005b4
fffff80b
fffffb57
00000770
00000815
00000e66
fffff629
00000e13
000000fb
ffffe9f3
00000ec0
fffff93c
00001093
000021b4
fffffcb4
fffff85e
fffffae8
00000493
00000a77
00000059
fffff03d
ffffee99
00001840
fffff98e
fffff6b6
ffffe697
00000112
000000a3
fffffbd7
000001fa
fffffd96
fffff106
ffffd76f
000006c7
00000d55
fffffdb3
00000844
fffffba6
0000078d
fffff8f7
fffff6f6
ffffd59c
ffffff38
00000381
00000f54
ffffeeaf
fffff3f4
000001f0
fffffb28
fffffde9
00000e53
ffffe941
ffffdfb8
0000100f
ffffe828
00000f49
fffffe54
000003ab
ffffe146
ffffeb70
00000941
00000962
000003d5
00000229
ffffe924
0000026a
000002b8
fffffe3f
ffffe8ed
fffffec0
00001193
0000072e
0000109b
00001712
0000078f
00000364
ffffe25c
fffff7ca
ffffe78a
0000004e
000007fa
fffff982
0000011d
fffffb46
fffffa7f
ffffe3cc
00000886
00000a51
ffffe1f3
ffffe517
ffffde21
fffffbee
000012b1
ffffe826
fffff25b
000008b1
fffff1fe
000003d2
00000095
000006be
fffff27a
fffff53c
0000092a
0000062e
fffff2bb
00000f64
ffffec2f
ffffeb45
fffff8d9
00000f39
0000016e
00001b25
fffffb7c
ffffd7fb
fffffc94
ffffee98
fffffafb
fffff11b
00000622
ffffffce
ffffef9d
00001abf
00000be6
fffffc1c
00000d81
00002101
000008d6
fffffdb9
ffffe8cc
00000c5c
000015d5
00000864
fffffdf9
000009c5
fffff8a7
ffffeaaa
0000070b
fffffa6c
000004e2
fffffb41
0000124d
00000161
0000170c
0000156c
00000586
ffffe846
fffff309
ffffffe8
000006c8
ffffe95f
00001289
fffff974
ffffe304
00001434
fffffcfc
fffff3eb
00002022
fffff22f
fffffd44
ffffdad6
ffffea1b
000002a3
00000fc4
fffffa30
00000369
fffff336
ffffee82
fffffba5
0000241d
00000fa7
fffffd87
00001010
fffff0f2
fffffba9
fffffb3d
00000295
000003a0
00000671
00000ebb
00000740
00000e7f
00001dd8
000022f4
00000030
fffff37e
000013d6
ffffea5b
00001339
00000da2
00000605
fffffd3b
00000e18
00000f85
fffff907
ffffd41c
fffff41a
00002090
ffffe6a6
000005d5
00000d81
00001353
fffff1b0
fffff0d6
ffffeaec
00000caa
fffff562
00000db3
00000aaf
00001487
00000da3
00000fba
fffff7f9
000009f1
00000708
00000e34
ffffe7b8
00000df6
00000f80
fffffea6
fffffba1
00001481
000013d5
fffff426
fffff29b
fffff287
000009ad
00002771
00000190
ffffe770
ffffe6ff
ffffefe9
00000046
fffff962
000014b3
00001bf0
ffffeb7a
0000156d
00000742
00000fc5
000000dd
00002a11
0000026b
fffffe62
fffffba1
fffff881
00000c7e
ffffeedd
fffff29e
ffffe497
0000050c
00001b9b
fffffc34
ffffedbb
000004c3
000000ec
ffffd601
000001f3
0000242a
0000065e
fffff7c8
ffffe5de
ffffe652
00000f12
fffffcbd
00000203
ffffed2c
00000837
fffffba2
00000676
fffffcda
000001c2
fffff8c6
0000019d
fffffe78
00001737
00001cd3
00000c99
fffff7e4
ffffeb41
00001e7c
00000359
00000a50
00000406
fffff84f
fffff6d7
00000303
ffffe5e1
00001943
ffffef79
fffffafc
00001173
00002445
fffffc61
00000925
00001156
000007f6
ffffeebc
ffffdcbc
00000792
fffff9b3
fffff598
fffff6a5
ffffe97a
000006bc
ffffee2f
fffff383
fffffe16
ffffecd8
000004a6
ffffe8c7
00001468
00000127
ffffeafc
000006c1
fffffb2f
000002c5
fffffc58
ffffdfff
000014f2
fffffc6a
ffffeb56
ffffd704
000004ec
00000a6c
000008d6
00000e22
00000945
00000a88
ffffec6d
ffffdadf
fffffcc3
ffffea98
0000016d
ffffed8f
00000c0f
0000005b
ffffdfb2
fffffbfa
00000c35
00001259
ffffefd8
0000075f
fffff5ec
fffffa7c
0000145c
00000416
ffffd5f1
fffffdf9
00002443
00001548
fffff97b
00000291
fffffe69
fffff253
ffffecef
00000ea7
fffff16b
fffff00c
ffffdb30
0000054e
fffff92c
fffffcd9
00000bdb
ffffed07
fffff8ef
0000048c
fffff8f7
0000092c
ffffed78
00000fb8
ffffe973
fffff6c5
00000b95
ffffede5
fffffd65
fffffdb2
ffffeb32
fffff70b
00000de0
0000029c
ffffeda3
000000af
00001025
00000e7a
fffff7c7
ffffd69c
fffff2d0
000000e4
ffffe683
fffff1ea
00000262
ffffefad
0000013b
ffffea52
ffffea4c
0000179e
00000320
00001295
000008d7
ffffde0d
0000083c
fffffc07
00000a11
00001147
000008f2
fffff2dd
00000309
ffffe722
fffffc39
ffffe5a5
000019ef
fffffd0c
ffffed77
ffffedf1
00000400
0000047f
fffff604
000009c8
fffff696
fffffc89
ffffe92d
fffff761
ffffe80b
00000091
ffffbf54
fffff835
ffffe92c
fffff563
000006d2
000001d9
fffff60d
ffffd88a
fffff986
ffffeca6
ffffff65
000000db
00000482
00000363
0000047d
00000404
ffffded4
fffffabb
ffffe84f
00000702
00000216
fffff1f5
ffffdd3a
fffff2e6
fffff73b
ffffe247
0000115e
fffff462
ffffeb0e
fffff3dc
ffffeac1
fffff5ff
0000076d
0000233d
00000d49
000002b2
ffffd817
00000582
fffff433
000009d3
ffffe4b0
fffff913
ffffedaa
fffffe45
0000142d
00001034
00001819
0000031d
fffffb1f
fffff4f4
ffffeaf2
fffffd70
000004da
ffffef08
0000165e
ffffff39
00000c57
00000d1f
fffffb40
ffffd0b9
ffffca9f
00000bf4
fffff3be
000003ba
ffffedfe
fffffb60
00000836
0000138e
000007b8
ffffeb4c
ffffe201
ffffe5b4
ffffefc7
fffff519
000017be
fffff4c9
00000649
0000097e
000002d3
ffffe8cf
00001534
fffff554
ffffd165
000009b5
ffffdf7c
ffffe09f
ffffee22
00000803
ffffe5b2
fffffeee
fffff859
fffff750
0000060b
00000c78
00000a8b
fffff695
ffffe819
fffff21e
ffffef00
00000196
fffff548
000016de
ffffeed2
fffffb84
0000098b
000010a8
fffffe9c
ffffe62e
fffffc55
fffff84c
fffff884
fffff431
fffff025
ffffe200
fffffcb9
ffffedd1
ffffed60
ffffe8bc
ffffe228
00000099
ffffff07
00000654
fffff0f9
ffffebea
00000b26
fffff7c3
00000acb
ffffdc58
fffff0d2
0000268c
000004d6
fffffcd2
0000024d
00000b9f
fffff2ab
0000114c
000008b8
ffffe9b7
fffff061
000010f8
00000198
fffff092
000012e0
00004554
00000d12
ffffea83
fffffa2f
fffff3f1
fffffbb9
000004f7
00000578
00001851
ffffe2a7
ffffe64f
fffff9a9
fffffa6f
fffff4f1
fffff41e
fffffef6
fffff4d7
000017f4
0000026e
fffff1fc
fffffb35
000009d8
ffffed96
ffffe492
fffffd39
fffffb54
ffffd990
fffffd59
00000383
00001d19
000006ed
00001522
000005a0
0000092f
ffffe65e
00000e1f
000034a3
fffff5de
00000c4e
ffffee4f
00000717
fffff26d
ffffd648
ffffdd08
0000062a
00000674
000009fa
00000295
ffffeb01
ffffdee6
0000046b
00001424
ffffd9e4
fffff277
0000043e
000018b6
ffffebe6
ffffdc15
ffffe816
000008c6
ffffe962
fffffbaf
ffffea8e
ffffd182
fffffaa0
000007bf
fffffd85
00000fa8
0000132b
ffffef82
fffff857
fffffe46
00000037
fffffdfd
fffff9bd
0000048a
fffff470
0000082d
fffff03a
fffff639
ffffeba6
fffff851
fffff245
fffffbab
000004d7
00000198
00000943
fffffb8c
ffffded3
000011a9
fffff027
ffffdd3c
ffffe7ef
00000824
00001133
00000fac
fffff529
00001066
000017cd
fffffd3c
ffffff30
00000e29
fffffea9
ffffda52
00000b0d
00000eca
fffff564
fffff8f2
00000353
0000104c
fffffdc9
00000f62
00002b74
fffff171
ffffea8c
00000892
000013bf
0000090b
fffffba7
0000044d
0000036b
ffffe0ec
0000111c
ffffe3be
000005fe
00000edb
00001436
000003d5
ffffd9fd
0000042d
00001180
fffffd5e
000028ca
0000169d
0000123b
fffff3a1
00000032
00000334
0000045e
ffffd52a
ffffee14
fffff55d
ffffd467
000017ba
fffff70e
0000263a
000007c4
00001fdd
00000481
0000334f
ffffd5cc
ffffed20
0000119d
000017df
fffff031
0000003b
00000945
00001df6
ffffebb3
fffff48f
fffff924
ffffdcd3
ffffde80
ffffea69
0000172c
00000c04
ffffdb03
fffff88e
ffffd873
ffffe8f7
00000e75
000009ab
ffffe14c
0000296e
ffffd075
00004870
0000129d
00000a44
ffffd374
0000130c
ffffeeb1
00000ad3
00000e46
0000046d
00000db5
0000101e
ffffdd78
ffffc626
ffffffc2
ffffe616
0000137e
fffffa31
ffffff62
00001986
000013cb
fffffc7f
fffff064
ffffe2a6
0000250e
ffffe6f3
0000132f
000002ec
fffff6e5
fffffce2
000005b6
fffff2f5
00000e8e
fffff7d0
ffffe0c7
fffffd4a
00001cb1
00001203
00000994
00002d26
ffffdda1
00000e18
00000c2b
000026c4
ffffeb19
ffffea77
0000060b
ffffe401
ffffe8ce
00001c64
fffff2b6
00001b33
fffff5fd
ffffe6bd
0000166c
ffffdad5
ffffdaed
00001c79
fffff19f
fffffc44
0000056f
000002f1
ffffd11f
fffff5c0
ffffe823
0000031f
ffffd8a8
ffffe1c0
00000704
0000327f
00000754
00001cdf
ffffec1a
00000743
fffff03d
ffffe7f8
00000d33
ffffe671
00000a71
fffff04c
00001d34
ffffed13
000025ff
00001ba1
0000164a
fffff442
ffffe06e
fffffa7a
ffffe7ce
000014ad
fffffe23
ffffddc7
ffffda85
fffff6e8
0000224e
00000197
ffffff5d
ffffd253
ffffebf5
00002fe4
fffffa3e
fffff664
00000a96
00000f03
fffff2f5
00001b19
fffffeaf
00000541
00000640
00000d0f
0000265a
000042ef
000011f3
00000a7e
fffff9d3
000015af
ffffff53
00001678
0000102a
0000092d
fffff62a
00000a0d
ffffca3c
0000038d
00000122
ffffe7c6
0000091c
00000f91
000008da
00000981
fffff343
000013bc
000044de
0000074e
fffff0fc
00003809
00000415
000022c5
ffffdf65
ffffe04a
ffffee23
000013e1
ffffe067
00000af3
ffffe9bd
fffff1e3
00000446
00001d8b
fffffb11
0000153f
ffffef42
00003538
000006b8
00000dce
00003794
00000f67
ffffd160
00000233
00002c98
fffff070
000010ab
ffffe4d5
00000344
00000dcd
000003e9
ffffcafa
fffff8c8
ffffdb4e
00002078
ffffffda
00000f50
000007bf
00001113
fffff7b3
00001020
fffffdf2
00000112
fffffdcc
ffffda06
ffffe82b
fffff4f1
00000a36
fffff5a5
fffff570
ffffe348
ffffe2c3
0000338a
fffffeee
fffffe2e
ffffde39
00000e7e
00000114
ffffe8b3
ffffd91f
fffffbaa
ffffe952
000019b5
fffff60c
ffffe2d9
fffff72e
fffff932
000005b0
ffffe611
fffffa4a
000006c4
000033cd
00000bf8
ffffcfe6
00001449
ffffe4e5
ffffd759
0000082e
ffffec7c
fffff47e
00000526
fffff43f
fffff885
fffff48c
00001647
00000dd9
0000064b
ffffed02
00000a59
00000d5e
00000419
000011d0
fffffe2d
ffffee7b
fffff434
000012a9
00001915
fffff96b
00000e23
fffff4d0
0000155e
ffffe7a5
00000a11
fffffd37
0000095a
000004c4
00001285
ffffd6a4
fffffe5c
00000390
00000416
000019b5
ffffec8b
00001313
fffffd33
ffffefaa
00000573
00001b83
ffffeabf
00000acd
0000102e
fffff708
ffffd358
000004d0
fffff8f9
000007b5
fffff1c5
00000566
ffffebf9
ffffef70
00001276
000002d2
ffffe605
fffffd59
00000d8e
00000a7c
ffffe6f1
ffffe086
0000010b
fffffba2
fffff37e
fffff144
00001333
0000005c
fffff542
fffff74e
000011ea
fffffea9
000008ed
fffff3a0
000007cb
0000186d
00000355
fffffbbe
fffff348
000012fa
0000008c
00000333
000003d9
00000a90
fffff2ee
000007d6
00001452
000006a7
00000cdc
fffffe77
000003ae
ffffec43
00000302
0000006e
0000068f
fffff240
00001f45
fffff870
00000db1
ffffeec7
fffff19f
00001452
ffffe458
0000387a
0000003d
0000163d
00001300
ffffe88e
0000041c
00000b64
00000a21
00000ec3
fffff2a0
00001266
00001d72
00000d9d
ffffcc2b
00001be0
000014f6
fffffaf0
ffffe5e5
fffffbd4
00000a6e
ffffed13
ffffea05
fffffd90
000019f5
fffff85a
ffffef35
ffffeaab
ffffe178
00000d8d
0000223c
fffff899
fffff4e6
ffffdf6c
00000cf7
00000197
00001a25
fffff26b
ffffd771
fffff3f4
00002186
fffff3fd
00001bff
fffffe02
00000d72
00001923
ffffe6b7
00000382
000006cd
ffffecdf
00000ffd
fffff66c
ffffc8c7
fffffa03
0000022a
0000048d
000004c9
ffffeaf3
000000be
00001042
0000189c
00001146
ffffe8dc
0000137a
fffff6f0
ffffd9bc
fffff272
fffff5b1
00000987
0000058e
0000057a
0000004e
fffff40c
ffffff5c
ffffeaae
fffffc7b
00000e8c
fffff7e3
00000216
ffffff54
ffffe302
fffff09a
ffffd75a
ffffef0a
fffff99b
00001506
fffff17e
fffffffa
000005e9
fffff862
000001ef
fffff53f
ffffe643
ffffe2a8
fffff2b1
00000c43
00001a8c
fffff4b2
ffffffb5
ffffeccf
ffffff19
ffffe859
fffff146
0000096c
ffffedf7
0000067f
0000025c
00002385
fffff824
fffffdf6
ffffebc8
fffffe24
00000335
00000a3c
fffff964
fffff3af
ffffed10
ffffe4e6
fffff34e
ffffec4b
ffffff1c
fffffee4
00001792
fffffa0c
00000ed9
0000137a
fffff494
00000817
fffff10c
ffffec04
fffff527
ffffe7c8
fffffac1
00000d8b
00001a76
00000dff
ffffe2a8
fffffa17
0000092f
00000060
00000fac
ffffe90e
ffffee95
ffffea7c
ffffdd3f
ffffeef0
0000030d
00001981
00000076
fffff7d2
fffff96c
00001263
00000a59
00001672
00003148
ffffe62f
fffff90c
ffffe615
00001cd3
ffffd9ae
00000587
0000074d
000002a1
00000093
fffff66b
00000328
00002443
fffffb78
ffffe506
fffff5cd
fffff71b
fffff0da
00001081
fffff980
00001306
ffffca0e
000003b6
00000dce
ffffdc99
fffff685
00002583
ffffdba2
fffff1fc
00000532
fffff83e
00000919
ffffed5a
ffffe103
fffffccc
ffffeac0
ffffe79f
000008f4
000002fb
00001ce0
000011b9
000006aa
ffffe43d
ffffe4cb
00000d41
00000c38
0000019d
00000c1d
00000251
fffff433
ffffef83
fffff913
000020c2
0000109a
fffffdcc
ffffda35
fffff8c8
00000390
ffffded2
00000c3d
000009e0
00000724
00000d6c
fffff5c9
ffffe8af
ffffe715
00000614
fffff05a
ffffe68f
00001533
fffff482
00000eff
fffffde7
0000083c
fffffa37
fffff526
00000190
000015b3
00000ce2
000008bc
fffffd93
00001039
fffff7b9
000004b4
fffff85f
fffff45a
fffff32a
ffffe88b
000014db
00000048
ffffe84c
0000027d
ffffe463
ffffeb84
00001076
00001789
ffffe707
fffffc8f
ffffe44b
0000069c
00001440
fffff7b7
fffffbc4
fffff7a2
00000be4
fffff32e
ffffe695
ffffeda8
fffff0c6
fffff0d2
fffff1a5
ffffda12
fffff12e
ffffe55b
00000577
ffffe5e3
00000cb5
00001bb1
ffffe65e
fffffe4b
ffffea24
ffffe1a2
00001bc3
0000142f
fffffdac
000002c9
fffffc04
ffffe56e
fffff2a8
ffffe8c0
fffff523
ffffec0b
0000010b
ffffce31
00002132
00000b72
fffff461
00001cc3
ffffdf5e
00000a90
00000af5
00000d44
00000609
fffff942
000012d9
00000129
fffff348
00000e08
00001798
0000070f
00002843
000000e5
000001b6
00000374
ffffbb43
00001dd4
fffffa83
ffffed10
fffff129
00000d52
fffffb8b
00002c7c
0000150d
00001b58
00000019
fffffc66
ffffdb2c
ffffd9de
00000cf7
ffffefb3
000014a2
fffffdb8
0000066c
fffff30a
00001014
fffffcdf
fffff326
00000c09
00000cc4
00000104
fffffd63
ffffc497
fffffe4d
ffffe0a2
ffffe0d6
00001f69
000010cd
fffff31c
ffffe0e7
0000021b
00000599
ffffe958
00001c90
fffff3a0
00000323
000011fa
ffffae6e
00003021
ffffea4f
ffffea19
ffffd977
ffffdccd
fffffe2b
fffff6f9
ffffe77e
000001bd
000013c8
00000483
000011a3
fffff5d6
00003179
fffffa66
0000176e
ffffebb7
ffffed84
00002381
fffff326
000017e0
000004ee
fffff2be
00000d6e
00000c33
000026b9
fffffea1
000013e8
00001be6
000009ab
fffff490
ffffee5e
0000117c
ffffe38f
000016c1
ffffeffb
ffffe633
fffffefb
000014bb
0000177a
fffffd16
fffff920
ffffdad8
ffffea68
ffffedbd
fffffbff
00004752
000006aa
0000096c
000012aa
000012fa
fffffdfe
fffff968
00001d24
000000e2
fffff2eb
ffffffa6
0000064d
fffff86b
fffff061
00000da3
00001329
fffff097
ffffee01
ffffe306
000000c1
fffffafb
fffff5a8
00001dac
0000032b
ffffda8e
000000ea
fffff40d
00001b57
fffffe82
fffff191
ffffea9d
000022e5
ffffe737
00000d25
00000ad2
fffff10e
ffffff85
ffffd880
00001e1e
0000093c
fffff32d
00001758
fffff28c
0000068a
fffffbca
00001bf6
000012cd
ffffefa6
ffffe1f0
fffffb93
000019e8
000021b3
ffffdcaf
00001ae8
fffffd07
00000f1a
0000075d
fffffb94
fffffb5a
0000103e
fffff266
fffffb95
fffff07f
fffff5e8
0000134c
fffff125
00000cde
00001357
00000703
00000558
ffffeef8
ffffa381
ffffde97
ffffd570
ffffd932
fffff4c5
ffffe9e4
000021f1
fffff6ba
000007e5
fffffb7a
00002aa3
ffffff72
ffffbe7e
ffffedf5
000011e9
000013e6
00000459
fffff64f
00002a41
fffffdd1
ffffe82c
00000060
ffffe453
00000c7d
ffffea48
ffffffce
00002337
fffffd25
00001e99
ffffe2d5
ffffeb46
ffffcd54
fffff70d
ffffe589
ffffe6c3
00000f3c
fffff2c0
ffffeb01
00002684
ffffea00
ffffee66
0000137b
00001ffd
ffffecbb
fffff6c1
ffffdb68
000023b6
00003742
fffff453
fffffcce
fffff49f
00002d52
00000ead
fffffd88
00001c0c
ffffe6e9
fffffc6e
00000952
0000123f
0000134f
fffffefe
00001617
00001306
fffff303
0000154f
00001708
0000109d
fffff4c5
fffff0f8
fffffe44
00001777
000003da
00000a38
00002499
00002774
0000099f
fffff5b6
00001ba3
fffffe4f
000025e9
fffffd3a
fffff590
ffffdbbf
ffffefd9
ffffea43
ffffef9d
0000354e
fffff052
fffffe6e
fffff810
ffffe26f
ffffe3ed
00000822
00001744
00000e8f
00000dbb
fffff33e
ffffe8d3
00000c1a
0000227a
0000150b
000008ee
ffffdf8b
0000020a
00004abd
00000fc8
fffff9c5
fffff967
0000068a
fffffc72
fffff3ca
fffff972
00001ec9
00000f3f
0000306e
fffff3b5
0000055c
fffffcc1
fffffaa1
ffffd27b
fffffe72
000005dc
000003a9
ffffebc1
000002ab
ffffe3e3
ffffff0b
ffffe2b6
ffffe822
fffffa31
ffffe976
ffffc85f
fffffb98
ffffe663
ffffdc6a
0000209c
fffff05d
ffffe6e4
fffff04a
000012dc
ffffe2c4
ffffeba2
000015c7
fffff723
ffffc7c2
000025a2
00000c79
fffffd2c
00002cd9
fffffb2f
fffff8d7
fffffd13
00000248
00001684
00001f78
00000c4a
000013b9
ffffe667
00000d8e
0000320a
fffffd9e
fffff672
00001bb3
0000246e
fffff4af
ffffe605
000016f1
fffff80b
fffff65e
fffffa5f
fffff8e6
fffffad9
000002bb
ffffc3c9
000006de
ffffd1bf
000024cc
fffff852
ffffe22c
ffffecde
ffffed0b
ffffee8e
000022d4
000012c0
00000940
ffffeae6
ffffe82c
ffffe543
000006fb
000029bd
00000cef
fffff84a
ffffec81
fffffbf2
ffffdf02
fffff7e8
ffffe6da
0000329e
ffffd8bb
ffffede5
fffff394
00000010
00001ae0
fffff590
00001bdf
0000018c
fffff17d
00000204
fffff682
fffff2df
ffffdfba
fffffb6d
0000041a
ffffed93
00002058
ffffed50
fffff8ab
fffff5d3
00002244
fffff417
fffff158
000005b0
fffff5b9
fffffbde
000000e2
fffffbe2
000003a9
00000fa4
0000038a
ffffec8d
fffff99e
00000806
fffff811
fffffb13
00000566
000001b2
fffffcff
00002061
00000994
00000658
fffff2cd
fffff450
00000ebc
0000161f
ffffff83
00000077
0000133f
00001292
fffffd86
00000219
fffff6c9
00000c38
00000538
ffffdfbf
000002f8
fffff8e1
0000019a
000008e1
fffffd0c
00000bb0
00000530
fffff37a
fffff429
00000ea3
000009d0
00000a24
fffffc0e
00001881
ffffdbec
0000076b
ffffd1e3
0000104f
fffffc45
00000f46
00000157
00000e89
0000075d
000019b3
ffffee3c
00001666
ffffdf7b
000007b7
fffffebe
ffffe6bb
ffffedb3
ffffeddd
fffff460
ffffffdb
00000ca4
00000ea2
fffff025
00000bb1
ffffed1e
ffffe656
fffff036
ffffeae9
fffff312
fffffc35
00000856
ffffe753
fffff54f
00000438
fffffd39
ffffedcb
000026e9
0000182c
fffff72f
000023f0
ffffe689
fffffe1d
00000a37
0000046b
ffffe89e
fffffb3b
fffff66c
fffff2b6
000014c1
fffff679
00000931
fffff0b5
00000643
ffffefad
ffffe9e6
ffffe166
00000a02
fffff967
fffff2cc
00000405
00002eb7
fffffe49
00000718
fffff0af
ffffe703
fffffbba
ffffe785
fffff841
00000632
fffffd5f
ffffe7c2
000017d6
ffffdb19
000004ed
00002796
0000081b
fffffdc8
ffffef4e
000007cd
00000b2c
fffff5ca
fffffc09
00000a28
00002513
000007c6
fffffa36
fffff1ec
fffff4c1
000006b0
fffff149
fffffedc
000002aa
fffffa01
ffffeb1e
000002d8
fffff2b0
fffffc89
fffffaae
000000c4
ffffe66e
fffff7c5
00000256
fffffe48
fffff728
fffff280
fffff59a
fffff69a
00001379
0000081b
000014cc
fffff33a
fffffc29
0000171b
00001ea6
ffffe2cf
fffff863
0000035d
00000466
000013d7
fffff432
00000758
00000bfa
000005f8
00000677
fffff752
000011da
00001f62
000000b9
000011bb
00001129
ffffd922
fffff881
00000302
fffff9ac
fffff76c
00000143
00000f6f
000007dc
fffffc62
000006f5
000000f8
00001ee5
fffffe0d
ffffed54
fffff02f
ffffe3d1
fffff11e
fffff7f5
00001773
ffffe210
ffffff51
fffff205
0000108f
00000c8d
00000048
0000068b
fffff7f8
0000010a
ffffe2f1
fffff591
000011bc
0000016b
00001584
00000526
ffffe2dc
0000085f
ffffea5a
00001852
ffffdf6c
fffff1f0
0000028d
00000e14
ffffebee
000002bc
fffff461
0000046f
00000ae6
ffffdde6
0000060c
000017fb
0000017e
000000be
000003fa
00000634
fffffe71
fffff9cd
0000130e
fffff71e
000007dc
fffff41b
000004e5
fffff655
00000839
00001546
fffffeaa
fffff3d0
000023ce
ffffe86c
000002dc
00000d02
00001aac
fffff957
ffffe9df
fffff826
fffff36e
fffff930
00000c75
fffff271
ffffe7c0
fffff8d2
00000e92
ffffd6ef
ffffd474
00000e12
000013ad
000003b3
ffffd9d3
ffffe08a
00000103
00001344
ffffec6d
fffff72a
0000135e
ffffdbfa
00000367
00001070
ffffdb24
000007f2
fffff446
ffffdd28
000007c9
ffffd022
fffffab7
0000041d
ffffeeab
00000626
ffffe3d7
fffff757
00001a4d
00000408
0000138f
000002bc
000014a8
ffffe3e5
fffff5e4
ffffe8c6
fffff935
fffff067
fffffb8d
ffffffde
fffff8b5
0000027c
00000e96
000001ab
00001091
000010b2
fffff47f
fffffda5
fffff47d
ffffe5b1
000001cc
00000b9a
ffffec67
ffffe7d4
fffff69d
fffff0f8
000009fd
ffffe9e7
ffffec98
ffffef6b
fffff8e5
00000113
00000722
000008e3
0000168f
fffff504
ffffee31
00000a76
fffff91b
fffff8bd
000014b5
000004cd
00000eae
ffffeea3
fffff872
00000af3
00000b28
0000192a
ffffd75f
00000752
fffffd9a
00001dda
fffff1b3
fffffbb7
ffffed61
fffff7fe
fffff3e6
ffffea64
0000034c
00001f99
fffff9a7
ffffe699
ffffd131
0000016b
ffffdf30
0000179e
ffffe01a
000000f9
fffff297
fffff9ff
00001861
fffff1f9
0000113b
fffffccb
00000942
0000080f
fffffbd4
ffffed40
ffffee5a
fffffd3a
ffffe7bc
fffff2c2
fffff923
000019a1
ffffedc5
fffffe22
fffff3ff
ffffff8f
ffffefde
0000150d
fffffc0a
00001e9b
000007e7
ffffed91
000003fc
fffff332
fffff72e
ffffeb82
ffffec3d
000004a7
0000099a
fffffc62
fffff8d1
000017f7
fffff3c0
ffffea9a
ffffedaf
ffffe1ca
ffffff6d
ffffe976
fffff8da
00001253
fffffba1
fffffc25
000004b4
ffffe80a
00001ddf
0000112f
00001589
0000096a
ffffe598
ffffe5cb
00001408
ffffe7ef
fffffffa
0000045b
fffff40a
ffffd37a
00000545
000019c2
00000982
ffffe7bb
ffffee7a
0000128e
00000514
00002201
0000051c
fffff84e
ffffff98
fffffbda
ffffeb5a
fffff08d
fffff936
ffffe12e
ffffe872
0000043a
fffffd46
fffff204
fffff693
00000e1d
ffffed9c
ffffedbf
00002bf1
0000028a
00000fee
000029c7
00000e3c
00000800
000001b7
ffffffcc
ffffef3c
ffffe5c2
00000ebd
ffffefd3
00000b3c
00000675
ffffffe1
0000044f
fffffc85
0000005d
0000178b
00001096
00001905
fffff602
fffffd88
ffffcfb8
ffffd242
fffffa84
fffff123
00000108
ffffeb57
0000238f
00000fd7
fffff278
ffffdbe7
ffffe6b2
00001976
ffffee1f
0000134b
fffffce0
000012c9
00001958
fffffff0
000007b6
fffff205
ffffedbc
ffffecf7
000000fe
fffffa38
00000358
000005e2
00000f65
00001309
ffffebd0
fffff389
00000e71
fffffe55
000004b7
fffff2d9
00000d70
ffffdcbd
fffffac6
fffffb11
00000281
0000204d
0000045e
00001bc4
00000952
000002fa
fffffbf7
fffff5a4
00001371
ffffdee4
fffffa28
000003aa
fffffdf6
fffff12d
fffffdbc
000006be
00001003
00001b8f
ffffe067
ffffdedb
ffffe405
ffffe751
ffffd7a9
00000e34
0000213a
000017d7
fffff82e
00001778
fffff66b
ffffe356
fffff30e
00000384
fffff564
fffff4b3
00000fd9
fffff799
000000a0
fffff41a
fffff522
00000d68
fffff565
0000116e
0000031c
fffffab5
00000b29
ffffcfe5
fffffef7
0000066d
ffffe033
fffff450
fffff24c
00000eee
ffffdcc2
ffffe6dc
fffffa0c
000007b2
00000404
0000035b
00001b16
ffffed6c
fffffb1d
fffff4d3
fffff7b1
ffffff28
00001f7c
00000ba2
fffff997
00000ff1
fffff72f
0000261d
0000270d
0000070b
00000750
0000035c
0000242e
000028fd
ffffe9e9
fffffe5f
ffffed7b
fffffc5d
ffffe62f
fffff886
fffff9df
000004f7
0000149e
fffffd09
fffff883
fffff6b3
00000fc3
00000887
00000c91
00002296
0000055a
ffffef46
000002c0
fffff329
fffff2c8
00000dba
fffffc21
fffffea3
ffffe475
fffff9b6
fffffd5f
fffff20f
00000b87
00000556
ffffeec7
000009cc
00000ec6
ffffea75
000010db
fffffa8d
00000482
000012a7
000006a7
fffff78a
00002113
000006e6
ffffeccf
fffff6dd
00000a71
0000063d
fffff899
000006bc
fffff3d5
ffffe980
ffffe89e
00000d12
fffffb90
00000a46
00000141
ffffddb9
0000075d
0000012a
fffff009
000013ce
fffffe2d
000013a1
fffff471
00000efb
0000105d
ffffec87
fffff0a0
000001f2
000001fe
fffff681
fffffce0
00001b31
00000d3d
fffff461
fffffcce
fffff592
000019a1
00000080
0000039f
fffff110
00000c37
fffffb20
00000af3
fffff6f4
00000393
00001086
ffffefb8
fffff707
ffffedf5
fffff844
ffffd8ed
000015d0
fffffea8
00000b43
0000032c
ffffe52f
fffff023
fffff978
000004ac
ffffe96c
00000db7
00000099
0000078a
000008e5
00000502
fffff2be
fffff475
fffff622
00000ab7
fffffdaa
fffff726
000000a6
000008b1
ffffefda
fffff176
ffffebd5
ffffec78
ffffe3d2
ffffebae
fffff72e
ffffffd6
000005e6
ffffef74
fffffaec
00001208
00000ec6
fffffd30
fffffa5b
ffffe3f7
fffffa8f
000001b4
fffff912
fffff8bb
000008bc
ffffee2c
fffff566
fffffb19
fffffc70
fffff64c
fffffeb9
00000655
ffffd742
00002b26
fffffa00
fffff319
ffffef4b
000014ff
fffffac5
00000a06
fffffc7a
fffffc07
ffffff45
000007b9
0000021e
fffffcde
ffffeed5
00001194
fffff2a0
ffffec68
fffff01b
fffff7f3
fffff8be
fffff5bb
000003db
000006da
fffff5b1
00001394
fffffa26
00000887
ffffefc1
ffffeac0
ffffd2f1
fffffc3e
ffffff30
0000092b
0000037f
0000065f
fffff3c8
ffffff0c
00000c0c
fffff0e7
00000a72
0000187f
000014d7
ffffe876
fffff3a2
000014a9
00000bc2
000008d8
00000017
ffffede9
fffffc8a
ffffe657
ffffff41
000001a9
00000454
fffff83e
00001d78
fffff4fd
0000009a
fffff3f1
ffffe848
0000170d
00001fda
00000cc1
fffff7fc
fffffc9a
00000852
000015ee
00000fdb
fffff734
fffffae2
0000073e
ffffe6dd
fffffa43
ffffefb2
ffffe1a0
fffff364
00001e5c
00000a04
00000c25
00000b5a
fffffa9c
00000c3c
000012ef
00001b88
ffffe037
ffffc6aa
0000334f
000017b4
ffffda18
ffffd71c
ffffcdeb
ffffe72a
ffffcd93
ffffddb6
ffffd902
0000070a
0000110a
00000309
00001987
ffffe598
0000053f
fffff367
00001c94
00000d25
ffffd7c3
ffffe128
00001d21
ffffe708
ffffcb51
000014fc
fffff913
00000f7e
00000004
ffffe4ac
ffffe9b1
ffffbe44
ffffb93b
fffffadf
fffff5b5
00000874
0000087a
000022c8
fffff13c
ffffec40
00001d98
ffffc95d
0000467d
ffffc05a
000010c2
00003ece
00000a2d
fffff982
0000227d
0000080a
000007eb
ffffe943
0000102d
00001a30
000008bf
ffffea8a
fffff4a3
0000181e
ffffe372
ffffe978
000028c4
00001261
00000032
00000af6
ffffdf28
00001058
ffffe909
00000797
ffffc298
fffff33a
00002939
0000017e
ffffe9bf
000014bd
ffffe1c7
0000175f
0000170c
fffff819
000019b4
ffffe554
ffffe5fe
ffffef47
00000244
000019a8
fffffe9a
00002f20
ffffe266
00003937
ffffbc3d
fffff2cb
fffffcd4
fffff3af
ffffe890
00000f7e
00002c9c
fffff3e3
00000d46
fffff094
00001daa
00002659
00000d2f
fffffcd4
ffffe5bb
00004a90
fffff781
00000304
000022f8
00000a13
ffffed9f
fffffef3
00001b56
fffff54c
00000187
ffffecf5
fffff8ee
000005a3
00001307
fffffc86
00001e32
00001a93
fffffc9c
fffff26b
00001690
00001b82
0000065a
ffffeebd
ffffddf4
000002d9
ffffe41e
ffffdf24
00000566
ffffeb4a
fffff690
fffff4ca
fffffb4c
00000ff4
000004fb
000018ff
ffffde77
00002c27
00000895
ffffba4c
ffffe1c9
00000e3a
00000e5d
fffff168
ffffe3db
0000051a
00000421
0000250e
ffffd9fb
00000007
0000193d
ffffe82f
fffffc63
fffff55b
000017ce
fffffc40
fffff611
fffff56c
00000798
00000131
000015d4
00003a7b
fffff337
00000e3a
00001d4c
00004e1f
fffffd03
00001867
fffffdf8
fffffdf6
ffffefd3
0000033b
fffff001
ffffdadb
00000406
fffff4ab
ffffe5b8
000017e2
000018bd
00000793
00000323
ffffee08
00001369
00001d2e
000002b5
00001d0f
00002ee0
fffff072
00000245
000010c6
00000cd8
ffffde07
fffffdd8
00002bb9
00001ed0
ffffed9b
ffffffbb
000016c9
ffffd808
00000fc7
fffffa02
fffffdaf
fffff8b4
fffffdab
fffffd3d
fffff144
fffff527
ffffe084
fffffcff
000009a9
fffff179
0000128e
ffffe13c
ffffff35
000005a1
fffffed3
ffffed94
fffff0a1
000000ef
fffff8ed
fffff6a9
ffffed83
00000605
fffffbc3
ffffe254
ffffd73f
fffffbcd
fffff554
00000a13
000000ee
00000174
fffffb0f
fffff8a1
0000043c
000003c4
00000353
fffff189
0000099b
00000c0a
00000d36
ffffe935
fffff5e7
fffff89a
00000e75
fffff717
000012da
ffffda87
ffffeade
000004eb
ffffe475
000003e4
00001db7
00000fc8
ffffee84
000005dd
fffffde5
fffffba3
ffffedc1
ffffe966
00001ca9
000007fc
fffff52d
00000853
fffff915
ffffe8ae
000018ec
00001395
00000f31
fffffd2d
ffffe5f9
ffffeb0c
fffffbaa
ffffea3d
000004ea
000016bd
00000f27
fffff970
000001b5
00000e5b
fffff861
000003e3
00000b78
00000b76
000005cb
fffffe71
ffffe26f
ffffe944
0000021d
0000166e
00000a76
00001db6
ffffef98
ffffe7dc
00000103
ffffeb72
00000472
ffffe703
00000a92
ffffedf0
fffff18e
00000454
0000123d
0000188a
fffff935
00000223
00001813
00000d12
0000078a
fffffac3
000009b6
fffff9cb
000001f3
fffffa94
000011c0
00000ff8
ffffe3a4
fffff9ce
fffff4cc
0000010a
ffffe8e7
00000702
000003b3
00000455
fffffba6
ffffedb0
fffff8d3
00000b1b
fffffaf7
ffffee5a
00000684
00002cf9
fffff5ac
fffffb32
00001bf0
0000147a
fffffe28
00000276
000020b8
000008f9
fffffb60
ffffe701
000002b5
00000cfb
ffffe526
fffffad8
00000531
0000115e
ffffed7c
ffffe772
ffffeef2
fffff6d4
fffff40c
fffffb4a
fffff774
00001119
00000154
fffffdfc
ffffd71d
ffffee08
00001696
00000239
fffff9cf
0000047f
ffffdb65
00000438
00001a64
ffffec1d
fffff4a1
00001f82
fffffafd
fffff970
00000d3a
0000002e
00000e46
00000840
fffffcd3
fffffa67
000003a0
fffff6bb
ffffec4b
0000010a
fffff5e2
ffffff68
0000090a
fffffc7e
fffffea0
00000f69
00001101
fffff760
000016fc
00000106
ffffe8a2
ffffea88
0000055f
00001f67
00000622
ffffea5b
fffff2ae
ffffe2db
fffff1dc
00000597
00001136
000016d4
000031d8
ffffeeb7
00000981
000011d6
00001341
00001f41
00001476
00000891
00000e56
ffffe523
00001b11
ffffdc36
00000fa6
fffff3a9
0000069d
ffffef8a
00000353
ffffedd8
ffffd90e
fffffbfc
000002c7
ffffc358
ffffeda0
00002af7
00001247
0000030f
00000241
ffffe12d
00000aec
00001560
ffffe952
00001874
ffffdcd2
fffffeff
fffff851
00001104
0000107b
ffffd2af
0000107a
0000222b
ffffff66
000003d3
fffff835
00001b67
fffffb46
00000fb7
0000004c
00000aff
000006a9
ffffd80c
fffff874
fffff78c
ffffdfdf
fffff9b2
ffffeacc
ffffed24
00000fe5
ffffda05
000008b6
00001619
000013a5
ffffff6d
fffffc79
ffffdc41
00000677
ffffeec9
00002075
000025ed
00000365
fffffe68
00000058
000032b0
fffff971
ffffeddb
00000169
00000c91
00000a16
ffffea77
0000096d
ffffee53
00001bd7
ffffef6e
00000c06
00000ae5
ffffe833
fffffaff
fffff1eb
fffff8b5
00002110
ffffe7a9
ffffef0f
000020ca
0000430d
000005b3
000004f3
fffff8c2
ffffff1a
00002c6b
fffffe58
fffff1ea
00000add
000021ca
000008db
00001c50
fffffcbb
ffffed0d
fffff80e
00000038
fffffea7
ffffe8dd
ffffd8c8
0000053d
fffff04d
000002af
fffff9c4
fffff9f5
ffffd80b
ffffdb19
fffffa1d
00000d2d
fffff43b
fffff253
fffffec2
00002e81
ffffee4c
0000161e
fffff7e6
ffffffdf
0000154b
00000485
ffffd1e7
00000bd9
fffff891
00000a2c
0000008c
ffffff96
fffff13f
fffff6f7
000008c6
000007d6
ffffd9ff
ffffe31c
000015b5
fffff60d
00000ff8
0000060a
fffff0da
000018ef
fffff6dd
ffffe40f
fffff045
ffffedfc
00000302
ffffd883
fffff9b2
00000b70
00000457
ffffe834
00001022
fffff95a
fffff209
00001b6e
ffffeee9
ffffd960
000018e6
00003d0b
000014d7
fffff1fd
ffffef77
00000085
00002f1a
000014e2
ffffe829
ffffe677
00000196
ffffedad
fffffd9e
fffffffd
fffffbf7
fffff86d
ffffe5d9
fffffb8e
fffff63a
ffffd859
fffffa2e
ffffec4d
fffff1fc
000009f5
ffffe771
00000644
fffff96b
00000112
fffffe99
fffffb0d
ffffe440
fffff43f
fffffa67
fffff5ce
00000e83
00001e00
00001cb5
fffffc38
000005bf
00001acf
fffffd83
00000343
00000111
fffffa06
fffffc7c
00000786
00000800
fffff9df
fffffdb2
ffffd8c3
00002373
fffffe57
00000554
00001cc7
fffffaa4
00001aac
ffffede3
fffffecb
fffff35d
00000445
ffffd866
fffff562
000017d5
ffffe63d
00000f78
fffff218
00001da0
fffff39f
00001767
fffffbde
ffffc0d6
ffffda0f
00000dc0
fffff791
ffffe7f3
ffffff51
00000ee0
000001a9
00001813
ffffef0f
ffffd899
00000f77
00001b1e
000012f3
00002101
ffffdd87
00000475
00001314
fffff504
ffffefbc
ffffedad
00000d5a
00000d01
fffff1a3
00000a87
ffffed6b
00000132
0000103d
ffffdcd9
0000057e
000004c7
fffff99f
fffff799
ffffeb67
00000876
000016e4
fffff920
ffffec66
000007eb
00000910
00001c04
000008e9
00000e6d
ffffdea8
000022f7
ffffed35
ffffffef
fffffe04
00000453
fffff18a
00000ce8
fffff0d2
00000335
fffff0f9
00001c21
fffffe7d
ffffe5c3
fffff4bd
00001154
fffffae6
ffffe3bf
fffff690
000018d4
00001bbd
0000113c
00003420
fffff77b
fffffa6e
000007ad
fffff7f2
00000374
ffffe5e5
ffffdec0
00000a70
00000318
00000f2f
00002442
00000cc0
fffff30f
fffff9e3
000010f8
00000c41
00001926
00002233
00000be3
ffffe743
fffff0f9
0000142c
000000ac
ffffeaf5
fffff06d
0000064b
ffffc6c7
fffffcb9
000030e5
00000dac
fffffa03
fffff6af
00002130
ffffd619
00000fc7
00001ff9
fffff6cf
00001246
ffffd813
fffff24f
fffff47d
fffffadf
00000e13
0000000f
00001d0e
fffff06f
fffffd9a
fffff481
fffffa1d
fffff420
fffffbbe
00000dbb
fffff340
ffffe784
ffffe2ae
fffffc8a
000004b9
000016a3
fffffd02
fffff22c
00000dc6
fffffd13
00000857
00000358
0000064c
00000ac2
ffffec55
fffff1d4
00001d93
00000e0c
00000be5
0000121a
0000081d
00001257
00000266
fffff7cd
00000bda
00000512
00000273
ffffe4ae
ffffdfe0
00000be9
000000d5
ffffd914
fffff6ef
00002102
fffffcc6
fffff3c0
000001d0
00000a1c
fffffd81
ffffca29
000019a4
000013c6
000002c6
ffffee92
ffffed07
fffffb1f
0000133f
ffffe81b
00000607
00001614
fffffb7a
fffffbc7
fffff47d
00000f80
00000fe3
ffffe506
000006ca
fffff41c
00000c2c
ffffe3c1
fffffe29
fffffcf4
ffffe999
000000a8
fffff261
fffff927
000025cd
fffff8f6
000009ec
0000084b
00002188
fffffd99
00000b08
fffff94d
0000089f
fffffcd1
00000f1c
ffffd8a7
fffff2bb
00000175
0000181d
00001c6e
00000439
000016f5
fffff129
fffffe58
000006fc
fffffe01
fffff8de
ffffed54
fffffdb6
fffffa7b
fffff6e7
ffffe036
00000cf0
00001a3a
ffffee6a
ffffff24
00001af8
00000707
0000004c
ffffe344
00001097
00000158
fffff8c3
00000f6f
fffff4b9
00000687
0000002f
ffffec82
00000a5d
0000052e
00000dfe
ffffec7f
00000af3
00002bab
ffffe350
000003ba
00001b6c
00000c62
ffffde79
ffffeef2
ffffff93
00000ed4
0000072c
00000370
0000007d
ffffff51
ffffffd4
ffffed56
00000207
0000083d
ffffebf4
fffffdc9
ffffed16
ffffe6ba
00000420
ffffea8c
000014d4
fffffc9a
00000489
00000671
00000918
fffffe7e
ffffe9a1
ffffdf74
ffffeed3
000004a9
fffff703
ffffff7b
fffffcb2
00001109
000019a3
ffffe30b
fffffb7c
ffffe458
000008f3
000012e6
fffff395
ffffe866
00001665
00000f79
ffffe05f
0000109c
ffffe314
ffffe26a
ffffea4f
fffffaa7
00002bcd
00000089
fffff225
00001ae0
000002e8
0000187b
000004f0
fffff28e
fffffb1e
fffffe40
00002f74
0000059c
00000edc
000016bc
fffff59d
000005ea
00000593
ffffece8
00000941
000030b7
00001e1c
ffffdb96
00001227
00000c2c
ffffcd40
fffffe9b
000014ea
fffffbd4
ffffe5d8
ffffd261
fffff272
0000072f
0000296d
fffff630
ffffed41
0000039e
ffffe64d
ffffd22d
00001682
00001a74
00001183
00001cbb
fffffbdd
0000012c
000001a6
fffffbe9
fffff7d1
00001572
000025d4
000007dd
00000f45
ffffe54c
fffffa7a
fffffcdb
000002c4
00000c11
ffffeee4
0000133c
fffff41e
fffff6c4
00000ba0
fffff72f
fffff83a
ffffebff
00000813
00001e29
00000084
000001bf
ffffc68a
fffffd35
00000504
fffff302
00000c19
00002264
0000063d
ffffe973
fffffa9c
00002f4c
000002d0
000012b7
fffffb9a
00000784
ffffc979
fffffbf0
ffffeefe
fffff271
ffffe546
00000c52
fffffdd8
ffffe9b1
00000761
ffffd89f
00001a26
ffffea42
fffffa47
00001507
fffffd6c
ffffdd40
0000117b
ffffe3b2
00000972
fffff6bb
00000cb3
fffff755
00000446
ffffe9b0
00001491
ffffdcc9
00000836
fffff9e9
0000064d
00001340
ffffe93c
00000934
00000fcf
00001d66
ffffe98c
0000170e
fffff348
00000b40
0000028a
fffff304
ffffd7b0
00001dec
ffffe442
000014b5
0000223f
00000377
ffffe1df
fffffe72
00000bea
0000094a
00000715
fffff2ff
00000668
ffffdaf8
ffffe4e9
000031e2
ffffeaaa
000014cd
00000895
fffff5e8
ffffeced
00000278
fffff6e0
fffff608
00001c6a
000021be
fffff1f0
fffff60c
00002606
fffff020
00002236
00000651
fffff882
00000032
00001177
00001445
ffffea36
fffff9e2
00000750
ffffefd1
00001007
00000183
fffff2c7
00001d7f
fffff330
00000593
fffffd7b
fffffdb4
00001061
00001481
000008bd
ffffe7d7
00001205
00000844
fffff818
00000d38
ffffeb26
000028e8
fffff20b
ffffea88
000006f2
fffff952
00000bc7
000016db
ffffee83
ffffe7fa
ffffeffe
00000990
fffff2b9
fffffd4b
00001ae8
000012fd
fffff3fb
00000f5b
ffffebc9
00001580
000018a1
00001980
fffff701
fffff9b0
fffff382
ffffed66
fffff47d
fffff424
00001d8a
ffffe47c
00000ce1
fffffacc
ffffebbf
ffffe781
00001852
fffffea7
ffffd1ec
ffffd342
fffffb2c
ffffef78
00001329
fffffc64
fffff213
ffffecfa
fffff40a
ffffcd03
ffffe7f0
0000071c
ffffeab8
0000000a
fffffd22
00000b11
fffff347
fffff1d1
00000d59
ffffe074
00002883
ffffdc8a
000011c5
fffff649
000016c9
000036ff
00001887
fffffdc9
ffffd4e5
ffffe6da
ffffe6e1
0000161d
ffffeb53
000000ed
fffff588
ffffe93e
0000064e
00001756
00000a1f
ffffc4cb
000003d9
fffff671
fffff74d
ffffe056
ffffdb52
000017f9
fffff53f
ffffef66
ffffeaf3
000003de
000010db
000029cc
00000598
ffffff1f
0000270f
0000190f
fffff30d
fffffaf2
000030ce
ffffd8c1
00000c32
00000c12
fffffb7e
ffffea77
00001db9
fffff133
00001bae
0000085c
0000036b
fffffd38
00000ccc
0000096b
ffffecf1
fffffc36
000009d9
00001aff
ffffe645
000016bf
00000c87
fffffe79
00000fa7
00000a63
00000ccb
fffffa95
fffff905
00000801
0000014c
fffff625
fffff7ad
fffff100
0000181b
fffff52b
00000d2d
fffffb74
0000002f
00001e32
fffff864
fffff1e5
ffffe499
00001adb
ffffebd4
000003cf
00000df0
00000028
fffff530
00001c84
fffff297
ffffee51
0000116e
fffff273
fffff03d
fffffa1a
00001436
ffffe8c5
fffff8a5
00000e82
000004f8
00002226
fffff428
ffffde0e
fffffd60
000016cf
ffffe657
00001610
00000838
000008a2
00001871
ffffeba2
fffff033
0000064b
000003b3
ffffdbb6
ffffef37
00000940
fffff7e6
fffffe42
fffffe95
00000675
fffffe8e
ffffd969
00000506
000013f3
ffffe6f4
000011a4
fffff75c
ffffe56c
ffffd4f9
fffff709
fffffed0
00000e1d
0000049a
00000bdb
00000a78
0000017f
fffffab7
00000b52
fffff7df
ffffef94
fffff33d
00000232
ffffe984
fffffef1
00000f5e
ffffed24
00000d49
fffff929
ffffecc2
00001974
fffff67a
fffff686
ffffe4c1
ffffe729
fffffa2b
0000063b
fffff9fd
00000e12
fffffe2e
ffffd3e6
fffff916
00000c0d
ffffedcf
000004f5
00000dda
ffffe986
ffffebfd
00000413
fffff5ff
fffff7a3
0000097c
0000142f
ffffeae3
00000585
fffff15e
ffffee81
00000c96
00001602
00001ba8
fffff2fa
00000265
ffffdf7f
00000f7b
ffffee7a
ffffebc9
ffffe59c
fffff188
00000fe7
00001153
00000475
ffffe23d
fffff608
fffff893
fffffcca
00000285
00000602
fffff250
0000093d
fffff30b
fffffe96
ffffe5c1
fffffb33
00001e14
ffffe5fc
00000520
000009b6
fffffa2d
fffff3dd
00002396
00000c33
00000fcf
ffffee27
00000e97
fffff8d8
ffffe651
fffffec8
0000099b
ffffe8f4
00000125
00002902
ffffea3f
ffffdc86
00001287
0000081d
00000295
000012ea
0000101e
fffff41a
fffffefc
00000397
00001e28
fffff987
fffff695
fffff3f9
fffffe4b
fffff45a
00001074
000014a8
ffffd46f
ffffe8b8
0000041a
00002490
0000081a
ffffd9a2
00000143
fffffb2f
00000034
fffff40c
00000dd0
000002bc
fffff713
fffffd9b
fffff15c
fffff20e
00001e2f
00000aa6
fffff32c
00000783
ffffd833
ffffec2b
00002948
00001641
00000446
fffffcd2
fffff377
fffffdc4
00000447
fffff7fd
00000526
00001368
00001a6e
00000b92
00002502
fffff315
000006ab
00001211
ffffe738
fffffac8
fffff405
fffffb14
fffff48d
000008bb
ffffe455
0000056d
00001b65
00000071
fffffe2a
00001644
fffffa2e
fffff298
ffffdbf3
0000108d
fffffad7
000009f7
ffffd013
000004f3
ffffeaba
000009f7
fffffd9c
00001ed2
0000093e
ffffdc3e
fffff495
ffffed7f
fffff494
ffffefc5
ffffe52d
000002ec
00000529
000009a6
00000f51
fffffee9
0000114a
00001727
fffffc26
fffffcb5
ffffe35d
fffff222
00000119
000011dd
fffffd6e
ffffe7a4
fffffcc6
fffff3df
ffffe04e
fffffdb9
00001324
fffff6fb
00000971
00000916
00000c9a
000010b6
000009f1
ffffe9c0
ffffdd7d
ffffea84
fffff998
000007d3
fffff1dc
fffffe08
ffffe963
fffff5b3
fffffc07
00001bd1
00001c28
ffffe211
00000b15
ffffef2e
ffffef6a
00000d87
ffffffde
fffffa3d
fffffaa5
00001755
00000c3a
0000067c
00000a84
00000557
ffffecdf
fffff3c7
ffffff84
ffffea07
fffff79f
00000da6
000019c2
fffffc6c
fffff15e
000007a5
fffff4a6
ffffee59
00001684
fffffbb5
00000516
ffffebf5
fffffe0a
00000081
0000076e
0000017e
fffffd06
00000410
fffff776
00000140
000019b4
ffffe7e4
0000090f
ffffeff5
ffffe4b6
ffffe9ba
0000009b
000012b0
ffffd01b
fffff175
fffffcae
00000909
000010ac
00000167
00001156
00000254
00000e8e
ffffe85b
00000474
00000ba9
0000081e
ffffff99
fffff0fc
00001118
ffffecbc
000007d1
fffff42a
00000c6d
fffff6ad
00000762
fffff7a5
000003ea
fffff6e6
00001127
fffffbc4
ffffe0b4
ffffe9f8
ffffe01e
0000052c
ffffda01
fffff4b2
ffffeda3
00000931
00002528
ffffe329
fffffc05
fffff77b
000006d4
fffff5b8
fffff24d
000010d6
00001afa
fffff855
000004b8
fffff598
fffff819
ffffd010
00000104
ffffee99
ffffdb48
fffffcf5
000014bc
000019d2
ffffeb5f
ffffee0a
fffff174
fffffdff
00000fbc
000023ee
000017ac
fffffed0
ffffed73
00001510
fffffd0c
000002d2
fffff9d8
fffff94b
fffff6ba
fffff070
00000582
ffffdc62
fffff1ea
00000a3d
00000364
fffff4f7
ffffea04
00000a38
000005e3
00000153
00000799
00000785
0000020a
000009f9
fffffe9d
fffff2ee
fffff5c9
000000ad
00000271
00000413
00001039
00000ad1
00000822
fffffff3
0000059b
000000df
fffffcf0
00000b7d
fffff16e
fffffe62
ffffff41
fffff129
fffff5b6
fffffd86
fffff9c6
fffff56b
00001369
00000497
000002d3
0000072d
0000030b
0000030d
fffff837
fffff811
fffffca8
00000065
ffffe8e0
000006f0
fffff503
000006ba
000000f6
fffffe1f
000000d7
00000376
fffff72f
000008fb
ffffe672
00000440
fffffc2f
fffffa49
fffff183
00000a4b
000007ca
000019a6
000002df
fffffb01
00000f53
00000621
ffffeee0
0000083a
fffffacf
fffff718
fffff58f
0000106c
000002c0
fffff751
0000068b
fffff972
fffffa4a
fffffc16
00000038
0000097d
fffff886
00000866
000002ba
fffff7e7
0000091a
00000120
00000f9b
ffffffe5
ffffff5d
fffff678
fffffd4e
000006be
fffff6cf
ffffe80b
fffff63f
0000008a
000003e8
fffff482
fffff330
ffffffaa
00000f0e
fffff460
fffff487
fffff60e
ffffdffd
00000a50
fffff77a
fffff99a
ffffff17
00000c47
000008dc
fffff982
00000254
ffffe493
fffff95a
ffffff2b
fffffb21
ffffffae
fffff8ba
ffffff79
00000375
ffffefcc
000009b5
00000278
0000035d
fffffd14
00000b25
000000de
fffffcd3
00000bc4
00000724
ffffedbe
000008b5
00000820
ffffe95d
fffff8e3
0000089f
00000053
fffffb91
fffffde1
00000ee7
0000150e
fffff2be
00001337
fffff9dd
0000000f
ffffffac
fffff71a
000014ad
fffffd5c
fffff5da
fffff979
0000065c
fffffa93
fffff171
fffff42c
00000b3a
ffffe344
fffff9c6
ffffe79e
fffff039
00000d72
00000728
fffff0ea
fffffe11
00000d17
fffffc60
000001d3
00000899
00000c2a
fffffd26
ffffff7c
fffffe4d
fffff5b5
0000150c
fffffac3
fffffbbf
fffff348
fffffb3b
ffffff11
00000890
fffffd87
00000406
00000716
fffff9d6
fffff4c6
000006bb
00000288
fffff0c7
fffffce1
000017b2
fffff490
00000711
fffffb30
fffff382
0000088c
0000029c
fffff672
ffffff05
fffff786
000000c7
fffff4b3
00000624
000007f7
fffff722
00000660
fffff4e2
fffffd86
0000003e
fffff585
ffffe412
ffffdfce
000006db
00001683
00001595
00000d47
fffffb4e
ffffe663
00000352
0000164f
00000847
00001d65
ffffece3
ffffe632
00001d19
00000533
ffffef0b
00000b27
000011b9
fffffdae
fffffb2c
000007e3
fffff892
00001242
fffff871
00000753
00000113
00000459
000007e8
00000606
fffffcaf
fffffda3
fffffc31
00000223
fffff91f
fffffd47
00000a62
0000087d
0000087d
00000948
fffffb20
ffffedf7
00000020
fffff9a9
0000040a
00000ae4
ffffee78
0000078a
ffffe9a0
00000a03
fffff904
fffffa67
00000034
0000061d
0000042b
00000522
000009cd
fffff604
fffff463
000005f2
000007de
000003d5
ffffe62d
0000019c
00000adc
00000082
fffff61b
000021c3
0000002c
ffffee6f
0000129f
ffffee53
fffffbbd
00001fc8
000022f4
fffff89c
00000383
0000011c
fffff000
00000fd1
fffff1e9
ffffeef1
ffffeff1
00001ac4
00000b71
fffffe96
0000034b
000000b1
00000639
0000189b
000001e7
00000b02
fffff596
00001265
00001bc5
00001349
00001a8a
00000e06
fffffe0e
000008bb
ffffed55
fffff4c4
ffffedc6
fffff543
fffffcad
ffffff64
fffff183
0000093c
00000ce6
000001ee
00000136
00001349
00000ff3
ffffff69
000006a2
fffffdb8
fffff598
ffffea50
fffffd7a
fffffb3a
fffffd31
00000100
fffff58c
00000aea
00002992
00000fc6
fffff302
fffff87f
00000573
fffff32d
00000256
00001981
000025de
ffffee4a
fffff6cc
00001023
ffffe7d0
ffffff16
00001394
00001fb0
ffffffc0
0000009d
00000e29
00000a1f
fffff660
00000d25
fffff825
ffffec9f
00000574
fffff266
ffffeb32
00000d88
0000043a
fffff9b3
00000203
fffff0b0
00000bbf
000012c8
00000fda
fffff070
00000cea
00000254
fffff3b9
00000fe2
00000796
000014b7
ffffed34
fffff7ce
fffff1a4
00000378
00000194
00000497
0000163c
000005ad
00000d41
0000106f
fffffa0c
fffff943
fffff5f4
fffff4de
fffff185
ffffebbd
fffffdc6
fffffcfb
ffffec7e
fffff20f
fffff3cd
ffffe9a7
fffff237
00000a15
ffffed2a
0000053d
fffffd35
0000089a
fffffcaa
fffff366
fffffd7b
00001f1b
fffffe86
ffffeaa9
000009ff
fffff83d
ffffee6b
ffffece2
fffff7d9
000006c3
000007af
fffffb71
fffff1d7
ffffeb5c
fffff9ab
fffff44d
ffffdfea
ffffe5f5
fffff54f
ffffc791
ffffeeb4
fffffa2f
0000003a
ffffef24
00000715
ffffe8d2
00001284
00001658
ffffff88
00001989
fffff838
00001cd4
fffff03c
ffffe202
000001b7
fffff099
000019da
fffffb74
000002fb
0000067d
00001346
ffffea69
fffffe44
fffff65b
0000134a
00000022
00003037
00000e3e
fffff2f6
fffff149
000003cd
00000c39
ffffcca2
fffffd82
000002d8
ffffd903
fffffbfd
000012f2
fffff35e
00000c19
fffff604
fffffb82
00000516
fffffa7e
000029de
fffff1ab
0000047e
000001d6
ffffed52
00000615
fffff4de
00000d35
fffff1c0
fffffbfe
fffff497
fffff7a7
ffffe4b9
00002017
00000559
00000420
00001269
fffffa0b
ffffe571
ffffeca8
000017db
000001d3
000001e0
ffffa7b7
fffff1cc
ffffe636
00002966
0000092d
ffffcfd6
000017b0
ffffcc65
ffffe599
00000861
00000f84
00000934
00001afc
00000c0a
00000e89
000005a9
fffff251
00000ee0
00000fb9
000005bb
000014b9
00000d9c
000019db
00002fcb
ffffd4cc
fffff72b
fffffccf
00000942
ffffefa4
ffffea0e
fffff88e
00000ce8
0000116a
000000ce
00000f6c
000005a9
fffffea7
00001e38
00001834
00001535
00000abc
00000290
fffff7cd
ffffe8be
00000a6d
00000dd2
0000225d
ffffc81d
fffff3ae
ffffe7c7
fffffbdc
ffffd5c8
fffff5ad
fffff62f
00000f24
fffffdfb
00000abc
00002991
00000fca
00000dff
fffff272
ffffed1b
0000005b
00000174
fffff927
ffffe43f
00000694
fffffce5
ffffe9f7
0000015e
fffffacf
00001508
ffffe0db
fffff3d9
00000abd
00001c9c
fffff5c1
00000180
fffffd7a
fffffdb6
ffffff71
fffff06f
0000048d
0000145b
ffffe80f
ffffe339
fffff933
fffff484
ffffccb9
fffff2df
fffff185
0000104c
000007a0
ffffe51f
00001145
ffffe7b6
00000a3b
00002428
fffff672
ffffe4a1
00001233
00002b82
000003e4
00000018
ffffe151
000012ea
0000194f
00000cdf
ffffec9c
ffffe39c
fffff2f4
ffffd7c3
000010c8
fffff7cf
00000200
ffffffd6
fffff53c
ffffe998
00001765
00000b14
00002992
0000036b
000000e9
ffffff08
fffff013
00000593
00000605
0000097d
ffffec5e
000019ad
fffff3df
fffff314
ffffd660
ffffeeaa
000010cd
000018b4
fffff77f
00001237
00002026
000001e3
ffffe717
000017ba
fffff53b
00000688
fffff44e
00001a2d
000006d2
ffffeef4
ffffd263
fffff12b
fffff475
00000c01
fffff7e0
00000ffc
ffffeea6
fffffb78
fffff103
fffff623
00000c85
00001568
fffff9e8
ffffe868
ffffeb4e
ffffe073
ffffeb19
ffffec6b
ffffe89f
ffffdf7d
fffff74a
00001522
fffffd12
ffffe387
00000718
fffff3c8
00000049
00001dde
00000578
fffffc43
000001bd
0000064b
00002ad0
000020c2
0000292a
ffffff82
0000226d
ffffedbd
00001359
ffffd9c6
ffffe980
ffffefbc
ffffff5f
000001f1
fffffcae
000003e9
0000284a
ffffdd8b
00001762
00000c04
000027f6
ffffe1be
ffffe647
fffffd96
fffffb54
00000867
fffff282
00000d84
fffff4aa
ffffd491
fffff626
00000c68
0000062f
0000230a
ffffff92
000005d7
ffffe5c4
fffffe20
00000207
fffff881
ffffec0d
ffffef52
fffff47e
0000035d
fffff661
00001940
ffffef06
ffffe8c0
fffff974
0000152e
0000150d
ffffef6d
fffff96d
00001594
ffffe16c
00001df6
00000a9b
ffffffe5
ffffe002
fffffd8f
00001185
00000884
fffff35d
000005d8
fffff13d
fffff32a
ffffe0fa
0000063d
ffffe668
00000e5d
fffff22b
00000429
fffff08d
00000a7f
ffffe1d0
fffff67c
ffffd099
ffffe9c7
000005c5
ffffff0e
ffffe9c8
ffffed8b
ffffeaac
0000006a
ffffe7d5
fffff3a9
fffff0db
00000ac8
00001060
fffff34b
00000cee
000012ee
fffff112
fffffe7e
fffffd56
fffff66a
000001aa
00000e18
ffffeff8
000007cc
fffffe36
ffffe086
fffffcb5
ffffef65
00000fbf
ffffebf7
00000063
fffff7f5
000005aa
fffff7b3
fffffe8e
ffffe5ca
ffffef8c
fffff669
fffff231
00000b90
000014f2
000003b8
ffffe819
000010fa
ffffeaf4
00003a99
ffffe4ff
00000166
000011a4
00000c0a
fffff325
ffffeb60
00002a2c
000003d5
ffffde43
0000144f
ffffff72
00001d84
fffff9dc
ffffef00
ffffcdb0
ffffdf75
00000144
0000018e
fffff48b
000007c3
fffff344
00000629
00000154
fffff322
000013a3
00001212
0000148f
ffffe8ce
00002394
00000c4e
fffffd45
000001af
fffff171
fffff387
ffffffd6
00001142
00000019
00000b8b
fffff94a
fffff60b
ffffe8a1
fffff8c1
00002268
00001186
000018fa
00000ac6
00000382
00000004
fffffb6f
ffffff1f
00001b49
00001e03
ffffd9a3
fffff6be
ffffdd49
0000004c
ffffda64
fffffff7
ffffef0b
000027d1
fffff87f
fffffed8
00001006
00002982
fffffce2
ffffdbbd
00001c83
000023bb
ffffeb3d
0000034a
00000574
00003377
00001481
fffff272
ffffec72
00001ed1
000007fa
00001404
000008f7
00000f93
0000179b
ffffe785
fffffacf
ffffe77e
00000e85
00000e18
000000a6
ffffe8aa
fffff1dd
fffff89b
000011f2
00000c73
00002433
ffffff10
ffffe0f6
000019e9
ffffe5ff
ffffff8f
ffffdd9e
0000058c
ffffed04
ffffe681
ffffee68
fffff24a
ffffecce
000043d2
0000128d
00001e8f
ffffde68
fffffe04
fffff38d
00001a09
ffffdd43
fffff0bd
fffff95d
00001ee2
00000ae5
00001b15
00001eaf
ffffed5a
00001078
ffffe2bb
00001413
fffff9e3
ffffebbe
000002ed
00001511
000004b3
000008dc
000020df
000006e5
00001a7a
ffffe8bd
ffffea75
ffffe253
fffffe47
00001356
00000e89
000014b3
00000e74
00000716
00000cc8
ffffd4c6
ffffe27e
00000257
fffff891
ffffe041
fffff0d4
fffff639
ffffed59
ffffff6b
ffffeecb
000001d7
000002f7
fffff9a3
000002a0
ffffdb7a
00000796
ffffe18e
fffff1e2
fffff788
fffffd70
ffffe5e6
ffffdf3d
ffffd026
00000a13
ffffcbe9
00000609
ffffd415
fffff472
ffffde02
fffff648
ffffd829
00001302
0000217f
fffff88c
0000130e
ffffffb2
000021a0
00000002
000013eb
000006b8
00001145
ffffebfd
00002c6c
ffffe702
fffffb4d
ffffeeee
fffffcd8
ffffdda9
00001ad9
00000082
fffff36c
00001850
00000e86
fffff0ee
00000967
000007ca
fffff219
fffffedf
ffffddee
000004f9
00001770
000019a4
00002c8e
0000249f
fffffe7f
ffffe13c
ffffe619
000021b0
ffffdb4c
00000ede
ffffe01f
0000003d
00001caf
00000e3a
000009c0
ffffd6bf
ffffe653
0000095d
fffff3ab
fffff36c
00000cb9
00000961
00001836
000005d7
ffffed2d
ffffe3a2
000008a2
00001f8f
00001d0a
0000276e
00001372
0000086e
fffff6d4
00000f3d
ffffe957
fffff4cb
00001cf7
000000c3
00000258
fffffa46
0000041e
ffffeae2
fffff843
ffffee7f
fffff86e
fffff6d1
00000490
fffffd17
fffff0c5
ffffd962
0000208b
fffff976
ffffeadb
00001091
fffff319
00000386
ffffece3
ffffe8a5
fffff19e
fffffd81
fffffe8b
000009ba
0000058d
00000a96
fffffbd6
00000437
ffffe777
00001a96
000006a3
ffffea81
fffff95d
00000be3
000000a2
ffffde40
fffffc8b
ffffff5e
fffff1a1
fffff958
00000a00
000003d0
00000abd
fffffdeb
00000308
00000160
0000052a
ffffec09
00001f54
fffff1bc
fffffc70
ffffed31
ffffffb3
fffff06e
000015cf
ffffdf65
00000406
000006e3
ffffe439
00001a30
fffffc7b
0000066e
ffffe448
ffffd4ab
00000a1b
00000459
0000036d
ffffff40
fffff935
ffffebd8
00000a17
00000661
0000055d
fffffa60
000011b9
00000199
fffff73c
00000c82
fffff7d3
ffffebce
ffffeaaf
ffffee69
000000c5
fffff7ed
ffffffc5
00000901
ffffd9cd
fffffe8a
fffff7c7
fffff793
000004a8
fffff7d5
fffffc33
00001001
0000051e
ffffee56
000006cc
ffffeac1
ffffebf6
00000acc
000001eb
ffffff15
fffffc37
00000b12
fffffb33
00000869
fffffa9e
fffffaf9
00000a1b
000008c0
ffffeda1
000015a2
fffff471
000001c7
00000186
ffffedce
ffffffdc
fffffd4e
fffffb76
00000093
000006e8
000005a1
fffff342
ffffeb73
0000224d
ffffe9b0
ffffe390
0000072f
fffff61e
fffffd09
ffffe67b
fffff0c6
ffffebe9
fffffab1
00000568
fffffaca
00001192
000005bd
00000b49
00000102
00000665
000020c1
fffff8e8
fffffe48
ffffec5a
00000207
fffff680
fffff109
fffff6ff
fffffee6
00001a15
ffffe7f5
00000789
00000dd7
fffff70c
0000018b
0000017d
00000901
ffffdf43
fffffb05
000020cf
000006af
fffff709
fffff9b2
fffffc15
00000526
ffffeb97
fffff3bc
000004a8
00001926
000016bc
fffffa84
ffffe7d1
00000296
fffffc27
ffffea19
0000062b
00002613
000003bd
00000716
00000e54
fffff8fc
0000079f
ffffeaf3
0000123b
fffffb9e
fffff8ae
000003c5
00001435
ffffe83b
00000d0a
000000d6
ffffd88c
fffff6ce
000013db
ffffd940
00000782
ffffdc86
00001e34
0000090a
ffffeb71
ffffff58
00000ebf
00000d7f
0000154a
ffffd01c
00001509
ffffe51f
0000199a
fffff709
fffff669
00001003
fffffd61
fffff05d
ffffebb7
fffff8af
000008e5
fffffc8a
00001d82
00000a80
ffffce91
00001b26
ffffe7ef
000000a3
00000681
000031cb
000006e2
000022f8
00001635
000017c8
00001ab9
fffff3e4
ffffe7d4
00001868
ffffee9d
fffff75e
0000193c
00001811
ffffe641
ffffe657
fffff76e
fffff29e
0000001e
fffff81c
0000154a
00000530
00001361
00000d24
000014f7
fffff5d0
fffffadb
00000c3b
00000eb1
000020fd
00001855
ffffe8a2
ffffdc46
ffffd72a
ffffff6e
ffffc96a
00000b6c
00000f8e
ffffef74
fffff4d7
fffff35f
00002197
ffffef74
ffffc271
00000171
0000014e
0000006a
ffffc97b
fffffde9
00001a44
000013f2
000001ce
00000261
fffff528
fffffbd8
fffffd2e
ffffe3e1
fffff8e5
0000200e
00001486
fffffea9
00001898
fffff9f1
ffffe678
fffffcfa
fffff8c4
ffffe1c4
fffffb8d
000029db
0000029e
00000037
00002212
ffffeca9
00000503
fffff4c5
fffffb58
000007e4
00000ca3
fffff033
0000043f
00001a62
00001050
00000198
000001a5
fffffda2
ffffe52c
ffffccb1
fffff293
fffffe9f
000006e7
0000027a
fffff2cf
ffffe19f
ffffd0f6
ffffec22
fffffeff
fffffa1b
fffffd79
ffffeaaf
ffffe5fe
000008fa
fffff510
ffffedb9
ffffdac6
fffff238
00000807
00001337
000005ae
ffffeb3d
00001b04
fffff784
ffffe4fd
ffffed4f
00000dc7
ffffeed7
00000ba2
00001b97
0000197b
00002a70
ffffe05e
fffff830
00001e84
000006e0
fffff4d5
ffffe4d7
ffffdfb8
00000621
000002c8
fffff152
00002fe6
ffffee72
0000136b
00000a2f
00003844
000018d2
00001b0c
00000e6c
ffffd0ad
fffff95a
ffffdfb0
00001ace
fffff2f9
0000135d
00001524
fffffb70
ffffebba
ffffeeec
0000016f
fffffe35
00002a37
fffff1fe
fffff2c9
000022d5
000017e8
ffffeff3
fffffdbb
fffff90d
fffffe3a
00001d47
00002527
0000008e
fffffb73
fffff55a
fffff403
00000ac4
00000cd8
00000ed4
00001045
ffffebb5
00001669
0000336f
ffffffff
fffff4e4
00000829
00002623
ffffd726
fffffd2c
00002de4
00002e19
00000b9d
ffffef68
fffff8d0
00001367
00000b72
00002071
ffffea9d
fffff8b2
fffffc10
fffff261
ffffe595
fffff567
ffffeb42
000005ef
fffff7b6
00001fe2
000011b3
ffffe84a
fffff20a
000001ed
00000228
ffffd7c6
ffffef1f
ffffb5cb
ffffef6a
ffffd485
fffff4af
000030e2
ffffedcc
0000227e
ffffeb9b
00000b2b
ffffed6c
00001660
00000767
fffff124
00000721
fffff653
00001aff
00000e68
ffffd4f5
0000122b
00000670
ffffea08
ffffdd81
00001fbd
fffffaed
00000b07
00000634
ffffe974
fffffd3f
ffffff4d
000005a8
0000077b
000001ff
ffffdd83
00000c59
00000631
fffffba7
000023a7
0000111f
000005ea
fffffb8b
00000add
ffffeb40
00000e6d
ffffec29
00001714
ffffe11a
00001537
fffffed3
fffff1cf
ffffe87b
000015f0
ffffcdae
000000ef
00002e00
00002af2
fffff6a9
00003daa
fffff8bb
fffff049
ffffffc4
ffffe8e6
fffffa73
00001209
fffffa83
00000ed5
ffffde2d
00001879
fffff282
fffffffd
fffff586
00001a44
ffffd4b3
00000d62
00002a55
fffff453
00000372
00000497
ffffeed2
000007f7
fffff3ec
ffffe863
00001ea3
fffff817
00000bec
fffff658
fffffb76
ffffe536
0000155d
0000048c
00000f96
fffff303
00000382
ffffe62e
fffff0c2
ffffcc9b
fffff8ae
000019d2
fffff5a9
ffffe2fc
fffff2cc
fffff0ce
ffffff4c
0000280c
fffff233
ffffe951
fffff8f7
00002e5a
fffff9c8
000015ae
ffffef3a
ffffeeac
00002b57
0000246a
fffff29f
ffffbff2
ffffeffc
000013fd
000003cf
ffffff16
ffffc87a
fffff5ee
ffffe8da
fffffe0b
ffffffa5
fffffbda
fffff85c
00001279
fffffc5f
ffffd499
000008de
ffffedaf
fffff950
00001439
fffff3b0
0000111c
00000586
ffffe6bb
0000300f
fffff8d4
fffff158
0000147e
0000072e
fffffe9c
fffffdb1
fffff739
000003a9
fffffd5b
000003d5
ffffe10d
00000983
00000233
ffffe7aa
00001c57
ffffe752
ffffd6b1
ffffecb0
ffffe8b4
ffffc0df
00002a8e
ffffec46
000020c6
000012a2
000001e5
000005c9
ffffe751
ffffeff5
00000139
0000000b
ffffff16
ffffe7f8
00000131
ffffe9c1
00001376
00001788
fffff28d
00000ce4
fffffcac
ffffd7bf
ffffeb54
fffffc84
00001e10
fffff882
00000f96
00000fc2
ffffd80f
00000fc9
ffffe6cb
fffffe3f
00000bff
fffffd2b
0000077e
00000bdd
00000782
fffffb17
00000134
fffff096
fffff2e7
ffffe824
0000023e
000013ce
fffff875
ffffe63c
000004e3
000014ac
ffffe825
00000175
fffff424
00001fc0
00000773
00001879
fffff90a
ffffeaf1
00001765
00001160
00000d31
fffff42c
ffffebf0
00000b61
fffffe01
000000d6
fffff370
00000a9b
fffffedc
0000062c
00001750
fffffdc9
000015f7
fffff777
fffff764
00000a73
ffffff51
ffffef3c
ffffe7c6
00000090
fffff42f
fffffae0
0000127c
00002632
00000f50
ffffe956
00000cd3
00000973
000008e2
000004fb
00000af2
00000f72
fffff3e1
00000492
ffffd03f
0000070d
00000c7f
00000403
fffff77d
ffffefb9
fffff850
ffffe900
ffffe5f9
fffff793
fffff7a2
ffffff23
00000e77
fffff9d9
fffffc73
0000044e
fffffa7e
fffffb82
fffffc64
000000f8
ffffeabe
0000160c
fffff33e
00000e7b
ffffef7a
fffff4db
ffffeede
ffffedf6
fffff5ff
00000134
000013d7
ffffd592
fffff67b
ffffcf74
fffff01d
00000f70
00000f75
000005e4
fffff6a6
fffffb4e
000018aa
00001154
fffff924
00000213
ffffe139
ffffedac
00000fd8
ffffd75e
0000010b
fffff373
ffffeef8
ffffe47d
ffffffa8
fffff460
00000bf0
fffff8a9
fffff565
00001f4f
fffffe39
00000b0f
fffff308
ffffd9b4
000003c1
00000116
ffffe702
00000ba6
fffffd78
ffffefe1
ffffef00
000002e8
fffffbe2
fffff705
00000e5c
00000686
00002434
fffffbb4
0000087b
fffffb06
00001352
fffffd4a
00000a86
000007be
ffffea86
fffff9f8
00000266
ffffcc48
ffffdc0e
ffffddd1
000000ae
00000e5f
00000412
ffffe924
ffffdd0e
ffffead1
fffff3c7
00000158
fffffcb1
ffffcb0c
000011f5
000013db
00002559
000019e9
fffff4ed
00000bb6
ffffe290
ffffe8f4
fffff0a6
00000602
00000770
ffffeb10
ffffea30
00001984
000006c3
fffff7b1
fffffc34
ffffdc3d
00000d36
ffffee54
ffffe926
fffff1cd
ffffef7e
00000ceb
00000007
fffff87d
000001ab
ffffeef0
fffffa04
00000753
fffffa89
fffff248
fffff40d
000001fa
00001156
ffffdbff
000016c5
00000085
00002445
ffffff09
ffffe938
00000f3b
ffffeac0
ffffff62
ffffe359
00001294
fffff54c
ffffe414
00000a04
00001806
00003db1
ffffeaa3
ffffe39f
ffffdd95
ffffe9ac
fffff18b
ffffeb1e
00000f34
fffff161
00000400
00001106
fffff0bc
00000ab5
fffff9b6
ffffe6d5
ffffe5b2
00000192
fffff591
00002762
ffffe495
00000dcd
0000016c
ffffff4c
00001d18
ffffd08d
ffffe5e4
ffffee55
00002014
fffff292
00002874
ffffecc3
fffffa85
00000980
fffff612
fffffccd
fffff8d0
0000137f
fffff69d
fffff330
00000fd8
fffff008
00002180
ffffe5d5
ffffedf3
fffff57a
ffffed1d
ffffdf1b
ffffe6e0
00000c1b
fffffb18
00001aff
fffffc0c
fffffaff
0000042b
00000b3a
fffffb58
fffffe2b
ffffed7e
ffffecfd
0000114f
fffffbfb
0000025f
00001b9c
fffff8ab
fffff68c
ffffe066
ffffe477
ffffeccd
000011bb
fffffa3c
00001651
fffff37f
00000731
ffffd572
fffffc7c
ffffeb41
ffffc43b
000011fd
ffffe18a
fffffe24
fffff8dd
0000063e
000003b7
000013da
fffffd65
00000fd8
fffffdcf
fffff781
000015d7
fffff2f1
ffffe8bb
000018e8
00001b9c
00001292
ffffebd9
ffffeb8d
ffffe9d5
00001894
fffffd8c
ffffca29
00000d42
00001c53
ffffec80
0000081b
00001d66
fffff929
fffff961
ffffec1d
fffff571
00000f02
0000346f
00001e09
ffffee5b
fffffb4e
00002a01
000004c0
0000135b
fffff273
00000371
ffffdcf7
fffff667
00001961
000000b6
00000c51
fffff913
000023ba
ffffffdb
ffffd5cb
0000231f
fffff105
fffffafc
fffff21c
ffffea32
00001061
fffff9b3
ffffed79
ffffff64
000000a1
ffffe07d
fffff7e1
ffffe52e
fffff638
ffffe11b
00000841
ffffca89
fffff0c1
fffffe4a
fffffb90
ffffd89c
ffffe980
00001ef2
000006b2
fffffa84
fffff006
ffffefb9
ffffe17d
000014c8
ffffe00f
fffff085
fffff1fc
000000e6
ffffd3e4
ffffff23
fffffc57
00000277
0000148b
ffffe7d9
00003cfb
00001cfd
00001098
fffffa37
00000c19
fffffb9a
fffff9e7
ffffeef5
00001196
ffffe253
fffff364
00000543
00000e02
000018b7
fffffd61
00001bd9
fffff8ed
ffffe901
fffff775
ffffe802
ffffe8ce
0000106f
fffffa03
00000c49
ffffde9d
000011d9
fffff178
fffff469
fffff36f
ffffe694
ffffeb98
fffff5bc
0000144a
00000f46
000002e8
fffffdc0
00001d35
000010cf
fffff518
00001155
00000c92
000020bb
ffffe8f1
ffffed95
00000c27
ffffffe2
fffff93e
00000fbe
ffffd5da
00000b3c
00001512
00000b43
00000769
000012d9
0000192e
00000251
fffff8de
00000e97
00000828
fffff983
000024ad
fffff7ec
fffff2b0
ffffdd37
00000012
0000075d
ffffe735
000002eb
00000406
fffff4f6
ffffe67a
ffffe01c
ffffd96d
ffffeca8
000016d6
ffffffc5
ffffeee3
fffffb4e
000004b3
fffff441
fffff0d8
000014d6
00000891
ffffdde0
fffff0f4
ffffe8d9
00000841
fffffe5e
0000018e
0000163d
ffffef01
fffffb3a
fffff15b
ffffed41
0000133e
00000554
00001498
00001a1b
00000eb3
00002b8a
000009bd
fffffd2a
fffffacb
0000006e
fffffe1c
00000648
00001a19
fffff8ea
fffff952
00000306
ffffd978
000013ff
ffffe089
00001167
000013c4
ffffe6c3
00000907
0000002f
ffffe517
fffffa97
ffffff55
ffffede6
00001868
0000139d
ffffff2d
000008b6
ffffff58
fffff224
fffffd97
ffffea95
fffffe84
00001e8c
00000135
00000a4a
00000ad4
ffffe41d
000001d3
fffff872
ffffe9a4
fffffcbe
ffffeb80
0000150e
ffffe859
000003a2
00000fd0
ffffecf2
fffff2d7
ffffd9dd
00001fc6
fffff736
00000587
ffffffee
00001675
0000022c
000006a5
ffffebf3
00000287
fffff784
ffffdd82
000001ce
ffffe383
fffffbde
000008f6
000007f7
00000107
ffffeb1e
ffffe5a8
fffffe14
ffffeaf7
fffff262
00000bde
fffffb78
fffffda6
00001019
0000142a
00000286
0000002f
00000cc3
ffffee84
ffffe49c
00001be8
fffffb39
00000c78
00000f0f
ffffd5ff
000000cc
00000a90
00001ff8
ffffe4c6
0000117d
00000126
fffff7b5
ffffeba1
00000ef9
fffff989
ffffeeab
ffffe8a2
ffffe1c8
0000282b
ffffff05
00000915
fffff117
0000019f
00000e81
00000bdf
fffff042
00000959
fffffba6
ffffe3e4
fffff6d4
000013d3
00000067
ffffeb03
ffffedd3
fffffed6
fffff8fc
fffffa09
00001592
00001d5d
0000070e
00000882
00000281
00000456
fffffbc4
ffffe4d1
fffff873
ffffd568
00002005
fffffbad
000005e2
ffffc048
ffffe9db
fffffbbe
fffff379
0000055e
ffffd9d2
ffffeffc
000016c7
00001d43
00003618
00000a60
0000203d
000018ef
fffff297
0000024b
00001b52
000012ab
000003c0
000010bb
ffffdd4b
ffffefe9
ffffd2c1
ffffec68
fffff123
00000be6
ffffd1c3
00002b60
0000041a
000021fd
fffff1ac
ffffd77c
000011de
fffffddc
fffff494
000033fc
fffffc94
ffffcdbc
fffffb39
fffffcae
00000e59
fffffd3e
fffff5ad
fffff636
000008e7
00000ee2
ffffd5e9
000000a1
fffff7d5
00001005
0000205f
ffffea3f
00000fd0
fffffb21
fffff3fa
fffff2bc
00001cad
fffffe8d
fffff388
fffff4b0
000002d3
00000653
00000bdb
fffff0d0
00000c7b
000011de
00000147
000011f8
fffff4a4
00001715
fffff989
fffff701
00000982
00000912
00000ee9
fffff291
00001b69
fffff9b5
0000019e
00000d6c
00000ce5
00001431
00001b66
fffffeb2
00000f48
fffff075
fffffecf
fffffcb0
ffffe29c
00000c99
fffff993
fffff739
000001a8
ffffe77d
000008ea
fffffb5f
00001475
000002ab
000001a0
ffffdac3
000006de
00003d2d
000006bf
000001bc
ffffee0d
00001625
fffffc89
00000155
fffffbcd
fffff61c
000001f8
fffff46e
fffff30a
ffffef58
fffff33d
fffff340
ffffeea8
fffffd40
00000a11
00001ded
ffffde07
ffffe5f3
000001dd
0000019a
ffffead8
000007a6
fffff51f
fffff8e1
ffffee02
fffff30e
ffffde5f
fffff29c
00000659
00000634
fffffb95
000006cb
ffffe2d8
00001b20
00001dfa
ffffe6a5
0000137f
000018cc
ffffd720
ffffd99d
00001a07
000003f2
ffffedbb
fffff5ae
0000022a
00001b2f
0000016b
00000a2b
ffffe1ac
ffffe70b
ffffb87d
fffff644
ffffc065
0000123f
fffffc9a
ffffe1e1
0000128f
0000068b
ffffebfe
ffffc8c4
00001932
fffff08b
fffffdff
fffff5fc
ffffd911
fffffd6c
fffffb58
000001a8
00002fee
ffffed2f
00000bbc
00001950
ffffe884
00000385
00000246
ffffe351
ffffe283
ffffed2d
000003f0
00000a4d
0000034a
00000306
00000b0f
ffffe7db
000005e1
fffffc32
ffffe78a
ffffdcd0
ffffff46
ffffbe8e
0000007b
00001449
00000ed6
ffffee35
00001658
ffffd5b9
00001708
ffffda06
fffffd5c
ffffed40
00001e18
ffffff74
fffffc49
000000d7
ffffe477
00000763
0000042d
0000114b
000019ff
00000b87
000007c8
ffffeafa
fffff884
fffffa69
fffff67e
0000079c
ffffee9c
fffffcdf
000003e1
fffff6b6
00000b13
000005e5
00000373
00000b42
fffff73b
ffffffa2
00000947
00000820
fffffdae
00000525
00000788
ffffff64
ffffecb5
00000a5a
00000f30
fffff371
ffffed99
00001312
00000705
00000182
00000f69
fffff7a6
00000f9a
00000582
0000037e
00000925
fffffd82
fffffe24
ffffeb40
000012d9
fffff728
0000007b
0000045d
fffff776
ffffe47e
fffff96a
fffff91d
00000015
00001ded
fffff71d
fffffb4c
00000448
fffff134
00000c45
fffffae6
00000554
fffffc52
fffffc5d
00003319
0000016c
00000679
fffff1dc
00000463
0000161e
00000245
fffffa6d
fffff511
fffff359
fffff94b
000015ca
ffffee43
0000143d
00001c00
00001095
fffffadd
fffff9c7
0000022c
00000355
0000018e
ffffe4de
00000b24
000009e9
ffffff47
0000189a
00001139
fffff06a
0000017a
ffffe9fa
00000748
fffffa48
ffffecef
fffffec2
fffffd04
ffffe779
00000427
0000066c
00000523
0000027a
000006e9
000011a4
0000112d
fffff5b8
00000bec
ffffff65
fffff671
00001747
fffffa0d
00000840
ffffff5b
ffffe7d6
00000a36
fffff531
fffffdfa
00000425
00001a0a
ffffefd1
fffff9db
00000d72
00000586
fffff391
fffff26f
000010de
0000143d
fffffa60
ffffec09
ffffec69
ffffe9f1
ffffef5f
0000001a
000007c4
00000f3a
fffff81f
fffffe1d
fffff791
00000138
0000067c
fffff3f0
ffffeba6
000005e9
00000635
00000530
0000018e
fffff7ce
ffffe740
000006d8
ffffe768
ffffe9e7
000002d7
00000a75
fffff2fb
0000062e
000018dd
ffffe815
00001669
0000082c
fffff621
fffffe4a
00001b1e
00002246
fffff38b
ffffec59
000005d0
fffffde6
ffffea76
fffffe2f
000012f4
00000506
ffffeef5
fffffc68
ffffe234
fffff7cd
fffff243
0000034c
fffff1d5
000006b3
ffffed41
fffff76c
ffffedc6
00000c9d
ffffe5ed
0000091b
fffff4d5
000007d2
fffffb67
fffff0bc
ffffe6f9
fffff2d0
0000032e
00002014
fffff6d2
fffffc02
00001536
ffffed66
fffff0ce
fffffb97
ffffd866
ffffe8f2
0000037d
fffff4f7
00000be7
fffff69f
fffffaae
0000085b
fffffa99
fffffe09
fffffd7c
ffffe82a
fffffdc5
fffff047
000001c2
000000d2
fffff27e
000000b7
00000281
00000ccc
fffff447
fffffeff
00001a19
fffff7c5
00001a0a
fffffba2
00001838
ffffed3e
00000819
0000041a
0000069f
00000832
fffff641
00001459
000000e6
fffffed3
00000ac4
fffffa3b
00000008
ffffed84
ffffe9d6
000004b9
00001bc7
00001056
fffffeb7
fffff552
000006f8
fffffc8c
000009e8
fffffaa6
fffff990
000009cf
fffff9f7
fffff5ae
0000019a
fffffae6
fffff3ae
ffffdd49
fffff85b
00000104
00000c20
fffffe0a
ffffe2cc
0000049b
fffffff0
0000085b
ffffefe3
fffff042
fffffff3
000006db
000004e2
000004cc
ffffff00
fffff982
fffffdfe
ffffff0d
ffffff25
fffff91b
fffff4d1
fffffcd0
fffff4e4
00000078
000003dd
fffff6af
000012c4
000005b1
fffff4df
fffff94d
fffffe3b
fffff510
fffff490
fffff8e7
00000026
fffff238
000009c4
00000029
000002e3
fffff2a2
00000941
fffffcfd
00000903
fffffea7
fffffda4
00001436
0000048a
00000040
fffff4f4
0000058c
fffffa53
00000202
ffffffd5
fffff942
000003fe
fffffdf4
fffff3d8
fffff78c
fffff9fb
000012a1
fffffab6
fffffb66
fffff9b7
fffff708
00000990
fffff15c
fffff0a7
0000081a
00000091
000001b7
000004bf
fffff80b
fffff8d2
fffffa92
ffffddea
fffff8a8
fffffefc
fffffde1
fffff754
fffff1aa
fffffbae
000003b6
00000717
fffffd99
00001346
fffffe7d
fffff201
000006a9
00000e3b
00000640
fffff104
fffffc6c
fffffca8
fffff063
fffff7be
fffff539
0000073f
fffff643
ffffe878
fffffacd
fffffa67
00000f53
fffff702
fffff539
fffff416
00000999
fffffd6d
0000105c
fffffaca
fffffa16
000005e6
00001c7f
fffffc7b
fffff694
00000da2
ffffeed2
fffff549
fffff46a
00000f6e
00002438
ffffe62d
000016f4
fffff5dd
00000ae7
00000ddb
000005bd
00000959
0000049c
00000991
0000040f
fffff82f
fffffe1c
ffffeeb6
ffffff30
fffff6c5
00000cfb
000003f5
fffffbef
00000e47
00000e74
000004cf
ffffff60
00000cec
00000c9e
fffff1ea
000001ff
000013b4
0000021c
fffff8ef
fffff295
00001197
ffffebf6
ffffee02
00000474
ffffee22
ffffecd1
fffffc55
fffffa46
fffff979
000005a8
0000150a
ffffebb0
fffff45f
000013ce
00000461
fffff306
fffff048
00001d67
00000717
fffff481
fffff13e
ffffeff0
00000c5d
fffff66d
fffff716
0000206a
fffffbe9
fffffe7b
0000135d
ffffe384
ffffe10d
ffffefcf
000008cd
ffffe1d0
fffffc47
0000120a
00000608
ffffffbe
fffff988
fffff502
fffffa3e
ffffe957
00000634
000005b7
0000063c
00001c5a
fffff1fe
ffffee61
00000bf6
000008bb
fffffc43
00000dcd
00000ff1
00001c25
fffffc4f
00000194
00000909
000018ba
ffffff2f
0000033e
00000c3d
000019bf
00000758
00001916
000005bc
0000121e
fffff1fa
fffff57c
ffffeb8d
00000c03
00000430
ffffff9b
fffffb8f
ffffe930
fffff7d0
0000131e
ffffd8cb
000019bb
fffff60a
fffff774
fffffa7f
ffffe9db
fffffd10
ffffe819
0000219f
fffff31f
00001174
0000041b
000001f1
000010bc
00000a05
00000ab8
fffffc88
00000380
fffff11b
fffff177
fffff919
fffff497
000005f8
0000020a
000012fb
00000661
fffff53a
00002445
fffff0db
00000616
00002052
ffffe6bc
ffffed79
00001e9e
000016a0
fffff5cc
ffffd9fb
0000095d
ffffe0ac
fffff90c
fffff025
00001008
00000af5
00000ff5
fffff43c
0000080f
00001d4a
00000d6c
fffff292
ffffef1c
fffff57e
0000005f
fffffb7c
ffffff2e
00000fc5
fffffa2f
000008ca
fffff487
0000073b
000006bb
fffff530
00000884
ffffec0b
00000550
ffffea52
fffff0f1
ffffde42
000013ba
000022ca
0000153e
ffffd2bd
fffff724
000014c3
fffffb23
fffff501
ffffec04
00001da4
ffffdc6d
ffffe4cf
00000674
fffff376
ffffff60
00000e75
fffff028
ffffd821
fffffb16
ffffca67
fffff58e
fffff442
00001809
ffffefc8
00001cb6
00000772
00001d57
00000950
ffffd841
ffffeddb
000001dd
ffffddcb
fffff714
ffffe27b
0000095f
fffff73f
fffff68f
ffffec51
ffffea66
0000085f
fffff657
ffffe7a8
ffffe996
000006f5
ffffeb08
fffffc03
fffff4e6
00000899
00001092
fffff204
fffff507
00001463
00001b55
0000089e
ffffff4f
00003199
00000376
ffffda85
ffffd248
fffffe8e
fffff7ef
00001261
fffffb7b
fffff4cc
ffffee48
000006e9
fffff2d3
0000155f
fffff90a
fffff673
ffffffbd
fffffbb7
000003ba
00000455
00001414
00002336
ffffe7f6
fffff404
00000050
ffffff14
ffffece0
ffffef83
ffffe789
00000831
ffffec39
00000a74
000024de
000001b7
00000e0b
00000c21
000012da
fffffcf1
0000283e
00000d59
000007d4
00001aad
0000082d
ffffe580
00001c18
00000d81
00000778
ffffe478
00000ab3
00000048
ffffebcc
fffff170
ffffe9af
ffffeafc
00000309
ffffff31
ffffef2b
000006e2
ffffdd09
00001077
000005d5
ffffedf0
fffffd10
ffffee61
0000200c
fffff7c7
0000041b
000019ff
fffffb14
ffffe68b
ffffd892
000004a3
00000913
00000acd
ffffdfa9
000000c1
0000055b
00000440
0000064d
00000b4e
ffffe4be
fffff440
0000227c
fffff462
ffffe34b
00001a03
000007d7
00000b7d
00000743
00000824
ffffd3fb
fffff8b9
00000eae
ffffff57
00000965
fffff20d
ffffff88
00000409
000013e3
000004f3
ffffffd3
0000076b
00001eef
00000800
fffff8ad
00000123
fffff050
000003fa
00000f58
fffff0e8
fffffc05
000015bd
00000f2b
00000bb2
fffffab2
00000ee3
00000f44
00000935
000009a2
00000f17
00000239
000029e5
00000c08
000000ed
00001bd7
fffffcec
ffffe4a2
fffff64b
fffff960
fffff57b
fffffae6
fffffc06
00000c5b
fffff010
ffffe74a
fffff4c7
ffffff71
000000e4
00000748
00001f5d
fffffae6
00000080
fffff4fd
000017ec
fffff16f
000007dc
0000038b
ffffeb74
00001a2b
fffffe95
000005a0
00001142
fffffb8c
00000046
ffffd1c5
00000466
ffffd4e7
fffff4f0
ffffefac
fffff94d
fffff82d
fffffa70
ffffecdc
ffffd4ef
0000108f
000009cc
fffff245
ffffeefc
fffffee2
ffffe4ef
ffffe755
00002029
00000765
fffff465
fffff86e
ffffd449
00002d84
fffff4bf
000001ef
00000554
0000078d
fffffc31
0000197c
0000004b
ffffff6f
fffff6d0
000009f4
0000150e
000001e3
fffffb02
00000a8d
ffffe64a
00001d60
00000477
00001037
ffffe9d6
00001420
fffff7a5
00000624
0000042c
00000bdb
fffff8f5
fffffd68
000013f1
00000a35
ffffe96e
ffffd460
fffff720
ffffe7e8
0000001c
fffffafd
000002ee
fffffcc0
fffff678
0000070c
000003ed
ffffd23c
00000ed3
000004a0
fffff2a4
ffffe537
00002fd2
fffff1fc
0000020b
fffff517
ffffe312
ffffffdb
ffffea55
ffffea67
0000023c
00000012
ffffd4cd
00000d87
00001c06
ffffe102
fffff1ec
00001256
fffffdbb
fffff477
00000809
fffff474
ffffe265
ffffdb3a
0000286a
fffff9ae
ffffe794
ffffffa3
fffff29e
fffff5e5
000013b3
fffffe5c
ffffe9f9
fffffed2
fffff82f
fffffac1
00001efb
fffff334
fffff2f7
fffffea4
00000883
00002c19
00000e88
00001aed
ffffef24
00001f14
ffffea50
00002c05
ffffe993
fffff5dd
00000b4d
fffffacd
ffffe842
000018b8
000001e3
00001d2f
fffff18a
ffffe568
ffffcca1
000011eb
ffffbe1a
00000add
ffffe0fb
000011e6
0000003a
ffffe6ca
000009cf
fffff8b3
00000de7
fffff9eb
fffffe26
ffffe664
000014ec
fffff94f
ffffed4e
00000949
fffffd7d
fffff742
ffffe973
fffff7a9
00001fa7
fffff797
00001761
00002f20
00000769
00000798
ffffef02
00000d87
00000bd7
00000cd2
ffffff13
fffffbe5
fffff6a6
fffffb56
00001149
00000e5a
00000233
00003c18
ffffe8a7
00001ad2
ffffefc6
00001c8f
ffffe074
ffffebb1
000004f8
ffffecfb
ffffee49
ffffd856
fffff28d
000007e6
0000031a
ffffea89
ffffe43b
fffffb27
ffffe8d6
00000959
ffffeac5
00000a21
00000b97
ffffea87
000009ef
00001024
0000000a
ffffe9b3
fffff8e3
ffffee3f
fffff66b
ffffecff
ffffef13
fffffe88
ffffff98
00000209
00001584
ffffdc90
ffffffec
0000096b
ffffd5b0
ffffe6a9
0000100f
fffffaab
ffffeaf4
ffffefb8
00000523
fffff585
00000df6
ffffea49
fffff5ca
fffff6a8
00000def
00000b62
fffffa38
00000acd
00001a4a
00000aa2
fffff12c
ffffe39c
0000214e
fffff97f
fffffa7f
fffff045
ffffe4c6
000008ac
000007cc
0000093c
ffffee52
fffff439
ffffe4a0
00001077
000007b2
000003ca
fffff49d
00001102
fffff251
00001dbd
fffff0c8
00000674
fffffd39
fffff437
00000e87
0000178e
fffff84e
ffffdb2a
ffffeece
fffff28a
fffffedb
ffffe63f
00002fc5
fffffda2
fffffa13
ffffec3c
000008ad
ffffec1a
000013d2
00001363
fffff3de
fffffd7b
ffffed6e
fffffa88
fffff21a
fffffe0e
ffffee9f
0000033d
fffff919
ffffff75
fffff59f
fffffdc1
fffffaea
fffffb10
ffffe934
fffff527
ffffedc4
000006c8
0000061a
ffffff65
fffff76a
fffff4d8
fffffe21
fffffd8c
00001022
00000562
000026df
000011a3
000006c1
fffffff3
ffffe4df
ffffffab
00001c6a
00000e6a
fffff23e
fffff12f
fffffcfd
0000079b
ffffefaa
fffff599
fffff855
00000dd3
fffff613
00001864
ffffcefe
00000c7e
fffffb6d
fffffaf7
00001541
00000057
00001225
fffff829
fffffdfc
0000066d
00000356
fffff3eb
fffffe70
00000d51
fffff640
fffff393
000001f2
00001802
fffffd43
fffff444
0000068d
00000f2c
0000042e
00000bfa
00000efe
00000f88
0000070f
00000151
fffff14f
00001007
ffffec3e
ffffef8d
fffff8c2
fffffec1
fffffdd7
fffff86b
ffffeac0
0000047e
000004d8
ffffeb95
ffffed98
fffff8d3
fffff7da
ffffe36e
ffffe592
000014b7
00000bed
ffffefee
ffffee48
ffffe623
0000008d
fffffcac
00000109
00000af5
00000b33
fffffb76
ffffff99
000008cd
000005e5
fffff33f
fffff5fa
000009cb
ffffe96c
fffffb1c
fffff864
00000238
0000033d
00000674
fffff1a6
000007d1
fffff65e
fffff54b
00001a0a
00000cd5
fffff409
fffff77d
ffffffd4
fffff3bc
ffffff18
0000049e
ffffeef9
fffffdf3
000013e9
ffffee49
ffffefbd
00000007
00001146
00000c6a
ffffdb87
00002a7d
fffff20c
0000072a
fffff515
ffffeaa9
fffffe10
00000e6f
ffffffb6
fffff664
000011c3
00000308
fffff644
ffffeeef
00000964
fffff08a
fffffc7e
0000012d
fffffcb0
00001b2f
000016c1
ffffe09c
00000768
00000167
00001457
00001496
fffffede
000007b6
000000d8
ffffe079
0000038e
fffff1c3
fffffd34
fffffc5c
0000036f
fffff2ea
ffffe9ca
0000126e
000012b9
fffff52c
fffffac2
ffffecf7
fffffb04
ffffff81
00001242
00000700
000001c5
000003eb
00000de7
00000c99
fffff156
0000111b
000004d2
00001093
00000bd8
000003cd
ffffeb2a
fffff2c6
000013a2
00000d2b
fffffd93
ffffffd2
fffff94a
fffffbd5
fffffa1f
00000a33
00000353
00001760
00000113
fffffe59
00000d61
fffffa65
fffffce1
fffff03a
fffffc6a
fffffd0b
fffff3c3
00000c71
00001102
ffffef60
ffffe7a0
fffff7af
fffff812
00000164
00000cf8
fffff023
00000786
ffffd92e
ffffec99
000000a4
ffffef33
ffffefc8
00000048
000009b0
ffffe8c0
ffffeeb8
fffff95e
000018f0
000002e1
00000b56
fffff3ad
fffffc7e
000004c5
0000045f
fffff9a2
fffff0a7
00000275
000016d2
fffff734
0000023a
fffff751
fffffcce
fffff612
fffff303
ffffe7cb
fffff761
fffffaa9
ffffff4f
0000000b
ffffeffb
fffff3f2
fffff401
fffff79d
000001e3
00000ec2
ffffe5ae
ffffe405
00000d7a
fffff7ee
fffff5ec
fffffd12
fffff4aa
00000240
000000ac
ffffd8d3
fffff3fd
fffffd0a
00001924
ffffff2c
fffffd1e
ffffffde
000000b2
fffff3f1
fffffb1b
ffffeaa1
00001224
00000661
fffffb09
fffffa7f
fffff5bc
fffffb96
00000b55
fffff8fb
fffff8ac
fffff33e
000015a2
ffffdbcf
fffff8b6
ffffdfd9
fffffcdc
00000338
00000a66
00000e24
000018ab
fffff012
fffff795
fffff85b
fffffb27
000004c3
00000d24
fffffd58
fffffa56
ffffeaaa
fffff01b
fffff38e
000001dd
00000ed3
0000049a
000009b9
00000984
0000074a
fffffe4c
00000cef
ffffecb3
000001f9
fffffe93
000007a2
fffff3b8
ffffed7d
fffff891
000011a8
ffffe40a
fffff676
ffffe4ce
fffffa42
000000f4
ffffeea4
000009e4
ffffecab
fffffbbd
fffff753
00000b28
0000037f
ffffec4a
000014bd
000014bb
fffff5eb
ffffeac3
ffffffbd
fffffb0d
fffffe84
00000546
fffffddb
fffffbf6
fffffcbd
fffff0b2
000007bf
fffffd20
ffffe71b
fffffa8c
00000775
fffff96e
fffff9fd
fffff199
fffffd11
000014f8
0000080d
00000dd0
fffff3b9
000001ec
00000cdd
fffff48b
00000475
00000007
fffff730
fffff26a
fffff549
000005bd
fffff4c8
fffff8ca
0000003d
ffffea12
00000199
fffff19d
ffffe765
0000132b
ffffe6f4
ffffeb7c
00000853
fffff04a
ffffede0
0000001f
000004e5
00000acf
fffffe8b
fffff6d0
000000aa
ffffe8af
fffff11e
ffffff40
0000115c
000001b6
fffffed8
fffff93c
ffffe5ed
fffffb0d
00001d0f
ffffea3b
00000133
fffff49a
fffff001
00000116
000009b2
fffff1f9
ffffff30
fffffe8a
000002ef
0000152b
000001e6
ffffff8d
ffffeec5
ffffe66d
00003738
00000c6b
ffffe4c9
000009d3
00000843
fffff8a6
00000a61
00001120
ffffeaf7
ffffed38
000006ca
fffff15a
fffff5c2
fffffcb5
fffffec1
ffffff3c
fffffc20
000008d9
fffffbbf
fffff235
000008a4
ffffce88
ffffe748
00000bb3
fffff0fa
00000c26
ffffe49d
00000bb9
fffffeb7
000000ef
ffffefe8
0000125a
000001af
fffffca0
fffff95f
fffffcd5
00000255
00000042
000004df
ffffe1fb
00000207
fffff419
000000a4
00000137
fffff146
00000f57
fffff92f
fffffda9
00000089
fffff2df
fffff090
ffffcd54
fffffe57
fffffd74
fffff002
00000beb
00001132
0000199f
0000058b
000011ae
000019c7
fffff150
000000f2
fffffcea
000007c7
00000240
fffff12c
fffffa21
fffff1cc
fffffc9f
000006fa
ffffef12
000008b6
00000966
00000b8c
ffffe9c6
fffffabc
fffffcf7
ffffe854
ffffe586
00001459
ffffe1ee
000012a6
fffff1f7
000003b4
ffffebc2
0000095a
00000d40
00000cfc
fffffdd1
00000a2e
00000d89
fffff686
00000e3f
00000237
fffffae2
fffff6b7
0000032c
00000edc
ffffe318
fffff962
fffff9fc
00001fb8
0000142f
000011f6
fffffd85
fffffdda
00000ab6
00000f11
00001ccb
000008a8
000000be
00002387
0000023e
00000b52
00000158
0000014d
fffffb3c
00000c7f
fffff0b6
fffff113
00000ac0
ffffefb9
00001236
ffffff23
ffffe83e
fffff778
00000186
00001017
00000412
00000a57
000006df
000006ba
000005e2
fffff43c
fffffb92
000008b0
00000c34
0000104d
00000d79
ffffeaae
00001237
00000bd8
0000020b
fffff62b
fffff609
000011fb
000013dc
000030b9
ffffeb2f
0000048d
ffffff96
000000a5
00000a63
fffffc49
ffffec5a
fffffb78
ffffe0b4
ffffea45
fffff6ec
0000146b
00000b3f
000015ce
fffffcb5
000018f2
0000092b
fffff64f
0000101a
000004ea
fffff904
fffff784
fffffe61
fffff2c7
ffffff9b
ffffd4e1
ffffdcee
fffff9d1
fffff215
fffff5d9
000002ea
00000917
fffffc21
fffff5f0
000000a9
0000088f
ffffe860
fffffb60
fffffe52
000015bf
fffff8bb
fffffde2
ffffffb2
ffffed75
fffff958
fffffbe4
000003b4
00000897
fffff094
fffff1e9
00000c53
00003a4c
fffffe2f
fffff33f
00000538
00000c1c
00000055
00000b81
00001b91
00002e31
fffff5dc
ffffc715
00003158
ffffe5e8
ffffc14b
fffff854
fffffb67
00002287
00000669
ffffe8e4
000001f7
00000b55
00000122
0000047e
000001fb
00001699
00001d9e
fffffa5b
fffff81c
000021fe
000002e1
fffff8a3
0000202a
fffff079
00000408
fffff91a
ffffde3d
00000fef
fffffa5a
0000262c
00000128
ffffffb3
fffff843
00001ae4
fffff905
fffffb00
ffffdf5b
0000190d
00000cf7
ffffdd15
000012bb
0000201b
fffffb5f
ffffe219
ffffd727
fffff2ac
00001b37
00000e56
00002d0d
0000258d
00003236
00001fc2
000033a1
fffffe35
fffff939
0000237d
fffffee1
00001320
00000b0f
00002d19
00002fef
000012ad
00000227
fffffbb8
ffffe6cd
00001e6c
fffff31e
000010ba
0000032f
fffff8a8
00000051
fffff458
0000187a
00001cd8
ffffd69c
00000045
00001548
000018a9
fffff1b2
00001ecb
00001f15
00000cce
0000171f
fffffc0c
00000b2f
ffffe5c8
ffffef7e
fffffdca
00000bc6
fffffe20
00000973
00001e66
00000898
fffff7c1
fffff652
fffff005
ffffed35
000018a7
fffff345
fffff7d2
000022c6
ffffd4f2
00000762
fffff975
00001099
ffffe565
00002dbd
00000c64
000008af
00002827
ffffe494
000015c7
0000226f
000024f3
ffffc7cc
00001669
ffffd99f
fffff609
fffff446
fffff4b0
fffffef9
00001ff5
fffff888
00002d79
00001be8
ffffe0d6
000009ca
00002aaa
00001546
ffffee8e
ffffe097
00000330
ffffea79
00000929
ffffef34
fffff3e2
0000178c
000009ea
fffff24e
ffffe774
ffffbb75
0000280a
ffffefa3
0000210a
00000c81
00001c42
00000e73
00000ed6
ffffdfdc
fffff88c
ffffecf3
fffffdbb
ffffea0e
00001051
fffff42f
00001113
00002b0c
ffffe853
ffffc73c
0000404c
fffff515
ffffe62c
ffffcb6f
000009f7
00001806
00001cf1
ffffdee4
fffff5c7
00001bb7
ffffeb71
ffffc95e
00000aed
ffffe2ef
ffffe98b
000033d5
00001c7f
00000c13
ffffda02
fffff73d
ffffede3
000006cf
00001609
00000589
fffffc10
ffffd58b
00001098
00000a92
fffffbf9
00001416
fffff4c7
fffffaf1
fffff82e
00001224
0000105c
fffffc73
00000572
ffffeeb8
fffff2f9
fffff862
fffffc7f
ffffed85
00002885
000004f6
ffffeed1
fffff8ed
0000317c
ffffeff9
ffffe79a
fffffdbe
00001a5a
fffffe32
fffff7f7
fffff6c2
00000196
fffffafb
000005fc
ffffeec6
00000082
ffffedef
ffffdfa3
00001cc9
0000037e
fffffe55
fffff830
000012f8
00000997
000014fa
00000096
ffffe9e8
000005fb
00001749
fffff959
00001133
00001983
ffffea23
00001f93
000004ab
00000ad8
000002c8
fffffea5
000010f4
00000b49
00000815
00002c1b
000016f9
00001ee7
00000aff
000006e2
ffffe8f3
fffffbcd
00001414
fffff5b0
0000122f
00000757
fffff332
ffffe55c
00000756
000002fe
ffffd53f
fffffad2
00001874
00001339
000016e2
ffffff50
000011f6
ffffe882
000010ce
0000013a
ffffeb8c
000003d5
fffff459
fffff3ad
00000bf0
fffff98e
fffff979
fffff987
ffffd920
ffffecac
fffffea0
fffff297
00000642
00000879
000004c7
ffffe932
0000120b
fffff216
000024d2
ffffec23
00000646
00000b53
fffffad0
00000f07
ffffebdc
000015b6
ffffcd91
00000ee4
000004a0
fffffca1
ffffe04c
000013b5
fffff4cf
00000ca9
0000092b
ffffe5ba
00000abe
000008e2
ffffd8a0
000008fa
000015dd
ffffecba
00000324
ffffedd3
fffff4b5
000012a8
fffffd8d
00002d35
00000563
000013f8
00000439
ffffe7ab
00001e24
00000593
ffffde82
000019c0
0000081f
00002913
fffff85a
ffffec89
ffffdedb
00000022
00000161
ffffef67
fffff968
fffff0d2
ffffdccd
fffff452
ffffe106
00000463
fffffc04
fffffb82
00000afc
00000a1f
fffff83a
fffff454
ffffe641
0000016c
fffffa5c
00000221
ffffea71
ffffd253
00000b80
fffffa1b
ffffea8f
000013ca
ffffe666
ffffff67
fffffe2b
fffff999
00000edd
00001510
0000176f
ffffe642
fffff199
00002033
00003039
fffffd99
fffff791
fffffd46
ffffea86
fffff25a
fffffbf7
00000543
fffff0e6
fffff59b
fffff243
0000017f
00001eea
000009df
00000704
fffff87c
fffffd65
fffffd18
ffffed9a
ffffe966
00001790
000015a4
fffffdca
ffffd8de
000012ea
0000031a
000005d3
ffffdb57
ffffe5ea
fffff321
fffff916
fffffeba
fffff87e
00001fab
ffffdadb
000007d6
00000027
fffffba9
00000146
0000129a
0000142b
fffff494
00000419
fffff8bc
000019bc
fffff74e
fffff9b0
fffff486
00000fd2
ffffee8f
0000285f
0000162e
ffffc74b
000008b4
fffffd6f
00000105
ffffd978
0000123e
000003d6
000008ed
fffff21f
fffffe9b
fffff3dc
0000098f
00000f4f
ffffd5a7
fffff916
fffffdee
00000885
00003c9c
ffffef51
ffffd49a
00000d76
ffffe399
ffffe8d1
fffff66f
fffff032
fffff9a9
00001c1c
000003e4
0000072f
ffffffa5
0000078e
000009b6
ffffed15
fffff375
0000343f
ffffe707
fffff46f
fffffe48
ffffe8f6
ffffdfbf
000017ec
000006ae
00001a75
000023d9
000005e3
00000637
ffffdf83
ffffce71
00001789
fffff151
00000a02
ffffd75f
000010b4
fffffe84
0000024c
ffffe97f
fffff5c5
000016ec
00000e9b
0000039b
000009e5
ffffe67a
0000086b
fffff94b
00000cbf
0000012a
fffff829
00000e13
000008e7
0000118c
fffffa71
ffffcc0b
ffffd462
00000221
000000fd
fffff69a
00000af6
00000427
ffffebc0
fffff63b
fffffc92
00002a66
fffffb39
fffff3ed
ffffd8bb
ffffff5e
00000e27
fffff3e0
ffffff24
fffff0fb
00000440
fffffc9f
000005f6
fffff332
00000f30
ffffe1a9
00000c33
fffff86d
00000e68
ffffde80
00001a06
0000043f
fffffb33
ffffcf83
ffffe822
0000090d
fffff359
ffffebd4
ffffdfb6
ffffe2f2
ffffe297
fffff664
fffff949
00001e4f
000026fc
00000363
ffffe5c1
fffffb36
ffffd1b9
ffffd891
00000cb9
000030b6
00001ade
fffffcf4
ffffe376
fffff477
0000023e
00002324
fffff709
ffffeae9
00000cde
00000b2b
000024fb
00001ef1
ffffe208
fffff2c6
000002b5
ffffeb39
00000ef2
00000bfe
00001869
fffff112
fffff68c
0000044b
000006e7
00000a08
ffffdabe
000008f6
00000c7d
000009f6
ffffd49e
00000dd8
fffff35d
000003ce
000023f6
000025b5
fffff797
fffffc00
00000655
0000245f
ffffeff3
ffffddca
0000273d
00000b4b
00001105
00001199
00001dc2
fffff288
fffff9e5
0000045c
ffffecc9
00000a57
fffff9d0
ffffff35
00000849
ffffee44
fffff60f
0000037d
00001314
ffffb994
ffffff6f
ffffdf93
00001bf0
fffff58e
ffffde15
ffffef84
00001ade
00000c07
0000019a
ffffdc28
00001b09
00001fdf
00000c45
00000951
00001442
00001f50
ffffeb11
00000f14
0000107d
fffff799
fffff46e
000022a8
00000faf
ffffef9b
fffff25f
ffffb66b
ffffdec2
00000fa4
ffffe8c8
0000191f
00000c49
fffff238
ffffe90d
fffffe2f
fffff08b
fffff6c8
000007e7
00002149
fffff6ca
00000d43
ffffe73f
fffff7d9
00001447
00001e54
fffffc78
00000309
00000bb0
00003815
00000a3f
fffff5d8
0000020a
00001c7e
00000702
000010c7
fffffef5
fffffc30
000004c2
fffff482
00002687
ffffe25e
ffffdf86
000006c6
ffffec26
ffffdfbe
fffff079
00000b34
fffff458
fffffc26
fffff339
00000a69
00000213
000001ba
00001b92
0000018c
00000a88
0000106d
00000f6c
00000137
ffffd774
000002b0
fffff905
000013cb
fffff2a2
0000295c
ffffe2ea
fffff486
00000c71
fffff1fe
ffffe8f7
00001ccc
00001c19
00000261
00002485
00001509
00000996
ffffe6ef
000015ef
000019a7
00000b49
fffff80c
00001026
0000005e
fffff1b6
00000c63
ffffdfce
ffffefff
00001a3e
fffff0f3
fffff7a4
000015c9
ffffdef6
fffffa53
ffffe014
fffffb32
00000d0f
ffffe98b
fffff85b
ffffd86e
fffff2b2
00000b2a
00000671
fffffa32
000010dd
000007ee
00000ac5
fffff58a
fffffd7f
fffffb8b
fffffa96
00000727
fffffb82
ffffed7c
ffffd94a
00001f5a
00002582
ffffc12f
ffffed9e
000016a3
ffffe4db
ffffeb04
fffff727
ffffe95f
ffffedab
fffff080
fffffb31
fffffa59
ffffee7b
fffff7e5
ffffee33
00000062
00001657
fffffcd8
000010b0
ffffff24
ffffe802
ffffddd9
fffffc3d
ffffe8ce
ffffe7bf
00001c03
fffff36c
0000095b
fffffef3
000000f2
ffffe0c9
ffffe6c6
00000cdd
ffffe949
00000741
000006f5
00000164
ffffd0be
ffffff9e
fffff358
ffffd041
00000f52
fffff550
000017fb
ffffe036
ffffefee
000020bd
00002109
ffffd3fa
ffffd703
0000119e
ffffe6d6
0000111e
fffffd62
ffffed1a
ffffedcd
ffffe94e
00000fce
ffffe9ae
00000d80
fffffff7
ffffe813
ffffea68
000016ee
000001f3
00000b60
0000005b
000001b1
fffffa08
fffff9f5
00000bd6
00000326
ffffebb6
00001d46
ffffefcc
00001085
ffffe71f
00000873
0000174e
ffffd960
00000240
ffffdf67
00000847
ffffdd73
fffffd48
ffffe51b
fffffb2e
fffff13e
fffffb81
fffff764
fffff9e9
00001f4b
ffffe680
ffffd4d5
fffff983
00001bda
00001c9b
ffffd615
0000191c
0000187c
0000211c
00000352
00002238
00001678
00001a51
ffffe705
00000891
fffffd5f
000003ed
fffff67a
fffff098
00001a7a
fffff398
00000572
0000053a
ffffff7c
00000518
0000100d
000027de
fffff70f
ffffea74
00000dac
00000b41
fffffc3a
fffff145
00000c5f
ffffe1bf
000019d6
ffffc90f
0000230d
00001814
000003e9
00000329
0000142d
00000c83
fffffa9c
fffffec5
0000246f
00000169
fffffb4f
00000965
ffffee2b
fffffed7
fffffc9b
00000703
fffff3b8
ffffed7d
00000abb
00001b4f
fffffc93
ffffd6aa
ffffeb85
fffff644
ffffea77
ffffe55c
0000127e
00003c93
fffff66f
ffffe435
fffff82c
00001580
000003c6
fffffdd2
000001bc
fffff5ee
fffffb55
00000e31
0000069b
ffffe503
0000011e
000006ee
00001c46
0000213c
00000155
ffffeea3
fffffbcf
000002b2
00000db8
000015ef
fffffa3b
00001388
ffffe7ac
fffff04d
ffffe666
000005e6
000002e7
00001417
fffffa67
fffff92e
ffffea0a
fffff5b3
00000c2c
fffffad2
fffff8c8
000000d8
fffff119
ffffed2a
00000c4a
000007f3
00000a7b
000001e0
fffff2e5
fffff6cc
fffff116
fffff022
ffffffb5
00000069
000023c0
ffffec6a
ffffda3b
fffffaae
fffff09a
00002293
fffff114
00001d0b
00002225
000004af
ffffef9a
0000107b
00000851
00001173
0000407e
00001c13
fffff8cf
fffff4ca
00000467
00000247
00000cf5
fffffc38
fffff121
00000a1f
fffff336
000020e7
00001c09
00000877
00000f58
000004fe
0000163f
00000b2e
ffffec14
0000051a
000006ea
fffffe54
00000f73
00002dd9
ffffec88
000012d1
ffffff8e
ffffe4fd
0000221c
ffffe169
00001616
0000265f
ffffd639
fffff987
00000902
00000a6e
fffffd77
000004b7
fffff6b7
00000ee9
fffffefe
000003d4
ffffe3e2
fffffaa7
00001f99
fffff9aa
fffff3e6
0000016d
000005a1
ffffcc40
00001566
00001cba
00001bab
ffffff83
ffffff1b
ffffe20e
000004e3
0000061c
00001e23
fffffeae
000002dd
00002672
fffff30f
fffffb91
00001424
00000d49
ffffe48f
fffff399
00000c4d
00000533
000014c9
ffffe3b6
fffffa82
00000275
000004ee
ffffff11
fffff802
00002212
000002dd
fffff052
fffffbae
ffffe00a
00001584
00000429
00000d75
fffff53c
fffff2d8
00001203
00000e90
00000f33
00002b9f
fffff216
000003cb
000012aa
0000100a
0000181a
00002ea6
ffffe89f
00000073
ffffe248
fffff0d9
ffffba58
000014f7
000018ee
00000dd6
00000d5e
00000293
00000308
ffffdf1d
fffff85a
ffffe923
00001074
000006d6
fffff9fa
ffffe518
0000164e
00000f3e
00001c45
00000ca9
fffff987
fffff130
ffffe817
00000a73
00000f01
00002062
00001f60
ffffd67e
00002476
ffffc9f2
000008a7
00003656
00001aab
fffff3f2
ffffee42
00000f20
fffffabb
00000738
fffffa56
fffff1a5
fffff888
fffffeb7
00000f0b
00002da8
fffff6dd
ffffecdd
ffffe9b2
00001231
00000688
ffffee53
fffff85f
0000118f
ffffffa6
ffffe0c4
ffffea3c
00001d21
00001135
00001a39
00000177
0000342c
fffff0fa
fffffdd3
ffffdfbc
ffffedc0
ffffdff3
00001179
00002bf1
00001968
000004b0
00000603
00000869
ffffe3c7
fffff09e
ffffd3fb
fffffe1b
ffffef77
00001cec
ffffd834
00001c3d
000006d7
00000163
00000f4c
00000387
ffffe430
fffffe78
fffff50f
ffffef9c
fffff35c
fffff43d
ffffd328
ffffedae
00001a08
00001191
00000c53
ffffd933
00001c4e
ffffce8d
fffff7bd
ffffeebd
000009b2
000021cf
000004e3
ffffe198
00002134
fffff808
0000117f
ffffd042
fffff15e
000014d2
00002f37
fffff6d7
ffffee02
fffffe02
00002026
00000194
ffffda08
000009ef
00000f52
fffffe0e
fffff442
ffffe976
ffffea9c
ffffd4b4
000005da
fffff60b
ffffdca4
00000031
0000303a
fffff7ed
00000660
000001ff
0000333f
fffffda5
00001654
00001735
fffffd8a
ffffd60c
0000227b
0000073b
00000538
000009dd
00002afa
fffff82e
000025cc
fffffef3
000002ce
000011f6
00001379
ffffee22
00000e68
000014d1
00000220
fffffe85
fffff7c3
fffff777
ffffff6b
fffff35b
0000163b
0000031a
fffff8b3
fffff558
000009bd
000003d8
0000042d
00000a56
0000176f
000017eb
ffffdc01
00002241
000003b7
ffffe03e
fffffd02
fffff2f4
ffffea8a
0000137e
000009c9
00000c55
ffffe3e7
fffff63f
fffffaf5
00000e79
ffffeb60
0000037b
fffff600
fffff9a5
ffffee57
fffffe2d
fffff684
ffffffb6
fffff34a
fffffe63
00000384
fffff716
fffff79b
00000df8
ffffdfdd
ffffccdd
ffffff20
0000104a
00000999
00001352
000009b2
fffff9dc
00000379
00001ab8
00000674
00001c30
ffffe9c3
fffff748
fffff41a
fffffc31
0000027c
ffffec97
ffffef49
00000e0f
fffff362
000016a5
fffff40e
fffffdc0
000015ea
ffffea27
000021fc
00000d9d
000008c6
fffff08b
fffff2df
fffff6cc
fffff34c
ffffffc5
0000000d
fffff2c3
00001079
fffff30d
00000ee0
00000fcb
fffffc43
00000540
00001d72
00000e40
00000b1b
fffffa47
000011c6
ffffd642
000002f8
ffffe75a
fffff6e2
fffff702
ffffefd7
00000e45
ffffe698
00001737
fffff1b0
ffffe98f
00000d6e
ffffed7c
ffffeece
00000c04
00000428
00000a01
fffff764
fffffda6
ffffe33f
ffffdd63
fffff07c
0000065d
00000de8
fffff638
00001cce
fffff8a8
000007db
fffff136
ffffea8f
fffff787
000002c0
000004d3
fffffd7a
ffffdbc2
fffffe51
fffff566
00000e0b
ffffe9d0
00000fe1
fffff171
fffffb0a
fffffd77
000012c8
fffff926
00000ae0
ffffcf3e
ffffe73a
000001d8
fffff61c
00000fa3
00000a8b
000019db
ffffebde
ffffe698
ffffeae6
0000049c
ffffdfdf
0000001d
00000e25
0000054a
fffffe30
00000ece
000005c6
ffffeb8b
000010d6
000012d9
fffff522
00001eff
00000938
000026d3
000009c8
0000170a
0000060e
00000409
00000f83
00000536
ffffe197
00000b45
000020e2
0000076f
00000efd
00000e1a
ffffe778
000052f7
00001223
fffffbba
fffffc1d
ffffda56
fffffe6a
0000002b
0000078c
fffffb27
fffff921
00000b79
ffffde95
ffffd828
000000cf
ffffe8a6
fffffe3d
ffffe4d6
ffffd88a
0000141b
fffffa29
ffffff67
ffffd7bd
00000147
000010ab
000001d9
ffffe968
ffffda72
000020c4
00000216
00000c24
ffffed37
00000883
fffffeda
00001b55
00000dcb
0000065b
fffffdc1
fffff8a3
fffffc3e
ffffff88
00000016
fffff694
fffff664
ffffecbd
fffffde1
ffffed84
ffffe87d
00000d37
00000c0a
fffffe41
00000483
0000117d
ffffcfab
00000b69
000008f1
fffff7dd
fffffdc4
000016cf
00001a1d
ffffd20e
ffffece4
00000acc
fffffd0f
fffffc68
ffffe562
ffffec72
000024eb
fffff6ac
fffffe52
00000d79
ffffe7b1
ffffea8a
fffffff6
000002db
00001844
000003e1
ffffe3a6
00000e6a
00000c70
ffffd8f8
ffffffe2
000004c3
00000f12
00001c9d
ffffffcc
fffffa0f
ffffe660
0000042f
00000616
fffff623
00001d46
00000475
fffff41a
fffff358
000015d0
ffffed30
fffff7f9
ffffff38
000003e3
ffffe305
fffff4a1
fffff6dc
ffffff53
fffffc01
000006a9
00000248
fffff59e
00000005
000002d6
00000715
00000025
fffffbe8
0000000c
fffff0d4
fffff8f2
fffffaac
ffffe0db
00000e7b
00002379
ffffffa5
ffffedc7
fffff331
000009d2
000017a3
00000017
00000550
0000194b
00002242
00000546
0000112a
00001d76
ffffe8af
fffff70a
ffffe9be
000003bb
ffffebc3
fffff47a
000015b1
0000082d
00000a86
fffff815
ffffe8b0
ffffd2ef
ffffef8a
ffffe108
000004e3
ffffee0c
00000ace
fffff717
00001970
ffffff86
ffffff20
000006af
fffffd0d
0000040c
fffffe03
00001e30
0000029c
00000842
ffffee33
fffff460
fffffbd3
ffffeaf1
00001727
0000048a
fffff060
0000073e
ffffe482
ffffdf95
fffffd7d
fffff259
ffffee0e
ffffea2c
00001cb4
fffffe33
fffff762
00000599
ffffe64d
00000563
00000ec3
fffff7d7
000018c7
ffffd331
ffffebc2
000006a3
00000c5e
00000120
00001655
000008ab
00000601
fffffc9e
0000025a
00001c1e
00001998
ffffd576
000011f1
000002e9
ffffe28b
000001e4
00001111
000001c6
fffff00c
00000cd8
ffffeca2
00000b47
0000193c
ffffee76
ffffeb76
00000ddb
ffffeb96
fffff1ce
ffffff9b
fffff7ab
fffff7fa
ffffd701
ffffd149
00000e2b
fffff6b8
00000d38
00000813
00000cac
fffffd2b
fffffa52
0000263b
fffff79b
000005d2
fffffc35
00000b9b
ffffff09
00000788
00000b59
fffff844
fffff59c
0000145f
00000a9c
00000356
000021af
00000ab3
fffffdd9
fffff62a
ffffdc3a
00000dac
fffff981
fffffef5
00000310
00000835
fffff42a
00000138
fffff95a
fffff419
00001cc7
0000058b
0000026d
ffffeeec
fffffeae
00000400
fffffa52
fffff863
fffff884
fffff457
fffffff3
00000182
00000274
fffff2ae
fffff548
0000009e
0000062d
0000061a
fffff5a2
00000db9
000002d8
fffff8af
000009ac
fffffa86
000004a0
fffff8ea
fffff3e4
00000c40
0000116c
00000960
00001487
fffffaf5
fffffcee
fffff81f
ffffff4d
fffffd23
0000039f
fffff1a7
fffffc4c
fffffc04
00000ae2
00000d2e
ffffe7ef
00000240
00000647
00001ba5
ffffe7e8
0000067e
ffffe1da
0000087c
fffff500
ffffe848
00001e79
00000292
ffffe44e
0000084b
00000abf
00000ade
fffff693
00000bc8
ffffe2a1
fffff0ef
fffffc39
fffff436
00000393
fffff3eb
fffff825
ffffdb57
00001128
ffffee0a
fffff143
ffffed11
00000fd4
fffff9b8
ffffff99
fffff60f
000004d8
ffffed89
ffffec77
ffffe96d
00000319
ffffeece
fffffbfc
ffffdde2
fffff098
000000a4
fffffe4e
00000163
fffff132
fffff296
fffff57c
00000f8f
fffffefb
000004d6
000009ae
000002a7
fffff7d5
00000dac
000005b4
ffffe75e
ffffff9b
000002f5
fffffcf0
fffffc2a
fffff941
0000031d
00000308
fffff816
fffffeb5
000017db
fffffe4f
00000a21
ffffef67
fffff3e4
fffff774
00000c9a
ffffe50e
fffff37e
00000685
000001e2
000007af
000001af
000000c2
fffffe0c
0000065c
fffff8b4
0000052a
fffffd0c
00000014
ffffff91
ffffe9a5
00000b5a
000006fe
ffffeaa1
00000997
fffff7a3
000008ec
00000c28
00000a26
ffffed31
00000795
000003f1
ffffea7f
fffff499
ffffece0
ffffe9e7
00000600
fffff112
fffff7c7
ffffea80
00000885
fffff241
fffff09e
fffff379
ffffff0b
fffffb30
fffff247
00000da2
00000ea7
ffffe9b7
00000c21
000001ca
fffff65a
fffffb71
ffffed87
000006f4
fffff738
00000c04
fffffc3f
ffffe742
00000e1f
000000a3
fffffd3c
000015de
fffffa3d
00000cc3
000009ea
fffff66a
fffffda0
00000775
fffff963
ffffd1de
fffff6e7
000003f1
00000279
00000b92
00001341
fffff740
ffffe208
ffffe29d
00000c92
fffffff5
fffff80f
00000151
fffff581
00001549
000009b4
fffff2b2
ffffe165
fffff883
0000015c
0000048f
0000066c
00000707
00000501
000006ad
000002ad
00000571
0000085f
00000f24
fffffb55
ffffeb77
00000a13
0000111c
fffffa49
00000262
fffff341
ffffee0d
fffffa7b
fffff8c1
000009d3
ffffe993
000017e8
0000038a
000003bb
00000620
ffffe42e
00000965
fffffaaf
fffffa97
fffff24c
fffff908
0000090b
ffffed22
ffffe665
000005a1
ffffef95
fffff8d6
000002dd
fffff6a5
00001202
fffff6a7
00000ba8
fffff4ab
fffff569
ffffe1e0
000007cb
00001833
ffffef0e
0000185b
fffff718
fffffc9b
ffffefe4
00000a0e
000004d2
00000ae2
ffffece6
00001396
00001c6c
fffffa25
fffff592
00002842
fffff75f
ffffffc2
ffffef73
000004af
00001351
000025b0
fffffeb3
00000cc9
000002a3
fffff5c0
ffffffe7
000020eb
0000046d
fffff95e
00000fef
00000ccf
ffffdf73
0000046f
00001485
ffffffba
ffffd6fd
fffff94e
fffffae7
00000f65
00001188
00000e8d
ffffef3c
fffff9c4
00001f66
000010e4
00001e1f
000004fb
fffff8f9
0000046f
00000c13
ffffedfb
0000007d
00000c08
ffffe3b9
00001276
00001500
00001224
ffffff73
00000fd9
00001641
ffffe8d7
0000038d
fffff84b
0000176e
fffffc84
000014eb
000008c5
ffffe4cc
0000083e
00001588
fffff8cf
000001f0
00000449
fffffa9d
ffffe332
fffffe74
fffffb2a
00001cf8
ffffe5ea
00000674
00000c62
fffff605
fffffefa
00000411
00000b77
ffffff6b
fffffcb6
fffff68a
00001192
00002b32
fffff41d
ffffe64b
00001a44
000005df
fffff222
ffffecfb
00000a08
0000029b
000034cf
00000ba0
ffffe39a
fffff343
000003c8
ffffffa2
fffff62e
000007ca
0000190e
00000a34
000012fb
0000021e
fffff549
000029ba
ffffd80c
ffffe23c
000014e0
00000a86
fffff5ca
00001306
fffff722
fffffa40
fffffce4
fffffe1a
fffff684
000003cc
00000746
fffff400
0000138c
00000034
00001e90
0000102e
000014a5
0000100c
00001bd9
0000028f
000001a4
000006d7
00000be2
00000d98
00000939
0000040d
00001501
0000187e
ffffed81
ffffeb59
fffff2b8
00002599
ffffee5b
ffffcee5
fffffca2
ffffebc6
000000b0
000009b0
ffffec26
00001020
fffff78f
0000002d
00000942
fffffeb5
00000848
ffffff2e
fffff851
00000198
fffffdff
fffffa63
fffff675
00000135
000004be
000005b4
fffffd9a
000001e2
00000811
0000027d
0000042f
00000ec0
ffffe2f3
ffffefa2
fffff1ca
00000329
000012e5
fffffa4f
fffffea5
00000fba
00000cae
fffff349
fffffa8f
000002f5
000010ea
000005ea
ffffeb36
fffffb5c
0000050c
000001a9
fffffbdb
0000146a
00001572
00000065
00000317
0000006b
00000929
00000471
00000264
000004bc
00000afa
0000002d
00000086
000006b9
0000006e
fffff851
000003ce
000004cc
00000744
ffffe974
00000ac2
00000618
000004b1
00000b96
fffff7d1
fffff29e
fffffb37
fffff342
00000771
ffffdb7c
fffff8e9
00000200
fffff5c6
fffff9e3
fffff973
0000002e
00000567
ffffff16
fffffd92
ffffee0d
00000af9
000002de
fffff872
00000a63
fffffab4
fffffcc8
0000132e
00000f94
000010ed
00000445
000009a0
00000503
fffffbbd
fffff76e
ffffee13
0000001b
fffff445
00000e01
00000ebd
000016e6
fffff908
000008aa
ffffff2e
fffff1a5
000008f3
fffff8d6
fffffbc7
fffffa82
00000e8a
0000066e
000000d3
ffffe605
fffff0ec
fffff7e6
fffffb4f
fffffa89
000001e0
fffff714
fffffde1
000006e6
fffff186
fffff907
fffffc25
000003ec
0000047b
fffffe7c
fffffce4
fffff782
00000880
fffff34f
fffffe76
ffffec13
fffff268
ffffef13
fffffb63
fffff26c
00000d61
00000855
00000dd9
fffff366
ffffea4a
ffffe88d
000009bd
fffffc90
00000237
fffffb5d
0000029a
ffffec10
ffffff58
00000a1c
000005c3
000000d5
ffffe8f5
00000811
00000015
000008e7
ffffe3e7
fffffbe7
00000ea4
fffffb1c
ffffe45c
000002e0
00000b9e
fffffb49
fffffa51
00001253
fffffb96
00001ae1
00000037
00000f47
fffff8d0
fffff7df
00000611
fffffbca
0000099d
fffff8fc
ffffff4c
ffffff08
0000068c
fffff464
fffff39c
ffffeb37
00000888
fffff7a7
fffff189
000005b7
00000baf
fffff7d9
0000044c
000000eb
fffffb04
00000224
fffffdb3
fffff487
0000043d
fffffef9
0000016c
fffffd38
00000375
000018d3
00000def
00000c0a
000017e5
00000086
00000693
ffffddba
00001a20
ffffc7bf
fffff168
0000026c
ffffe276
fffffdc0
0000089d
fffff6e2
fffffe1e
fffff258
ffffd97a
0000108d
0000237a
00000a2a
00000a5f
ffffd81a
00000655
00002ad5
ffffc56c
ffffb45e
000011a6
00000323
ffffd635
00004727
ffffbd00
00000ec4
00002081
ffffe84c
00002967
ffffe7d3
00000107
000023cf
0000403c
fffff6a7
ffffddf9
ffffed2f
ffffc0f3
00001a7d
ffffeff1
ffffe8a6
000001a7
ffffffca
00000518
fffff747
fffffc9b
ffffca25
00002fbd
ffffe6a3
0000111b
000023fb
0000191a
fffff3a7
000028ee
ffffe791
fffff1a4
00002a55
000003fa
ffffff88
ffffe798
000016be
fffff0b2
00000227
ffffea21
fffffadf
00001239
ffffe364
00001900
000001e1
ffffff63
ffffe1ac
fffff6d8
ffffcd9b
ffff8378
ffffd97d
000003d5
ffffefd2
ffffff17
fffff8aa
ffffed59
00000761
00000f5b
000028b9
ffffff01
ffffe9b9
ffffef92
00001b59
00001a24
ffffb389
000014c2
fffff7d7
ffffea91
ffffb503
fffffa30
00002881
ffffef0f
0000025e
00000d38
fffff6e9
ffffdb0d
00003674
0000069e
0000223b
000010bb
000001c3
ffffea47
ffffbcf1
fffff130
0000154d
000004c2
00002fe6
fffffb93
00001ae3
00001985
fffff737
00001944
000024c1
00001c23
00001ece
00002e8f
ffffe921
fffffbf2
fffffc0d
000038cc
000002e4
ffffcbdd
ffffc8bf
ffffcce1
00003706
ffffe5b2
fffff79f
ffffe288
00001ac0
fffffa28
00000d9e
000010d6
ffffc31e
00001cd1
0000096a
fffff9ae
ffffe333
00001bd0
ffffe6f0
000005ad
ffffe241
000009d6
ffffea46
ffffdae0
fffff139
ffffff9c
ffffc1f8
00000dab
00000b94
00000fda
fffffa4d
fffff640
ffffebb4
00000317
ffffdb60
ffffe559
fffff84a
ffffe547
fffffd46
fffff8fd
0000178f
00002add
00000629
ffffe7c7
0000168e
000004cd
00000e5e
ffffeeab
00000047
00002dd2
000019b8
fffff425
000019cb
fffffc16
0000242c
fffff579
0000209e
000024cd
ffffcc81
fffff23d
00000838
000016df
00001e46
fffff601
00000aa3
000025e4
fffffe7e
ffffd35c
00001dcc
0000099f
fffffbbd
0000177c
00003afa
ffffe927
ffffcdf9
0000138b
ffffd019
fffffe78
0000041d
fffffd10
ffffe912
0000238f
fffff2e5
ffffef94
00002079
ffffd2c9
00000d91
ffffee62
ffffdabf
00000c4e
00001902
00000615
fffff1df
ffffe774
ffffedd1
00000436
fffff242
fffff614
ffffedca
00000b31
fffff428
000011b9
000011b3
fffff1ae
ffffff05
fffff4ed
000002cd
00000453
000026e3
00000de4
0000118c
00001c52
ffffefda
00000b94
fffff7ae
fffffb17
0000101c
000015d1
fffffb34
0000066c
ffffed00
00002910
ffffef12
ffffe978
000002c4
000012dd
00000e0c
000004ce
fffff2f9
ffffff07
000014fb
fffff442
ffffea1a
fffff1bf
0000005e
00000b18
fffff132
ffffe365
0000036c
fffff5e8
000000d5
000006af
fffffcf7
0000294d
000010cb
ffffef39
ffffdb2a
000003ca
000017f1
000006b1
0000063c
000006ed
ffffe5fb
00000b51
ffffe438
fffff76c
fffff68e
ffffe6ce
000005e1
fffffc59
ffffe94f
ffffd566
0000189c
ffffe5ca
fffff7e6
00000e14
00000a1a
00000116
fffffa83
ffffea60
fffffd93
00001246
000005f5
00000c5b
000003d3
0000017a
ffffeab8
000009e6
ffffe02f
000011ce
00000c17
ffffdf73
0000146b
00000203
00001488
ffffc188
fffff7a4
fffffdbf
000000d2
000005d3
000015ad
00001d1e
fffff891
fffff5a1
ffffeb61
ffffe7ac
ffffe551
ffffec18
fffffa9b
000003d1
ffffe449
00000d29
fffff4c0
fffffe49
00000d10
000013e8
fffff86a
00002dd9
fffff1a3
ffffeb9d
fffff658
fffffb8f
ffffe7ba
00001599
fffff594
00000295
00000339
ffffec77
ffffd1f5
fffff291
fffffa1e
ffffee11
00000149
00000dd5
ffffce85
fffff425
ffffee4b
000005de
ffffe5b4
ffffed4d
00000068
000004cd
00000795
fffffd8b
00000eb7
ffffec1b
00001022
ffffe76c
ffffef63
fffffdde
00000312
000000e0
fffff041
00002b7d
ffffdfa9
0000122f
00000aef
fffffc3b
000029aa
fffffb0f
ffffd7f2
000019c2
000008eb
fffff32d
fffff333
fffff146
ffffe959
ffffeec1
fffff41c
00000753
00002dfd
fffff369
ffffdf79
fffffb2b
00000da2
ffffef89
000004b9
000004f0
000023b3
fffff835
00000681
ffffec94
00000b1e
fffff155
fffff111
000001b3
ffffe7c4
fffff651
00000467
00001168
000006e9
00000fe9
00002e02
fffffbee
fffffbbb
00002621
000008d6
ffffef54
ffffe9ee
0000196a
00001075
fffff85a
fffffe26
fffff94b
00000e38
ffffe284
00001535
000013d1
00001e15
00000793
fffff6d8
0000012e
00000725
fffff670
fffff4d2
ffffe1ba
ffffd9b9
ffffff9e
fffff6e9
00000197
00000edd
fffff958
fffff7ad
fffff650
ffffe4f2
fffff566
00000bbd
00000d15
ffffe8d2
fffff8ad
ffffe3a2
00001ecd
ffffe050
fffffbff
fffff3f5
00001b5e
fffff3ee
fffffc71
00001136
00000aae
0000226f
ffffe603
fffff4ba
000000c4
00001fa3
ffffee16
000003df
fffff551
00000742
ffffdd94
fffff0ba
00000be5
00000b09
00000290
000006b8
00000d50
00002716
000015a4
ffffebe9
00000bc5
ffffef9e
00000efe
ffffef60
00002874
000009ac
ffffe711
000006b4
0000252c
ffffe441
00000d55
ffffd6b7
00001073
00000a7f
00001515
00000842
fffffa2a
000002f4
00001f66
000007df
fffffc65
ffffddae
00000005
000001bc
000034a1
000006b8
ffffee3e
ffffee5e
0000396c
0000061c
000002f4
0000091c
000004a6
fffff258
ffffea9a
fffff120
ffffed02
fffff8bc
ffffee23
000003b7
0000135b
000000cc
000020a4
00001bbd
fffffe13
ffffe121
fffff473
fffffe60
ffffe071
fffffb70
00001019
00000864
ffffc309
fffffde7
000019d7
00000fb3
00001f28
00001725
fffff826
00000263
00001bb0
fffff1ea
000007a3
fffff5d6
ffffe01e
ffffe7fa
fffff60a
ffffde2f
00000275
fffffde2
fffffd5e
000002c1
00001493
fffffbd3
000018aa
fffffd80
0000038f
ffffe097
ffffe350
0000125e
ffffd4e7
00000c28
00001363
00000705
000009eb
fffff001
ffffd2fd
00000548
fffff16c
000017c0
fffffb7a
00001226
000008b3
fffffe07
ffffd0cd
00002d52
00000c71
00000703
fffffc0b
0000057c
00001238
00001097
00002012
00001b06
ffffe6a7
ffffe581
000001aa
0000043c
000003a9
00000ae1
000003c9
fffff210
fffffdc5
ffffca70
00000b78
000018ca
ffffe946
ffffdeec
ffffd395
000006a9
fffffd49
00001210
ffffe3bc
ffffe531
fffff330
ffffee67
fffff53d
ffffe550
00000992
00000172
fffffbb2
00000def
ffffdb7a
00001b88
00000efc
00000aa8
000020df
0000008a
00001389
ffffeee2
ffffc361
0000062b
fffff47f
00000883
fffffdda
0000006f
ffffeb66
00003033
00001438
000031c2
ffffe9da
00000e87
000002aa
ffffef88
000000c3
fffff567
000003bd
fffffffc
ffffef58
00000277
000004c9
fffffafa
ffffc959
ffffefbb
000001c9
fffff97a
000037ee
000039b9
000015e6
fffffb85
ffffe905
ffffddb0
ffffec3d
fffff71a
00001e10
ffffd943
ffffc5ad
000011fb
ffffef9e
ffffd013
00000e73
ffffed45
000005d2
fffffe26
fffff7e6
fffff276
fffffb03
00001245
0000173f
00002670
ffffedab
fffff139
0000107c
ffffd876
fffff971
00000535
00000e78
0000237e
000002b6
fffff5c2
000005b7
fffffb4d
000009eb
000023e1
00000b77
000013fe
000018b9
000026b6
0000013d
000019bc
ffffd9cf
fffffa71
000016d3
00001396
ffffe84a
00000030
000003f9
00000416
ffffe6d1
00000c18
00002b78
000000f7
fffffa3f
000015af
ffffd2ff
fffff939
fffffa77
000014f6
00000ee5
ffffe9a7
00000535
00000048
fffff6ed
000005df
ffffecb3
ffffff7f
ffffefbb
00001fe3
00000565
ffffd0a3
fffff14f
ffffeed9
ffffdda1
ffffe5c2
0000156b
000011e0
00001315
ffffeca3
fffff2cb
ffffefc9
fffffa3d
ffffdbb7
ffffe153
000010a3
00001c4b
ffffe07b
00000c2e
fffff332
ffffea07
ffffe04d
ffffe9f6
000006d4
fffff865
fffff4bb
00000529
fffff9f8
fffff888
fffff854
00001178
00000159
ffffc966
0000352e
00000c6d
fffffecd
ffffe6db
ffffe56c
ffffeb7f
00000572
ffffe33b
00001951
000029ae
fffff923
ffffdfa0
000016a8
ffffe6e4
00001e9c
ffffe5b7
000015ee
0000145e
00001327
fffffb4a
ffffed96
ffffe2c2
ffffec18
fffff4cb
ffffc336
000008fd
ffffeba1
00000848
ffffff75
0000210a
000007b6
ffffbb0f
fffffc2d
fffff921
000006cc
00001883
fffff3ff
00000474
fffff01a
fffff3c6
ffffe6fc
fffff965
ffffdbe0
00001721
fffffb88
ffffeb2b
fffffb90
0000123c
fffff362
fffff03a
0000015c
ffffecfa
fffff78d
fffffe24
ffffc71a
ffffd63a
fffff025
00000769
ffffecc6
ffffdc85
ffffdee2
fffff962
ffffe655
000031e7
000021c5
00001322
fffffbbd
fffff09e
00000e0b
ffffe8ce
ffffdc04
fffff122
00001205
fffffde3
00000290
00000ce7
ffffe762
00000dda
ffffd9da
fffff340
00000cf6
000008d5
ffffeb3d
fffff694
00001046
fffffc80
ffffece9
00000928
00000538
fffff366
0000080a
000017c4
00001713
ffffe6ad
fffff0eb
00000a65
ffffebd3
00000886
fffffe60
00000af6
000007ed
fffff267
ffffff88
fffffbd7
0000097b
fffffde3
fffff687
fffff4f4
0000005d
00000119
0000008f
ffffe992
0000024a
00001b8d
fffff90c
fffff69a
fffffc89
fffff830
fffffc47
fffffa25
00000e1e
00000fce
fffff37a
fffffb4b
fffff4ec
fffff84f
000004f9
fffffa34
000007c6
ffffee8e
00001395
0000001f
fffffa0d
00000786
000017ec
ffffffdf
000016ca
ffffec25
fffff8ed
fffff08d
fffffea7
00001cb6
ffffff15
ffffe936
fffff934
00000ec1
000019b8
0000142d
fffffda3
fffffa3d
fffff7db
00001780
fffff1ec
00001168
00000861
fffff1b7
ffffe87b
00000e16
00000062
fffff676
00001971
00000857
ffffd689
ffffee94
0000091f
fffff513
fffff163
ffffed4f
fffff633
00000310
0000142f
00001004
00000f8e
00000af8
00001b5a
000006bd
000011d3
00000668
00000e9d
00000816
fffffc7f
00000062
000003f9
00000dbf
00000ef6
00000007
00000bde
ffffef5f
00001135
fffff28d
000007cd
00000390
000014a4
ffffe39a
fffffad9
ffffdd7e
ffffef18
00000c6d
fffff57d
00000c92
ffffe950
ffffe6f4
ffffe815
000004d9
0000052a
fffff6eb
ffffec5a
00000b2d
00000b0b
0000075e
ffffd98e
ffffebdb
00001c5d
fffff443
fffff498
000008d3
00000cd8
fffffdbe
fffff307
000007b8
000000ab
0000064e
00002502
ffffe959
ffffe99b
fffffb79
000005c9
ffffe8df
00000b17
000002f4
000011d1
ffffe9fb
ffffe5be
0000111d
ffffef48
000006d9
000021ed
00000932
ffffdad8
00000cc2
000012f5
fffff608
fffffebc
ffffffd1
0000072d
0000056a
fffff8ff
fffffd07
fffffa2e
fffff521
00001184
ffffff76
ffffef0f
ffffe4d5
00000f6c
ffffe326
00001311
00001694
fffffa1c
fffff62a
ffffeb98
fffffae1
000009a7
fffff42d
00002547
ffffec91
ffffeff7
00001232
ffffe233
000005ad
00002870
0000198b
000013b7
000008cb
fffff953
fffffbd8
ffffd6fc
0000152d
000017ec
00000041
ffffe47b
ffffea7a
fffffe0f
ffffda39
00000030
fffff116
00000fd3
00001452
fffff3b2
00000c01
0000074c
fffff949
0000034c
ffffe8e6
00000698
ffffea23
00001125
00000a85
fffff6cb
00001ce7
0000048c
ffffe69c
00000533
ffffe884
ffffed88
fffffd00
ffffe440
fffff845
00001530
ffffe643
ffffe58f
000004d3
00001e0f
fffffef9
000011c0
fffff7f8
00000d7d
ffffe556
ffffd7dc
00000d4d
fffffebc
ffffc8a6
ffffec88
ffffe792
fffff3e1
00001004
0000018c
fffff823
fffffefc
00000981
00000eb4
ffffe1de
fffff272
0000047d
fffff341
00000792
00000545
ffffe9b9
00000406
00001eb9
0000036a
ffffec00
00003b67
ffffeec1
00001cbf
00001a9d
0000107d
fffffc72
fffff238
00000cb9
00000ebe
fffff8b1
00000a2c
ffffeab5
ffffedf1
ffffcd8b
ffffd725
fffff3f4
00001669
00000aa0
00000e57
ffffff1f
fffff620
ffffd050
fffff05f
fffff321
00000470
fffff2d7
00001289
00000962
ffffd442
fffffc64
0000042b
00001c82
000017a1
ffffe1a6
00000242
00000432
fffff633
00001789
000009f7
00000e7b
000007d0
00001aed
ffffff34
0000090b
fffffb86
fffffc3f
fffffe28
ffffe8e2
ffffea73
ffffe838
ffffea48
00000bd2
fffff743
000008df
ffffe204
fffff550
000006e8
fffff5ab
00000d9a
00001681
00000a2f
ffffec74
ffffede6
fffff758
fffffac0
00000679
000019d9
000005e2
ffffe37d
fffff62d
fffff314
0000052d
ffffe2b4
0000152d
000008d4
fffff16a
00001860
fffff832
ffffe577
fffff150
fffff61c
00000876
000009a5
ffffeb78
ffffe4d3
ffffe8d9
ffffed05
ffffdd40
ffffeb21
00000651
000007d9
ffffedba
ffffdfac
00000933
ffffe3f2
ffffd811
00000c5f
00001e2d
00000e61
fffff4b6
ffffeb85
ffffdc7d
fffff349
fffff487
00002357
000000eb
000000a2
fffffaf4
00000ef8
00001089
000003b6
fffff854
ffffd808
000000f7
00000d4d
fffff0c0
00000188
00000262
ffffdf85
ffffe012
00001c9b
000003ef
000006f3
0000026a
000019d8
ffffe393
fffffb0e
ffffff39
0000073b
fffffc41
ffffe964
0000192d
000023ea
ffffe96b
fffffee0
fffffac3
ffffe76f
fffffc6c
ffffdebe
000036ea
ffffe91e
0000105a
000023ea
ffffeee1
ffffe78c
fffff5fb
00002cb0
00000ed4
ffffd88c
fffff2a1
ffffe6a3
ffffdf03
00001305
000005df
ffffec18
00000503
000001a4
000002cc
ffffd6e0
fffff387
fffff5d8
00002cb4
fffff2ba
ffffdc46
fffff292
000028c5
ffffcd34
ffffe598
fffff779
0000001f
000013e6
0000026d
fffff797
ffffebf0
00001207
fffff811
00000aad
fffff88d
0000019d
fffff98f
00000cf8
ffffd48b
00000679
ffffef1d
ffffe660
0000169d
00001a88
ffffe768
fffffb52
fffffb52
00000078
00000356
fffff853
fffffadd
fffff3bb
000002a7
fffffa92
fffffa71
fffff40f
000008db
fffffd2b
00001367
ffffe10e
fffff4b5
000012e6
00000f27
ffffe0b6
ffffeb27
ffffef24
ffffe7b9
fffffde4
ffffda43
00000a5f
000009f6
0000303c
0000149a
fffff56c
ffffb057
fffffd1c
ffffe47f
000004c8
00000e3f
fffffbae
000010de
00001ea6
00001f94
fffffa37
00000d17
0000138c
00001322
ffffdb41
00000414
ffffe726
fffff60f
fffff157
fffff4da
000003d0
fffffbf3
0000137e
ffffba01
fffffa57
0000235a
00002ad9
ffffe5d5
ffffe53f
0000064a
00000f92
ffffd641
00001780
fffff572
ffffeec5
00000f32
00000282
fffffc86
ffffdeed
ffffec05
ffffc614
000000cd
ffffe53c
fffffa61
fffffb69
fffff68e
ffffe52e
0000282c
fffff45e
00000718
000003f4
ffffdcfe
00000396
ffffe31f
fffff41a
00001c37
ffffe793
fffff3d4
0000030a
00000fb9
00000b4b
fffffbe0
fffffe82
00002058
00000bdb
00000488
fffffa73
fffffc44
00000cae
00001826
00001170
0000052f
ffffe316
ffffffcb
000030ee
ffffec2e
fffff693
fffffe5a
00001497
ffffdeeb
fffff56d
fffffb4c
ffffe92e
00000dbc
00000a4a
0000171f
0000176d
00000005
0000319c
00001437
000004a8
ffffe0c3
ffffd4e9
ffffefae
00002fc8
00000863
fffffd18
fffff17b
0000249e
ffffe894
fffffa10
fffff2c9
0000051d
fffff0cb
00000a4c
00000942
0000083c
000008ec
00000beb
000011e9
fffff2ae
00000526
000007e5
0000005e
fffff885
000013f2
00001316
fffff763
00000dc3
000013f1
ffffc5ef
fffff23b
000007de
0000152e
000020a0
fffff95f
000017cf
fffff260
fffffdf7
0000079a
ffffeb9a
00000752
ffffe7f9
ffffdc5f
fffffed0
fffffb3b
0000054c
fffff9b5
fffff1cc
00000dce
fffff1ca
00000629
ffffed25
fffffa6e
fffffb30
00000102
000000dd
fffff754
ffffcc45
fffffc35
ffffed4c
00000fd6
ffffdd7c
ffffff5a
00000aff
fffff5fb
00000dd7
fffffea4
0000010c
fffffa3b
00000585
fffff3df
fffffb73
fffff90e
fffff71a
000009db
000001fd
ffffff90
00001399
ffffff9c
00000111
ffffeffc
ffffd1d2
00000c93
00000988
fffff165
00000871
fffffd2e
fffffed1
fffff5cf
fffff3f2
fffffe2e
00000e7a
fffff5be
fffff2b7
fffffb09
00000725
ffffe99b
000001fc
ffffff32
00000690
00000418
ffffffc1
fffffd41
ffffee77
00000a2b
0000075a
fffffa72
000000a0
fffff1e7
fffffe46
000004ed
fffff6c0
fffffcd2
fffff32e
00000545
000000fc
ffffea36
00001649
ffffe771
000005c4
ffffee5d
ffffec5c
00000ccf
ffffe7bb
000009e9
fffffa78
000010fb
0000097c
ffffdef0
0000025b
fffffa33
fffff957
ffffe9b9
00000734
0000132f
00000912
ffffff08
fffffc20
fffffb71
fffff53c
fffff22e
ffffe5dd
ffffe8b5
ffffff04
00000cb0
fffffd0e
fffffced
fffffeaa
fffff029
0000117c
00000024
00000ee8
ffffe461
0000133e
fffffc46
ffffe9de
ffffe83c
000011be
ffffebdb
ffffe489
fffff082
fffffe11
0000024d
000004b1
ffffedad
ffffecc5
ffffdf61
fffff3c0
fffff614
fffffbae
00000b56
000013e6
00000a53
ffffeaa5
fffffaaa
00000169
fffff045
fffffa08
000002ba
fffffe28
ffffff8e
fffff7b6
fffff436
00001120
00000dad
000004b7
fffffae1
fffff2b4
fffff903
000016c3
ffffe77e
ffffd3f7
fffffc76
00000efa
ffffdfd8
fffff5ea
fffffd96
00001166
ffffd67e
000004db
fffff952
fffff05e
0000077b
fffff331
fffffc05
00000120
fffffed7
fffff8d3
fffffce2
ffffefc2
0000027c
fffff9f3
fffffecf
00000169
ffffe7ae
fffff936
00000424
fffff7e2
ffffe754
0000004d
fffffd3f
fffffb65
00000a46
fffff984
fffffc2d
fffffd22
fffffa56
ffffef0a
fffffe6c
0000136c
fffffe67
00000db0
ffffeff3
000002dd
fffffcc8
00000345
fffff9a5
000006fc
000009e3
000003fb
ffffef75
0000046c
000011cf
ffffeebb
fffff0b7
fffff978
ffffefc0
00000153
00000581
00000d08
ffffeda1
00000017
ffffefa7
fffff882
fffffc56
000002c2
fffffbf7
fffff8fc
fffffc1f
000008de
fffff4d5
ffffe537
0000106a
00000e4e
0000041a
ffffe5bb
00000341
ffffe6c5
fffff7d3
fffffed7
fffffff2
fffffc91
fffff557
ffffe3ca
fffff3ad
00000886
fffff5dc
fffffa87
fffffda6
00000109
000004fe
00001789
000014c3
fffffac8
fffff2bf
ffffdf2a
00000ed7
fffffe63
00000a54
00001829
ffffe4b3
fffff393
000012ac
fffff859
000002b6
00002013
00000652
fffff892
ffffe795
00000ca7
ffffde60
00000bd6
000008dc
00001623
fffff940
fffff801
00000fc1
fffff663
fffffc47
00000e2a
fffff66a
fffffe1b
ffffdc61
fffff114
0000150b
00000f21
0000237d
fffffba1
00000774
00000286
00000932
000009f5
ffffeb81
000016fc
ffffeb90
00000a10
00000b1a
ffffe2d4
000010b0
0000027f
fffff470
00000aab
000019ae
00000898
fffff50c
fffff52c
0000003b
000004fb
000004bb
fffffe40
fffff64f
fffff664
000000ce
fffff5c1
ffffeced
ffffe912
00000d76
00001666
0000090e
00000c15
000008b1
fffff03e
fffff3d4
0000116d
0000200a
00000211
fffff923
fffff73e
00000354
fffffb64
ffffd40f
000002a4
0000084c
ffffe094
ffffe094
fffff44c
00000ca6
fffffd4a
ffffe7e3
fffff82d
ffffff3d
fffffac0
00000540
fffff6f7
0000008f
00001021
fffffa77
ffffeda2
000000fb
fffffbed
fffff4de
fffffdc0
00000add
000004b1
000005c0
fffffd14
fffff00d
ffffed7d
00000190
0000015a
ffffff3b
fffff0ad
00000431
000014af
ffffed1e
ffffe3f8
fffff454
fffff6ea
ffffe27e
0000021c
fffff388
00000a87
ffffef48
fffff5ec
fffff29f
fffff6f1
000013ba
fffffd96
000005c6
fffffac5
00000421
ffffe554
000009ff
fffff394
fffff5cc
000003c0
000009b6
000024b8
000002ec
000017d1
00000d92
fffff796
fffff712
000012d0
00000478
00000611
00001aea
fffffdce
fffff8b7
000001b9
00000c31
fffff991
000011b5
00000253
00000732
ffffff36
fffff009
ffffeeae
00000ad7
00000a62
fffff329
000006f5
00001632
ffffeffe
00001198
fffff1aa
ffffd7d6
fffffaad
00000919
0000100e
ffffde52
00000ca7
00000eb7
ffffe399
00001444
ffffd22e
fffff4ee
000002a6
00000827
00000de6
fffff5a5
00000688
fffff429
fffffbcf
000011b7
00000ad3
000010b3
00000e2a
00000ced
00000f96
ffffec67
ffffc777
ffffda8f
00002c24
00000c0c
ffffee67
fffff2c5
00001da2
0000075d
fffffac8
00000f1f
ffffec5f
00003675
00000f7e
00000d9e
00003d44
fffff8c3
00000f62
000012ba
00000a98
ffffedc7
fffffd38
fffffc25
fffff4ab
fffffc69
00002109
000009b5
000011eb
fffffd44
000008ea
00001ad8
fffff943
0000019f
ffffeece
ffffe8de
00000f70
fffff424
00001d40
00000c9f
00000870
0000161f
ffffe356
fffff93e
fffffa56
00001db9
00000c09
ffffdbda
fffff59f
fffff6d0
fffffa48
00001829
ffffdf0a
fffffaf2
00001f93
00001ee6
00001015
ffffeb67
ffffff82
00002257
000020d1
ffffe829
000011a1
00001ee2
fffff9c9
00001504
00000161
ffffe4ee
0000080c
000016a4
fffffa02
ffffed9f
0000049f
ffffcf62
fffffb77
ffffee80
000019ff
fffff50b
00000100
00000e9c
00001652
000001e7
000013f7
ffffddee
fffff6c7
fffff30f
fffff91b
0000210e
00000200
00001512
fffffef1
fffffb15
00000cc5
ffffe79a
0000206d
0000180b
00001f0b
00001640
000004fb
000011c2
00000586
fffff7a6
000002df
ffffe1d0
fffff644
ffffe71b
fffffe51
0000359a
ffffffa8
ffffe837
000004dd
ffffc248
fffff210
fffffe27
0000171e
00001089
fffff990
00000c36
0000103f
000012b9
000011ad
000028bc
ffffed2f
000021ba
ffffdbd7
ffffef5e
00000562
ffffe601
ffffe6a2
ffffd6f3
00001628
00001d82
fffff011
fffff468
00001073
ffffffa2
ffffe77a
00000578
000020a5
00000a6b
00001477
ffffff96
ffffea3a
fffffddf
00000634
00000812
00002140
ffffcde4
fffff0ef
0000007f
00000b98
ffffdd2f
ffffec4c
ffffe5c1
00000f4f
00000c9c
ffffdda0
0000199d
000002d3
00003184
000013d8
fffffa93
000026e5
00000b60
00000107
000000eb
00000be6
000022a9
00001360
fffff31f
00000a25
fffff4c5
fffffc3b
ffffd8e6
fffff2fb
00001072
000000e0
fffffbba
ffffccd0
00001d33
00001bd2
00000deb
ffffec7c
fffffe4e
000000ae
ffffda52
fffff39a
000009d2
ffffff48
fffffb9e
000000d6
ffffe5ca
00000931
fffffb0d
000007b0
000001ce
000007d7
ffffecb7
fffffcf1
ffffff97
ffffdf2e
fffff475
0000089b
ffffd7c6
fffffffd
00000a75
ffffd9a7
00000c0e
fffffe4c
ffffe583
000003c7
00001075
fffffb9b
fffff258
fffffdfb
00001598
fffffb7c
fffffb53
00000802
00001621
ffffef1d
00000690
000002da
ffffd318
fffffc59
fffffaf8
000007bc
fffff895
0000127e
ffffe6c7
fffffcbf
fffffcf1
0000058a
fffffe4b
00000375
fffff805
00000c95
00000839
000008f7
ffffef4e
0000062b
000010a0
fffff9d4
00001421
000001ad
000005ca
ffffdabb
fffffa69
00000d1b
ffffef81
fffff782
00000862
ffffe2ce
00000333
ffffef77
00000ff8
ffffe589
fffff53d
ffffe518
0000051b
00000990
fffffbb7
00000354
fffff91b
00001f6f
00001749
fffff38f
0000077b
0000180f
00000eec
00000c05
00001584
fffff90d
fffff397
00000910
0000041b
00000543
ffffcd01
000017f6
ffffec62
00001726
00001214
00000ee7
fffff2a3
ffffffdc
000015d0
fffffbcd
000028f7
00002074
00000014
00000fd6
ffffda56
fffffe84
fffff603
fffff01b
00001222
fffff673
00001669
fffffb17
fffffc46
00000b1c
00000974
0000000d
0000072e
00000d7e
fffffc40
ffffff64
fffff363
ffffe7f6
0000008c
fffffc37
0000023b
00001b77
fffff178
ffffed1a
00000fc6
fffff819
00000d4e
fffff87a
00000624
fffff783
00001400
ffffedbd
fffff4af
ffffefed
00001090
000012e8
0000003f
ffffddde
ffffe2ec
ffffffda
000000e2
fffffb7d
fffffb7b
0000155e
fffffcac
000011ba
ffffe599
fffff9d1
fffff943
000009ce
00000a48
ffffccdb
00000aa9
0000134a
ffffe9d9
fffff9c7
00000258
ffffffa5
fffffb6e
00000bf3
fffff39f
00000da2
000005af
00000d88
000027f8
ffffeb96
fffffce0
fffff11a
fffff9fb
ffffe1cc
fffffdb8
00000ed1
ffffe5b3
00000cf6
fffff115
000020d3
000003ee
00000862
00000929
fffff684
00000837
000003fa
fffffc73
00000c3c
00001cff
ffffdbc5
ffffde4c
ffffff6a
fffff7ca
000016df
000006c2
00000ef9
ffffe3ba
ffffd7f3
ffffe5f7
ffffdb09
00000a3a
ffffe51c
ffffe5ee
00001061
fffff768
00000fa4
fffff50f
00001089
ffffeeb3
ffffd300
00000f1d
00000449
00001d01
ffffd8ed
00000d6a
00001e5e
ffffda58
000001f9
ffffef66
ffffd976
ffffdaea
ffffdf42
fffffea5
0000110d
00001698
0000232f
fffff067
00000651
ffffe2e7
0000135f
fffffec3
00001a47
000001da
000001ba
00000738
ffffe88a
fffff0f1
00000c50
00001cc8
0000059f
fffff358
000009a8
ffffd316
fffff670
000025a0
ffffd1f2
ffffc0af
ffffe174
000025b8
00003a80
00000690
fffffb41
ffffd942
fffff6e5
ffffec61
00000f5a
0000304f
fffff6a6
00002770
00000a94
fffff50c
00001079
00000ccb
000023bd
fffff13c
fffff39f
000002b7
fffff8c4
00000416
000010c3
000033b0
000000e6
0000046d
00000ff4
00001f7b
00001760
000021da
ffffd93b
000009c3
00000747
ffffff09
fffff89b
ffffd4df
00000bce
000008d3
fffff50a
fffff281
ffffe4ba
ffffe4bb
00002e69
000000d6
00000d83
ffffdd07
fffff61e
fffff3b2
ffffec80
000025bd
000035c4
00001f3b
ffffe3ca
ffffefd3
0000449b
fffff519
fffff09b
00000108
00000cf5
ffffff2e
fffff68c
fffff1c1
00000de3
fffffa57
00000fb1
00000d19
ffffe7b5
00000351
ffffe8cf
fffffed7
fffff2ee
fffff1e7
ffffe98f
ffffe5d7
00001287
ffffe2c5
00001798
fffff050
fffffed5
fffff9d7
000002fe
ffffeb1d
000008d6
00000940
ffffe200
00000371
ffffd4e6
ffffe8c8
000005ae
00000f1d
ffffe391
fffffd23
fffff464
ffffe96f
ffffeed6
ffffff50
000019d9
fffff466
00002499
fffff315
ffffd59f
00000eba
ffffd454
00002bf3
000006b5
000008b6
ffffec59
00000594
00002d78
000029a6
fffffd11
ffffe40a
fffffb95
000021d3
000015ff
ffffe5b1
ffffd958
fffff3ab
00001996
00000c48
fffff1e2
0000157f
000014a7
ffffef72
00000dde
00000169
00001a88
0000206b
00000507
fffff16b
ffffff5b
ffffea35
00000a02
000027c5
fffff132
000034f6
00000780
fffffb10
ffffdc9d
00001611
ffffef57
ffffd94f
ffffcbf2
00000290
ffffef79
fffffd62
ffffd726
0000172b
fffffb32
fffff9f5
ffffea7c
ffffe6c5
ffffee75
000007dd
0000077f
fffff6c1
00000270
00000048
ffffeb46
ffffec9c
000008f7
fffff17f
000009a6
0000025c
0000042c
fffffa23
00000c75
ffffee4a
ffffe617
ffffff5d
00001b4f
fffff6af
fffffd77
00001b19
ffffebbd
00001264
fffff704
0000008c
fffffba8
fffff39e
ffffed95
fffff23a
000003cc
ffffff25
0000067e
00000734
ffffed6b
fffff59d
0000162d
fffff237
fffff745
ffffed4e
00000895
fffff4ee
000002a2
fffffb2f
00000137
ffffded3
ffffdebb
fffffc65
ffffeef2
00000b0f
fffff86f
000009cd
fffff97e
ffffec92
ffffed8f
fffffd44
000012aa
fffff925
ffffd645
000003fc
000024c7
00000f9f
000001ca
fffffcc4
ffffe4dc
fffff95a
fffff870
fffffd8a
ffffea51
fffff8bf
fffff2d7
fffff5db
00000696
fffffe4c
ffffe603
00000682
0000087d
0000074e
000002b9
fffff83b
fffff3a7
fffff6cf
00001395
fffffd6c
ffffeefd
00000181
00000ab0
0000056a
fffff90d
000001c4
00000202
000000bd
fffffb69
000003a3
fffff2e0
fffffa7b
00001dfe
fffff669
ffffff9b
00000386
00000d8b
00000e6c
fffff8db
000007ec
00000db1
000000c4
00000618
00000d36
00000615
00000151
000004e1
00001226
fffff4fa
ffffe54b
fffff8d0
000001b9
ffffe820
ffffe5ec
00000129
ffffee93
ffffedb8
fffffff6
00000d6e
ffffec8b
fffffa88
fffffc63
fffff6dd
00000a67
000001c8
00000b1a
ffffff69
ffffedb5
fffff8e7
0000071d
000006cb
fffffe9f
ffffecd9
00000baa
ffffeec1
fffff8ab
fffff3fc
000022d5
00000389
fffff64a
fffffe38
fffff667
00000cad
00001c5f
000000b1
00000db5
fffffc7e
ffffe307
fffff628
000000ad
fffff716
fffff451
fffff46e
ffffce98
fffffaf4
00001095
fffff1ee
0000093c
00000be3
fffff5d1
000002e6
00000c90
000000bc
00000837
00000057
00000a69
ffffe2e0
fffff237
0000010a
fffff419
fffff680
ffffffe0
fffffc32
00000c9d
000015cf
000003a5
ffffe90e
fffff8ae
00000342
00000c73
0000069d
fffffa1c
00000cd5
ffffeb18
00001e27
fffffa62
0000141a
0000181a
000018c1
fffffcfe
fffff6c5
00000732
000003c2
ffffe45c
00001958
000024b7
fffffa73
000019b6
00000eb0
0000089b
00000003
00001741
fffff894
00001817
fffff548
00000a73
00000d0b
fffff2c3
fffffb6b
fffffec6
ffffe5b2
fffff0c8
000016cb
000002bf
fffff65e
00002bd7
00000bc9
00001a2e
000011c4
00000c40
fffffa8e
ffffe23d
fffff5ce
00000af7
fffff753
ffffde98
000003fc
0000022a
fffffa0f
00000001
ffffe816
fffffe5b
fffff6d9
ffffe342
fffffa2d
ffffddf6
00000dfd
00000395
0000058a
ffffedd3
00002e78
00000f31
ffffe67d
000024d2
000002e9
000002f6
0000150f
fffff09b
ffffff38
0000165f
ffffde3a
fffff48f
0000064c
00000dc6
0000177a
ffffff43
ffffd51f
fffffb18
ffffeef3
ffffdc14
fffffeee
000018f5
00001ae9
fffff78f
ffffffba
00002610
000004f3
fffff4e3
ffffdbaa
00001275
00000078
0000135c
00000e2e
fffff589
00000779
fffff857
000016df
000021a5
fffffc4a
fffffd5a
ffffe9fe
fffff8e5
fffffb9d
ffffe7fa
000017ab
ffffcea4
fffff7e9
ffffe4d5
fffffbfc
00001383
000025e2
ffffe933
ffffea21
0000004d
00001c98
000006d9
0000199c
ffffffa7
00000101
ffffcd95
00000698
ffffee49
00000286
00000116
ffffe382
fffffdf7
ffffff4f
00001adf
000026c2
00000db6
00000afb
00001232
fffff34c
ffffe337
000004ac
000009ad
00001577
ffffd1a8
fffff37e
00001a5d
fffffa72
000009a6
fffffd4d
ffffef0e
ffffd949
00000b86
00001c47
000008ce
fffffdd1
00000256
000000e3
ffffda27
fffff9ee
000019c3
00001d93
00001b78
fffff6ef
ffffe5af
ffffdf16
fffffe86
00000d48
0000094d
000009d7
fffffdce
0000087e
ffffe324
000002f9
ffffeab3
ffffffe9
000012de
00000ba0
ffffde31
fffff4c8
000002f2
fffff8c2
0000083c
00000988
fffffc73
00000b4e
ffffe65a
fffffba6
fffff68a
ffffff0a
fffffb4f
ffffff24
00001f1a
000007bf
00001d0b
00000ed6
00000f3d
fffff4c2
000010ab
fffffa3e
ffffe715
0000099f
ffffc405
ffffec52
00000412
ffffebee
ffffeb8d
ffffe67b
ffffdd57
fffff057
00000496
fffffea1
00001598
fffff9d4
ffffff1d
fffff166
fffff57c
00000836
0000091b
fffffa99
ffffed23
ffffdb54
000018c2
00000495
00000586
00001f43
ffffe4b1
00000044
ffffff7f
ffffe294
000003b3
00000d05
00001e4a
ffffe69e
fffff3a4
fffff511
ffffdd44
fffff6a6
ffffef49
fffff66e
00001344
ffffd898
0000180e
0000151b
fffffd9d
fffff8b5
00000945
ffffdcd2
ffffd5bb
00001896
ffffff53
ffffee21
ffffef2b
00001a57
00000ca2
fffffd0b
ffffe1d8
00001fb5
0000097e
000010e6
000010ef
00000f2a
00001077
00000c96
ffffee06
ffffe3de
ffffcd3d
00000941
fffff42c
ffffff68
fffffbf6
00000cde
000020e2
00001644
ffffe2c1
fffffdba
0000100f
00001248
000006b1
fffff774
ffffed00
00000a43
ffffe7d0
000006e2
fffffd4f
fffffb4c
fffff04c
00000bc1
fffffafe
fffffd39
ffffed44
ffffeff1
00001011
00001f23
fffffd0a
000008a3
000000f6
00000003
fffffaa7
00000263
ffffe37a
00000bcd
fffff5dd
00000021
ffffda46
fffff186
fffff4a3
ffffef0e
000017e8
fffff0f0
ffffd7a4
ffffff2c
ffffdd77
ffffffa5
ffffdd74
ffffeaa9
fffffce0
00000683
fffffe36
fffff18a
fffff733
000019ae
0000183a
ffffe9a8
fffffc0a
fffff4fe
ffffd5cf
fffff695
00000a91
fffff8f1
0000177f
00000bfa
ffffd991
fffffc64
00000b1c
00000ac2
fffff25a
fffff61d
ffffde55
fffffc78
00000c01
0000026f
ffffecab
000000ea
fffffa34
fffff611
0000157f
ffffd315
00000356
ffffed71
fffffc4a
00000bb8
fffff9e7
fffff460
ffffed6d
fffffe7e
000004fb
fffff9a1
000001cf
fffffc81
ffffe3dd
ffffea57
ffffeb20
00000071
00000733
fffffcde
00001342
00001f50
fffffb4f
0000119d
fffff15e
00001144
ffffff9e
fffff4b9
00000036
ffffc851
00000c13
ffffec79
0000076c
00000085
fffff669
000010f3
000000e9
0000034a
fffff544
fffffa8a
00000778
ffffe646
ffffe832
fffffecd
ffffe99e
fffff782
fffff5c7
ffffd5c0
00000f92
ffffd900
00000c7f
000026bd
fffff76e
00001d01
ffffe96a
ffffd8c1
fffffab4
fffffe0d
fffffda6
ffffef76
ffffff51
00000c41
ffffe983
fffffdcd
000009b2
ffffebb3
00002dc6
fffff95e
00002391
000028d5
00002048
ffffee71
00000a8c
0000044d
fffff511
fffff7f4
fffff1ce
00000719
00002c19
fffffa97
00000f74
000014a9
ffffff25
ffffe520
fffff5c1
0000126d
fffff570
ffffff8d
fffffda2
00000582
00000f3b
fffff94d
fffff052
ffffdea8
ffffe7ac
000025fc
fffff6ff
fffff3c9
00000c3b
fffffb57
fffff3f5
000004a4
fffff065
00000e02
0000184e
fffff1ed
00000d54
00000bbe
00001ab4
fffff062
ffffe6ad
00000e73
000006cf
ffffe703
000006b1
fffff2dd
fffffa03
00000e6a
00000364
ffffef67
ffffe302
ffffe83a
fffffa1a
ffffdc11
ffffeea9
00000338
00001527
00000ada
ffffde36
00000f4a
0000206a
ffffe68f
fffff348
fffff534
000015d0
fffffa12
fffff709
00001390
000000d8
00000713
ffffff88
fffffaad
fffff013
00000759
0000221f
ffffec53
fffff1e1
00000f27
fffff324
00000a8d
0000167d
0000090e
000017c1
00000008
fffff34e
ffffec8d
ffffe3cb
00000cfb
00003286
000005b9
fffffd09
fffffd4e
00001443
ffffebbe
ffffff8b
00000f4b
ffffff5a
000003e3
ffffffa0
ffffd238
fffffae5
000000ec
ffffe67e
ffffef79
fffffcc7
fffffc37
00000315
00000db2
00000494
000006b7
00001720
ffffffcc
0000028e
000007b4
fffff316
fffff851
ffffeb8c
fffff984
00000cf4
fffff5f7
fffff696
fffffd46
fffff77d
000014ba
ffffdeb3
000025fe
00000d26
fffff656
fffff0d2
fffffcee
00000460
ffffefd9
fffffbc0
000000f8
00001438
fffff567
ffffda4d
00000f0c
00000ac6
ffffe547
ffffe090
00000439
fffffdfa
fffffdee
ffffee22
00000727
000023ab
ffffefdf
00000677
0000096f
fffff3a4
ffffeb1a
ffffe267
fffffbe1
fffffc74
00000319
fffff270
fffff331
fffff1c0
000007f5
00000357
ffffd842
ffffef0c
ffffdfe8
00000188
fffffb2b
00000baf
fffff1d5
ffffffdf
000021da
000009f3
00000d53
ffffe883
00000550
ffffe773
00001c66
ffffcb4c
000004db
ffffeb3d
00001414
00000d9f
ffffed17
00001049
00001e1c
fffffe5c
fffff721
000003be
00000f28
ffffead7
ffffd927
fffffe0a
fffff921
000001ba
ffffefa9
ffffec7e
fffffef8
fffff97c
ffffdf6b
0000063b
fffff5f2
ffffeb08
ffffeea1
ffffeeb3
fffffbaa
ffffe4d0
fffff562
ffffffa5
00000e6d
00000237
0000081b
fffff1f1
00000c52
fffff45b
ffffee0b
fffff433
fffff478
00000436
000022bd
00000456
00000f38
00001098
0000013d
00000fcd
00001464
ffffccd4
00000dda
ffffd3cf
000006b4
ffffffca
ffffe153
fffffb60
ffffb1c2
fffffb71
00002082
fffffeed
00001259
ffffde47
ffffc902
000012b0
0000062c
fffffb83
000013a6
00001068
000011d1
00000cd7
ffffe4c5
00000ab3
ffffe76a
fffffc68
ffffee6f
0000123f
00001cda
ffffeea5
00001610
00000b9c
000011a0
ffffe84a
fffffd51
00003a10
0000061a
ffffd003
ffffed2a
fffff9b9
ffffe8bc
00000954
ffffffa9
0000229e
ffffff6b
fffff31c
fffffbf3
ffffe23b
000017bc
000029ad
00000260
fffffeb4
fffffffc
fffff468
0000194b
ffffecfd
fffff7bd
ffffeccd
fffff91c
00000678
ffffffe2
000014de
00001587
00003ef5
fffff2fe
fffffda9
ffffe7eb
fffff689
ffffd618
00000780
00000443
fffff6e1
ffffd8a6
00000bfa
ffffee7b
000003ca
fffff2ce
0000028e
ffffe1fe
fffff112
0000205f
00003e04
ffffec63
00000a12
00000383
fffff4e1
000000c1
ffffdbd2
fffffd7b
000022ab
ffffe525
0000176f
0000100f
fffff40f
fffff6d1
00001d65
fffffcc8
ffffc70c
00000470
00000bfb
ffffe644
0000045a
00000926
fffffdf5
00000247
fffffe07
00001dec
00000990
ffffd017
00000cd6
ffffe94b
fffff8c1
fffffc06
ffffe275
000013b1
000001fb
000011fa
00000da8
ffffed16
fffff7f5
ffffec91
fffff4a9
0000076a
000005e8
fffff5c6
000004e2
00000a94
00000eca
ffffec20
ffffef2e
00000bd8
000003dd
00000897
fffffd24
0000119a
ffffe1d1
ffffffc1
000022de
ffffe543
ffffe0b1
ffffffc0
000011c0
ffffde93
000003a8
ffffeee9
fffff355
ffffe605
00001000
ffffeeeb
ffffd379
000025ba
fffffe2e
ffffd6b2
fffff7af
ffffcf9b
000018e0
ffffebc1
fffff365
0000141a
fffffa61
00000728
fffffc29
fffff538
ffffc7e0
fffff2bf
fffff87f
ffffc9e8
fffff13a
ffffdf1b
0000011f
00001bf8
00000394
ffffe8db
000014de
00001450
00000123
fffff597
fffff01b
00002610
00000609
ffffebe3
ffffd61b
ffffff14
ffffee79
00002b7b
ffffd8ad
fffff041
0000128a
ffffdb96
ffffe90a
0000078a
00002cf6
fffffc07
ffffe445
ffffcf16
fffff472
000000aa
fffffa1e
ffffdba7
fffff430
fffff390
ffffcc6d
000007ea
fffff4f5
ffffe935
fffffd2d
000014a9
ffffd5e6
ffffee5e
ffffff4a
ffffeebf
fffff2a3
00000d40
0000019e
fffff7cc
0000113c
ffffec8d
ffffe24b
fffffec7
fffffc8f
00000835
ffffdc5b
0000058b
fffffd3b
00000b49
ffffe9e2
fffff678
00001c8e
fffff6b4
00001393
00001066
fffffda3
fffffc23
00000a26
fffff4fb
000007fb
fffffde9
ffffee72
fffff8f1
fffff067
00000937
ffffff78
fffff3fd
fffffce5
00001996
0000192f
ffffee47
ffffdb6b
00001a0f
fffffe7b
fffff39c
ffffff46
fffffea6
fffffdc9
fffff779
ffffd7ff
fffffdc2
00000cea
ffffee48
fffff75d
fffff09f
00000e8a
ffffe761
ffffe188
00001ba3
00000a42
000011ad
ffffff0f
00001816
fffff290
ffffe476
00000bad
fffff1c5
000005be
00001aa5
fffff839
fffff9ea
fffffa3d
00000fb7
000008c2
ffffdfde
000024aa
ffffefe8
000005ff
ffffda51
ffffe9ff
00000d72
ffffef7b
00001ed7
00002ae1
0000004c
000008c3
000011cb
ffffffc8
000004b1
ffffe11a
ffffed19
fffff797
ffffee17
00001907
fffffcf4
fffff9fe
fffff805
0000033e
ffffee94
ffffe562
ffffe94d
00000675
fffff672
fffff8ba
00000619
00000208
fffff2ba
fffff378
00000ff6
fffff56d
ffffdbc4
ffffffe4
fffff9f0
fffff1c4
ffffe705
00000db6
00000963
fffffc88
fffffbc6
00000a6f
00000000
ffffec70
00002690
00000cd1
ffffff6b
000015ae
ffffedff
ffffcc8c
fffff1e7
000001fb
fffff128
0000093c
ffffee22
00000679
fffff64e
00000b56
ffffffd6
0000173c
ffffe830
00001439
00000086
000009bb
fffffd65
ffffcfd2
0000111a
00000c97
00001998
ffffd8f5
000005e6
fffff171
000002d8
fffff794
fffff91b
00000e74
ffffe9de
fffff084
ffffeda8
ffffe0e8
00000cdd
ffffe5cb
fffff3bd
fffff638
fffff495
fffff0e8
00000314
fffff426
000003f4
00001525
fffffefd
0000011b
ffffed1f
fffff2df
00001029
000017e4
fffff340
ffffd73f
fffff00b
fffffd69
00001930
00000166
fffffebf
00000add
0000073b
ffffe90e
000011c8
fffffd24
ffffee25
fffff305
fffff3e1
fffff6cf
fffff9cb
00000838
000005fa
00001b24
ffffed3b
000010e1
0000239d
000007e5
0000189a
000011f3
00000b83
ffffef3e
ffffed85
000001e3
fffff46a
00000cc8
fffff3ad
fffffc75
ffffebfd
fffff732
00000f8c
ffffeefe
fffffbf4
fffff8b9
00000e8c
fffff937
fffff68d
000001f8
00001fb6
fffff953
ffffffdc
00000a12
fffffc84
ffffed4f
fffff627
000010dd
00000869
ffffdc7e
00000af8
000006d3
000001de
000014de
00000f01
fffff7d5
000003de
ffffff00
fffff49e
ffffe70c
0000070c
000002b0
ffffef67
0000018b
00000655
fffff774
00000b36
fffff884
00000568
00001665
00000868
00000ca2
ffffedd9
00000220
fffffa6e
ffffefff
ffffee4a
fffffc12
00001675
00000703
00000b8b
000011b0
00000d70
fffff0c7
00000a22
00001032
00000a21
fffff9a6
ffffffd2
fffff79e
fffffca2
ffffe05c
000002bb
000003db
fffff673
fffffd20
00001905
fffff0e2
fffff71d
fffffc24
0000064f
000009d7
ffffee52
00000d85
fffff747
fffff0b5
fffff530
000009a0
fffff364
00000eac
000010b6
00001c38
fffff77a
000003ce
fffffcd3
000006e1
ffffea1f
ffffec3a
00000425
00000ab1
fffff276
000011d1
fffffff1
000006b8
fffffea2
ffffe969
00000af9
000008a5
00000307
ffffea69
fffff9f9
000001c5
00000beb
00000464
0000107d
000004b3
00001b9c
fffffa57
0000016c
fffff806
fffff84b
fffff80e
ffffff7f
fffffa92
00000459
fffff774
00001775
fffff69a
ffffe750
00000f96
0000046c
000009dc
ffffef2e
ffffee3b
fffffe64
ffffe558
000008ad
ffffedad
fffffcd3
0000149e
ffffffbc
000005e9
00000298
fffffdf6
00002a24
00001d8f
00000efb
fffffc40
0000069d
fffff300
000007ef
fffff243
fffff926
0000221f
000010b3
fffffaef
ffffd99c
000001c9
fffffec5
00001681
fffffcc6
00000270
fffffea1
0000089d
00000a7b
000014b6
ffffff05
fffffef2
00000dcf
0000025f
000014e2
fffffb0f
fffffcfb
ffffff83
00000313
00000674
00000c3d
ffffff14
00000b53
fffff300
fffffacf
0000037d
ffffe34e
ffffee4f
00001698
ffffef07
00000750
fffff4f0
00000de4
00000a41
00000bd4
000015b3
ffffebee
fffffe33
000002a4
fffff704
00000052
fffffb46
000002e1
00000c2b
ffffeb1d
00000540
fffff828
fffffff2
0000082a
00001373
00000e08
00000cf8
0000158f
fffff24b
fffffdfa
00000c00
ffffede9
fffff468
00001d66
fffffd9f
fffffb1c
ffffe3aa
00000742
fffff7be
fffff0cd
00000b12
000026b5
00000cd3
fffff9ec
00001883
fffff204
0000050e
00001601
ffffec2d
00000951
00003479
fffffaad
00000292
00000091
00002067
ffffff95
fffff6df
00001818
fffff4ce
00000ae9
0000384e
00000ad9
00001d07
ffffefee
ffffe4cc
00001b90
00000fa7
000005dc
ffffd200
00001833
fffffac1
ffffd79f
ffffffba
00000d6b
00000f9c
0000179a
000001ca
ffffff5d
00001991
00000dbd
0000096b
000007e5
000011f0
fffff37d
fffffd9f
ffffe33b
fffff33a
00002bb4
ffffdaf7
ffffeb76
00000bca
0000099f
ffffe84e
00000baa
00000f56
ffffe7c0
ffffef20
00001bf5
00000090
000031a9
fffffd77
000016a2
ffffe2da
fffffda6
00000147
00001978
000015dc
000008da
000011f6
ffffede9
fffff2b7
fffff845
000008b4
00001ad4
00002375
00000782
000008ec
00001032
fffff58b
00000733
00000311
ffffc644
ffffee8c
ffffdfbf
00001cc4
00000361
fffff778
00001f84
00000a09
ffffeeaf
ffffeb73
fffff05d
ffffe952
fffff741
00001d27
fffff578
ffffff3d
00000a13
ffffeec1
fffffdcd
fffffb81
fffff45f
ffffe4ef
fffffd46
00000e23
fffff514
00000b0b
000015e4
ffffece0
fffffe10
fffff4c2
000006b2
00001d84
0000184c
000003a9
00000ac5
000003c3
fffffaa1
ffffed3c
fffffa11
00000631
fffff206
00000a99
0000243d
ffffdba6
000006f4
00001668
ffffeac6
00000830
00001a34
0000175b
ffffdc8e
0000092f
00000b8d
ffffee97
ffffe13a
0000023c
fffffff1
000030c5
0000056f
00000bd5
00000c7a
00000eb4
fffff7cf
00000c76
000003af
fffffb8d
ffffd34d
00000821
00002460
ffffec1b
000015ac
0000198e
ffffe193
00001e44
000001cc
fffffb01
fffff7e5
ffffdb27
ffffd33f
0000183a
ffffe7c2
000015e0
000022bd
ffffff40
000007f8
00000cff
ffffda49
0000165c
00000e2b
000002e4
fffff6b5
000007e9
000018c2
fffff04b
ffffe20f
00000aea
00000609
000019a9
00000938
fffffaf0
00001ce3
fffffb9c
00000cb8
ffffe42b
fffff4bd
00000a61
fffff9cc
ffffde55
000005da
000018b4
00001462
00001812
00001743
000009bf
000016ea
00000985
fffff35a
ffffe9dc
ffffef6b
000000ce
00000d7a
0000054d
00001bf0
fffffbc9
ffffed00
0000020f
fffffd34
ffffe918
ffffec82
000007e1
fffffffb
00000ad1
ffffdd54
ffffcdbe
0000072d
000001f8
00001941
ffffef32
00003491
00000ddf
fffffbf3
fffffcac
000001a0
000009ed
0000122e
000003e0
000001c8
ffffede4
ffffedd5
fffffd46
ffffecd2
fffff6d5
00000ccb
ffffdb85
00000c13
000003cc
00000321
fffffe66
ffffe0da
00000011
00000425
000036fe
fffff195
ffffe633
000015b6
00000fb8
ffffe656
00001964
00001bbf
00001250
00000b18
fffff56d
000012b6
000005a4
00000165
00003058
000004a8
0000168f
ffffd378
ffffd3bb
00000f18
00000392
fffffe20
00001658
000000bf
fffff411
000010f2
fffffb18
00000c12
ffffd430
ffffefa2
00001c9a
fffff126
fffff828
ffffeb4e
fffff3f6
fffffbaf
fffff58b
ffffed6a
00001ec4
fffff75e
fffffbc9
00000777
fffff47c
0000172d
ffffe6d9
fffffca2
00001d9c
00000732
00001765
fffff996
00001112
ffffff8d
0000114d
000000c7
0000199b
0000125b
0000068b
fffff4bc
fffff6f5
00000913
fffffaeb
ffffe4ec
fffffe61
fffff585
00002044
000007bb
fffff6e5
00002165
fffff4ff
ffffec36
ffffd6d2
fffffa3a
000037d3
fffffb50
ffffe959
ffffdd4b
00001564
fffffd96
00003255
00000619
ffffedea
ffffe880
00000b5d
fffffae3
0000131f
00001022
00000486
ffffe7d2
000012dc
000005a1
fffff2c8
00001c14
ffffe355
fffff8dc
fffff148
ffffebc6
fffff0f9
0000127b
00001d3f
00001eab
ffffd17c
ffffe098
0000033e
fffffe8d
ffffec2c
fffff225
00000566
fffff582
00001385
00000722
ffffe616
00000e1c
fffff6c3
00000cb7
fffff81a
ffffffbe
00000b8a
00000bd6
0000045c
00001e80
fffff08e
00001958
fffff065
fffff3a0
00000644
fffffb12
00000abe
fffffe7c
fffff94b
fffffba5
0000195f
fffffdff
fffff537
fffff464
ffffeeb5
ffffe509
fffffd29
000002d8
00000515
000001f8
ffffe94b
fffff6a6
00000ca0
fffff842
00000aa5
00001375
fffffd75
00001848
00000492
00000f8d
ffffd806
fffff205
fffffe6b
ffffe885
ffffed1a
00000295
fffffbba
ffffef04
fffff883
fffff8c0
fffff8cc
00001382
ffffeeaf
fffff673
00000b74
fffff93f
ffffe502
fffff167
fffff39b
fffffb37
00001bea
00000b8d
fffff40b
ffffe4a4
00001287
00000190
fffffe0d
0000065f
fffff660
00000d8e
0000063f
ffffe1fe
fffffb70
00000496
00001047
ffffeed6
fffff741
ffffe227
00000f5a
fffffe3c
ffffd267
fffff761
ffffed53
ffffea4d
ffffe9b8
fffff6ca
00000469
fffff08c
ffffc726
fffff67c
ffffee1a
fffff611
ffffe6bb
ffffdb10
00000fa9
fffffd48
ffffe345
00001b6f
ffffff9a
fffff509
00000f08
fffffd3c
000006f7
00001d0a
ffffe02f
00000a3c
00000018
fffff428
fffffadb
00000bb0
0000033e
0000103b
ffffe2ef
0000098e
00000d28
fffffc2b
000011e1
00000a1c
fffffd24
000001ec
00000ab5
ffffc35a
fffff400
fffffe21
fffffa73
fffffbd8
00000cca
ffffe418
fffff211
ffffdef3
ffffec63
ffffff6e
00001eb9
00001433
ffffeaa2
ffffff17
fffffbfb
00001012
ffffe525
0000054b
00000abd
000008ee
fffffac4
fffff34a
00000b81
0000003e
00000002
0000098a
ffffefa2
000017ee
ffffff52
ffffe758
fffffd2e
fffffdec
ffffea88
0000015a
ffffede3
fffffb5c
00000fb0
fffff89f
ffffe16e
00000f6c
0000194d
ffffe5ea
fffff23f
00000aa4
00001215
fffffc38
ffffe592
fffff7a5
fffff8af
fffff33d
000007eb
fffff501
ffffda9d
000012e8
00001df4
00000ce2
ffffe3f2
fffff092
00000464
000000a1
00000771
0000034a
00002443
fffffa43
fffff438
000008ae
000017ad
fffffa1f
0000145a
fffffff4
00000e66
ffffebe7
fffff95b
0000002b
fffffccc
ffffe90c
fffffafe
ffffe6e9
fffffd2f
00000425
00001309
fffff61d
00000f7f
0000188a
000009c6
ffffe518
fffff8ce
000018a9
0000241c
ffffe6bc
fffffafe
00000087
ffffe558
00000ffa
fffff0ee
00000135
00000821
0000191f
000010e3
fffffd3e
fffffcc5
000014c9
000012ae
0000117a
00002426
fffff30f
00000534
fffff8f0
ffffe530
00000d33
fffff027
000016b7
ffffe929
fffffbcf
00000838
ffffe3b6
ffffe66c
00000acf
00000c93
000019e5
fffff8b8
00000976
00001805
0000161d
00002690
ffffdfb8
00002186
ffffed7c
00000030
00000631
fffff0bf
ffffe33b
ffffef49
00000604
ffffddc5
ffffffdc
fffff7f7
00000aa8
000002d1
ffffda4a
000001fb
fffff720
000001d9
ffffffb2
00001716
fffff4ef
fffff9c8
fffffcc6
fffffea5
fffff95f
ffffeee5
fffffa25
000011f5
fffff407
0000008e
0000074c
00000609
00000d3d
ffffda48
fffff8e3
ffffe49f
ffffd785
fffff249
fffffe06
00002070
fffff86b
fffff5cc
00000659
00001a23
0000118c
ffffeb84
00002a3e
ffffded5
0000157d
fffff3be
ffffeb4d
fffff9af
00001c04
00002011
fffff1be
fffff0fc
ffffe252
00000c53
00000e41
00000103
ffffeb9e
fffff56a
000008fe
fffff3d2
000010ee
00000064
0000116a
0000003b
00000279
00001155
fffff7ed
00001152
fffffce3
fffff9a1
000003fd
fffff108
000016c8
ffffe8f7
ffffdc6e
000006d1
ffffff5f
ffffefef
fffff010
fffff47a
fffffc96
ffffe310
ffffe614
fffff39a
fffffc52
fffff1b0
fffff6bc
fffff9c8
ffffeb8a
000011fe
ffffee7e
ffffe956
00000c2d
00000e4c
fffff0ab
fffff2e6
00001182
000018eb
fffff912
00000a44
ffffd3e5
00000a1d
ffffe268
00000888
00000249
fffff74b
fffff619
ffffeb7b
ffffebfd
fffffe53
0000109c
ffffefd7
00001507
fffffeff
fffff4cb
00001f0c
0000071b
000004f6
ffffed89
fffff831
000001c1
fffffa46
00001227
fffff034
ffffed94
00000245
ffffffbb
ffffe540
000004fc
0000172f
00000632
ffffdb1c
00001f11
000000ad
000012f8
00000083
00000a57
00000982
fffffdb3
fffff134
ffffff70
fffff7f6
00000782
fffff4af
ffffe8cb
00000e10
ffffeb36
fffffe2d
0000070d
00000b37
000008c9
00000f72
00001245
00001350
000004d3
000017cf
000006e3
ffffec23
00000d2c
fffff61a
000004c0
fffffcff
ffffe95c
fffff085
00000dda
ffffff8c
0000025b
fffffc94
0000153a
0000083c
000012f8
ffffd51c
fffff262
ffffe07a
ffffdd9d
000006f3
0000084b
00000a70
fffff0d3
0000096e
fffff321
000004b9
000007a4
00000c49
fffffbce
0000017e
00000f39
ffffe5df
ffffe19e
00000fcf
000001c1
fffff313
00001b10
fffffe8a
fffff113
ffffe514
0000090f
fffff75f
000002a4
ffffe971
ffffeda2
000006b0
000019d2
00000149
ffffebac
ffffe525
0000279f
fffff1e5
000018bc
fffffc67
fffffd8c
0000288c
fffff54c
00000900
ffffe9a6
fffff2e5
000004d5
fffff167
fffffbec
000005a3
00000cc5
fffff6c9
00000148
00002846
0000086b
000007d7
fffffe1a
00002461
00001494
fffff812
0000153b
ffffe2d2
00002576
00000def
fffffe41
00001b9b
00000e5f
00001450
00000aa3
00003c35
00001044
fffffb75
00002a55
fffffcb8
fffff1ef
ffffeba2
fffff3fb
00001c41
00002b2a
00000628
00000832
ffffec80
000009fa
00001628
00001af6
000017b2
000017f1
00000384
fffffdfd
ffffddf4
0000161b
000012d7
ffffd45f
00002c20
0000013f
fffffbb1
000000a7
fffff25f
00000234
0000001c
00001144
fffffe2c
00001610
00000b47
00001da1
ffffec0e
ffffdf55
00000502
ffffe945
fffffddf
ffffd92d
00001071
00000578
00000127
000009a6
fffff1fb
fffffd2e
fffff1b8
0000017a
00001355
0000089d
00001955
00002135
000001b4
0000091a
fffff8f9
ffffcf9d
000003fa
0000071e
00000259
00000960
fffff761
00000be0
fffff150
fffffa70
fffff3ac
000013d5
00000a7f
00000f50
000010bb
ffffd99e
fffff010
fffff211
ffffe42e
00000375
ffffddcd
000005b4
fffffdd1
ffffdde8
ffffff8a
ffffe925
ffffedbb
00001789
fffff0d0
ffffe330
ffffef53
fffff5df
fffff5ee
ffffd7fe
ffffe0cf
fffff878
000017fd
0000062d
000005d6
00000b4c
ffffff83
000018b1
ffffe066
fffff222
fffffc82
fffffee0
fffffef6
fffffcb9
00003139
fffffa34
ffffee16
ffffd7de
00001284
fffff3a1
ffffedb2
0000140d
000020f9
00000f4c
fffff39a
00003e53
00001412
000001cb
fffffdd8
00001b58
ffffefb9
fffff284
00000aa4
000010dc
ffffe7f8
00000f12
000007b0
ffffead3
ffffde09
00000b61
fffff83e
fffff97e
00000bfb
ffffefe3
fffffb53
fffffd9e
000002fe
ffffef12
0000127d
000005b7
00000edf
ffffe31a
0000141e
000000e3
fffff835
000005aa
fffffd30
0000197a
000029d3
fffff6a4
ffffe98d
0000205c
fffffa3e
ffffe66f
fffff4ba
000035fa
000000ca
fffff1a6
000039e6
fffffc9d
fffff5bb
00000963
ffffda58
ffffc87b
00000fd8
ffffff2f
000011ab
00000302
fffff465
00001f03
ffffe8f7
fffffe26
fffff2ac
00001ce6
ffffea5d
fffff515
00000ce8
ffffde7f
fffff405
ffffe645
ffffe936
fffff206
00001ef2
ffffeafa
fffff702
fffffeb4
00001bc5
00001961
ffffec02
fffff20f
fffffcf4
00001873
000001b2
fffffcec
000001d2
ffffdd53
00000638
00001cc5
00001dcc
00001869
ffffec5e
00000780
fffffcf4
fffffe59
ffffe9f9
ffffef17
00001580
fffff1d9
fffff7e3
00000093
0000166f
000021d9
00001b36
00000175
ffffe543
00001586
00000de0
fffff4b0
fffff49b
ffffeabc
ffffec0b
ffffd807
000002f4
00000584
0000114c
ffffeabb
0000003e
fffff4b6
ffffe0c8
fffffedb
fffffc64
00001751
fffff07a
00002bdb
000011bd
fffffbb6
0000096a
ffffee83
000000e6
ffffec92
00000edd
ffffeddc
ffffe2b5
ffffff76
ffffef7d
00000606
0000131a
0000060c
000007b8
ffffefff
00000c4d
fffffa4c
00000f56
fffffde3
ffffef22
00001a70
fffff7f6
ffffe9ce
000004ba
0000006d
fffffae1
0000160a
000000ba
000000a5
ffffd839
0000032e
ffffef1f
fffff9fe
ffffda4f
00001b33
ffffd518
fffffe42
000011f9
fffffdc2
00000312
fffff861
ffffdfd7
0000019a
fffffe0c
fffff7ed
00000577
00000379
00000eda
fffff885
000011ab
0000102a
000026af
fffff460
fffffd5f
000010a5
fffffff2
fffff1f5
0000256d
ffffe397
00000002
ffffe07f
fffff789
0000103e
000000de
fffffa69
ffffe678
fffff979
00001466
fffffd8f
fffffa4d
fffff286
ffffff61
fffffe7a
ffffef2f
00000d7c
000002be
ffffeddc
0000005a
fffffec8
ffffff21
000011f9
0000085a
000003a0
fffff877
00000ee2
fffff829
fffff737
fffffe42
fffff173
fffffafb
00001d43
00001f3a
00000862
0000174d
ffffede8
00000fb2
fffffc46
0000149b
fffff70a
00001199
fffff83e
fffff41a
000022f7
0000041a
00001b17
ffffdbaa
fffff75c
ffffffea
ffffe335
0000126b
00000a2c
fffff13e
00000c2e
0000033c
ffffff2a
00000ba0
00001481
ffffe0e0
fffffbab
00001d55
fffff017
ffffeeb3
ffffed79
fffffde8
ffffe918
ffffeb6b
ffffee13
000017a4
00000bd9
fffffd3e
000008ce
00000cc5
00001043
000012c3
00000987
ffffff87
fffff929
fffff424
00001574
000010ef
ffffe06b
fffff6a8
00002ee5
ffffe833
ffffd0d7
fffff869
ffffee8b
ffffe485
000016e0
00001d96
00000633
fffff898
000007e0
ffffe7e1
ffffdc58
ffffff45
00000ac7
ffffeb40
00001945
ffffd5d7
000014c1
ffffff52
00000062
fffff7a7
fffffce3
ffffeec4
ffffcf42
ffffdcf1
ffffde53
00000d76
0000071d
ffffec05
fffff852
000007bc
00000ad3
ffffd60a
00000a10
ffffffdd
00001ed0
000009e5
00000999
ffffcfdd
000006db
fffff590
ffffd330
ffffdc3c
00000db5
000012a1
00000fd2
00001fdf
00001bd7
0000065c
fffff210
fffff69c
ffffee89
fffffad7
fffffc92
000003e8
fffffaef
ffffe852
00001895
ffffe8f6
fffff2a1
000005e7
ffffeb4d
fffff9da
ffffe8a2
ffffe32d
00000194
ffffeea7
00000f06
00002142
0000147e
0000198d
ffffebc9
00000cb5
fffffe76
0000061a
000001b6
000016d5
fffff9d9
fffffbdc
00000d6c
ffffe78a
fffff001
0000033b
ffffe8d5
ffffdd08
000015c2
00002fd5
ffffe5a4
fffff56a
00000640
fffffe98
ffffd629
000006e3
fffffcd0
000016e7
fffffced
000000f5
0000356a
00000695
ffffe993
fffff246
fffffd74
ffffef89
00000a3c
fffffaf7
000003ef
00000521
fffffe1d
ffffed52
fffffd4e
fffff786
ffffef96
00000c2f
fffff88f
ffffeefd
fffffd56
000007d3
ffffcf32
00001d91
00002d42
ffffed49
fffff1a7
0000103a
00000980
fffff93b
00000bd7
fffffb4a
ffffda87
ffffc747
fffff874
00000951
00000d3a
ffffe8f0
000012bd
fffff7ad
00002547
ffffed95
0000017b
0000174e
fffff1fb
00000016
000009ab
fffff5a6
ffffe1b4
fffffe36
fffff394
000006b2
fffffbdc
0000182d
ffffed68
00000888
fffff063
00000d9e
00000e1f
000004c5
fffff10a
ffffe8a9
fffff022
fffffe0e
000001f5
fffff35b
00000b37
00000af5
fffff09b
fffff37c
fffff136
00000d08
0000376a
fffffd6b
0000184c
fffff9c0
0000152e
000018e3
0000098b
00001e41
ffffcddc
00000789
fffff923
fffff9a6
00000708
000017c9
00000280
00002d02
00001b9f
00000566
fffffc2d
fffff872
fffffceb
fffff5b7
ffffd8c2
fffff527
fffffc7e
fffffe35
ffffe2f5
fffff497
fffffedb
ffffecfc
fffff8eb
fffffe47
00001062
00000af5
ffffff6f
0000072f
fffffe1d
ffffeda5
00000c38
fffffaa4
fffffbb1
fffff7b9
fffff318
ffffed76
0000037a
00000d5f
fffff8b5
fffff34c
000017ad
000012f6
000006e5
00000530
00000b8e
fffffb04
fffff892
0000051e
00000566
0000018c
00000904
fffff4ce
000000f7
ffffff79
fffff5c9
00000bdf
fffff41e
ffffe5c9
fffffd6f
00000373
00000339
fffff721
000000ae
ffffefa0
000006f5
fffffc79
fffff9c2
00000e94
fffff42b
0000033e
00000167
fffff7f8
fffffb0b
0000130c
00000983
00000172
000011cb
0000034f
fffff802
000009a8
00001d32
000006dd
00000cdf
fffffc59
000014f7
000005d7
0000030b
00000526
00000a3e
fffffaa5
00000072
00000b89
00000929
ffffe58e
00000633
0000046b
0000180a
0000046e
fffffe8f
fffffd39
fffff055
fffffbd8
fffffe6b
fffffa6b
00000ebf
fffffd4c
fffff7ab
000004f3
ffffef70
ffffee52
fffffc52
00000763
00000c40
ffffe1f6
00000631
00000c44
ffffff18
fffff9c2
fffffa10
fffff04e
fffffff1
fffffc75
0000051e
00000eaa
00001149
fffffcb8
000003d0
00000b8a
000004bb
ffffeee5
fffffdde
00000080
000001e9
000002fc
00000040
fffff0cb
fffff7cf
000003da
fffffa2b
fffffb23
fffff8c8
fffff60f
00000d04
ffffecea
fffffae2
00000df9
00000b3f
000005a8
00001600
fffffe47
00000713
ffffebb7
0000025c
fffff3ba
00000333
00000be3
fffff319
ffffecdc
0000051e
ffffddb6
fffff69a
000011c4
000012d8
fffffc8b
00000cd2
fffffd93
fffffe0c
fffff653
fffff4a1
fffff8db
00000649
fffffe2a
00000312
000002e3
ffffe842
00002403
fffffb8b
fffff76e
00000af9
00001172
000000fe
00000633
fffff8cd
fffff002
fffff28c
fffff780
0000009c
fffffd76
fffffdce
00000cc2
fffff9ea
00000021
ffffddcb
00000b0c
ffffe4af
00000371
fffff676
fffffc3e
00001b7e
0000162c
fffffb91
00000c59
ffffffd0
fffff581
fffff9d6
000003b2
00000479
00000a60
fffff9c3
000007f8
fffffc65
000002ca
00001107
fffff8c2
00000505
00000d65
00000812
00001357
000004f1
fffffbfa
000006b7
000001e6
000011c3
00000bdc
ffffeb63
fffff09c
0000075f
0000152f
ffffe08e
0000035a
00000b68
000003b8
fffff92a
0000114e
ffffea7f
fffff76a
0000127d
0000139d
ffffeb0a
00002296
fffffb7b
fffff83a
ffffef62
00000d40
ffffedd0
fffff236
000000a1
ffffe842
0000075b
ffffe0e8
00000e86
00000d19
000002cf
000044bd
ffffe664
ffffe559
00000c53
00001d3d
00000c29
fffff903
fffff108
fffffae5
00000a9a
00001e04
00001fa8
00001d92
ffffe0bb
00002066
fffffa24
fffffccc
ffffe14b
00000c5c
000013fa
0000362f
00002a26
00000bb4
00001ba4
00000c56
000009b6
fffff481
00003427
fffff821
fffffab6
00000bd6
00001400
fffffe0d
fffffd0f
fffff755
00000c8b
fffff515
fffff3f8
0000180b
ffffe01f
00002637
ffffe27e
fffff9e5
000006e3
ffffc593
ffffff22
fffff24f
fffff645
fffffb6d
fffff5d1
fffff02f
ffffe7b4
fffff39a
ffffec52
0000093e
fffffc1e
000011e0
00002487
00000f26
ffffdaab
0000072a
ffffe86f
ffffdf8d
ffffe870
0000021b
fffffdaa
fffffd23
000005a8
000018bd
fffffe7c
000005bc
ffffe198
fffff119
fffff937
000001b9
fffff3ad
00000184
ffffe8d0
ffffe160
00000adf
000012ca
00000002
ffffe818
ffffeebb
00000933
00000c8d
00000765
fffffc6e
000009d1
000002a2
fffffb5b
fffffe9c
fffff3a7
fffff929
00001f03
ffffed43
00000052
fffff251
fffff78a
00004385
00000e5a
000008c6
ffffccc8
ffffed53
000002a5
00001ac0
0000241b
ffffe33e
ffffee8f
ffffd0b4
fffffb0e
ffffe75c
fffff02a
ffffe080
ffffe0c6
00000716
000003a3
fffffaa9
fffff372
ffffe1b4
00002565
ffffe6d3
fffff101
fffff0b9
00002199
00000e76
fffff55f
fffff651
00001cc9
00000520
fffff489
ffffe779
ffffed46
000007fd
ffffe38f
0000196e
fffff86c
00001a2d
ffffff26
ffffee72
fffff73a
000029f7
000000bf
ffffca0a
fffffae4
00000cde
0000160e
000001b2
000016ae
fffffe28
00001164
00001b12
0000122c
ffffde3c
000011f0
fffffd53
00001ed2
00001d0b
0000101c
ffffd9c4
ffffeba3
fffffbbb
ffffe89c
00000744
0000062d
ffffe30a
00002b3a
fffff022
ffffd450
000008df
00001e46
ffffeb9c
00000125
000022e1
fffff281
00000c27
fffffa72
fffffa77
fffffcb5
00000c0e
fffff393
fffff211
fffffda7
fffff520
ffffe99f
ffffe324
00000991
fffffcd6
00001340
fffff263
00002091
0000063c
ffffec87
0000053a
ffffff59
ffffffcc
00001054
fffff541
000006cb
000004c5
00000ed8
fffff4b7
000019cf
ffffed76
fffffdc4
fffffe6f
fffffbea
fffff5d1
0000171d
000002f2
ffffeee6
fffff76c
00000b7e
fffffefe
fffff755
ffffff61
000001a7
00000de7
00000276
00000a78
00000a23
00000031
fffff335
00000df1
fffff77f
000005bb
fffff99b
000005d0
00000b02
00000bed
0000106b
00000324
00000258
fffff426
ffffd853
fffffce2
fffff3fb
00001833
000009f7
fffffc0d
fffff768
fffffa22
000009c0
ffffe03e
fffff30f
0000128d
0000048f
00000642
fffff5c3
00000862
00000206
00001874
ffffffd3
fffffde4
ffffe91c
fffffbc1
ffffe652
ffffecb2
0000054f
000000c5
ffffef0c
00000528
00000723
fffff282
00000311
ffffe9c6
ffffff2d
fffffeca
00000878
000009b9
ffffeed1
fffffb17
000009aa
fffff583
fffff946
ffffe8c7
0000028a
000001ce
000002ff
fffffc6c
000003a0
fffff9bc
fffff781
000008cf
fffffa98
fffff5a7
00000cfe
fffff9a6
000007c5
000001d3
fffff9b1
000017fc
ffffebe8
00000104
ffffd81f
fffff1ae
0000049f
00000404
00000208
ffffefde
fffff3c1
fffff284
000005b9
fffffb8a
00000560
0000079d
000000d2
0000153d
00000b56
fffffdbb
00000082
00000f40
000001d9
000003a0
fffff6c0
00000603
fffff4aa
000001c5
ffffe81d
fffffd40
fffffaeb
ffffe45d
000014de
fffff86e
00001af6
fffff94b
000003a0
fffffc48
fffffb7a
00000656
000006ac
ffffeab6
0000071c
fffffeac
0000116a
fffffbdb
00000802
ffffd38d
0000033a
fffff6de
ffffe056
fffff3d2
00000189
00000b83
00000101
000006c1
fffffd26
fffff0f4
ffffeb5b
00000930
fffffe43
000012f7
ffffea6a
00000374
00000901
ffffef41
fffff8b1
fffffd13
ffffe847
00000c75
00000b3f
00000ef1
00000a20
00000212
fffff738
fffff9de
000009f2
0000117a
00001bad
000001b7
00000667
000006f7
ffffe796
00000d87
ffffedea
000006b5
fffff7a8
fffff32d
fffff5d4
fffff451
fffffdfd
00001e0c
ffffea3d
ffffe433
fffff623
fffffdd5
fffff4bf
00001886
000000f9
00000a47
fffffb19
fffff4b9
ffffffc8
fffff4fe
00001c6c
000005c2
ffffed34
0000134c
fffffa1f
fffff5a1
ffffe90c
ffffee19
ffffe6e9
00000930
fffff26b
ffffe397
000019d2
000000f2
fffff0f9
fffffea0
fffff75c
00000336
000002af
000004ab
fffffd53
ffffe85e
ffffff70
fffff703
0000094b
ffffff90
00001668
ffffeb05
000005cf
0000119c
00001916
000004b5
fffff7e2
0000094a
0000135f
00000f60
fffffe58
ffffe1a8
fffffd2f
fffff03e
fffff3a0
00001c84
00000871
ffffe4c4
ffffed5d
ffffefb9
00002bdd
ffffefe9
000010f9
fffff620
00000483
fffffa30
fffff6d9
ffffdfcc
00002713
00000813
000007fe
fffffeec
00002d2b
ffffde77
ffffef21
fffff22a
000008a1
ffffe960
fffff594
fffffa9b
fffff84a
00001718
00000439
fffff56d
fffff5e5
fffff815
0000015f
00000033
fffff96c
fffff5af
fffffb12
ffffed20
00000fbf
000025ea
00000725
ffffedf1
00000743
000011b2
000009aa
000012c7
fffffeb9
ffffe522
fffff22d
fffffb66
00000242
fffffc17
00000a65
0000010d
000011fa
ffffdb93
fffff33a
fffff587
fffff397
fffffbfc
00000b4f
0000078e
fffff953
ffffe40b
00000b26
ffffda79
0000016f
00001184
fffffe6d
000021b4
fffff6a2
fffffbe4
000011a1
fffff79d
fffff255
000005e8
000009aa
fffff9c8
00002845
00000454
000011c7
ffffe4f6
fffffbeb
fffffdc6
fffff2c6
0000033c
000012ee
ffffe9e8
000001d3
fffff4ff
00000a2d
0000178a
00000c9f
fffff233
fffff869
000005a6
fffff207
0000025f
00000ed6
ffffff2c
ffffef02
000003a2
ffffe5e7
ffffebfe
fffff21a
00001ef2
00000c46
ffffff47
fffffefc
000011b3
fffff72c
00000eb3
0000066c
00000078
000002db
ffffded5
000014e2
000006d6
fffff7e9
00002347
ffffff9c
fffffd7c
fffff184
ffffd652
fffff2ed
000008a1
ffffffbf
fffff059
ffffebc1
0000053d
ffffeb4e
00000bf5
00000a5f
00000898
000016dc
0000014a
0000095a
fffff4fc
fffff699
fffff94b
fffffc41
0000037b
00000061
000001a0
ffffef12
0000042c
000023b5
00000076
00000d2a
fffff4ee
fffff7e7
ffffd79f
0000064a
ffffd133
00001a6c
ffffed00
fffff90f
00000240
fffff470
fffff4c0
0000025a
00000186
fffff8ca
ffffe12b
fffff75b
ffffe72f
00000983
fffffc2b
00000a7a
000006d3
fffff1a8
ffffe9bc
00001823
000003a4
fffff14d
0000076f
ffffd830
fffffa1a
ffffebda
000007ff
000008f3
00000655
fffff700
00000359
fffff87d
00000962
fffff0fe
ffffedb8
00000734
ffffe97a
ffffdae0
00001e71
fffff12f
fffffeec
ffffec12
fffff6c7
fffffc3c
fffffa60
fffff7c7
ffffe31e
fffff4a2
ffffff6c
fffff80f
0000005f
fffff718
ffffff95
00000079
00001797
0000019b
fffff146
ffffe29b
00001b03
ffffdb9f
fffff75d
fffffc0f
00000752
fffff4c8
00001552
ffffdb0b
000004ca
fffffe60
fffff8a0
fffff709
ffffe74c
fffff92d
fffff89e
0000244d
ffffecd4
ffffec09
000010f1
000002d1
ffffeb97
fffffcc3
000006db
fffffc9d
ffffee1f
fffff066
ffffe861
fffffa81
ffffec50
0000078d
ffffe701
ffffdd12
fffff059
fffff364
fffff7c3
ffffeb33
ffffec37
00001120
ffffeec8
00000c89
fffffd29
fffffaec
fffff6d2
fffff085
fffffc6c
fffff789
000006e7
00000b25
00001dc0
00000064
000008ac
fffff4a3
fffffd9e
00000ea9
00000ea0
fffff620
ffffef9d
00000a27
00000063
ffffddd7
00000266
fffff5b6
ffffdac0
fffff1b3
fffff8f8
fffff5f8
fffffc1e
fffff8ce
000002b5
ffffe40c
fffff0d3
000006c2
ffffe1ca
00000a4a
fffff33a
0000197b
ffffe732
fffffbc7
fffffeba
fffff2d3
fffffa29
00000be0
fffffd41
00000376
00000569
00000d16
00001bfa
00001308
fffffd04
fffff5ed
fffff5b1
fffff3c6
fffff49e
ffffe9bd
ffffdc61
00000fb4
fffff856
ffffff82
ffffe93f
00000e17
00000453
ffffec29
00000331
0000069e
fffffbaa
fffff2fe
ffffff0a
00000753
00001bb0
00000ab9
00000845
fffff9f7
0000037b
0000152d
00000749
00000f33
0000016e
00000e65
0000114a
fffff2d4
00000f1f
00001e5a
00000bc9
00001aa5
0000070f
fffff91e
00002622
000000bc
0000097c
ffffec13
000003b4
000009bb
fffff493
fffff893
000017e7
fffff43d
00000abd
000003c6
ffffddaf
00000ae6
00001212
ffffee34
fffffa68
ffffd803
00000069
ffffe01c
00000601
ffffed29
fffff1d0
fffff81d
ffffd207
000009bc
00001ab8
fffffe3f
00000ebb
fffff857
ffffe7fe
000014bc
00001e65
00000bad
ffffe983
00000a20
00000bd8
00001d14
ffffe795
fffff6fe
fffff55e
00001b9d
000019c0
00000c51
000020c3
fffff895
ffffeadb
fffffd1f
fffff8d4
fffffc31
0000081f
0000207d
000030a3
00001058
ffffe170
fffff30e
fffffab3
000009cd
0000041a
00000033
00000903
000009b8
0000059e
ffffdd31
00000c10
ffffff11
00000940
0000093d
000016de
ffffee94
0000021f
fffff8d8
00001780
ffffeff4
ffffff25
fffff276
0000061a
fffff0c6
ffffd77b
00000772
fffffdd1
ffffe40c
fffff7a6
00000734
ffffeea5
000017c9
00000c5f
00000078
00000cee
000010fb
000002c4
fffff11c
ffffdc83
fffffb74
fffff422
00000de4
00000a8f
00002a74
ffffe2ce
ffffe6e3
00001491
fffffcf0
fffff673
fffffb24
0000233c
ffffe49d
ffffe18f
fffffa6c
00001b61
fffff6ab
fffff385
0000175d
0000093d
ffffdb68
ffffe5f2
0000211f
fffffdba
00002d25
0000165e
00000965
00000345
0000079b
0000140a
00001200
ffffee82
00000f20
fffffd1b
fffff4e9
ffffeed4
ffffffca
00001569
00001925
00000b91
0000011e
0000057f
ffffef73
ffffe243
fffff535
fffff571
fffff36e
ffffd71d
000011a8
ffffe862
fffff56b
ffffe990
ffffedb9
ffffe772
fffff859
000000e3
fffff35c
ffffe220
fffff223
00000068
ffffe987
ffffe89c
fffff83a
fffffc16
fffffce2
fffffa1b
fffff20d
00000042
fffff905
fffff189
00000728
000000b1
00000159
00001fb2
ffffff08
00000cce
fffff995
00000d32
00001a11
ffffe338
0000174f
ffffdf8b
ffffea9a
00000238
fffffce5
ffffbddb
ffffd6a5
000012ec
00000b75
ffffe8a9
000018d2
ffffe99c
000001dc
00000d7b
ffffeb58
fffffcca
00002250
ffffe419
00000e63
ffffe40e
ffffdb3a
00000f12
00000b07
ffffedfb
ffffea1f
ffffee50
ffffe1ee
00000071
00000469
00000645
fffff074
ffffea3c
00000e78
000004eb
fffff494
000022dc
fffff80a
ffffedd2
000005df
fffffb93
00000011
00003af9
ffffee23
0000083a
fffffbb8
fffffe36
000001ee
000011c8
fffff67d
000019eb
fffff4b3
fffffda0
00000953
fffff8d9
000001d9
ffffe625
0000077b
00000d20
fffff743
00000c70
00000945
fffffcbd
0000041d
00000c20
ffffd934
00000f99
00000e6c
00001c1b
fffffcd8
ffffdb62
00001916
000012ce
00001451
ffffe8cc
00001491
000015e5
000001cb
ffffff7c
0000086b
fffffd4a
fffff5e6
fffffbd2
00000ad7
00000af5
fffff9b5
fffffc47
00000aa5
000000a1
fffff102
000009ea
fffffc42
ffffff44
fffffbcd
ffffec93
00000b4c
00000d2a
00000490
fffff9fc
ffffd2f4
00000c16
fffff390
fffff851
fffff7f9
00001985
fffffaee
fffffc4f
ffffef03
0000127f
fffff6ea
fffffb23
00000593
000014b9
000002a7
00000dc4
0000009f
fffff309
00000c5f
00001d52
ffffebe2
fffffa25
0000082f
000010e9
000004fa
fffff9d8
fffff472
ffffe922
fffff50c
00001181
fffff99b
00000c45
ffffe8b9
fffffa0e
fffff84b
fffffec0
fffffe67
fffff0e6
00001bfc
000002e7
000003a8
00000dc6
fffffd83
ffffe107
fffff9c3
0000026a
fffff536
000003ce
00000556
00000d60
00000be4
0000035b
fffffdb0
000007ad
0000064a
fffff793
0000018e
0000051b
00000ac8
ffffe720
fffff12a
ffffe71d
fffffb5c
00001e4d
fffffd27
fffffec4
ffffec40
00001356
fffffe5d
0000085f
fffff1e1
00001f7f
00000141
ffffefcc
ffffff28
00000a34
000000a8
fffff187
ffffe63a
00000055
ffffdf81
fffffd36
ffffebf0
fffff760
00000c5e
0000082f
000017d0
fffff15b
fffff741
fffffc86
00002ec2
fffffcef
00000539
ffffe8ec
ffffea8d
ffffe612
fffffd6f
000002c8
000009fd
000009b7
fffff157
000003c8
fffffb2e
ffffde86
00001413
ffffee72
fffffc1b
000011e4
ffffe9cc
ffffe29c
ffffe8b5
ffffe61b
ffffe29d
fffff6f3
ffffeee9
ffffef28
fffff816
ffffe321
00001129
0000144f
ffffe80b
000001aa
00001018
00000133
fffff91c
ffffe620
fffffbff
00000d61
fffff7ab
ffffe1fa
fffffebc
fffff5c2
ffffe754
fffff816
00000b49
fffff37d
00001715
ffffe64c
0000049b
0000012f
00001cea
fffff396
fffff2c1
fffffdec
00000c8b
00000748
fffffcdf
ffffffb8
fffffdaa
fffffec2
ffffe4a9
0000004c
00001660
fffff62b
000025ac
fffff325
000000db
ffffe567
fffff910
0000045d
00000984
ffffe449
00000be8
0000012e
fffff588
ffffe60c
000006e2
ffffe716
000008f6
000001b5
ffffeccd
000000fa
000008ef
fffff96d
ffffe78d
000000c6
00002d88
fffff8f1
0000139f
fffff890
ffffed10
000001f7
ffffd9b2
ffffed2b
000002af
0000068e
ffffd9dd
0000137b
fffffdcb
fffff533
00000046
fffffca9
00000816
fffff07a
000000d0
ffffecd8
00001634
0000097f
fffff370
00001a96
0000055c
00002443
fffff172
000006e8
fffffa7b
fffff510
000009b6
00000334
00000fe3
fffffc71
00000730
00000e02
00000a27
000003a8
00000b7a
000002f4
00001889
00000164
00000436
000002db
fffffd60
000018dd
00000188
00000053
fffffe67
ffffe9c5
ffffec81
ffffe888
00000723
00000822
00000983
fffffb3c
ffffbc6e
ffffe473
ffffcaea
00000a87
fffffd29
fffffc62
fffff747
ffffdb35
fffff454
0000036c
000011d1
fffff94b
0000006a
00000d48
00001255
00000acb
fffffeae
00000084
ffffec08
ffffddc0
0000164a
00000ea9
ffffd183
00000c0a
00000a5f
00001976
00000bb7
0000077a
ffffeeaa
ffffe7b7
00001e83
00000c55
ffffffcc
ffffed2b
fffff31f
000001b6
ffffedc8
0000110f
ffffe715
ffffe505
000018dc
ffffeca9
ffffe3e8
ffffe291
ffffe87f
ffffe9a6
0000003a
000013a2
000003e6
ffffff0a
fffff2f3
ffffe562
000007fe
000005c7
0000003f
ffffeb29
fffff14e
000006cd
fffff6cf
fffff988
000006d4
fffff096
fffff996
fffff984
00000e15
ffffdd58
ffffe4ac
fffffa07
fffffa5d
ffffe5b9
ffffed29
00000918
00000d0d
00000086
0000165b
00001e28
fffff8ca
fffff80e
ffffd70d
000006ff
ffffdf58
ffffffcf
fffff502
0000284d
ffffd617
fffff51c
00002aff
fffff04e
000001ae
00002302
000003b4
ffffe9bf
00000f89
00000f66
fffff3fd
ffffec31
ffffed7c
000012ae
fffffbae
fffff7d9
00000a89
00000c9f
00000137
000009ae
00001991
00000d69
ffffeb81
000007fb
00001ae4
000006db
ffffdaa4
ffffefbf
fffff2d3
ffffeffe
fffffc94
0000123b
fffff486
ffffe3e9
fffffb37
fffff978
fffffc5d
ffffe477
fffffd1e
fffff648
000005b7
fffffe58
fffffa06
ffffee4d
000000e2
00001c41
0000106c
000010bc
00000f41
ffffd62d
00001fbc
ffffff0c
fffff4b9
ffffc9be
ffffe854
000000ed
ffffe7f1
0000064f
ffffe83e
ffffd015
ffffed67
fffff7c6
000003da
0000355b
000006d2
000026b9
0000096c
fffff737
fffffc22
0000081d
00000e83
fffff5de
0000147f
ffffe485
ffffe939
00000ffc
fffffb25
ffffe826
ffffe482
00000d1a
ffffe4d6
0000073b
000003b5
00000b59
ffffe39c
00000fb7
00000e60
fffff8ef
00000454
ffffff2d
ffffe2a7
00000c30
ffffff31
00001d52
fffffb9f
000012d1
fffff49b
00001ddb
fffffd6c
fffff480
ffffef23
fffff4e6
fffff02f
ffffe014
00000bb5
000005a1
00001c93
00002137
ffffff70
0000158d
000006df
ffffeacd
00002041
000033f7
fffffa59
0000013a
000005e6
00000557
ffffedb6
ffffffae
fffffaf6
000000c4
fffff22e
fffff5ce
0000017e
ffffe1fc
fffffcf6
000008f8
ffffdf75
ffffed14
fffff803
fffff226
0000023a
00000501
fffff92b
ffffd161
00000c8d
fffffd15
ffffd537
fffffe65
ffffed05
ffffe9e8
000002d1
fffff22e
000001e0
fffff884
fffffd43
ffffeef0
00001800
ffffeea3
fffff152
000009bc
fffff674
00001e3e
00000bbe
fffffd7a
fffffc0a
0000005a
00000ffe
fffffa81
ffffed24
00000126
00000639
000000c0
0000277d
00002bbb
00001065
fffff2fb
fffffed8
0000246a
fffffea6
00000922
00003d71
000006aa
ffffdad9
000003bc
ffffe857
ffffe726
fffffcb3
0000064f
fffff3ac
000002b0
ffffeaa8
000019b4
ffffe85b
fffffed8
fffffe5b
fffff6fc
fffff30d
fffffad6
fffff01c
000011ca
00001650
00001643
fffff7ab
00000414
00001222
00000d36
00000fa2
fffff8de
00001207
fffff02e
ffffee23
fffff993
000002fd
fffff457
fffff6fa
ffffed0a
fffff4cc
ffffe986
000022cb
fffff687
ffffeb96
fffffc96
00001203
00000222
0000151b
000006df
ffffe0ca
00001a5d
fffffc46
00000742
fffffe8d
00000727
fffff91b
ffffd758
fffff774
ffffe540
fffffd18
00001273
0000083e
ffffe28d
00002613
ffffea88
0000039e
0000154b
000001b4
00000907
000008d8
ffffe8ee
fffffc31
ffffe5b6
fffff157
ffffe7df
00000394
000006a2
00000a26
00000a19
00000b89
ffffe319
000002d3
000014c8
fffffcd0
ffffea75
ffffecb2
00001436
fffff44a
ffffefd6
fffff30e
ffffe201
fffffbe9
00000cdf
00000065
00000a7a
fffff704
ffffdba6
ffffdb12
ffffec26
00001776
ffffe40d
0000050f
ffffe390
ffffd2ec
fffff6a9
fffffa9d
ffffecac
ffffede7
00000acf
fffff44f
0000112d
00000887
0000112c
00000b6d
fffff8e6
000004cc
00000790
ffffed50
fffffe23
ffffe791
ffffdfbb
000007db
fffffbbb
0000167e
ffffe591
00000827
ffffff14
fffff186
fffff5ed
00000cf3
00001cc4
00001094
ffffe1be
ffffe9f4
00001b20
000019bf
fffff065
fffff4dd
00000908
000018f1
ffffe76a
fffffebf
ffffe011
ffffff47
00001cf3
00000004
000001e2
000003ff
00000347
fffff86a
fffff874
000004da
0000189a
000002b1
000003a4
ffffefe5
fffff348
fffffa0a
ffffe59d
00002e2e
00000180
ffffe6bc
00000393
fffff76d
fffff72a
ffffef92
00003d16
ffffe3e4
00000eb4
0000169d
000004f6
0000085e
00001f1a
fffff30d
ffffc0ef
000016ff
00001084
fffff67a
ffffe5fe
00001481
fffff80e
fffff0a3
00000b80
00000740
00000527
000020c0
00001ece
00001f45
00000e47
000011c5
ffffe2e7
0000007b
ffffe79c
00001658
ffffc585
00000813
0000099a
fffffbdc
fffff969
00000e13
00000982
ffffd1b6
ffffe52f
fffffb7f
ffffebd3
fffff2e7
00000b97
00001ba4
ffffd1ff
fffff0a0
fffffc09
00000585
ffffdd9d
00001333
fffff648
000008b5
00000d5a
00000eae
ffffef6e
fffffb29
fffff9f6
ffffd6f1
ffffe65b
fffffaef
fffff0fb
000004d7
000003bf
fffff7a9
00002040
ffffff75
fffff460
00001bdf
00003ee7
ffffc3af
fffff108
fffffe58
000013bc
fffff93f
00002154
0000159f
00000373
000006af
fffff65d
ffffec58
000020b6
0000047e
ffffed6c
fffffcd1
000004b2
fffffc43
00003962
ffffe7db
000025f7
ffffff71
fffffaeb
ffffe203
00001799
0000038d
ffffe92e
ffffed4e
000004fb
00000267
00001cc5
0000004e
fffff9c6
ffffc580
ffffdd65
00002c81
fffff62e
000008e7
ffffee6c
fffff293
00000244
000021d2
ffffe557
00001c01
ffffe4cd
00000d7e
000008b5
00000633
fffffb9c
fffff2e0
ffffe454
fffff058
fffff015
0000018d
ffffe83f
ffffef8b
ffffee03
fffff84c
fffff031
00000fad
fffffb2d
fffffc8c
fffffc8b
fffffb90
00001861
00000fbf
00000819
fffffea1
fffffd1d
fffff095
ffffd914
00001165
00001c3f
fffff496
fffff514
00000287
000002e7
fffffeb9
fffff90a
fffffe48
00000bd1
fffff2b9
ffffe4c2
fffffa2e
00001870
ffffe96c
ffffe431
fffffb48
fffff34d
fffff0eb
fffffd1d
fffffbd1
000007e5
ffffe2b2
fffff43c
ffffedea
ffffe414
00000072
00000684
fffff0ef
fffff8ba
00000c44
fffff5db
ffffff7c
0000033f
00000fb6
ffffe119
fffffe55
00000dbd
00001056
00001289
fffff69b
0000007e
00001700
00001a98
000010c6
ffffce60
00001262
fffffc04
00001c7f
00003196
fffffc84
00000aaa
00000959
fffff26c
fffffe08
fffff426
ffffea35
0000136b
00000ce1
000004a9
00000f1b
00001092
00000988
00001196
fffffe3c
ffffe5af
fffffa99
00000c91
fffff5d5
00000a0a
ffffebde
000008f6
00001114
00002b81
00000222
ffffde28
fffff9f4
00000531
fffffa5a
fffffcc3
fffffa62
fffffef0
fffffd29
00001ac6
fffffa29
ffffff50
00001013
00000ff9
0000074d
fffff13d
ffffe88f
ffffe750
000005c9
ffffffb7
00000c3c
fffff4f7
00002496
00000c57
ffffebb5
00001de7
0000056c
ffffdcfa
000007fe
00000f79
fffffa1d
000011f6
fffff1eb
ffffff0f
0000012f
fffffb06
fffff55e
ffffeaf4
00000b3d
ffffeea7
000013b4
ffffeae8
00000156
00001964
000018fc
000000c2
ffffe799
fffff9b7
ffffdba8
ffffffe6
fffff060
000006e7
000024ed
00001a2d
fffff070
000003c8
00000291
ffffea94
000007ae
ffffddcc
00000001
000005fd
fffff4e2
00001041
ffffe13d
00000a63
ffffdea7
fffff579
ffffefce
ffffebad
ffffefb6
fffff0e6
00000287
00000fb5
00000214
fffff87f
fffffda4
0000204c
fffffc03
ffffeb10
fffff930
000000c3
00000305
fffff046
00000e40
00000d8d
fffffb83
fffffcfe
000005ac
fffffb2d
00000f7a
ffffefd9
ffffe7f5
00000812
00000948
000018c7
ffffdc35
0000036c
fffff112
00001e84
0000070a
00000856
fffff311
000009a0
000008e6
00002468
fffffabf
000001c2
fffff3b1
00000b04
00000e66
000008de
00000f86
fffff9bc
ffffe1a8
00001119
00000021
0000012f
fffff509
00001459
ffffe723
ffffef40
fffff9cb
00001272
fffff81d
00000dc6
ffffe478
ffffe3bc
ffffffd7
ffffee45
ffffefa3
0000108f
ffffd3d1
00001473
ffffff52
fffff45e
fffff3ec
ffffefbe
00001547
ffffed53
ffffeb1a
fffff4ab
fffffcbc
0000009b
fffffb07
00001106
fffffa76
fffffc89
ffffe1f3
fffff394
00000858
fffff9f8
0000023f
ffffe986
00000579
fffff65f
000017fb
00000f10
fffff290
00000c09
fffff40a
fffffab3
0000012c
00000207
fffffd34
fffff6ac
fffff7d4
00000216
fffff0c5
00000732
fffff9f7
0000045f
fffffda4
0000165a
00001906
0000180d
fffff58b
fffff21e
00000016
fffffd6f
fffff90a
ffffed97
ffffee44
00000baa
00000cbb
fffffaa5
ffffeb56
00000db4
ffffebc4
ffffff10
fffffb8f
fffff8fb
ffffeeda
ffffd15e
ffffeb3b
00000415
ffffeb0e
000000af
00000c9d
ffffef29
00000238
fffff466
00002160
0000174a
000006ae
ffffe94a
00000e93
fffffa78
ffffdc84
0000113c
000008c0
00001152
ffffe1b1
fffff9b9
ffffeb72
000017ff
fffff5cb
0000036e
00001183
fffffdc9
000008ad
000003d2
fffffc12
000000fd
ffffc649
ffffdfbf
ffffe890
ffffe70c
ffffee18
0000062c
fffff5a5
ffffed04
fffff014
fffffc5e
fffff3c0
fffffb33
fffff8cc
0000030a
ffffdaa5
0000056d
000001c6
000001f8
0000095c
fffff756
fffff515
ffffe668
ffffeda5
fffff9bd
000006d6
fffffe00
0000111d
00000f59
0000132c
fffffc3a
000011a6
00000f11
00002660
00000466
ffffecf3
fffffcbb
ffffed52
fffffc22
fffff53f
fffff199
00000a13
00000332
00000fca
ffffec29
00001680
fffff338
ffffdc75
ffffd755
fffff1fe
0000206a
00001e4d
fffffb77
fffff51c
fffffc19
00000038
fffff46a
fffff3e2
ffffeb02
00001eff
ffffeafd
00001c4d
ffffeb02
fffff3ef
0000190b
fffff572
00000cbb
ffffff7f
00001508
fffff171
fffff81b
fffff81f
00000ef6
ffffe5a4
000018f8
00000637
ffffebf3
fffffc1d
fffff364
00001095
000009ee
0000065b
ffffe83f
fffffb74
00000599
ffffffef
00000574
00001776
00000691
fffffa38
00000997
000000eb
ffffe706
fffff037
fffff9c9
00000238
fffff800
fffff3a0
00000d50
00000092
00000c4b
0000014e
fffff40f
fffff6df
00000198
ffffea91
ffffff93
00000f14
ffffeba5
ffffeb36
ffffe931
ffffdada
fffff438
fffff635
00000169
fffff13d
0000028d
fffffddc
00000a70
fffff8d9
00000b4a
fffffe92
ffffe0cf
00000705
fffff667
fffff349
ffffef3f
fffff2ed
fffffe7c
00000fb6
00000a00
00000750
fffff123
ffffe87a
fffff3b7
fffff5b9
ffffde44
000010cd
fffff6d2
ffffecac
fffff7b9
000007cc
0000062c
000003f5
fffffa86
0000083d
00000140
ffffd71b
000008dc
ffffeec4
fffffaae
fffffd3c
00000499
0000106c
0000005f
ffffebd6
fffff5ba
00001b45
fffffbca
000003df
ffffff38
00000de8
ffffea61
ffffeb69
fffff852
fffffa6b
fffff9ec
0000065b
00000156
0000067b
0000043a
ffffec59
0000000b
0000084d
00001068
fffff92f
00000a63
00001287
ffffd29a
fffff24f
0000095d
fffffd35
ffffdc68
000005e3
fffffbb2
000007cc
ffffffef
0000155a
00000a8c
00001775
fffff785
ffffff72
fffff80e
0000075e
00001726
00000933
fffff4df
fffff65a
ffffecc3
fffff39e
fffff35e
fffff847
fffffd8c
ffffe723
00000377
00000a86
000005a6
00000589
00000a51
fffffe09
00000657
00000dde
fffffde7
00000c45
fffffbb0
00000d8e
fffff38f
ffffdb69
ffffe89d
fffff21e
ffffe87a
00000240
00000057
fffff556
fffffe30
00000875
ffffea7f
00000b09
000006dc
fffff436
fffff9e8
00000a73
fffff036
00000324
000004c9
00000684
0000050c
0000086a
00000de4
0000092e
fffff642
ffffdddf
0000003b
00000492
ffffeccc
00000982
fffff6ae
ffffd332
fffff5a4
ffffe0d3
000007f2
fffff722
0000051f
00000054
ffffeacf
00000166
00000178
ffffff64
000003e7
fffff084
fffff490
000016a4
0000066c
000004f6
000009d3
0000104a
000005c7
00000617
fffff6b8
000007c5
fffff7b4
fffff7b8
00000d44
fffffb60
fffffa5a
fffffb53
00000147
ffffefcd
fffff44e
fffffa41
0000178e
00000f54
ffffffe0
fffff78c
ffffffd0
fffff5a0
0000127c
fffffcc5
000011b3
ffffe9ed
00000765
fffff9c4
fffffafb
fffff6b5
000010cd
fffff6bf
00000fbd
000009d6
000000c8
fffffa2c
00000b8b
00000baf
00000578
000003ed
00000af7
fffff5c4
000001f8
0000099b
000001d5
000015ca
000001c5
ffffdb4d
000000be
00000b69
ffffea9d
ffffeabd
0000037b
00000879
fffffd55
ffffe77b
fffff739
000007c7
fffffd8b
fffffbed
fffff655
ffffef7e
ffffef78
00000cf0
0000018d
fffffa7d
fffffb32
fffff8ca
ffffef8b
ffffef9d
fffff9dc
fffffa56
000004cb
fffff43b
fffffdc3
000003d3
00000730
00000493
ffffe0fa
fffff9fc
fffffbec
fffffea6
00001b47
00000049
00000405
fffff390
00000330
fffff51f
00000a0d
ffffece4
ffffeef2
fffff6a8
0000021a
fffff90c
000016ef
00001127
fffff8f1
00000ed2
fffff9d8
fffff7fe
fffffdf3
00001503
fffff10f
fffff154
00000902
00000372
0000119e
ffffde17
fffffcf8
000007d3
fffffa56
fffffd71
000006fd
00000d38
fffffe21
ffffeff1
fffff8be
000000d8
ffffe26e
ffffedc0
fffffa19
0000206a
fffff312
00001e23
ffffe845
fffff6c3
ffffd82a
fffffe64
ffffdc8a
000003eb
fffff995
00000d7c
ffffff1a
fffff558
ffffffe4
0000066b
ffffea78
fffff17f
000003a4
fffffee2
00001009
fffffe78
ffffef41
00000432
0000118e
fffff600
fffffb72
ffffeb11
00000125
fffff4bf
00000709
00000217
fffff8f6
ffffe8df
fffff3e4
ffffeef8
00000c46
fffff229
0000022b
00000063
00000a15
00000300
000003c6
ffffe322
fffffa78
00000039
ffffecb3
00000d4d
fffff34a
fffff333
00000100
ffffef92
00000e7d
fffff2eb
0000079d
fffff817
fffffdce
00000984
ffffea9a
fffff90b
fffffe2e
000002d8
fffff759
fffffc4d
000012bc
fffffd8e
fffffb0d
0000235b
fffffd76
fffff132
0000051c
ffffee56
fffffb59
fffffd53
ffffea02
fffffc14
fffff451
fffff8db
00001160
ffffebde
00000d24
fffff1e2
ffffee29
000012ad
00001ed9
000010be
fffff3e9
fffffc6b
00000e50
0000066c
00000e9e
fffffe91
fffffe26
ffffed76
000001a3
fffff8d9
00000442
fffff17f
00000770
fffffdbf
fffff774
00000901
00000a78
fffff432
000000d1
0000040c
fffff983
fffff8f9
fffff21a
0000017b
fffff1de
fffff7d3
0000040a
ffffe8e9
ffffe8be
fffffa19
000013b0
fffffdde
ffffffe2
fffff25f
00001465
ffffff56
0000115f
fffff28d
00001ab3
fffff078
ffffd66d
00000290
00001e49
fffff650
ffffed12
00000d73
fffffdcd
ffffffe7
0000046d
ffffddcd
00001428
ffffedcb
ffffee37
fffff6c4
0000140b
fffffcfb
00000530
fffff11f
00000656
ffffcb7e
000001f9
000015c6
ffffef28
fffff1a2
fffff726
ffffe999
0000151b
ffffeca2
ffffff3a
fffffead
00000d51
0000162d
00000754
fffffb30
fffffc2c
fffff7f7
000007e7
00000074
000007f4
0000043d
fffff0e0
fffff5dc
0000183b
fffff167
000005e5
000011b1
0000067a
00001c98
ffffec5a
ffffdf6d
00000238
fffff4cd
ffffe836
0000043c
0000048c
fffff7e5
fffffca4
00000372
fffffe9a
0000143f
00001308
000004ab
00000e33
00001400
ffffeb92
00000677
00000558
00002253
ffffe66c
000005be
fffffef3
ffffe737
fffffb83
ffffebca
00003396
00000369
00000926
000005e2
fffff47e
fffff26f
000006a6
ffffefb2
0000032a
00000917
fffffff0
000013cb
fffff784
000000de
00000a48
ffffeb8c
ffffe3d4
0000065d
000030c5
000004f1
00000902
00001403
fffffc58
ffffff72
ffffeee6
00000107
000017a7
00000f22
ffffec94
ffffe774
fffff967
00000343
ffffe7a7
ffffe25b
ffffde21
000008ce
ffffe71e
fffff44a
00000379
00001a82
fffff7b9
0000004c
fffff7b3
fffffc82
000020df
fffff7d8
fffff7b5
fffffdce
ffffdf46
fffff734
fffff0e4
fffff09f
00000e1f
000003ec
00000315
fffff309
0000219f
ffffff62
00000fb2
ffffe2a0
000014cf
00000c7e
fffffd79
fffff975
fffffa7d
fffff2ba
0000052b
fffff5b0
ffffe45c
00001839
0000114d
fffff1e0
00000d58
000028b6
fffff80e
ffffd90a
00000b4a
0000081e
00000f41
00000b9c
00001116
fffff248
00001890
0000015a
00000dda
fffff42d
00000cf8
000007e4
ffffe391
0000063d
0000092a
00000cf4
fffff8cb
fffffdc9
00000fc5
000004e2
0000047e
00000f7a
fffffa45
ffffce09
fffff642
0000191a
00000add
fffff711
000017a5
00001127
ffffd0e5
fffffc5a
00000994
00000157
fffff9f7
fffffc9d
fffff1cc
000006d3
fffff9ec
00002129
00003be1
fffff238
ffffe1af
00000f7e
ffffe4dd
0000015d
00002a5d
ffffbccd
ffffed5b
ffffdcdc
fffffa59
fffff254
fffffa22
ffffe0d2
000004f9
000000b5
0000080a
00000cbb
00000c2e
000013c1
fffff939
ffffe820
0000043b
000021ea
ffffe94b
00001711
000013b4
0000181f
ffffdf10
fffffe02
00000715
ffffe756
0000131f
fffff5af
00000d24
000015c9
ffffcf58
fffff3ed
ffffea5f
ffffb596
ffffd1fc
fffff195
00000025
00000b66
fffff788
ffffcd38
fffff5b6
ffffedd2
000002d3
fffffe90
00002338
ffffe3ee
ffffedd0
000005e4
00000d65
0000114c
fffff3de
fffff1fc
fffff242
fffffc60
ffffee91
00001e41
ffffe260
fffff1b1
ffffefe0
fffffba5
00002538
000008ef
00000901
ffffc9c8
00000528
ffffe663
ffffedda
00000735
fffff724
fffff066
00000196
000029bb
000005d9
000007e4
fffffdaf
00000187
fffff470
ffffec28
000012bf
ffffe4d7
00000965
ffffdd0b
00000577
00002453
ffffe512
ffffee56
00000d18
000002d0
000023c0
ffffc53a
fffffd9a
00000d8d
00000169
fffffc4a
000010b7
ffffea0c
00000653
0000132a
0000057a
00001293
fffffc53
fffff9d4
000001b3
ffffd58a
00000bea
fffff0d9
ffffe8de
fffff7b2
00000801
000018d7
00000604
ffffe676
ffffd4d4
00001245
ffffea22
000005b6
fffffc38
0000022d
fffff9c1
fffff3b3
000007d9
ffffdfde
fffffa7c
000001e5
ffffff70
fffff97f
000014fc
00002b34
00001ee5
ffffd85b
ffffe787
00002037
ffffd529
ffffec00
00000138
fffff71d
fffff2b6
000003fa
fffff0b1
0000002d
000000dd
ffffeaed
00003322
fffff110
ffffd37f
ffffd382
ffffef0f
00001e32
00000d33
00001997
ffffdcb8
ffffeb37
00000ab2
ffffde40
ffffeb43
fffffb51
00000edc
00001a0e
fffffbd2
00001b09
fffffdf1
fffff26a
ffffe203
fffff15a
00000d76
0000095d
00001357
fffff531
0000072b
00002940
fffff633
ffffff4b
fffff835
00000b0d
00001f47
fffffcac
ffffe0f3
00003135
ffffe53d
fffff26e
ffffe998
fffff854
ffffe42d
00001c1b
0000059c
fffffde3
fffffa53
fffff250
fffff743
ffffe817
fffffc58
00000673
ffffea4e
fffff1f3
000005e4
fffff0ba
fffffba3
0000070b
0000051c
fffffea7
ffffdc6f
ffffe2ee
00002db1
00001ea4
ffffffe4
fffffdf3
0000053f
fffff365
fffffe13
ffffe6c0
00000e17
0000162e
0000078b
fffffbc1
0000103a
fffffc41
00000c9e
000018dd
ffffec99
00001291
00000251
ffffd84e
000015b4
ffffff81
fffffa69
000008ff
000009fd
0000096b
000002ff
fffff113
fffff50e
0000088d
00000ac6
ffffdcc4
fffff5b0
ffffeb19
ffffedbd
000018fa
fffffba9
ffffefd9
fffff8c2
fffff9e7
000004fd
000013d0
fffff8ff
00000dea
fffffb0c
0000034f
fffff641
000013c3
fffff5af
00000571
00001172
00000578
fffff6a7
00000bcf
0000032b
fffff70f
fffffced
fffff0eb
000017ed
fffff643
0000070e
fffffb89
0000179b
00000a62
0000192d
fffff37f
0000006a
fffff28b
00000a40
ffffe35f
0000001c
00001f15
fffff072
fffffb8b
000010e0
00000a4f
fffffa80
ffffffc9
fffff904
00000d4c
fffffe05
fffff1af
0000021e
000023d1
fffff029
0000154e
00001c85
00000d48
ffffdeac
ffffd879
00001eed
ffffe7cb
000002d5
ffffedca
00000c6e
fffffc83
ffffe436
00001458
ffffee69
00000af0
ffffe1de
000002d1
0000170f
00001249
fffff8fb
0000037f
00001145
0000035c
00000178
ffffea12
00000eb0
ffffff48
ffffe48b
00000922
00000798
ffffe7f9
00000cf2
0000147c
00000dcf
00000fcc
fffff1da
00000a5b
fffff4dd
000014f7
fffff8fa
0000177f
00000c99
ffffe8ca
00000063
fffffb82
00000656
00000482
ffffece0
000007c9
fffffea6
fffff82f
000010ea
00000c1c
0000157b
00000293
000018dd
00000487
fffffd82
ffffef9d
fffffd85
00000506
00001f16
ffffef4c
ffffd5a5
00000172
ffffe46e
fffff7d6
ffffed52
fffffe4b
000008f8
000016c8
00000b4a
0000160b
00000152
00000fd5
ffffe39f
ffffe9f8
00002e9a
ffffdd99
fffff6e5
00000024
fffff5c7
000002e7
00001860
0000121a
000017ee
fffffaf8
fffffad4
00000c0b
000007bf
ffffea1f
000001ba
00000208
00001309
ffffebe2
fffffbfd
00000910
fffff7e4
ffffe36c
ffffedf1
00001224
0000122a
00001b61
fffff5ea
ffffebbb
fffff20d
0000026e
fffffe7d
fffff888
ffffe87b
00000adb
000021bb
000015cf
000009df
fffff1a7
fffffe9a
ffffe8a2
ffffdc17
000019ea
fffff4e2
00001569
fffff4d5
00001c2d
ffffee56
fffff2c8
000021ae
ffffe2bb
fffff2cd
fffff821
fffff006
fffffdc0
fffff2ed
fffff4ed
fffff508
000003ef
0000035c
ffffd778
00001103
00002827
fffff1c7
fffff7c8
00000506
ffffe389
fffff0e5
ffffe367
fffffe4a
000014a3
fffffc8b
00000e03
fffff62b
fffff59d
fffff97a
fffff4c4
fffffad5
ffffd2b9
fffff3bb
fffff437
00000119
ffffebc8
000017e3
00000ad3
fffff240
00000f1b
ffffe3d4
ffffed4d
fffffa8f
ffffda4a
fffffd4f
ffffe9bc
0000141b
000003e6
00000dd2
000002c8
00000b65
00000d30
00000c60
00000567
ffffed09
00000f6e
fffff875
00000ff7
0000013f
0000111f
00001d2f
00001b1b
00000194
00000566
00001888
ffffe7fb
ffffeb1f
ffffecb2
00002208
fffff756
00001337
fffff13b
fffffe18
fffffea7
000001c5
00000ea6
ffffee9b
ffffd991
0000179b
fffff4a7
fffff8b5
00000227
ffffe535
ffffe93d
00000a47
000009c3
ffffd3c5
000014d0
ffffefe9
ffffe088
fffffe8a
ffffead7
ffffdb5c
fffff659
00000148
fffff835
00000a50
ffffd094
000002d4
00001a2c
000002d5
ffffe64e
00001760
00000f48
000009c8
000000d2
fffff241
ffffe456
fffff785
00000415
00001a75
fffff5a1
ffffdf9d
ffffea7b
fffff74e
fffff7c1
fffff496
000012c9
00001806
00001588
000019b1
ffffe3aa
fffff25f
fffffe3a
00001049
ffffcffe
fffff8e6
ffffeba5
fffffe6f
ffffed67
000007ff
ffffeae7
ffffec58
fffffaa0
000006d8
fffff764
ffffff29
fffff48b
fffff3a9
ffffdc02
00000c2c
fffff3e5
000015c5
00000343
00000c6c
ffffd615
fffff3ad
000000db
ffffebf9
0000106e
ffffe699
fffff8a9
ffffffeb
0000011a
00001505
fffffe15
fffffb1a
ffffe76f
fffffe1e
000003c6
fffff546
00001992
00000a48
0000047a
fffff905
00000a88
00000631
ffffedcd
0000138a
fffff058
fffffdc8
ffffe191
0000090d
000002cf
000022dd
ffffd42c
fffffc8d
ffffdd3a
ffffde97
000002b4
00000142
fffff88c
000001eb
000027e2
00000532
ffffe415
fffff925
fffff9ce
fffffa8f
0000161a
ffffdd9e
0000065b
0000054b
fffffcc7
000005c7
fffff1dd
ffffe980
00001594
fffff616
fffff0de
ffffd34d
ffffe5e3
00000194
fffffc57
00000108
fffff67a
fffffb01
fffff7cc
ffffe4e7
fffff371
0000092c
00000fb6
00000b01
0000034c
000034a2
fffff6d8
fffff4c6
fffff434
00000ee3
00000b84
ffffe510
ffffefd7
ffffeebe
00001382
fffff05f
ffffea31
fffff93a
fffff600
fffff198
fffffe5f
ffffde74
fffff0d4
0000063c
fffffca5
fffff230
00001785
00001e34
ffffed43
0000018d
fffff9af
ffffe34f
0000046d
fffff574
00000196
fffff54b
00000205
000002e4
ffffeb81
fffff62c
000000bd
000004b7
000009e7
ffffe90a
000010ae
00000520
fffff2ee
000002e0
000003ff
00000903
fffff688
fffff021
00000516
0000000d
000004ab
00000cc8
00000156
fffff704
ffffec94
ffffefe7
00000367
ffffef21
00000c21
00000173
fffff5df
ffffe99c
ffffed31
fffff1fa
fffff7bb
fffffdd9
fffff90e
fffff3a5
ffffff0f
0000160f
fffffc2f
0000027e
00000363
00000ea9
fffff1e6
000013ab
fffff766
00000d53
fffff86e
00001321
fffffd32
00000912
000002a2
00001527
fffff28c
0000017b
fffff0f6
00000fa6
fffffe74
00000d47
0000179b
fffff97b
00000ca6
ffffff9d
ffffff99
ffffe8c0
fffff4b2
000000ad
fffff973
ffffddbb
00000ea9
fffff063
0000117f
ffffee40
fffffe37
00000bae
000002d0
00000a44
fffff617
fffff5ab
00000fe1
fffffe1b
ffffe0a5
fffff9f5
0000023d
fffff573
00001628
00000fdc
00000218
ffffefc0
00000a31
00000a18
ffffeb27
00000273
00001f4a
fffffedb
00000ed5
fffffa35
ffffe357
0000034e
fffff8bd
0000091c
fffff723
fffffee1
00000341
00001be0
0000127d
fffff2f8
00000d18
000016a5
ffffe673
000002e4
ffffec72
000015fd
fffff78c
00000728
000013f1
fffff00d
00001437
fffff503
ffffed4b
fffff761
000007eb
fffff3b7
ffffef45
fffffc4a
ffffec80
0000304a
fffff670
00001001
fffff86c
ffffe8ad
fffff685
ffffdd4e
fffff732
ffffe3d9
fffffff4
00000c4f
fffff123
000006bf
fffff640
000008bb
ffffeb6e
0000023a
0000067d
0000058e
ffffed8d
fffff4ca
ffffeafe
fffffd2d
00000db9
000001e5
fffff8e2
000017e1
ffffedec
fffff199
00000bbe
00000791
fffff4f9
fffffd8a
00000c26
ffffedc6
fffffc9b
ffffff2d
ffffed3c
fffff80d
fffff9df
ffffeb43
fffffd5b
fffff3b7
fffffaa1
fffff721
00001182
fffffa73
fffffac6
fffff200
fffffbf0
000013e9
fffff4d7
00000781
fffff4ba
fffff3f3
00000273
000008ad
000006d1
00000312
fffff8c7
fffff929
00000c5c
fffff882
000011a5
fffffcfa
000018ee
ffffec7e
00001e05
0000051d
fffff6d3
00000e35
00000796
fffff9a9
000017be
ffffe8de
fffff67f
fffff216
fffff993
00000383
00000100
00000f74
fffff041
fffff8c5
00000e32
000010b1
000012d8
00000a25
ffffec22
0000085a
ffffe24a
00000609
fffff7fa
fffff257
fffff5f5
fffffd09
fffff1d1
00000655
00000707
00002a68
fffffbda
000009d4
fffffbed
000008f8
ffffd7e0
ffffea55
fffff696
00000509
00000850
ffffee3f
fffffa59
ffffef8f
000016d0
fffffc18
fffff0af
000005e8
fffff6b3
000000f8
ffffffff
00000c73
fffff824
fffffd5b
fffff69d
00000ab4
fffff341
00000059
00000286
0000074b
00000254
fffffaf8
fffffe56
000005f5
00000efc
00000de6
00000624
fffff61c
00000db1
ffffec53
ffffede4
000007db
0000001f
0000060b
0000134f
fffff78e
ffffe8f2
000017b6
fffff6e7
00000464
ffffe85b
ffffea93
fffff9b3
fffff411
fffff831
fffff83c
000008de
fffffee1
ffffeba2
fffffd9b
ffffef07
00000ba0
fffff495
ffffe69e
fffff33f
000008e9
00000077
000012f7
00001030
ffffff42
000007db
000001ef
00000587
fffff24d
fffff1d5
000012af
000000a9
fffffbdf
fffffcfb
ffffe4f7
00000918
fffffdc2
0000021e
ffffea66
fffffe50
0000109a
0000175d
00000da6
00000298
fffff05c
000003b5
fffffcd3
ffffe01f
ffffea61
00000fde
0000015d
fffff023
fffff918
ffffffde
fffff722
ffffeecd
ffffee1c
000009d2
fffff19e
fffff539
00000653
fffffe7b
fffff3fb
0000148b
00000237
fffff40a
0000120b
ffffee87
fffffc46
00000a1b
fffff579
0000039d
000001fa
000013e0
000004cc
fffff684
fffff57f
fffffa35
fffffd08
00001a9e
00000393
00000bca
fffff8ab
ffffff88
fffffcef
ffffffef
fffff866
fffff4f8
ffffff9a
fffff8ab
fffff395
00002208
00001c1d
ffffeb88
fffff760
00002808
00000c69
fffff9e6
ffffedea
00000248
fffff4b2
00000545
fffffa23
fffff742
0000348c
fffff84b
ffffded0
00000e71
ffffe688
fffffdf2
000007e4
fffff72f
ffffdfe0
00000c32
fffffd50
00000e9f
0000143c
ffffd0bf
fffff585
ffffd5d0
00000000
000004fe
000011ec
fffff537
000016ef
0000049d
ffffff60
ffffd3d6
ffffe31e
ffffcc45
fffffdee
00000817
fffffd29
000010f5
ffffebb5
0000067c
fffff9ed
00001502
00001c04
fffff513
ffffe8b8
ffffef99
fffff140
00000b15
fffff21b
000015ae
000009fa
fffffaac
ffffeedd
0000003a
00002d18
00000117
ffffd859
fffff6fd
00001b74
ffffe70b
00000222
00001f29
00000182
fffffbfb
ffffee57
fffffc6d
ffffdeba
00001f4e
ffffdad5
ffffe846
00001bfb
0000016e
00000a54
000031a8
00001b04
00000eb6
00002507
ffffebd7
ffffed6e
00000c2d
fffff1bc
0000215d
ffffff14
00000051
fffffcfd
fffffb4d
00001ee2
fffff849
ffffdeae
ffffdeef
fffffdd2
ffffe79d
000024c6
00001c0a
ffffe46a
ffffe57b
00000715
fffffc0e
000009dd
0000193a
ffffde08
ffffeeb2
ffffff2e
fffff0a4
ffffe66b
fffffd37
fffff763
00000148
ffffff57
00000f74
fffff20e
fffff604
00001f11
000001f5
fffffdd9
000007fc
00000b5d
00000b3e
ffffefab
00000727
ffffdc08
000019b0
00001795
000000b3
fffffd40
000005af
ffffdee8
ffffc177
ffffde0e
0000070c
00000b40
00001dec
00000583
00001039
ffffe577
0000049b
000028a5
fffff81b
000011a6
ffffe8c0
ffffe0e7
00000cd0
00001a30
fffff4fa
000006dc
ffffe2bd
0000203a
ffffeea5
00000e1b
fffff81c
ffffe7c3
0000004f
fffffedd
000041eb
ffffee4b
00000910
ffffdc73
000008f7
fffffa3a
00000945
fffff0e8
fffffdc3
00000121
fffffc6a
00000a75
fffff39e
00001cfe
00000d79
000014c8
fffff9ce
00001374
00001d25
fffff8d7
000007aa
fffffc28
00000874
00001800
fffffdfb
0000087f
00000f36
fffff07a
00001f54
fffff405
fffff563
fffff8cf
00000be1
fffff366
ffffef36
00001e7e
fffff70a
ffffeb0c
00000ea9
00000849
ffffe236
fffffc5b
fffff4cf
000010c8
ffffeb80
fffff9cb
ffffed3d
00000175
00001fab
000026dc
000029ba
ffffe894
00003006
ffffe9b5
fffff924
00000481
0000260b
000009d4
fffffd3d
ffffd581
fffff4ea
000000a1
fffffba3
ffffe697
00001470
fffffa42
ffffcde1
fffff071
000007b7
ffffddcc
fffff2a9
00001c27
fffff5c9
0000008f
fffff079
ffffd844
0000006c
00000a1a
fffff712
00000929
00000367
0000016d
fffffc8d
fffff011
fffffebb
000022c3
fffff9a2
00000a65
00000dc2
000002f3
00000d32
fffffbae
ffffdb2c
ffffef32
00001416
fffff804
00000485
fffffca5
ffffedc0
000006e5
fffffc75
fffffe75
00000af7
000004c8
fffff137
ffffe5b1
00001121
00001d37
fffffc46
fffffc04
00002690
00001511
fffffa57
fffff425
000016a5
ffffd679
ffffeb07
0000064f
ffffeb4f
00001410
ffffdf45
ffffe516
fffffc28
00001dc4
00000d8f
ffffd15d
fffffa73
ffffe822
fffff7cd
00001e99
00000168
ffffef0c
fffffce2
00002cc1
ffffff29
fffff99c
ffffeba1
00001945
fffff289
00000380
000005f5
0000005b
fffff991
fffff3dc
fffff148
fffff64f
ffffe5bf
00001547
0000179c
00001792
00001de0
00000ada
0000106b
ffffe1b8
fffff62e
fffff710
00001c83
0000100a
0000047b
0000217c
fffffcf0
000006be
ffffed05
00000649
0000142a
0000065f
000018e3
ffffdc0a
00000954
00000dd9
000013fb
fffffbab
000007d3
0000059b
ffffe559
fffff6b3
00000449
fffffa20
00000cc1
00000306
fffffd0b
00001e03
00000ea2
fffff6dd
00000894
fffff60f
ffffe33d
fffff9a5
fffff5b9
fffff9d8
00000b2b
fffffefc
00000f31
ffffdc6a
00000255
fffff154
ffffe108
ffffd5d6
00000fa0
ffffe5ef
ffffe45b
ffffcf42
fffff012
fffff7fb
00002ab2
ffffffc8
fffffa5a
fffffea8
00000fbb
00002039
00000a70
fffff11d
00001726
00000f31
00001cce
00000643
ffffe936
fffff914
00000aae
fffff2f6
00000599
ffffea8b
00000fba
00001ad6
000020de
fffffe0d
ffffe107
00000114
00000a40
ffffd195
00000682
ffffe149
fffff125
00001cbc
000002fe
00003870
ffffec31
000015b3
000010cc
fffff4f6
00000c07
000010be
0000128d
0000109d
fffffd73
fffff848
fffffa72
0000155c
0000133f
000002d4
000000bd
00001f7c
ffffdd9a
fffffe83
000003ad
ffffecc9
fffff789
00000605
ffffde0d
fffffdfe
ffffee6c
fffff902
fffff545
00000b2e
00000840
000002fc
00002396
fffffcf3
fffffc8a
00001729
000007ca
fffff6f9
ffffd612
fffffe67
ffffeffb
00001426
ffffda5d
ffffdd8b
000006f0
00000ad4
00000c5b
00002cf6
00000e39
ffffed5f
fffffc86
ffffe604
ffffe55c
fffffacf
00001e49
00000f25
0000291c
00002c9c
fffff072
00000088
00000e51
ffffef26
00000a8e
fffff890
00000502
ffffff7d
fffff3c6
00000b27
fffffa20
fffff23e
ffffe571
0000197b
fffffba1
ffffec12
00000a04
00001bcc
fffffa64
ffffe8f8
00000c0c
ffffeffc
fffffe21
000020f8
fffffb61
00000b08
ffffebf2
00002d40
fffffa7d
00000c5e
fffff5e1
000014e2
0000026d
fffffaea
ffffdaf6
00001137
ffffde88
ffffd8d8
fffffb2f
000008bd
fffff4ec
fffff840
ffffe959
000011c3
ffffe649
00000ccb
fffffce0
fffffcda
00000c28
00000459
00000f63
00000a3a
00000f38
00001890
00000bf3
0000147b
00000b37
00000a68
fffff877
000006bc
ffffe4be
ffffe160
ffffff80
000000ec
00000090
fffff571
ffffe376
00002252
00001df9
fffffd3d
fffff634
fffff2fa
fffffea6
fffff8c4
ffffeb92
fffff8d2
00001e97
ffffea86
00001a40
0000193f
ffffe7d5
00001a65
fffffee7
fffff0a7
000000bc
fffff294
ffffee6a
fffff159
ffffee20
fffff11e
0000085a
000022e5
fffffb3b
00000a45
00002a18
fffff1bb
00000d7b
ffffef6e
ffffe0cb
00001708
fffff2b8
00000c8d
fffff523
fffff3e7
0000040e
00000f14
000007a1
ffffff5d
000010ab
fffff8b8
fffff98a
ffffe8af
ffffe541
fffff376
000009a3
ffffcfac
fffff6ce
fffff73a
ffffe538
fffffa18
ffffeb06
0000099b
00002888
fffff2a1
fffff0f0
ffffee86
00000107
0000195f
fffffae5
fffff1e6
fffff3eb
fffff0e3
ffffe58b
00001dbf
fffff51a
fffff762
00000138
ffffea10
00000d53
fffff916
00000751
fffff481
ffffd6bb
00000a22
fffff2ba
fffffb61
0000019d
000010fa
fffff052
fffffe61
00000d40
fffff618
ffffecd6
00000745
ffffe91b
ffffe637
00001a72
fffffea6
00000781
000001f5
fffff0c9
ffffee24
000008a5
fffffbd5
fffffa96
00000e13
0000018f
fffffaef
fffffb57
fffff7c8
fffff748
ffffec58
000001dd
ffffff21
ffffef88
00000581
fffffaa3
000003f1
00000142
ffffeb7b
0000092e
0000008c
00000816
ffffff66
fffff5f1
fffff4a3
fffff767
fffffefb
0000009d
000003cc
00000892
00000d0e
fffffcea
fffff899
fffffefa
fffffd2a
fffffc39
fffffa1e
00000b7e
fffffa52
00000f1a
000006a1
000001fe
fffffda8
fffffc40
fffff9bd
00000bf1
000009e6
0000052c
fffffe6b
fffffd86
fffffcde
fffff8ad
000008a7
ffffeeb4
000002e8
00000fd9
000003a1
fffffa7a
fffff91d
000002df
000004ce
fffff54f
fffff11c
fffff79d
fffffe84
00000233
fffff9d1
fffffdcb
fffffb14
fffffd79
00000638
000004d1
ffffee5c
fffff4a1
00000665
000001a6
fffff906
fffffe8a
00000be2
ffffec56
00000f52
fffff3df
0000045c
fffffdd3
fffff902
fffff8df
000000d9
000005bf
fffffce3
00000043
fffff952
00001031
fffff9ce
fffff735
fffff8a1
fffff881
fffff503
fffff83a
ffffea41
fffffbf0
000000e9
0000077e
0000035d
00000961
fffff7fd
fffffdf1
fffffb0c
fffff8ee
fffffcd0
ffffec45
0000071a
000002bd
00000cbe
fffff3cc
0000048d
fffff495
00000147
000001a6
00000770
ffffffae
00000093
fffff56d
00000011
fffffc60
fffff01b
fffffe34
fffffd17
000006f9
0000053b
ffffeceb
00000080
fffff59b
00000176
fffffe4a
0000083a
fffff796
fffff44b
00000195
00001b91
00000957
fffff8d2
00000a00
fffffe83
fffff492
fffff7e6
0000017d
000007c5
000003a5
0000038e
fffff6f3
0000061f
000007b4
fffffb95
fffffe92
ffffef90
00000814
00001342
00000082
ffffec9a
00000564
00000458
fffff7be
fffff215
0000092e
fffff25f
fffffa17
00000799
fffffcf4
fffff53b
fffffd63
00000bdd
ffffef64
fffffc6e
fffffcf5
00000e34
fffffa93
fffffcbc
fffffc21
ffffe7a8
00000c6b
00001073
0000097f
fffffa81
fffff77e
00000da8
fffffc1e
00000a10
00000187
fffff118
ffffff61
ffffe9ff
fffffe79
000002a6
00000c2d
00000411
00000d0f
00000a7a
fffffdfa
ffffef7a
fffffdf0
ffffee31
fffffb0c
fffff4f6
000014ac
00000004
ffffbbd4
00000cd6
fffffd1c
0000083b
ffffe399
fffff13d
000005f1
ffffd892
ffffc1f7
ffffe2dc
ffffea26
00000127
00000a03
fffff6fe
000016dd
fffffcee
000001c3
00001bfa
ffffe565
00002bc7
fffff69c
000012d7
ffffe718
fffff154
00001f31
ffffe5b5
00000066
ffffe28f
000012f0
fffff0ec
0000098d
000022a1
fffffa11
00001f3d
fffffeaa
fffff2d5
ffffd8f2
00000b21
00001523
00001c22
ffffec84
fffff49d
00000bc0
00000f1d
fffff9ce
fffffb41
0000017d
00000a42
fffff718
0000013d
00001433
00000032
ffffec36
fffffe20
ffffeecb
0000135b
000014f8
00000042
000002b3
ffffe773
ffffe03f
00002898
fffff8ef
fffff531
00000764
000013be
ffffc11f
fffffe93
00000ca7
ffffe24d
000014af
000020fb
00000117
fffffd62
ffffed73
00001769
00000797
fffffca3
ffffff5b
ffffde00
0000004b
ffffe5ec
ffffe944
00000420
00001ffb
fffff484
fffff2fa
00000e89
ffffff74
00000c06
fffff986
ffffda44
00000902
000013ff
00001501
fffff122
00000bf4
000017e6
000003ab
fffff1bd
ffffe2f8
0000184f
ffffd302
000000c6
00000a79
00001462
000005fa
fffff95b
000005f1
00001366
fffffca9
ffffec5f
00000adc
00000a3d
00000c99
fffffda6
fffffa8f
ffffebe6
ffffcd1a
ffffe015
ffffd068
ffffe94f
ffffe968
00002a68
ffffd2af
fffff04a
fffffd63
fffff223
ffffecb0
ffffe2e2
ffffdcb1
fffff0a5
0000084c
00001a6b
00000dd8
fffff3a0
fffff6af
00000746
00000634
ffffe9ef
ffffc495
00002068
0000195d
00000768
00001b71
00000ec3
ffffe246
fffffb4f
fffffbe5
fffff734
000001f9
fffff21f
fffffdc7
fffff56b
0000082e
fffffd90
00000724
ffffe86f
ffffe44f
0000118e
ffffef6f
000003e8
fffff690
fffff7ee
fffff80f
0000053d
fffffa44
00000af5
ffffeba7
00000047
00001445
000000fd
fffff57c
fffff46f
fffff4c8
00000b7c
ffffdf2c
00000d74
ffffe75d
000010a2
fffff9a5
fffffcda
fffff521
ffffe475
ffffbee7
00000ef1
ffffe7f4
00000b0e
00000e4b
fffff091
ffffd4d2
ffffe270
00000c93
00000c9c
fffffd9b
fffff584
00000727
00000726
ffffee88
00000367
00000cd4
0000142b
0000103c
ffffe177
00001150
000021fb
00000ee3
ffffe12a
ffffff68
0000252b
00000646
00000150
fffff6d3
ffffe2cc
fffff3d4
ffffe546
fffffbc0
ffffd998
0000054c
fffff77e
fffffa7c
00000286
00000014
ffffd0dc
fffff889
fffffcf0
000009b9
000007ed
ffffe8aa
fffff4b4
0000094f
00000421
00000068
ffffeb1d
00000692
ffffe667
fffffe84
00000990
0000026b
0000074b
ffffef1c
fffff8d6
ffffe5f1
00000adc
fffffd05
fffff940
fffffe52
ffffee4e
00000576
00000785
00001988
fffffe24
000019aa
ffffd531
fffffbd8
ffffe86e
00001af3
fffff473
fffff0d2
00000dc8
00000050
ffffffd6
0000014f
00000b38
000012b9
fffff537
ffffdfae
ffffdb8d
ffffdc25
fffffa64
00000ff4
00000dcd
ffffebf6
00000968
fffffa4d
00001923
00000de1
fffffb1f
ffffecc9
fffffc89
0000054f
00000172
fffff47c
fffffcb8
fffff00f
000002bc
fffff564
ffffe4bd
fffff77a
00000285
ffffe91d
000020f5
fffffc1f
fffff231
fffff3c6
0000199d
00000655
fffff340
fffff903
fffff36a
fffff09b
00000571
fffff3ba
ffffef4c
ffffdb7d
ffffffd2
000005c0
000011dc
fffff5e3
00002194
00000edb
ffffe7b2
00002140
00000512
ffffe949
0000024c
00000517
00001eb9
fffff466
ffffff70
00000408
00001304
00000a17
000004a1
000009a1
000006ad
00001288
ffffe33c
000021a6
fffff045
00001e8e
0000078e
00000f6a
fffff2dd
00000361
fffffa98
00000273
0000029e
ffffee32
fffffac6
ffffe1d6
ffffe3ed
fffff0e2
fffffdf0
000003b2
ffffe945
fffffa73
00000de7
fffff457
fffff895
000010fa
000005cb
00000217
00001888
fffff1a2
000008f0
fffff327
00000266
fffffb62
ffffe092
fffff62c
fffff52c
00000168
fffff915
ffffffd9
fffffa1a
ffffee57
ffffff10
ffffff9e
fffff16a
fffffa06
0000074d
fffffcc6
fffff018
00000e41
fffff6da
000000c0
fffff2dd
00000c0c
000010fe
fffff47f
fffffaef
fffffedd
000003aa
fffffc69
ffffe9d9
00000796
fffff56a
00000e14
fffffdd7
00000f17
ffffed7d
ffffc2af
fffff8b3
00000b38
fffff59e
00001296
fffffcf0
00000249
fffffc55
00000b68
fffff07f
00001a5d
00000c1c
ffffe261
ffffed46
fffff297
00000347
0000144d
ffffe863
ffffede1
ffffbddf
ffffddd1
ffffe233
ffffe052
000010cb
ffffef2d
ffffe899
fffff9f6
ffffb1f2
000005e2
ffffed24
ffffef68
ffffec7c
00001393
fffff126
fffff71e
000031dd
000008f3
000021c4
fffffc64
00001944
00002838
00000597
0000167e
00000925
00001a77
00000e91
00000982
000022f3
00001292
000008de
00001ee0
ffffeb36
fffff1f4
00000163
000011d4
fffff867
0000033f
00003a6b
00003414
fffff4fe
fffff169
000016c0
fffffc04
ffffacd7
00002238
0000283d
fffff7a3
0000179b
ffffd55e
ffffddae
ffffdec7
00000b74
00000a01
fffff808
fffff52b
000012d1
fffffb11
fffff566
000003da
fffff97b
00001b45
fffff3e2
00000499
0000178a
00000866
00000df8
00001fb5
fffff930
fffffe90
000012dc
00002290
fffffaeb
00003fb5
000004c6
00000461
00002ac4
0000065b
fffff4b0
0000101c
00003fe3
000011c5
ffffe9fd
00001420
000007b3
00000747
fffff49e
fffff2bb
0000149c
fffffa48
000000a6
ffffec89
ffffed7e
0000044b
ffffff22
ffffed44
fffffd98
fffffa72
ffffe554
ffffecad
ffffef28
fffff184
00000708
0000172b
000013e3
fffff029
00000d9e
00000609
00000272
00001cb6
fffffb1f
000002d3
ffffe627
00002784
fffff093
00000cb7
00001ad7
fffffd89
00001c0e
fffffa6f
fffff443
ffffe381
00003537
ffffeb5d
00000b67
fffffe51
fffff456
00000292
000001b8
ffffdcff
ffffff3b
fffff6c9
0000012b
fffff6f1
00000b17
ffffed2a
fffff595
00000886
fffffb8a
00001816
fffff48a
ffffe8e7
fffff972
fffffb85
ffffd98d
0000177b
00000602
00000b68
fffff83a
00000e5f
fffffb77
00001147
00002263
00001c05
0000074b
fffff142
fffffa67
ffffea99
0000123e
fffff3db
ffffeaec
000019e2
00002018
00000eda
fffff8ea
00001124
000005d9
fffff291
ffffe79a
ffffdb76
00000dc0
ffffea0e
000003f5
fffff3d8
00001340
fffff773
00002af3
00000b23
ffffcabc
00001c61
ffffdc3a
00000641
fffffb2f
0000048e
fffff647
0000334a
fffff794
ffffd1ab
00000840
fffffc01
ffffc138
00000dfe
00001160
fffffe89
ffffe299
fffff7ee
00002497
ffffdf33
fffff822
000002a8
fffffd13
fffffcc1
fffff568
fffff8af
0000016d
00001b1c
00001a26
fffffd3d
fffff7a8
0000056f
0000342d
000018df
000016f5
ffffed81
ffffea1c
ffffe424
ffffde6e
00002f3f
fffff8fc
fffff69c
fffffa04
ffffef50
0000159f
00000c4d
00000b7b
ffffebf7
ffffead2
000016ce
fffffbe9
ffffef2a
00001191
ffffe9b9
00001961
fffff62d
000004a9
fffff3dd
fffff6da
00000b75
ffffe925
0000191d
00001190
ffffeee3
ffffeeb1
00002044
00000680
ffffdfe2
000000d2
000015c8
ffffef93
fffffede
00001953
00001543
00001e4f
00000207
00002f43
ffffe4e3
fffffd50
00001359
fffff16a
ffffe958
00000552
0000063e
ffffdc19
00002070
00000e52
ffffdc05
fffff6f4
ffffc97d
fffff22d
fffff03a
00000b42
fffff9e5
fffff0b4
00000b5d
00000232
0000143e
000003f7
fffff9cb
00000210
ffffeed6
fffff6df
fffff73f
fffffed5
00000cb8
00002a4c
0000163e
ffffe209
0000059b
ffffeaf6
00000027
00001045
ffffdcb9
000023aa
fffff57d
ffffd9f1
fffff51f
00002eb5
00001ad0
00000d1d
ffffd8fb
0000274a
0000048b
0000175a
00002973
000003c1
fffff239
000012f3
fffff49f
00002583
fffff295
fffffb5a
ffffe9c1
00000cc6
ffffe624
00002863
00002281
fffffa8e
fffffc47
0000060c
00000496
fffff511
0000238a
ffffee18
ffffff3b
ffffe4df
0000201a
00000432
0000072c
fffffa87
fffffe52
00002f0b
ffffe746
fffffc01
00000194
ffffff2d
ffffc244
ffffff77
000010f2
ffffe5dc
fffff6b5
00000fb8
00000099
00000c14
fffff705
00000f9a
0000130a
00001f88
fffffefd
ffffe9a9
fffff25e
fffffebf
00000f9d
00002d2b
00000dd1
00001230
00000df9
00000f28
ffffe9ca
fffffae5
fffff0f3
000013ad
00000e77
00003966
ffffff28
00000726
ffffdd3b
00000eef
ffffe04e
00001552
ffffe6db
fffffe05
ffffe714
ffffe416
00000268
000008e4
fffffd5d
00001bd7
ffffeb82
ffffe4c7
ffffd1c7
0000056e
fffffc17
00000891
fffff31e
00000bac
fffff092
fffff5bc
ffffec14
fffff4dd
fffffd27
ffffe812
fffff7c8
0000123d
0000302e
00000080
00000721
fffffe1a
00001020
fffffeb3
000007a4
ffffc9cb
0000005b
000010f7
ffffeb73
00000206
ffffe434
000013c1
ffffed09
000010e4
fffffc6a
fffff806
0000119a
00000f0a
ffffe23e
00000ae0
00000da9
ffffe1c6
fffff231
ffffffcc
fffffb14
fffffbc2
00001139
00001b55
fffffa04
fffffc74
00001803
ffffff1d
ffffc471
fffffd9e
ffffd054
ffffea26
ffffe909
0000057e
fffffff9
000023df
00000629
000003b7
fffff3c0
ffffe4be
fffff714
ffffd828
00001c8a
ffffe7d7
ffffefbd
ffffe16b
fffffaf4
00001d3a
000001e9
fffff752
fffffd5d
000000f4
00000ae9
fffffe41
fffffeb7
ffffff3b
00002a9c
000013eb
ffffe005
fffff31c
ffffe732
fffffea7
0000003d
ffffff3d
000006e6
000007d0
fffffb25
fffff5a9
00002023
00000835
fffff5e5
ffffee14
ffffc9c9
ffffeb8c
ffffef17
000006f3
00000209
00000e6f
fffffee5
fffffecc
00001b1e
fffff4e7
fffff6d2
0000091e
000003f1
ffffd154
000016e7
00001048
fffff8e0
ffffec8f
fffff539
fffffbc4
0000067a
000008f4
000002c7
00004b30
00000747
fffff6dc
fffff482
fffffe0d
ffffe82b
0000069d
ffffe287
000013a7
0000129a
000014f8
0000303b
fffffe3d
00000388
fffffb8b
fffff469
fffff875
fffff416
000034fa
fffffad7
fffff31c
fffff7ed
ffffeb7c
fffffae3
fffffa6b
fffff204
ffffe3b4
fffff6b2
fffffeac
fffff5b0
ffffd488
ffffefa2
ffffeb1e
000015a1
fffff498
0000005c
00001f1c
fffff775
fffffb90
0000199d
00000481
ffffc764
ffffde4c
fffffb3b
fffff3cd
ffffef36
ffffe5eb
fffffd1b
ffffe245
00000886
fffff196
ffffd5d9
00000940
000005a3
000009ba
ffffed8f
00000b34
000007f6
0000019c
ffffd3dd
00001d30
ffffdb60
00000a33
0000032d
00000cb5
00000559
ffffe28a
fffff925
fffff64e
00000193
000002fe
ffffd271
00000929
000036c3
0000056b
fffff172
fffff1ae
ffffe10f
00001f40
00000425
fffff39d
0000040b
ffffff36
00000c85
fffff7c3
0000178f
ffffe8b8
0000181f
00001229
0000044d
ffffcef5
fffff99b
fffffdb7
0000039c
fffff9c5
fffffb73
00000414
0000014d
ffffe644
0000034a
ffffe9aa
fffff5d3
ffffebb0
fffff33e
000014eb
ffffeec1
fffff8f3
fffffe4c
000020c9
fffffba5
fffff605
00000418
0000149c
ffffefab
fffffc64
ffffee72
fffffa72
00000564
fffffb89
fffff96f
00001022
fffffe3b
ffffe770
ffffebf8
fffffac2
ffffe22a
fffff957
fffff58c
ffffec0c
00000eb5
000008a8
00000645
ffffdf9e
ffffefa3
fffff28d
00000873
000013b0
00000eb9
00000bc0
fffffc9a
fffffefc
00000ad0
fffff2df
00000025
fffff125
00000f0b
00000131
00000303
fffff6cd
00000e60
00000933
000005e1
fffff6de
00000842
00000706
fffffece
fffffef3
00000ec9
00000a57
fffff924
ffffebd9
00000162
fffff393
00000ccb
00000e15
ffffe965
0000095d
000003dc
fffffc76
0000123e
fffffda6
fffffc83
00000872
ffffeca1
ffffe659
0000004e
00000173
00000166
fffff565
00000f81
fffffa6b
fffff441
000010d0
fffffb9b
ffffeb3e
00000594
fffff6e8
fffff2cd
000000a8
ffffde97
00000150
000001d4
00000f08
ffffee72
fffff6c1
ffffea94
00000a11
ffffee85
00000d58
ffffea47
00000489
ffffea63
0000022c
0000107d
ffffee67
00000296
fffff169
00000369
00000063
00000434
fffffdc4
fffff621
fffff42f
00000ccb
fffff6df
fffff83b
00000a43
00001836
00000a16
fffffd91
000002b0
00000e6d
ffffe536
ffffe97d
000009db
fffffc2a
ffffe8d9
00000857
00000af1
00000a47
00000e00
0000034d
000015b1
fffff12a
00001207
000006b0
ffffef3b
fffffc47
ffffff11
000000ea
00000362
ffffe405
ffffff73
fffffaa4
00000a84
000000b1
00001c9b
fffffa39
000002b1
000008ae
00000582
00000b5a
0000151e
ffffed6f
fffff6ed
fffff82c
ffffff3c
ffffd930
00000124
fffff5df
0000062f
000003bd
ffffe692
fffff752
0000048e
00001bef
ffffff59
00000b0f
000007f2
00000c12
00000319
00000eb8
fffff03b
00000557
ffffec78
00000f71
fffffc26
fffffaeb
fffff917
0000034e
00000982
fffff2d2
fffffc2a
ffffe94e
ffffe6e2
ffffff5f
000010bf
fffffa2b
00000696
ffffef3d
000007d8
00000b91
fffff374
ffffe414
fffffc79
0000125b
fffffdd1
00000c24
00000bcb
ffffeaf2
00000811
00000da3
00000d1d
fffff5b6
ffffeed3
fffffbb5
fffff7b6
00000408
fffff78b
00001603
00000677
000001dc
000004ac
ffffd830
00000804
fffff4e3
ffffe056
000004a8
fffff65c
ffffe50d
ffffd0f7
fffff621
0000135f
ffffe584
ffffffe5
00001fc9
ffffef4d
ffffe546
000012f3
000012ba
00000da7
fffff0b6
fffffb1a
00000d24
fffffa63
00001250
fffff5a5
ffffef65
00000596
ffffed3b
000018ab
0000039d
0000001c
ffffe4b9
000010a7
00000643
000004ae
000014e1
fffffc43
000004d6
00000192
fffff8d0
00001eb9
fffff901
00000e5c
00001fb6
0000073e
000016ee
00001d05
fffff155
00000621
000009e5
fffff3f3
000006d1
00000185
fffff854
fffffaa9
fffff69d
00001a7a
00000488
fffff40d
000006d3
00000215
fffff9b0
ffffda50
00000654
ffffe85f
fffffdcc
ffffdced
fffff2ab
0000210a
0000028b
ffffef2f
00000426
00000c3c
ffffc819
fffff365
ffffeee9
fffff704
000007b7
fffffc00
fffff924
fffff78e
fffffb6d
ffffe4fb
ffffeca7
0000083a
000001a9
ffffe971
fffff5de
0000074e
ffffdf39
00000d0c
ffffeef5
00000a21
fffff5a4
fffff4f5
ffffd6af
00001164
ffffdebf
ffffedff
00001657
000003e0
000013c6
fffffc81
ffffff2e
ffffe8fc
00000a38
00000f62
00000f2c
00001a3e
fffff3d9
0000178d
000018f4
fffff753
00000cf3
fffff3ae
ffffe598
ffffeb8a
000006e9
ffffe7ed
ffffefe3
00000672
00000eea
00000f00
ffffef91
0000074e
ffffdfe2
00000071
fffff668
fffff33a
ffffe92d
00000016
fffff867
fffffddf
fffff050
fffffb9e
fffff114
ffffff8a
fffff844
fffffb9d
0000088f
000003a7
00000acb
00000a87
fffffffc
00000c7a
fffff198
ffffebfd
ffffe5a7
fffff862
00000810
fffffcd2
000014b3
000012dd
00002a83
ffffff11
0000195a
fffff0d5
0000085e
ffffec80
000005b1
00000643
0000196b
ffffeef7
fffff17d
00000005
00000055
0000041e
ffffed59
00000579
00000807
fffff043
ffffe304
00001873
fffff944
ffffe9a6
ffffec0b
ffffebe9
00000b5e
00000e20
000005f3
fffff570
fffff16d
ffffe020
00000c53
00000545
fffffb6c
000003ef
00000dbe
000012d8
fffff2dc
fffffc4f
fffffc7d
00000c42
ffffe3a9
fffff412
00000a87
00000477
fffff0ea
fffff2f9
fffffc86
ffffe6ae
000001af
00001075
fffffea4
ffffe604
ffffdfa1
ffffe6b2
00000061
fffffa6f
fffff003
ffffeb76
fffffb7a
00001e3d
ffffc86b
ffffff35
fffff21e
00000f74
00000057
00000950
00000571
ffffd2cb
00000027
fffff2c5
00000a0b
00000919
ffffebe5
000013c5
fffff7e8
fffff2ac
fffff48b
000019d1
fffff26d
000006e3
00000e97
0000205f
00000d91
fffff3ae
00000b6b
00000cf8
ffffec40
ffffe226
ffffeaeb
ffffff25
00002324
00000819
00000d7a
ffffecc6
00000a3b
00000ec9
ffffe424
fffff2a7
ffffdf50
ffffcf1d
ffffcb21
00000c5d
00000688
0000000f
fffff32f
00001efe
ffffeeb3
fffffd8d
0000002f
ffffe894
ffffee0a
0000098b
00000740
0000156e
fffffede
fffffb81
00000c28
0000083d
fffff642
fffff276
ffffff2e
00000ed7
ffffef17
ffffff59
00000ac3
fffffc40
fffff48a
00002d5c
ffffebd4
00001c7b
00000b6c
00000ab8
00000816
000000b6
ffffef88
fffff8ea
00000d81
000002c3
ffffd9a0
000018e4
000009f5
ffffd239
fffff260
00000f20
00000114
fffff967
ffffefc8
ffffd727
000002bb
fffff976
fffff903
00001ce7
ffffeb3f
fffff03f
fffffb4a
fffff581
00000452
000007c5
00000510
00000a6e
fffffd54
fffffcf2
00000a47
00000814
00000978
fffff992
00000f66
ffffe2b0
fffff9eb
fffff328
fffff4b4
fffffce9
ffffed49
00000561
00000010
000019b9
00001b03
fffffdd4
fffff6df
fffff77e
fffffc26
00000132
ffffffa5
fffff730
ffffeb7c
fffff3c5
fffff655
000002b3
ffffeedc
fffff9bd
00000dd1
0000129e
fffff4a6
fffff989
fffff212
fffff908
0000118e
fffffc45
00000399
000010c4
ffffffad
000002c9
fffffd24
ffffeb05
fffffb6c
fffff7f4
fffff0fe
00001c71
fffffe4e
fffffd8c
000007ca
fffff7df
ffffd0e0
ffffd9ec
000011e9
00000dff
ffffed42
00000668
fffff07a
ffffed1b
ffffc7d7
fffff2e6
0000020a
fffff261
fffff784
ffffdcbb
fffff805
fffffe0d
00000cd2
00002303
ffffeb5a
fffff6f4
fffffe77
000006ff
000004bb
fffffb9c
fffffac2
fffff9c5
00001599
ffffe726
ffffff07
000003c7
00001643
ffffede9
000020b1
fffffca8
ffffe4b8
ffffe721
000019fa
00001295
fffff2da
00000600
00000561
00000196
ffffe538
fffffb0a
00000cbc
fffffcf7
ffffff58
fffffe46
fffff5d5
fffff14c
00000128
fffff457
00001317
fffffaa0
00000261
ffffd6a3
000003ea
00001524
ffffefaf
fffffce9
fffffba0
ffffea35
00000c37
0000120e
ffffe2ef
000009db
ffffecdf
fffff8fb
00000aa5
fffff770
ffffe2bc
000000b5
00001460
ffffe184
fffff47a
ffffe50d
fffffa8c
00001411
fffffcc0
ffffe9ab
000006c4
000012ea
ffffdb25
fffff4f5
00000dfe
00000854
00001487
ffffd688
fffffa61
00001b7b
ffffe61c
00000163
ffffe884
0000029a
00000072
ffffe246
ffffafcd
00000c8b
fffffc9c
000010ce
00001093
ffffea8a
000007ed
00000a04
00000bbd
00001be8
0000028f
fffff1b8
fffff953
ffffdd9e
00000079
00001ce4
ffffd5bd
000008a0
fffff3cb
00001410
ffffe1a8
000010d7
00001420
ffffbeca
ffffd4e7
0000085f
00000d4e
fffff498
fffffe28
fffff20a
ffffdc90
00001526
00001ee1
00000af1
ffffdf0b
00000217
fffffac2
ffffdd3f
fffff3ab
fffffdf3
00000393
fffff2a2
fffffea6
ffffdb88
ffffe13a
fffffeaf
fffff63f
fffff46b
fffffd8b
ffffe853
ffffef3e
00000217
000021e3
00000d84
ffffed6c
fffffd11
fffff84f
fffffbde
fffffd96
000004b1
00001067
fffffe62
0000150d
00000912
0000051f
00000171
ffffd4cf
000002f4
ffffebb1
00000d44
ffffef03
fffff3b4
00000698
ffffd811
00001a6d
ffffff33
fffff495
00000bf8
fffff2f8
fffff0a4
ffffe0e0
fffff671
000027d8
ffffecbf
00001a9d
fffff30e
ffffe866
fffff2e2
fffff3cf
00000888
fffff109
fffffba4
00001208
ffffeb0f
fffffac0
ffffd6f2
fffff190
00000fb6
fffff842
fffffaa5
00000b5f
000015c4
00000e8f
fffffc3d
fffffbcc
ffffd683
00000352
000015c3
000004f4
00000e40
0000097f
ffffe616
000002fa
00000cdc
0000024a
ffffea7b
fffff679
00002a38
0000048e
ffffd393
ffffebe9
000014ce
00000172
fffffb9f
00001f9f
fffffba2
00000a9f
ffffe81c
00001206
fffff1f3
000004d9
000025e1
000007ab
00000ce2
000006fe
fffffb83
00000cd4
ffffe9a4
000007a1
fffffc13
fffff5f3
0000237f
00000c3d
00000e9c
fffffa59
00002389
fffffec3
fffff9e2
00000a84
fffff3e4
fffffdf5
000023d7
0000079d
fffff3e3
fffffb8d
0000086f
ffffd1e4
ffffffe7
ffffe59d
fffff565
ffffcf51
ffffdf97
ffffe432
fffff97a
000015c9
ffffed8e
fffff813
00000e01
00000648
ffffeb3b
000005ec
000000c8
000002f1
ffffd740
fffff3ee
000005ad
fffff332
00000af4
00000766
00000ddb
00000945
00000946
ffffec9d
000014b1
fffff883
ffffe789
00000a4e
00000e4f
00000610
00000aa5
000003c8
000000e6
fffffb33
fffffeb4
000027de
00000244
fffffbc7
ffffd3dc
fffffc9c
fffff32a
ffffe4f2
000011ea
fffff059
000009bc
ffffe6fe
fffff444
fffff425
ffffee3c
fffff9b6
ffffeec6
fffff40f
00000118
00000d92
00000d03
000015b9
0000006c
fffffb33
000013c3
00000f4f
00000cc2
000005f5
0000019d
00000bc6
00000a99
000000a7
000013a4
fffff6a8
00002f2e
fffffaa0
00000bf5
00000292
ffffff09
00000e08
00000ddb
ffffe4a6
fffff938
000006c1
fffff3cc
ffffe672
000005a4
000013ae
ffffe8f7
fffff677
0000191d
fffffae3
ffffeb1e
ffffe347
0000118f
fffffe87
fffff0c5
fffffbb6
000018d1
ffffd6d0
00001c41
00000868
00000b0d
fffff8f9
ffffffd3
00000d18
fffff789
000014b0
00000931
0000145a
fffff5dd
fffffab6
000025aa
00000def
fffffba2
00000804
fffff533
0000000a
00000a97
fffffbcf
000004f4
ffffe922
00000404
fffff9f4
fffff774
0000083a
fffff4a1
fffff4e5
00000b7d
ffffea7b
fffff702
fffff990
fffffaed
ffffeb80
0000118b
fffff4b7
fffff89d
ffffeb4c
000013d9
ffffeb79
fffff8cd
00000850
ffffe7d5
fffff778
fffff715
ffffff85
00000fe9
fffffdf8
ffffdf0f
0000013b
00000798
ffffd9a7
fffff066
fffffdf1
0000011e
00001307
0000070b
fffff70d
00000ea4
fffff063
fffff81f
00000603
ffffe6af
00000d88
fffffced
00000679
fffffac1
0000135e
fffff705
ffffe15b
fffff1a2
fffffbfa
fffffc62
ffffe8a8
fffffb24
0000037d
00001c28
fffff5e4
fffff0ad
ffffec74
ffffff15
00001f61
fffff255
fffff443
00000c3a
0000259f
00001816
fffffc23
ffffff10
00001551
ffffef1c
000012fd
fffffd56
fffffe6a
fffff67b
00000268
ffffffaa
ffffe7a2
000016fd
fffffcc2
ffffff09
0000039c
000017e3
000017c3
00000f34
fffff211
fffffcfc
00000384
000003eb
ffffca9c
fffff13d
ffffffaa
000012c7
fffff24f
000024e6
ffffd3ae
ffffdc65
00001c19
fffff732
ffffef0b
00000dc4
ffffffa0
ffffda78
000001cc
00001983
00000fc3
fffff423
ffffdc4c
ffffff5d
00000647
ffffd95b
00000c26
00001d90
fffffed3
00001885
00002274
000003c9
fffffbc2
ffffef7e
ffffe0d8
00001afe
ffffea51
0000047a
fffffdfb
ffffe4ac
ffffed29
000006c0
fffffd6c
00000217
00000f23
fffff0cc
000012d5
ffffc6f2
ffffe5c5
ffffe74b
000022d4
00000b5d
00000bd1
fffff0e4
000018b3
ffffdb29
000010d9
00000d6a
fffffc7c
fffff648
ffffea8e
00000d28
fffffc24
ffffc5cf
ffffff97
00000b52
ffffff3a
00000d8a
0000119b
000021a5
0000199c
000009ac
0000091f
ffffeb2a
00000d6d
ffffe0ba
fffffe56
00001dc9
0000367e
ffffff13
fffff7f5
ffffd440
fffff88e
ffffe647
00000d5a
ffffdc08
fffff79c
000012db
000016be
ffffe023
ffffed33
fffff398
ffffff3c
ffffdb43
fffff538
00000c63
fffffa42
ffffc5fc
00000cce
fffffa71
fffff205
ffffed82
0000086a
000024e1
fffff2ad
ffffefd4
ffffff35
ffffefc5
ffffee7b
ffffef30
fffffc36
0000100c
00001019
fffff299
00000c75
ffffee4a
fffffb4b
fffff513
fffff95c
fffff404
fffff433
00000898
fffffa0d
ffffe85f
ffffe436
ffffdd9f
00000d26
000005c3
ffffffc8
0000092a
00002b8b
00000068
0000186a
fffff0f9
fffffe6d
000004b4
00000d68
00000586
00001802
000001d8
ffffdf7e
ffffd12a
000010b4
fffffd60
0000077e
000015cd
00001824
ffffed85
ffffd701
00000052
00003281
fffff80a
000002d4
fffff98e
00001335
ffffff7a
fffffbe6
00000fae
ffffeb02
ffffe7cf
fffffd80
0000168e
00000866
0000104b
000030e5
00000592
fffff930
000006bb
000021c4
ffffedfa
fffff5cc
00000ce1
0000005b
0000043d
00000a0b
ffffecf1
00000a04
00000862
0000274b
00000649
00000d83
fffff6ac
ffffd775
fffffc28
000028a3
ffffff3e
ffffed3c
00000582
000021f6
fffffd1f
ffffddea
fffffd4c
ffffe90f
00000251
fffff99e
00001e2b
00001209
00000507
fffff14a
000020d2
ffffd6e3
ffffe919
0000256f
000005a5
ffffef14
ffffe514
fffffffa
000004ac
00000c96
00000f12
fffff334
ffffed4b
fffff88a
ffffdc43
ffffdd8c
00000152
fffff735
fffff02a
00001ee2
fffff166
fffffbc7
fffff5aa
fffffda1
fffff2bb
00001540
00000ec4
fffff90d
00001147
00001098
fffffdef
ffffe0c7
ffffdf7f
000000d9
ffffd4e1
ffffe7ce
fffff366
000023eb
ffffef2b
ffffd835
fffff681
fffff9af
ffffe550
ffffd998
ffffffc2
ffffe286
ffffe28e
ffffdeb1
00000e6e
000023aa
00001d92
fffffcb4
ffffebc3
00000d18
00001db6
000008c3
ffffef8a
ffffffb6
fffff338
fffffb7e
fffffa8e
ffffecfa
00000fdc
ffffe1ab
ffffef75
fffff562
000025de
fffffef5
fffffdbd
fffffca9
fffff79e
ffffeb73
0000107c
000008a0
00000dd7
fffff7b9
00000ebc
00000453
ffffeae6
00002166
ffffe0e8
ffffe6c6
ffffe968
ffffd67d
fffff70a
000001da
0000056a
000025e2
fffff3c1
fffffdcc
0000057d
ffffee4a
00001d26
ffffdb68
00000bca
fffffcf2
fffffa59
fffffe2d
fffffbe9
00001e58
fffff716
0000042e
fffffcd0
00000eb9
ffffff2a
00000e24
fffff3dc
ffffebf6
00002590
ffffe2fa
000004b8
fffffd54
fffffb5d
00000168
fffff062
fffff27f
ffffe991
fffffeb7
0000054b
fffffd31
000009a1
fffff802
fffffbb9
fffff023
00000ad9
fffff8c1
0000047e
ffffddb4
00000478
000017f9
00000165
fffff282
000010ac
000006aa
fffff7af
fffff1c9
fffffb93
fffffa1b
ffffcfc5
fffffe43
000002a0
ffffd1df
fffffe86
ffffe21c
00000835
00000c0a
0000092c
ffffe7f4
fffffb12
00000246
00000dfa
fffffb89
fffffe95
fffff211
fffff181
fffffe5f
ffffe603
00000bec
0000078e
00000513
ffffff41
fffff0b3
00000c12
000015ba
00000543
00000020
fffff90f
00000978
00000b3f
ffffce77
ffffe870
00000f22
000017a7
00002056
fffffc5c
000009e9
00002495
ffffee71
00000457
0000205f
00000585
00000071
ffffdbf6
fffffcc0
fffffb94
00000760
0000229c
fffff5a9
fffff47d
ffffe02f
00000f04
fffffc67
ffffe97d
fffff41d
fffffef5
fffffca6
fffff9e4
fffffacf
00001238
00000146
0000121f
00000692
fffffd05
fffffab2
00000ce6
fffffede
0000132b
fffff995
00000be7
000023f6
fffff3fc
00000199
00000102
00000858
fffffcd2
fffffd24
000014cd
00002be2
ffffedf0
0000095a
00001f0a
ffffd773
ffffd5ee
0000018c
0000011c
00000e38
ffffffd0
fffffcbd
0000095f
fffffaef
ffffe1a7
ffffebf1
0000035e
ffffdd85
00001bf9
0000017a
000004ca
00003374
00000273
fffff4e1
fffffd2f
00001453
ffffe88a
0000028c
fffff652
fffff748
00002369
00001b21
000001e7
00000e93
00001048
fffff746
000011bc
000001ad
000014c7
fffffa04
000028f1
000005e3
ffffd320
ffffe1e5
0000052c
0000194d
ffffff7b
00000430
fffffc51
0000040a
00000697
0000086c
fffff844
00002d81
fffff1c6
00000644
00000308
fffffe00
ffffebe7
ffffe286
ffffe168
fffffa52
00000e54
fffff763
00000252
0000292a
00003623
000017ad
000013d4
fffffd2f
00000d90
00000eb0
fffff67a
000001eb
fffffa1f
00001074
000016b4
fffff165
00000270
fffffbed
000005c0
ffffe4d2
00001566
ffffe31f
000001a6
ffffe0c8
000008f9
0000100a
00001100
00000335
00003c7b
000015ec
ffffdf46
0000037e
fffff91a
ffffe4c2
fffff028
ffffff28
00001dee
00001046
fffffaa2
00000cfc
ffffeac5
000012ea
fffffb71
000003b2
fffffd65
00001419
0000114d
ffffff55
fffffd84
00000355
ffffdd43
fffffbab
0000090b
00000407
fffff455
fffff165
fffffa61
fffff664
0000082f
ffffeddf
00000072
ffffe6ca
fffffeb1
ffffe448
fffffb27
fffff450
fffff7b6
00001471
ffffeb89
fffff5e5
00000333
0000140d
00002425
ffffec49
fffff03e
000014c5
ffffe35b
fffff268
0000034f
0000294d
ffffe763
00001aab
fffffff4
ffffed4c
fffff3ba
fffffe9e
00000782
00001079
00001843
ffffdb83
00003f16
000011bc
00000825
ffffdb4a
fffff7e8
fffff58b
ffffff24
ffffcbec
ffffea6c
ffffef7d
ffffd9fe
000025d3
ffffe230
fffffc2a
000013cd
00001278
000002ab
000003c8
ffffe8a7
00001563
ffffe2f4
ffffffca
ffffec50
fffff4d4
00000dc2
fffff51b
ffffed7d
00000c1f
ffffee34
fffffa4e
fffffca8
fffff9c0
ffffffae
00001075
ffffd39d
ffffdb37
00000e24
fffffaaf
ffffe985
00000d3e
00001dfd
ffffedac
0000073c
0000321e
00001498
00000d8a
000010d8
ffffdb70
ffffe0b9
fffffa72
00000b8d
ffffec6c
fffff93a
fffff49d
ffffe5e3
00001d50
ffffe960
000001c0
00000918
ffffea67
000022fd
fffffcda
000032d8
00001e71
ffffd557
fffff1b8
00002878
000009b8
0000235a
fffff046
00000bd8
ffffef0e
ffffd87e
fffff118
ffffead4
ffffed7c
000012d0
fffff516
ffffddaf
0000111b
fffff6e6
fffff7b1
00000fd7
00001064
000002f1
00000d04
000002a3
0000142b
fffffa1e
000017c8
fffff805
fffff4fc
fffffcd6
0000054a
ffffeadb
fffffbd3
000011e9
fffff8d7
00001302
0000011b
ffffeed0
fffff46b
0000189a
00000818
00000278
ffffed8a
fffffdf8
00001338
fffff30a
fffff2ba
00001b03
ffffdb1d
00000241
ffffffd6
00001248
ffffef82
fffffe1f
00000106
ffffd294
00001d09
fffff0c1
fffffdba
fffff9a0
00000193
fffff767
00001c1c
0000028f
fffffad7
ffffe330
00001c89
fffff910
00000477
fffff88c
ffffed52
fffff937
0000197d
fffff663
00001bc4
00000c01
0000014e
ffffecef
ffffe492
ffffe909
fffffdf9
ffffbb0d
ffffffbc
ffffffa8
ffffeceb
ffffe8b3
ffffee0f
ffffee93
00001ee3
ffffe701
00002491
ffffff79
fffff330
000010a6
0000207b
fffffbc3
fffff1f0
fffff7b6
ffffef16
fffff9fe
ffffecad
fffff1d1
ffffcfbf
00001000
000009f6
00000ec2
00001394
fffff282
ffffe655
fffff6d0
fffff4d1
ffffed62
000001fa
fffffcb2
ffffe801
ffffd56c
fffff434
ffffef2c
ffffeeac
ffffd483
00000aae
0000097b
ffffd995
00001010
00001f3c
fffff018
ffffec53
fffff339
000005eb
0000097d
0000095c
000021c6
00002230
00002d3f
fffffc5b
000016d5
fffff77e
fffff8a2
ffffff9b
ffffec8a
000013aa
ffffd961
00000288
00000c51
fffffa38
0000039e
ffffe16e
fffff94d
ffffd8aa
fffff119
ffffeb8c
00001bd8
000000d1
fffff18f
00000493
ffffe1fb
00001483
fffffd40
fffff55d
fffff9db
ffffec86
fffffeaf
00000943
00000396
000026fd
ffffed21
fffffd6d
00000762
0000060a
ffffed90
ffffd5bc
ffffdedf
ffffe4c7
000012d2
fffff215
000003cd
fffff6e4
ffffe97c
fffffdf8
0000098d
00000913
ffffdbbd
fffff75c
ffffebfd
000003b8
00002edf
ffffefcd
00000e0b
fffff026
00000ee4
fffff8de
ffffe84d
fffff223
000007cc
ffffe34b
000001f4
ffffd65a
00000144
ffffe0e7
00002e89
00002c24
ffffe504
fffff78d
fffff23d
0000109a
fffff179
00000d44
00001c95
fffff0d6
00000f28
ffffdef2
0000131e
ffffe804
00000a1f
ffffde84
fffffc9a
ffffebd9
fffff2f4
00001296
fffffc9a
ffffe75d
ffffe1e0
0000038c
fffff3ee
000031f2
0000278b
00000cf6
ffffef66
fffff820
fffffdd7
fffff6b8
00001fd8
ffffe9ea
fffff2ce
fffffef6
000009e6
ffffedd7
ffffa91b
00000fe9
ffffe718
ffffeb0c
00000cc8
ffffff21
0000101c
000026fe
00000f6a
fffff952
000024a7
fffff68c
0000016d
fffff35b
0000285c
ffffd5fb
fffffa91
fffffbcf
fffff257
ffffe66c
fffff338
ffffe9ec
00003345
ffffcfd9
00000bcf
fffffee3
000002cd
ffffb11e
ffffe515
ffffff8a
00000171
ffffee7e
000014dc
ffffe1ee
fffffe4c
000014de
00002755
ffffdde0
000001df
00000c80
00001f6d
fffffbad
fffffe65
0000049f
fffff7a8
00001ab7
ffffd5db
fffff9ab
ffffe29c
fffffe63
ffffde1b
00000604
fffffd86
0000203e
000011a5
00000ca6
fffffaab
00001ac4
000024d6
00001c71
ffffb15c
fffff010
fffffb00
ffffe4de
00001fad
0000358f
00002781
fffffa84
000002f2
ffffe67e
000009f6
fffff9cb
00000490
ffffdf6e
ffffdce8
ffffedda
ffffeed7
0000231b
00001048
fffff6ff
0000099f
fffff0fa
00003716
fffff67e
ffffe8fa
fffff0d1
00001c46
fffff869
ffffdbad
00003164
000006d3
fffffeb7
00001e9e
00001546
fffff250
fffffa84
fffff7cd
ffffe083
000018b3
000001ff
fffffd61
ffffee92
ffffd43b
00000148
fffff9cb
ffffe589
fffffa06
00000a5b
fffffb93
000013bb
ffffd663
ffffe626
ffffe822
00000698
ffffe16d
00000c31
ffffe796
ffffcc7f
fffffada
fffffb64
0000052c
fffff4b1
fffff285
0000038e
00001281
fffff52e
00001584
ffffdfdc
00000154
00003384
00000e54
ffffed32
fffff1a4
ffffe5d7
000010d4
00001e1d
0000281f
000011d1
00000dd0
000018d2
000013d4
ffffb96b
fffffacf
00000c79
00000ab9
ffffeca0
fffffe05
ffffe4de
00004645
000003ae
00000080
fffffb09
ffffd068
000001e6
00000071
00001acf
00000e0a
00000773
fffff940
00001124
fffff055
00000280
000018a9
00000628
00000680
fffff20d
000004b8
000005f8
00000a20
00000672
000007ac
00000c41
00000ebe
00000ce1
000004ae
fffff6cc
0000102a
fffff1e5
00001b92
0000123e
ffffec54
ffffff59
fffffdb5
ffffd54e
fffff984
000002f0
ffffd9e9
00001394
fffff564
000015b1
0000027f
00001244
fffff614
ffffd480
ffffe8a1
fffffb2c
0000110b
fffffcd6
fffffde5
fffffaec
ffffebfd
fffff73c
000009b5
fffff964
00000354
ffffebd4
fffffaae
fffffa2a
ffffcf35
00000a72
ffffedd6
fffff4ac
00000b8c
ffffe982
00000a5f
fffff9ce
00000382
ffffff2e
fffffb1a
000005d8
fffff176
fffffd01
ffffef8d
fffff7b3
00001970
000008ef
fffff940
0000229e
00000217
fffffb21
fffff4c2
00000efe
0000082c
fffff720
0000163e
0000014e
000003b6
fffff2af
fffffa70
0000046e
000015d1
000006ff
ffffffc0
fffffba3
000002bb
fffff7cd
00000cae
ffffff44
00000f73
ffffee63
fffffe54
0000077a
fffff741
ffffe8a6
0000121c
00000c42
0000057e
fffffce0
0000117b
00001540
0000146b
000004d6
ffffed56
fffff63b
00000177
00001b7b
fffff4c3
000002fe
fffff406
00000e38
00000a20
0000092e
fffffd0a
fffffa9a
ffffff0f
ffffd940
00000b09
000005fa
0000107e
00001dee
ffffe458
000009ab
fffffcf0
fffff3a6
00000035
ffffe82d
ffffe867
fffff5ae
000004f6
00000e22
000013ff
fffffb2d
000001e6
ffffe04f
fffff0c1
fffff045
fffff33e
fffff61a
ffffe6e7
ffffe2cd
fffff34b
ffffffe6
000005ef
fffffb4b
00001192
fffff577
000010f6
fffff686
fffff96a
fffffecd
00000204
fffffc1a
ffffea6f
fffff66b
000012ac
0000044d
fffffbfe
00001c61
ffffe0cd
fffff09f
fffffee1
00001579
ffffe410
000010fb
00000d98
ffffe6cc
00000802
000004ff
00000abe
00000a66
fffff0ca
00001821
ffffe37d
000001b0
fffffcc5
fffff3dd
ffffe496
ffffff49
fffffb06
ffffff1b
0000021f
000002ae
0000163c
fffff4d0
00000c0e
fffff74d
fffffbf2
fffffed5
00001f59
ffffef6f
ffffe427
fffffce6
fffff0e3
fffff714
000006a8
00000943
00000092
ffffe4aa
fffff66c
ffffebd3
ffffe1ec
00003059
0000186d
0000023d
0000124b
fffffe38
000004af
fffff4d2
ffffdd25
ffffe75a
ffffc917
00000120
fffffb33
ffffe00f
fffffbb7
fffff879
000006d0
000002e4
fffff8bf
fffffb19
000001de
00001026
ffffe07b
00000495
ffffe8a0
00000fad
0000258c
fffff877
00000be4
0000198d
00001073
ffffed77
ffffeced
fffff2c3
fffff739
fffff9a0
fffffa56
ffffe33f
00001231
00000451
000004b6
ffffede4
ffffe6a2
00000373
fffff89e
ffffe54e
fffffc92
00000d6b
000014be
00000fcc
00000ac8
fffff5be
00000730
fffff24b
fffff66b
ffffff3d
fffff59b
00000adc
ffffedbe
0000071d
ffffffe2
00000311
000005c1
0000049c
00000d6a
00001c80
0000100a
00000c27
00000518
000003ea
ffffedf8
ffffd0a5
fffffd07
fffffd01
00000320
000009be
fffffa11
fffffe77
fffffab2
fffff557
ffffe972
ffffe522
00000530
fffff708
ffffff99
fffffd9f
fffff8c5
fffffd0a
ffffef59
00000c4d
00001473
fffffb00
00000b1d
fffff795
0000064b
fffff604
00000492
fffff3a0
0000005a
0000094c
ffffd57d
fffff60e
00001147
ffffe245
00001347
fffff77e
00001771
000003a3
00000dc6
ffffefa0
fffff8a8
00000157
00000628
ffffe220
fffff05c
000013f9
00001395
0000095e
0000218a
00000267
00000e3b
00000b38
fffffa20
ffffec49
0000115f
fffff529
fffff34a
ffffed21
fffffcaf
000002dc
fffff781
fffffd08
ffffff33
00000d6a
0000003f
fffffa67
0000111f
ffffec10
00000768
000007fe
fffffbbe
fffffe85
0000016e
fffffe54
00000695
00000ac7
ffffe260
0000019f
fffff3b5
fffff5d2
00001298
00001752
00000ef5
ffffe849
fffff0ff
00001269
fffffa4f
00001b03
ffffd8eb
fffffed0
fffff497
00000936
fffff6e4
00000cf1
00002fef
00001110
ffffe30f
00000e06
ffffff56
00000ad3
000007f9
00000060
fffffb2d
00001ae3
00001bec
fffff0e3
000011e5
ffffec63
000015aa
fffffac3
0000040b
00001b4e
000004e2
0000033e
fffffc47
0000166f
00000928
000003d6
00000aeb
fffff988
000006fb
fffff399
00000a32
ffffe7a1
000002ba
000014db
fffff50d
fffff7d0
000001f3
000008da
00000704
0000086d
fffff838
fffffaaa
ffffe1e9
000018b0
00000cf2
00000ad8
fffff72f
fffff0e8
fffffe6c
000025ce
0000046e
0000092e
fffff376
00000f20
ffffe5a3
000010c2
fffff1eb
ffffe0db
fffff110
00000692
fffffa0d
fffffe3a
fffff596
ffffec91
00000db7
fffffca3
0000013e
fffffdf5
ffffd8ec
fffff7f4
fffff1e4
00000704
ffffdee8
fffff7b9
00001916
fffff793
fffff391
fffff15e
ffffe571
ffffdf21
fffff03d
ffffeecf
fffff15a
00000917
fffff60c
00000332
000010b5
ffffed2b
fffff115
ffffc56f
fffff87e
fffff89a
ffffe30d
0000154b
fffffa4c
fffff926
00000595
fffff6e1
fffffded
000013a6
fffff1c9
fffff5fc
00001021
ffffef30
ffffecb8
fffff2ab
ffffe065
ffffea6f
000006bd
fffffe78
0000106c
fffff5d0
00001cf8
00000ee6
00000563
00000863
fffff886
fffff66e
0000250d
fffff258
fffff89b
000019d4
0000061e
ffffeea3
000000ab
ffffd2f8
00000fa4
fffff1bd
ffffefe7
00001716
00000ed1
ffffd70e
fffff5d7
00000a72
fffffd53
fffff6bc
fffff1d3
00001df4
0000005d
00000505
0000160c
ffffe504
fffff90b
ffffebea
fffffc7a
ffffea3c
fffff850
ffffeff6
fffffde9
00000a5d
fffff6f0
0000139f
fffff8bb
ffffef00
000005ba
00001603
ffffff90
00000868
fffff9e9
00000273
000002ec
000000f2
fffff18f
000006da
ffffecc9
0000118a
fffff2ed
fffffe7c
fffff1a7
0000002c
00000a7b
000000bd
fffff092
ffffe03f
00000667
000012a5
00000357
00000aaa
fffffc12
000002d3
fffffeed
fffff5b8
0000066d
000004c4
00000458
fffffa6a
000008c9
ffffecc9
ffffe456
fffff07e
fffff2fe
ffffe253
fffff710
ffffdde5
00000024
000015df
000019bc
fffffdfb
fffff028
ffffff74
00000e9b
00000453
ffffff78
000011da
0000008f
ffffeda2
00000ae1
fffff4eb
fffffdf3
0000111d
fffff2e3
fffff0ab
fffff36d
00000d68
fffff4a0
fffffd3b
ffffdff8
00000485
ffffeef7
fffff210
ffffe261
000000a4
ffffece7
ffffdb00
000017ae
ffffe41a
00000c23
000002a4
00000301
ffffed93
000003f7
fffff620
fffffe33
ffffedf4
00000504
0000084f
00000045
000003c9
fffff2a2
0000045e
ffffff59
000027d6
000001f9
000013a7
00000b72
fffffd42
000011f5
000008dd
ffffdcb4
000005be
ffffdf78
ffffde5c
00000b54
fffff57c
00001bea
000000ce
fffff7bc
000004ad
fffffd5b
fffffe7b
ffffbf10
00000be2
ffffebd1
ffffee92
000017c6
00000e7c
000010fa
00001e46
000006b9
0000104c
00000b21
ffffe57f
000011ad
ffffe91c
0000006c
00000ef5
0000011a
fffffb54
00002845
ffffd519
ffffefb5
fffffbe8
fffff990
000018ce
fffffd2f
000003fc
ffffeb7e
00000293
00000644
fffff7d6
ffffffa3
ffffeee5
000015e9
ffffd28f
ffffd5d2
fffff0b7
00001835
00001098
fffffcae
fffffec3
fffff2b6
000015ab
0000256a
00000ef5
0000192a
ffffefef
ffffed04
ffffe9fe
fffff346
00001141
00002297
00005209
0000054a
ffffff34
ffffe0cb
fffff26c
fffffec0
fffff79e
000014b0
fffffa0d
ffffe8ff
00000efc
ffffda2d
00001d34
fffff428
00000e53
fffff437
fffff4c9
ffffe315
00002d04
000003e7
fffff691
fffff17f
00000603
000014e8
00001696
000011a0
fffff5d6
ffffecd4
0000063b
00001258
0000068c
00002821
ffffef28
0000184c
ffffed44
000015d4
00000b30
ffffee28
0000257e
00004fe3
00003029
ffffe7e4
ffffe201
fffff0aa
00003664
fffff68a
fffff512
fffff966
00000f33
0000267f
000003b0
000007ec
000003ce
fffffbcf
fffffd4d
fffffa47
fffffe22
ffffe5a3
00001e7d
ffffdee3
fffffb4a
ffffdb71
fffff184
00001515
ffffed88
000003c8
fffffded
00000048
00000cd3
00001d7c
ffffe769
ffffef03
ffffee59
000018b8
000002a8
fffff43f
ffffd444
ffffe26a
0000195e
fffff1e2
fffffe12
00000e23
ffffdcd8
ffffdaf8
00000afb
ffffe5a7
fffffa2b
fffff3f7
00001ca2
fffff4dc
fffffa7a
fffff13d
ffffc069
0000216f
ffffd42f
00000b25
00000dc8
00001746
fffffe09
ffffffc2
ffffed68
fffffaa8
ffffbbcd
ffffe699
fffff977
00000ef1
0000085e
ffffef5f
ffffd4f5
ffffef98
ffffff42
fffff97b
00003c42
ffffde66
ffffed80
0000080f
00000e0a
00001359
fffffca2
00001f4f
fffff6cc
00002caa
fffffc16
00000ddf
00000708
fffffb37
ffffe5a0
00002416
00000f5d
0000033b
ffffe633
ffffcb50
fffff99b
ffffff2d
00001ea4
fffff779
fffff905
0000149c
ffffce12
fffff1e3
00000be6
000006ed
fffff06d
ffffff36
fffffb56
ffffef56
ffffea54
fffff133
ffffef43
fffff571
fffff8aa
00000de6
000003ba
00000807
ffffff67
fffff46d
0000102f
fffff885
fffff825
00000567
00000968
fffff82a
ffffe2bb
ffffe69f
0000158d
fffffc83
ffffebcc
fffff432
000017a9
fffffb66
00000133
00000646
fffff513
fffffe2e
fffff3a0
fffff9bd
fffff60e
fffffd08
000003cc
0000009b
00001bb0
00000745
fffff7e3
fffff645
fffffdc2
0000044d
fffff73c
fffffdfb
fffffed8
fffff899
fffffe30
00000528
ffffda4f
00000a57
000008b7
0000060c
ffffff3d
00001a78
fffffde0
0000103b
ffffecf7
fffffe33
fffffe18
00000844
fffffb4f
fffffffe
000011e8
00000a11
0000030e
fffff111
fffff9d5
0000021a
fffffa81
fffff2fe
ffffc96d
fffffcd8
00000a72
fffff35e
000019a5
fffff662
00001a14
0000040e
fffff767
0000056c
fffff9ba
0000000e
ffffe5c1
fffffcd3
fffffa48
fffff40e
0000131d
fffff0b0
fffffa00
fffff30e
0000007f
0000094f
0000039d
000000fc
00000ba8
00000dc7
ffffe727
fffffa2f
ffffef39
ffffff60
fffffcc9
fffff857
00000181
fffff33c
00000478
0000182f
000010c5
00000128
000006c9
ffffffa9
fffffd1e
000016e4
00000c8b
000000d3
ffffe0ef
fffff63d
fffffff0
fffff86a
ffffea32
00000202
fffffee6
fffff9ca
ffffe223
000005e8
fffffe3d
fffffba7
ffffe0f3
ffffe5e7
ffffd072
0000021b
0000064e
0000083c
00000988
00000f92
ffffeff8
fffffcce
fffff6ab
fffffaa6
ffffeccf
fffffcd3
fffffd6e
00000133
fffff5ee
fffffd6a
0000037c
fffffca3
0000036e
0000007d
ffffd872
000001c1
00000691
0000059b
00001975
fffff399
000003bf
000007fc
ffffe20a
00000ff1
000006fe
0000174d
00000d89
fffff884
fffff596
00000272
ffffebd8
ffffffc4
00000bcd
00000a5e
fffff647
ffffe6d1
ffffff5e
000010ad
00000055
fffff890
000005eb
0000148a
000001b6
00000930
fffffd93
fffff5e0
fffff148
000013ce
000013bc
00000729
0000098d
fffffd07
fffff872
fffff8be
00000f76
000016c9
000005ac
fffff78f
00000158
00000c7a
fffff95f
ffffff77
000009d5
fffff2fc
00000d03
fffffc79
00000583
00000412
fffffc68
ffffec51
ffffece6
000000ab
00000ceb
00000d25
00000b29
ffffee73
fffff3ae
000002df
000020fa
000009e0
ffffecb4
ffffeb30
fffff44b
00000522
000004c5
000006a9
ffffef58
000000c3
fffff96f
0000108d
000028e3
fffffb9c
00000be9
fffff724
fffffbf7
fffff05e
000018ca
00000b7c
fffff901
fffff866
00001f07
fffffbe7
000007db
ffffe13f
fffff903
0000084b
00000307
00000bcf
000008ec
00001989
fffff67a
0000182d
fffff98c
00000894
00000a1a
fffff4aa
fffff7b7
000012fe
000009b5
000003e3
ffffe941
fffff049
00002508
00000f19
000006c0
fffffd30
ffffff77
0000000c
ffffef0b
fffff123
fffff069
fffff34d
00001134
ffffe3db
00000d02
fffffcb1
00000b82
ffffffb4
00000af9
00001f25
000005b5
0000066f
00000506
000010e8
00001533
fffffa9c
ffffe8bb
00000e78
fffff665
00000506
000010e0
fffffdab
0000070c
fffffe04
fffff1bb
000003ed
fffff9c8
fffff42e
fffffb68
fffff9b8
fffff159
000000c3
000018fc
ffffe672
00000b98
fffff2d5
00000781
00000461
ffffe8bf
000007d9
000008f1
00000fb4
fffffd6b
fffffeea
000015ea
ffffed2e
00000deb
000007ad
ffffea17
ffffec51
00001fba
00000090
00000409
fffff526
ffffffd2
ffffeba3
00001613
00001409
fffffeac
00000abb
fffffb1f
fffffb04
ffffff81
ffffec7b
fffff509
00000edf
fffff7a2
00000ebe
ffffffda
ffffe560
00000bac
fffffca6
0000111f
00001815
00000790
00000a43
ffffee40
fffff62b
000011ca
fffff168
fffff4b3
fffff670
fffff3df
fffffb9d
ffffe8fd
fffff097
fffffb2e
fffff2f7
00000768
00002a5c
00000244
00000b0b
00000b92
ffffe685
fffff39b
fffff1d9
fffff6d3
00001c70
fffff1d0
fffffc2e
fffff7c2
fffff7f9
000027d4
fffff313
00001f61
00000007
00000baa
fffff321
000010c5
fffffaa1
000003a4
ffffdea5
fffffce7
000005a3
fffff04f
00000336
ffffe4a3
00000b30
00001947
00000c7d
fffff281
0000103d
fffffc13
0000011e
0000116e
fffffc69
00000e9d
00001569
00000618
ffffdf58
00001ab0
00001400
ffffeb7f
fffffa56
00000f73
00001c3b
0000075d
fffff0f1
fffffe23
00001656
ffffef32
0000173d
ffffed99
00000326
fffffa45
ffffe412
fffff649
ffffdf5f
00000602
ffffc7b0
fffff45c
ffffe022
000006fe
fffffefa
fffffb68
ffffffd4
fffff955
00000e4f
000014f1
ffffe902
ffffefd0
fffffd41
fffff55b
fffff13a
00001b7b
000002d1
00000bb7
ffffe6d2
ffffd57f
00000e19
fffffd44
ffffe7e4
fffff10b
fffffa36
000015a6
fffff60f
00002e71
0000080e
000002fd
fffff916
ffffe8a4
ffffdb93
00000a74
00001267
fffff584
ffffefba
fffffa95
ffffe87e
ffffd82b
00001566
00001546
ffffedaf
ffffea43
fffffc8b
000016f8
fffffbea
000008ae
ffffdd88
000013d8
00001bb4
fffff86a
ffffeb17
fffff8be
00000789
00000f40
ffffe914
000000ee
ffffed15
fffff1e8
00000e8d
fffff5db
00000ec6
fffff0fd
0000130e
fffff2c7
fffffc39
ffffd200
00000b04
000017ad
00000ca9
ffffc4aa
00001d27
ffffea9c
000000de
fffffcee
fffffb8e
ffffef18
000001ef
00000713
ffffff92
ffffe63b
000000c0
fffff8e3
00000bb9
ffffe1f8
00001796
00000f5b
00000ad4
fffff812
ffffdcec
00002352
fffff4cf
ffffee71
00000431
00001503
00001e56
fffff799
000028f5
ffffeb4d
ffffe6b3
000001ba
ffffe9f4
000000ec
000000c8
00000992
ffffd344
00000618
00000960
0000041b
ffffecd2
fffff403
ffffee98
fffff262
fffff217
ffffe017
ffffe823
fffff01d
00000223
0000155f
00001d0c
fffff163
ffffe617
ffffed11
000007c9
fffffbf5
ffffeb1e
fffff81e
ffffeee2
00001098
ffffe8e8
0000041b
ffffe829
0000157d
ffffef76
00000690
fffffa93
ffffd26c
fffffa8e
fffff7b1
fffff92e
0000087f
fffff01b
00000c5d
ffffeecc
ffffea9b
fffffb37
ffffec18
ffffefb4
fffff69e
fffff21e
ffffdca3
ffffde97
00000333
ffffef3f
ffffff1d
ffffe80d
ffffe0a7
ffffdb99
ffffedfa
ffffee91
ffffe8e1
00000e91
00000008
000002f9
00001f0b
fffff5c0
ffffff50
ffffe2ab
fffffc29
fffff297
fffffd7d
fffff539
ffffeffd
000022e7
00000fd6
fffff6f4
00000e90
ffffe4f3
fffff169
fffff603
00000304
00000391
00000507
0000214d
00000c69
00001089
fffff5ce
fffffa4d
00000d7a
00001114
000007df
fffff650
0000065d
fffff787
00001ef3
fffffc90
fffff7b4
ffffec68
00000fe9
0000060e
0000042d
000019d2
ffffee38
fffff2b6
fffff77e
00001853
fffff0bc
00000883
ffffeb41
000021a9
0000123f
fffff482
0000155c
ffffea4f
fffff260
ffffd68a
0000124e
ffffef93
00000929
0000255c
ffffebff
000008d4
00002b40
fffff651
00000fe2
fffffc41
fffff079
ffffe64c
00001d38
000006c1
ffffe13c
00000fca
ffffc421
000000cc
00001d71
00001847
00002425
000017c0
0000036a
ffffef79
0000018e
ffffd37d
00000d6d
fffff2ae
ffffe137
0000309c
00000cf7
00000d6c
fffffa16
00000c84
ffffe01d
000015a8
fffffefa
fffff686
fffff00a
ffffd69e
000001ee
0000086a
00000654
fffff2bc
000012e1
00000616
00000464
fffffbae
fffffa83
fffffdaa
ffffecd7
fffff675
ffffabc3
000014e5
000022b7
0000182e
fffff8fd
00000f1a
fffffb80
000004e3
00000978
ffffcb33
0000172b
fffff1fa
fffffdc1
0000216a
00000bd9
ffffa4e6
00002459
fffff2c2
00001795
ffffe17a
ffffdd03
00001265
0000136b
fffffbc3
000001f8
ffffefc5
fffff865
0000007f
ffffe1a3
fffffc8f
00001696
000015c1
ffffe0e3
ffffecb1
fffff65e
fffff576
000009c0
ffffe578
fffff810
fffffe79
000009cf
ffffff78
00001bcf
0000068d
00000a85
fffff8b0
00000caa
ffffee11
00000912
000004a6
00001965
fffff832
ffffe14f
00001542
00000512
000032e6
fffffddf
000010e1
fffff3d6
000004a8
ffffea03
fffff93c
00001a22
0000197b
00000432
ffffef7d
00000afd
00001181
fffffa5b
ffffeb0d
0000000e
000022f3
00002fa5
fffffe0d
000002b2
fffff87c
fffff0d1
fffff0fc
ffffd22d
0000006f
00001a7e
000000c4
00001ada
00001086
00001f7e
ffffc228
00001043
00000e1a
00001002
00000d4f
000000ac
ffffe9ce
fffff0cc
00000cca
ffffef5f
00000b4f
00000789
ffffe376
00000f99
00000029
fffff737
00001ff4
ffffe522
00002da5
00000c32
00001599
00000f23
ffffeed4
00000f77
00000c2e
ffffc660
00001736
fffffe74
000016f4
000005e3
fffffbfd
000012af
fffff94f
fffff9fb
00001b3b
00003339
ffffff56
000009dc
fffffe4e
00000ac1
ffffdac9
00001065
000009eb
00002cc7
00000465
00000191
0000090a
fffffd1c
000007ac
00001369
fffff10b
fffffbe4
00000013
ffffec8d
ffffed8a
fffff66d
00000b07
fffff972
fffff7e6
0000042b
00001153
000002b4
00000d94
fffff2f3
fffffff4
00000258
fffff87f
00000309
0000045b
fffff53d
00000cb7
00000281
fffff72e
00000345
fffffd4d
fffff52f
fffffc6c
00000b45
0000011e
0000067c
fffff192
0000010e
00000097
000010f9
fffffcf9
000000ad
000007f4
fffff7da
ffffff6b
000008ea
fffffa28
00001159
00000634
fffffe86
fffffb10
fffff964
00000f88
ffffead3
fffffcdd
00000891
00000571
000002e4
000001c4
00000210
00000de8
fffff08e
000009eb
fffff28e
00000106
ffffffe1
fffff75b
00000b81
fffffc4a
00000a65
00001619
00000014
ffffffe9
fffffd9e
fffffae8
ffffeed5
ffffed9f
fffffc3c
fffffe18
ffffe762
ffffe21a
0000137c
ffffee1b
00000419
fffffa64
fffff176
fffffede
fffff733
0000083d
fffffdad
00000a31
000002ad
fffff428
fffff828
0000023b
fffff70c
fffff45a
0000037c
fffff93a
000003bb
00001007
fffff1f4
fffffeac
000001ee
fffffbdb
00000491
fffff7cf
00000726
fffff538
ffffff78
fffffa7e
00001055
fffff400
000008f8
fffffa96
fffffd88
fffffd56
fffff259
00000824
00000513
ffffeec8
0000053b
0000060d
fffff7a7
0000027e
fffffb14
0000045f
00000b55
fffff740
fffff7dc
fffffdbd
ffffe5df
fffffae4
0000027c
00000c2a
00000cf0
0000081e
000004a2
00000055
fffffe66
0000016d
00000695
fffffbfd
fffffd1e
00000375
00000420
fffff0f1
00000524
00000046
ffffffb3
0000047c
fffff3be
ffffe6c6
ffffe739
0000155a
00000a47
00000827
00000420
fffff520
000001e5
000002c1
ffffe7e9
fffff105
0000071b
ffffffd1
00000f3c
000001e8
00000159
000001ab
fffffa3f
fffffa6d
000007e0
ffffe810
fffffaae
000006c6
fffff56c
fffffea3
000016e7
fffffd2b
00000a03
fffff5da
000002f7
fffffead
000007c4
ffffe6d2
ffffeff2
00000653
00000151
000001b4
000006f1
00000358
00000449
000005db
00001006
fffffc80
ffffff4b
000002f6
fffffe0b
00000192
0000034f
00000386
fffff471
fffffa79
fffff6b6
fffff6b4
000001d8
0000083d
00000e3a
ffffe01a
00000803
fffffbb1
00000028
000003bc
ffffd6df
fffffd2b
000007cb
ffffea27
0000115c
ffffceaf
00000b6a
00000fd6
ffffd8f0
ffffe033
000015d1
fffff863
ffffe8af
fffff961
00001681
ffffe119
fffffdcb
fffff92e
00000a18
fffff47a
000028aa
00000407
ffffff48
0000106d
000012d9
000001b4
ffffeac5
00001a0e
ffffdc39
fffffe12
ffffeb9e
ffffffae
00000da6
ffffeb43
ffffecac
00000e9e
fffff507
0000075a
ffffdaa0
fffffcdf
00000f7c
fffff382
fffffa05
fffffa29
fffffe41
fffff507
00001a60
fffff3cb
00000819
00000976
fffff4a4
fffff73e
0000067d
ffffe4bd
fffffb30
ffffe78d
000000e8
fffff362
fffffea6
000011bd
00001593
ffffffb9
ffffd0ca
fffff64d
fffff3b7
fffffbff
ffffe831
fffffbbd
fffff110
00000462
fffff218
fffff0cc
ffffebcd
fffff766
fffff9fc
00001377
fffff843
fffff431
00001055
ffffee86
000017bf
ffffffcc
00000619
fffffbd5
000017fa
fffff131
fffff653
00000829
ffffe98f
ffffec13
fffffa0e
0000014b
ffffdcdf
00001c34
00000c36
fffff739
00000082
000000fb
fffff68d
000002a1
0000019c
fffffdd3
00000067
fffffee1
ffffdc1d
0000002a
fffff952
0000034c
ffffeaf7
fffff55a
ffffeadb
fffff79f
00000eae
ffffef44
000007d8
00000e83
fffff699
ffffe786
00001fce
fffff6f8
fffff2c9
ffffee74
ffffedf4
000008af
fffff4e2
fffff98f
fffffd83
fffffda9
000010da
000011e8
00000ae1
00000e86
ffffeb69
ffffd391
00000f46
0000083e
fffff895
fffff778
0000168b
fffff370
00001c19
fffffa26
ffffdc2b
fffff3f7
000023da
fffff65f
000012e6
fffff0fa
00000f74
ffffcdb9
000026dc
fffff6e9
00000a80
fffffa68
000021ff
00001593
00000929
fffff21f
00001a3b
00001481
ffffd862
fffff3fc
000006fe
fffff481
0000006c
ffffee10
00000151
fffff60c
ffffff94
00000cbe
0000098c
0000024d
fffff8ec
00001239
000007c2
fffffd0d
ffffeb67
ffffe97b
00001f04
00002d34
fffff671
000018b1
0000049d
fffff3a6
000003be
fffff4bb
fffff87f
fffffe35
000019e4
00000c7a
0000068e
ffffc274
fffff89e
fffff6a1
00000f09
fffff0b4
fffff94b
fffff45d
fffff048
ffffe34f
fffff047
00000e7a
ffffeffd
fffff9fb
fffff06c
fffff02e
fffff195
fffffb9c
000008f7
fffff57f
ffffe09f
fffffafd
ffffea50
000022fe
000020d5
ffffef4b
ffffda66
00000dd3
00000903
fffff487
fffff0e4
00000c3a
ffffe68e
000012a5
0000023a
000003b6
00002776
ffffecec
fffff651
000006e0
00000607
fffffec7
00002443
00000a97
00000b4c
fffffb58
ffffd9dd
ffffee32
fffff518
fffff106
fffff237
fffffdf1
fffff69d
00000d81
00000606
fffff33d
fffffcf7
fffffc59
0000004d
ffffefeb
00002e93
00000e10
00001bb3
ffffebc5
00000b8d
ffffd1cc
0000095e
fffff7b5
fffff6a4
fffff7ef
000001de
fffffa33
fffff3fe
fffffb79
000007be
ffffe044
fffffebc
fffff47b
000003ff
000001e1
ffffebec
000005bc
fffff979
00000100
000011f4
fffff4f2
ffffef33
ffffef2b
00000b27
ffffe1d3
000006b1
fffffe69
ffffe72c
00000108
ffffeaaf
000008d9
ffffeba5
00000a0b
ffffe92f
fffffe8a
fffff33f
00001183
00001533
00000758
fffff1c2
ffffeb53
00001d6f
fffffe9c
fffff5cf
ffffef00
ffffee05
00000691
00000e82
0000039f
ffffeb11
ffffd6e8
fffffe39
00001128
fffff6c8
00000a88
00001bf4
ffffec28
00000f4d
000007e7
000017ca
ffffcac7
00001722
00000689
00001d59
fffff5aa
0000062b
ffffeff2
000008a4
ffffef87
ffffea17
0000107e
fffffc8a
fffff0cb
fffff7b4
fffff113
fffffe79
fffff875
fffffa91
ffffe307
00001a7e
fffffb34
00001972
ffffed63
00000d1b
ffffef8f
fffff338
000012af
fffff183
fffff77b
ffffef91
000020d2
fffff826
ffffe1d9
fffff15e
ffffec82
fffff6e5
0000135f
00001b18
00000186
00000bd0
fffffdc3
00000d7e
00001220
fffffa66
000007a7
ffffee15
ffffe82a
00001d7c
ffffe1fd
fffffbbe
00001589
000009af
00000012
fffffa8a
00000421
fffff266
00001082
00001cb2
00000ef6
ffffe91f
00002142
00002009
00000b98
00000a2c
000002c4
00001c61
fffffbcf
fffff16d
00000a34
fffffd92
fffffaf9
0000004e
ffffef83
00000697
00001bbe
fffff103
0000017d
ffffebaa
fffff1e8
000005cb
0000060d
fffffdce
fffffc1b
0000077b
fffff1f0
000004bc
00001297
00001157
000006ae
000006c2
000006ea
fffff1eb
0000031a
fffff38c
00000e5b
00000cc5
00000045
fffff1ab
ffffd7ea
ffffd046
fffff1be
000003dd
fffffc8f
000005b5
fffff02f
ffffe346
000004fd
fffff68c
00000bc6
00002017
ffffea7f
fffff8fc
00001309
00002684
000007b2
fffff1d4
fffff6bd
000014f1
000014f0
00000e7d
000018af
ffffe70b
fffff755
ffffebe4
00001734
ffffff84
ffffeac9
fffffba8
ffffd951
fffff5d7
fffff300
fffff38c
fffffe72
fffffddc
ffffebfd
0000063a
000005be
00000970
0000082a
00000a91
00000274
000006ed
fffffd48
00000804
00000177
00000ded
00000211
ffffe0e0
ffffecd8
ffffffbe
000008f4
00000754
000003b2
000010d6
0000059f
ffffed97
ffffff22
00000244
fffffa3a
fffffaf0
ffffedc6
fffff82e
fffff3ac
fffff1b4
fffff3b6
fffff0d6
00000029
ffffeeea
fffffba6
fffff0ec
00000983
00000b42
00000ac6
fffff737
ffffeaad
fffffb74
0000189b
fffffb0f
00000371
00000e98
00000489
fffff923
ffffecd1
000002dc
ffffe867
fffff1a3
fffff3f6
fffffbfe
fffffcf1
ffffeee9
000006c1
000006e9
fffff9b0
00000fe2
fffff45e
00000345
00001676
00000328
000002ec
00000a76
00000038
ffffebe7
fffff4c5
fffff643
fffff637
ffffff3d
00000b26
00000839
000001a2
ffffe324
00000638
fffffb9b
fffff7df
fffffefe
fffff3b9
fffffaba
00000d16
00000121
fffffef4
fffff61f
fffffe45
fffff52f
00000610
ffffed72
000013b0
ffffdcfb
fffff635
0000070f
00000b36
0000028a
00000b9c
fffff638
ffffdc08
ffffec2f
fffff1a1
ffffe917
00000f99
0000075c
000006ae
ffffd635
0000061e
00000638
ffffeeed
fffffb45
00000a48
ffffecdb
00001885
fffffb15
00000aad
00000fc9
ffffedd1
000008dc
00000d58
00000528
00000ec3
000020a1
fffff3be
fffffb27
fffff0ea
fffff46f
0000010b
00000ee6
000011cd
000006cb
fffff71b
fffff110
00000dd3
000001be
ffffff0c
000002ae
00000b86
fffff898
fffffa0a
fffff2ee
00001522
fffff696
fffff1f2
fffff5b0
ffffff42
000006d3
0000067b
0000074d
fffffd91
fffff9e3
000012c3
0000149d
00000e08
fffffab9
fffff952
fffffd1c
00000163
00000d0a
00000638
00000741
fffff722
000005b9
00002561
fffff831
00000b12
ffffe320
fffffe8f
fffff3a5
ffffec93
ffffe186
000009a1
ffffe402
0000148e
00000bbf
fffff020
ffffe732
0000193a
000001bb
ffffeb14
000009ea
00000849
000004d6
00002560
ffffd636
fffffea7
000008a0
00000277
00000eed
fffff4cc
fffff556
000005a8
0000127b
00000230
0000103b
ffffdf0a
00000e36
000005e8
fffff037
ffffff27
00000237
ffffea66
000005d3
fffff631
0000150d
00000a7e
00000d31
00000d53
000003d1
fffffbe9
fffffbe5
0000004c
fffffe6e
fffff1e9
ffffe0ad
fffffd95
0000166f
ffffe80b
00000941
fffffa65
00000377
000009b4
ffffea5d
00000c5e
ffffff80
0000012f
000000f5
ffffefc2
00000940
000000a6
000009ea
fffff886
00000b6d
fffffcf1
00000554
fffffa32
0000022a
fffffdc1
ffffe798
00000808
00000d31
fffffe18
00001027
000014f4
00000c87
00000774
ffffea1f
000000ad
00000a11
00002502
00000845
fffff652
000010d4
00001da8
fffffc78
fffff66c
00002cc7
ffffff76
00000333
ffffe90f
0000015a
00001509
fffff07c
000018c3
ffffed5c
ffffde5c
fffffeb4
fffff696
fffffc6c
0000098d
00000087
fffff28f
0000022e
00000a78
fffff808
fffff3d7
fffffbd1
fffff410
0000252e
00000a48
fffff963
fffffa8a
ffffd0fb
fffffb45
000000b1
fffffcd9
00000942
ffffeef3
fffff74e
fffffbe4
ffffd7be
000003c2
ffffec4a
fffff979
fffffaed
00001d83
fffffafa
000005ea
00000da7
ffffe64e
00002acf
00000722
fffffdc2
00000b41
00000025
00000dcf
ffffdbbd
0000111f
00001ec8
ffffe0a2
00000668
fffff983
0000006c
ffffd20e
00000e52
fffffb40
fffffcc8
00000031
00000657
ffffd5a4
fffffbab
ffffe886
00001b8f
00000436
ffffff4a
ffffee8b
fffff9ab
00000424
00000963
00001452
000006db
ffffe2dc
000002f4
000018ee
000011b5
fffff661
ffffe755
fffff007
fffffaa5
0000016b
fffff696
0000023c
ffffefd9
ffffee2c
0000117a
fffffb6e
ffffeff7
00000a78
fffffff1
ffffe3c1
00001287
00000f9a
ffffec53
fffffcb5
00001599
fffff0ae
fffff4e7
000009d3
000007d7
fffff489
00000456
00000f8c
ffffde1d
fffff65a
00000f70
fffffbe6
000009d8
000004ec
fffffcd1
ffffebb2
00000607
fffff9ce
00001271
0000145b
0000005f
fffffff7
fffffd89
0000095f
fffffd58
fffffe4e
fffff580
fffff5bf
fffff9eb
fffff8ab
00000dba
ffffe9de
fffffd3e
fffff6af
fffffbf8
ffffe60a
ffffe9f9
ffffff0c
00000a42
0000032c
0000071e
ffffedd2
ffffef85
000011b9
fffff203
fffffdcb
000002d7
fffff2d7
fffff99b
0000141c
fffff6a6
fffff6e4
fffff41c
fffff5be
fffffaad
000005e0
fffff877
fffff271
00000972
00000383
000004c1
00000fd8
00000ce7
fffff2a1
00001190
00000041
ffffe8da
fffff0a2
fffff2d9
000012c0
000002eb
00000184
fffff293
00000cae
ffffef26
000001d0
fffffff2
000006e8
00000c01
fffff5b8
000003c6
00000573
fffff7f4
000001ed
00001067
fffff056
ffffe62f
00001190
ffffede4
fffff15f
fffff998
fffff87c
fffff4c9
000010cc
ffffff10
ffffdb0c
fffffce6
00000100
0000016b
0000004e
fffffd7b
fffffc8c
ffffeec4
0000107b
fffff09e
fffff449
fffff15a
00001026
fffff3ab
000006c8
00000968
fffffd57
00000631
00000449
00000f74
0000112c
000008c0
0000010c
000000be
000006d1
000002b8
00000303
fffffcda
00000d75
fffffb1e
ffffff9e
fffffe40
ffffec71
fffff291
00000b8c
ffffef7e
ffffedf5
ffffe97b
fffff671
ffffe315
ffffebd6
fffff59b
000000c9
ffffeb83
fffff5b1
0000086a
00001271
fffff43e
0000116c
00000b8e
fffff37f
ffffff79
00000df0
00000a60
fffff587
000004f1
00000cac
ffffdf93
000003a6
ffffeffe
0000134e
00000635
000006a3
fffffef3
fffff5b1
ffffed0c
ffffdc15
fffffaf7
fffffe5e
00001063
fffffea6
000006d3
ffffed3e
ffffe157
000015aa
fffff74c
fffffe3a
ffffef2a
ffffe11e
fffffad2
fffffc66
fffffbe3
0000160a
fffff8a0
ffffef06
ffffead6
00001899
fffff5de
fffff2dc
000004b4
fffff726
ffffff47
ffffffc7
00000221
00000c91
fffffae4
fffff752
0000116b
fffff4fc
fffff029
ffffeef2
fffff8f9
000017d8
fffff6be
00000d58
fffff556
fffff615
fffffc3a
00000a0f
00000661
fffffb6f
fffff8ad
ffffee40
ffffefef
fffffe4c
ffffe9f2
00002074
fffffc43
00000d30
fffffa9a
ffffe369
ffffd229
fffff6a3
ffffe31f
ffffc02a
fffff37d
fffffb78
00000848
00002702
fffffb4d
ffffe4d3
000009cf
00001e4d
00000aa3
ffffed00
00001978
000019d3
ffffee98
ffffe4f4
ffffc8ed
fffff179
fffffb70
00002856
0000016a
000034ae
ffffffc3
0000025d
000013b3
ffffe81a
ffffeb4a
00000ad9
00002ee7
000016c8
fffff189
ffffddf2
00000169
fffff983
00001dcd
fffffb03
0000000f
fffffa13
0000076b
ffffec82
ffffe117
fffff667
000013e4
fffffa8a
fffff5bd
fffffe96
fffffa07
fffff650
000010b6
0000092b
0000099a
fffff9b6
ffffefc8
00000309
0000050d
000003d7
00000b81
00000cf3
00000313
00000905
fffffa29
fffff213
00000850
000008b7
00000318
fffff24e
00000d4c
fffffce9
ffffd7f9
ffffd944
ffffd8ab
ffffd99c
fffff880
00002515
000027d8
ffffec0f
ffffd86e
00000b51
00000ac7
fffffdb8
ffffe95f
fffff5bd
00001e82
ffffe6f6
000013bd
fffff600
ffffe7ae
ffffef12
00000db8
ffffea5d
fffffcb8
ffffe7d6
0000211d
fffffae7
00000fc0
000003a7
fffffe27
000013f9
000004a0
00001784
fffff9da
000002c1
fffff495
000006cb
fffff71e
fffff9da
ffffdf30
0000066a
000005bf
00001e50
00000a78
ffffdaf0
fffffdbc
00000dcb
000009bf
00000a3a
fffff963
fffffffe
00000e24
ffffd116
00000604
fffff079
ffffeb12
ffffe86c
ffffdc0a
ffffed5a
ffffe766
ffffdab4
fffffcd2
0000007e
00001a70
ffffed7c
0000011f
fffffc5e
fffffea6
fffff66e
fffff133
fffff30e
ffffebe4
fffff317
fffffaa6
fffffa4e
00001717
00000a6d
fffff3af
000000bb
ffffdd1e
000004d9
00000b35
ffffea4c
0000031a
00001f9f
ffffd3b3
ffffe062
fffffbec
ffffeb2d
ffffe58f
00000f02
ffffe5d2
ffffef48
000004dc
ffffe9c9
fffff195
00002181
fffff85a
00000602
0000297f
ffffed67
00000d1f
fffff20f
ffffe05e
00000b4b
00000aa2
ffffff99
fffffca7
fffff6ff
ffffe9bd
fffffc0c
00001ba0
00000021
fffffa64
ffffed93
000003a1
fffffdae
000015b0
00001df5
00000362
ffffed29
0000013d
00001b3e
ffffffd9
00000d0e
fffff649
fffff254
fffffbac
00001516
ffffeaff
00000a9a
000006e9
000001f5
0000278f
ffffec3e
00001367
00002365
ffffec67
000003a4
00000262
000006ea
0000264c
fffff13a
000000df
000011ba
0000170d
ffffe326
0000074c
fffff30d
fffff785
00000bda
fffff592
ffffdf97
0000205d
ffffff8c
0000085e
ffffeea0
00003491
fffff54c
000001cd
00001100
0000130c
000000b3
00000325
00001a2d
fffffc0a
ffffd473
fffff006
00001031
000013a5
ffffe19d
ffffe308
00001579
fffffc55
fffff21a
fffff255
00000709
fffffe4b
fffffcb9
fffff70a
fffff63a
00001214
00001996
fffff4c1
00000d48
0000063b
000008e2
fffff3b9
00000ecc
00001c76
ffffee95
ffffd699
fffff175
00000b11
fffff674
00000513
ffffefc4
000009a6
fffffdab
fffff875
0000004f
00001a07
0000053a
fffff3f3
fffffe89
00000a44
000000b7
00001714
000000c5
00000a30
00000040
00000ea3
0000005e
00000d5d
000006e8
000000ca
fffffdf9
0000139d
fffffde5
000013b7
0000119d
000010ba
00000b1d
00000ca6
ffffee3d
fffffb0e
fffffc80
ffffeb78
0000103b
ffffea8f
00001d80
0000076c
00000477
fffff2e7
ffffddc9
00000f39
fffffb73
00001a8e
00000da8
fffffad2
00000992
fffff240
ffffebcc
fffffbd0
00000e00
fffff209
fffff34a
fffff2a7
ffffedfc
0000054a
0000081a
fffff4fc
000028bd
000004ed
00001c02
000005a1
000001b9
0000005d
fffff678
000002cb
fffffaea
fffffeec
00000e54
fffff943
00000e42
000015b5
00000669
fffff06f
fffffa04
00000062
ffffe487
000000dd
0000096f
000018f4
fffff2bd
0000199d
fffff52c
00000789
ffffedc8
00000193
fffff002
00001508
00002831
000000e8
ffffe54e
00001d1e
fffffff6
00000ec5
fffff6dc
00000e93
00000b10
fffff6fc
0000127c
0000167a
ffffedbc
00001dc2
000015e8
0000070a
00000d47
00000fc9
fffffe0a
00000686
ffffe54e
00001d5e
ffffe6c1
fffffcbf
fffff780
ffffdc41
ffffea26
fffffafc
00000302
0000277f
fffffe8e
ffffd693
00000056
00000733
ffffff2d
00001eb3
ffffffee
fffffcdb
0000118f
00001ae9
0000020d
fffffe81
00000dac
fffffdc1
00000299
fffffe33
00000bab
00001de6
fffff463
ffffe0a1
fffff710
00001c46
00000e70
00000685
ffffe989
ffffebba
00002633
00002566
fffffdcf
00001171
000001c9
0000144f
00000f73
fffff40e
0000358b
fffffa4f
000010c8
00001826
000016ca
00000c5b
ffffe8ce
00002874
fffffe9b
00000f38
ffffe1fc
00000089
00001272
00001e4a
00000101
00000147
ffffffd3
00002253
0000061b
ffffd42c
00001daa
fffff56d
fffff97d
ffffffa4
00000d25
0000047b
00003136
fffffd5c
00000388
fffffcf2
ffffdd04
00002681
000005c2
00002fb1
0000194d
00000a9a
fffffa39
0000088d
fffffd64
fffff6c2
ffffe5b9
00000710
00000a42
fffffe11
fffff5b2
00002b52
0000214e
ffffeef1
ffffdbd5
fffff4c2
000026cc
00001776
00001884
00001683
ffffff8a
00000973
ffffe70d
000038b5
fffff42d
000024b2
ffffffb8
ffffe415
00001e6e
fffff5df
00000412
000007ab
00001b00
000007e8
000010f5
00000615
ffffebb8
fffffe96
ffffe637
ffffef72
fffff1d3
00000db4
ffffcb82
00003a1b
fffffb95
0000121e
0000037c
00000ec1
fffff1ba
00003018
fffff85a
0000134f
fffffb4d
fffff054
fffff245
fffff126
fffff700
fffff545
fffffb0b
00001a01
ffffcd7b
00001b20
ffffdcf0
fffff968
00000e89
00000b31
0000086a
000006ce
fffffca6
fffff896
000006ca
ffffdcf9
fffffcea
0000247e
000029f2
00000946
ffffe609
00001226
000000e9
0000231e
000039e7
000008f4
000019e8
fffffd3b
00000c34
00000942
0000051d
000024be
fffff2fe
ffffebd4
fffff6d8
000023cd
000018d6
fffffaf6
fffff4ec
0000177d
00002414
fffff7f5
00000d18
000009dd
00002113
00000794
ffffee84
ffffeb6e
ffffe9b9
fffff795
ffffff65
ffffdcc4
fffff992
0000109e
00000044
00002ffa
fffff793
00000354
000015e3
0000033f
00000bb5
ffffe838
000000fd
ffffed4a
fffff408
000010e3
ffffeef0
000022ee
000008da
0000102c
ffffde99
00000a1b
fffffead
00000d54
ffffe1df
ffffe346
fffff82a
0000251f
0000055c
000005f3
fffff960
fffffc92
fffff6bf
ffffdf01
ffffe291
fffff9ee
ffffe1c8
0000077a
fffff4b6
0000074a
00000616
ffffff6a
fffff807
0000153b
fffffb1c
ffffe1a4
000002c9
000012f1
00000513
fffff40d
00000f08
00001f0a
fffff632
0000075e
00000b1f
0000010f
0000104a
00001204
000011b4
fffff006
00000079
000021dc
00001eb7
fffffc22
00000966
fffff387
000001d9
00000eaf
fffff63a
00001b09
00000e60
ffffd871
000025bb
fffffce4
ffffea00
fffff769
fffff3be
ffffc30e
fffffaa0
00000b54
fffff8d5
ffffff25
fffffe64
fffffc06
000012b5
000014cc
ffffea00
ffffea67
ffffea28
ffffdbc8
ffffe9fa
ffffdc29
000005e0
ffffe089
ffffd8ea
00001615
ffffe7f9
ffffbda1
000000f2
fffffd8c
fffff996
000011bb
000003e2
000008bc
000000e6
00001ae1
fffff67f
000010f3
ffffe218
00001b06
ffffdf89
ffffdfcb
00001714
ffffe7aa
00000117
ffffe09d
000005f5
fffffe7d
0000007b
ffffee59
ffffc6c8
ffffdbf9
00000961
0000069d
fffff395
ffffb323
00001bef
fffff401
ffffcd5d
ffffed40
fffffdab
fffff4d0
00000ac4
ffffeff5
ffffd1f7
ffffdb4b
00000be7
ffffcf73
000020bc
fffff099
fffffc4b
00000779
000010c1
ffffd315
000004a1
00000499
0000145e
00000303
0000031f
fffff5e8
ffffef6f
fffff03c
00000468
000011c9
fffff77c
0000047c
00000206
00001db6
ffffe6ee
00002206
0000084b
00000303
fffff6ba
ffffe75d
0000076e
ffffedbd
00000fac
fffffab5
000013b9
ffffddda
000008aa
000033d4
ffffe7bf
fffff3e8
ffffe992
000011d9
ffffeb1d
ffffbfe9
00000cb4
ffffd1e7
00000fae
00000a1b
fffff35e
fffff11a
fffff864
ffffe76c
0000387f
000003cc
00000755
000012f4
00002625
fffff7d9
ffffde16
ffffdf6b
0000087d
ffffdfa7
00002e47
00001057
00000c80
ffffae39
ffffecd6
00001770
ffffec42
fffff960
fffff9cc
fffffbf2
ffffed79
00001a75
00000b2b
fffffe05
ffffec64
ffffdfb7
ffffd161
ffffdcf2
000009f3
ffffd74e
ffffc125
00000fc5
fffff149
ffffd628
00000401
00000f32
fffffe56
ffffffab
fffff83c
0000116a
000016ab
ffffe858
fffff29e
ffffef06
00000982
ffffff76
00001d04
00001749
ffffe7f6
00000bb5
ffffcecd
00000cec
ffffff19
ffffffaf
00000998
000017ad
ffffea8c
fffff19a
fffff368
fffff66a
00001844
00000da2
000004c2
ffffd54c
000010a3
00001433
000018f1
0000177e
ffffde89
ffffdec5
00000da7
fffff67b
fffffd5b
ffffe377
fffffed1
00000425
ffffe844
ffffec82
00000a21
0000022f
00000b58
fffff016
ffffee1a
fffff826
fffff3a7
fffff93a
00000c83
fffffed9
fffff2b0
00000c04
00000567
00000dfd
fffff977
000003f7
ffffed36
ffffff88
ffffe4b8
0000022d
ffffd92e
ffffe60f
00000cf3
ffffee9f
ffffed6a
fffffa9c
00000aca
fffff8fa
000001a7
fffff5cd
0000022b
fffff228
ffffd84f
fffff35c
fffff719
000018e5
00000aa4
fffff61e
000014c0
fffff64f
000005a0
00000fc6
ffffe453
0000043f
00001ed5
000005de
00000005
ffffe8d1
00000290
fffff761
fffffa5a
fffff72d
00001eec
fffffdd4
ffffe999
fffff68d
00000cf7
00000831
0000130d
00000179
fffff65f
ffffdf71
0000095a
fffffef8
000012bd
fffff999
fffff98f
ffffe87e
ffffeda1
00000c01
0000101d
fffff1fe
000005be
fffff0eb
fffff374
00000c1d
fffff0c1
000001bf
000016e4
fffff103
fffff60c
fffffcdd
fffff728
fffffa25
fffffd0c
00000f39
ffffe0f0
000010e0
00000a5d
fffff95a
fffff48b
fffffe6d
fffffb93
fffffa44
fffffe7e
00001162
000007b4
00000918
00000490
ffffeecd
fffff021
00000181
ffffff2c
00001173
0000079f
fffffe6a
fffff462
00000bb0
ffffdd3d
00000692
00000121
00000017
00000e7d
fffffe39
0000113a
fffffee0
ffffecf4
ffffea5f
fffffce0
000004c0
fffffa64
00000607
00000899
00000355
00000ba0
ffffe0c3
ffffece0
ffffe64a
fffffe40
fffff5a8
fffffd57
fffffade
fffff437
000011ab
fffff65b
000001a3
fffffcf3
fffff101
00000685
000011c5
00000b49
fffff415
ffffea33
00000d39
ffffe896
ffffe77f
000004b9
fffff563
fffffe06
ffffeca4
0000055f
fffff81a
ffffe6c1
0000115c
fffff80f
ffffeb97
fffff2b4
00000dc1
fffff5d3
00001c9c
fffff8b9
fffffa23
00001023
00000f00
ffffecba
00000e06
fffff46e
00000806
ffffecfa
00001251
00001e21
ffffe760
00000b55
ffffdc21
00000c5b
00001079
fffffc96
fffffc17
fffff41d
fffff733
00001a0f
ffffeb2f
0000134e
ffffeb79
000004d3
00000cad
0000078d
00000a2a
fffff88e
000006d9
00001a2d
000011f4
fffffb90
00000b67
ffffffa9
fffff2a1
00000a5f
fffff672
ffffe0e4
000017f9
ffffd690
00001ed1
fffffc1b
ffffd69f
0000056e
fffffd3c
fffff95d
000009d4
00001a93
00000b33
fffff431
000021f1
00000eb9
ffffeb86
00000b6a
00000a08
fffff9c7
ffffecb8
fffff823
00000b37
fffff6e2
fffffe01
ffffefe0
fffff22c
00000f72
ffffe542
fffff79f
fffff0b9
fffffc6d
ffffcbc7
ffffee77
fffff74e
00003411
0000107e
00001e7a
0000022e
ffffeedd
ffffe384
ffffe964
00001166
fffff83e
ffffecf2
00000a0c
00000d7e
0000173a
fffff80c
ffffcefd
fffff545
ffffe83c
000012a0
000032da
fffff383
ffffea22
000014f4
00002186
ffffd8f9
000006e5
fffffe21
00001466
0000143a
00000f08
000001b2
0000087b
fffff55f
00004f43
fffff603
000015f2
fffff5f5
00001b4f
000002f9
000004f0
fffff8fd
00000c3f
0000126a
00000a83
00001f6b
ffffff8e
0000160a
ffffe43b
fffff8d0
fffff77c
fffff15e
00001151
ffffde30
fffff3c5
00000915
fffffe0c
fffffbac
000007b4
0000146b
0000189a
00001ae9
00001818
fffff640
00000f19
ffffcef8
ffffd8a6
fffff2bd
00001cab
000015fc
fffffe5f
fffffcc2
00002e01
ffffff14
fffff297
fffff06e
000018d1
fffffcf1
fffff1ea
fffffeac
0000173e
ffffdf6a
fffffbbf
ffffd9bc
ffffe93a
00001669
ffffffc4
ffffec36
ffffdf3b
fffffcf9
ffffba11
000007d4
fffffce8
ffffdd5d
ffffc76e
ffffd9e2
fffffd52
00000f99
00001127
00001919
ffffe926
00002906
00000c9a
fffffe3b
ffffeba9
fffffe62
00000980
fffffa58
fffff66f
0000175c
0000036d
00000b2d
00000618
000022fd
000009db
ffffd0d9
00000147
fffff0bf
fffff239
ffffd598
fffff322
00000cfd
fffffa74
00001cb2
00001128
fffffdde
fffff1e0
00001bca
0000048a
00001669
000015ec
0000296d
fffff800
ffffdf27
000009f0
fffff30e
00000f8f
000008e1
0000179f
0000044b
fffffb5c
ffffe521
00001099
ffffefeb
00000636
fffff37d
00000ba6
ffffd3b3
ffffe94e
ffffe8be
fffffafb
0000345b
fffffac7
ffffef45
fffffb5c
ffffe9a9
000021ee
000001bb
00001065
00000d91
ffffe953
00000ce4
fffff2d3
0000388d
00000655
00000cf1
fffffbb4
fffff74f
ffffd809
fffff63b
0000144c
ffffe488
00000322
fffffeb4
fffff65f
000002f5
fffffa58
ffffddab
fffff9a1
ffffec98
fffffbc4
ffffed07
00000e42
000013c0
fffff4aa
ffffed70
00001c09
fffffca5
000005e4
ffffffb8
0000139a
ffffe647
00000391
ffffec08
ffffeb7f
ffffebc1
ffffff8a
fffffa97
ffffe1a6
000003ef
fffffae5
fffff054
fffffec7
000005b3
ffffe9fb
fffffbad
00000548
000009f4
000006ea
000012c4
0000109a
00000541
ffffea2a
0000165c
fffffa60
00001205
00000dbf
000000fe
ffffe2d7
00000eae
ffffed96
ffffd921
fffff5be
ffffef5a
ffffffa1
ffffffb0
fffff3e3
00001513
00000268
ffffe9ff
00000376
fffffa4f
fffffdc8
fffff5af
00001067
ffffe88e
fffff044
fffffb01
00000c58
000018c3
fffff465
00000124
000005a8
ffffed9e
fffff372
00000f0d
00000c97
fffff9b5
ffffe2a2
fffff633
fffff9db
ffffeede
ffffe47f
fffff349
fffffb3d
ffffdf4e
fffff6d0
fffffd1d
fffff87f
0000136a
fffff368
fffff272
ffffe5af
fffffcfa
ffffdd71
00001276
00000524
fffff15c
fffff80d
ffffefb6
00000557
ffffe62d
fffffadf
fffffec2
fffff70b
00001700
fffff8cf
000016b8
fffffd7e
fffff17e
ffffe3b0
ffffe999
ffffe557
fffff478
fffffc82
ffffd956
000003b4
000009f4
000004ea
00000e70
00001361
fffff25a
00000406
fffffed4
00000cb2
fffffb31
0000069e
000004de
ffffe815
ffffdbaf
fffff7f2
ffffccb6
000010d3
00000a32
00000fe5
ffffe115
fffff2dc
000002cb
ffffff68
fffff910
0000096c
00000b79
0000135f
00000161
00000916
ffffedac
000026c9
fffff19d
00000916
fffff6e4
fffff19b
fffff5ef
00001999
fffff7fe
fffff414
000017fe
fffffa0f
ffffefd5
00000e18
ffffe2bd
00000f3e
ffffee83
fffff938
ffffe003
ffffebb3
00000375
00000029
00001cb7
fffff025
00000f3b
0000021b
fffff305
fffff1b9
000000fc
fffff993
00000494
ffffe9cc
ffffee32
ffffea64
00001109
fffff202
fffff670
000002bb
ffffe3b5
00001d02
00000938
fffff7dc
fffff58e
fffff466
00001699
0000118f
00000c92
00001716
fffff01f
fffff3fb
fffff5f5
fffff84a
000002e1
fffffe16
fffffd69
fffff27b
00000630
00000354
00000e77
fffff3a6
0000185b
000015b1
00000ca3
0000061b
fffff959
000002b0
fffff504
ffffefad
fffff2ff
00001af0
ffffede2
00000dcf
0000257c
00003e18
00000b74
ffffff01
ffffe892
00001d1e
00001166
ffffd50e
fffffa80
00001193
000002f9
000012eb
000007b2
fffff21c
0000066f
ffffd2d3
000020d1
ffffe473
0000061a
ffffe95b
000029af
ffffff64
0000082a
000007cb
fffff1ae
fffff351
ffffd7ed
00000843
000010d9
000005e6
00000e65
fffff033
fffffa9a
ffffe171
fffffc97
0000161d
fffff8d0
ffffff3e
ffffe3c6
fffffc07
0000166b
fffffb5c
0000037f
000010b9
ffffe64c
00000ffd
fffff9f3
ffffff07
fffff1b7
00001381
0000086f
00000837
fffff72e
fffff9d2
00000b6e
00001bf4
ffffec7b
ffffe862
ffffed19
00000cb7
ffffea3c
fffff835
00001b40
000005f5
00001955
fffff1e3
0000033d
ffffef61
0000189a
00000a59
000001f4
000001ea
fffff74d
fffff648
000040cf
ffffc364
fffffc93
fffffa0f
ffffebd3
fffff189
ffffe015
fffff76b
000013ec
000019e0
00000ad9
fffff1aa
fffff1f5
00000663
fffff361
00000f3c
0000080c
00001794
fffffe24
ffffeb4a
ffffeb12
fffff5fc
0000170f
fffff3ab
fffffd98
ffffed5e
00000075
00001c52
fffffcc3
00000ff6
000013c2
fffff400
ffffe83c
fffffa2a
fffff0dc
ffffffbd
0000118c
00000206
0000016f
000001dd
ffffec1a
00000f30
000001d4
fffff808
fffff1d8
fffffcd8
00001d45
000001ba
00000e13
000020e0
ffffff61
fffffaf3
00002816
ffffdf97
fffff2fd
00000005
fffff0b3
000009bc
0000013e
00001544
0000083f
000000f2
00001924
ffffbdf2
fffff022
0000094a
00001a62
ffffdddb
fffff6b8
0000024e
00001969
fffff5e8
ffffeb21
fffff591
00000c02
000016cc
fffffbaa
ffffe2ae
00000e74
ffffe328
000002a2
fffff589
0000057c
ffffe9bd
ffffebd7
00001c20
fffff444
00002a28
000010fd
000005b6
00000bd1
0000185e
ffffec0e
ffffed93
000008a7
fffff34e
00000473
fffff0f6
00002646
000003a3
000007a4
ffffff24
00000ac9
00000aa6
fffff7a1
00000e86
00000d24
fffffbe1
fffff7c9
ffffe061
fffff52e
ffffeae8
ffffe1a5
fffff401
00002123
00001110
0000027c
0000156b
000009e4
ffffe29f
fffff201
ffffdf58
00000af7
00001985
000007d3
0000187a
0000071c
fffff69b
ffffe4cc
fffff467
fffff614
fffffd12
0000077e
00000d1e
00000d30
fffffc5e
00000634
ffffd79d
ffffec49
00000775
00000861
00000010
00000bf2
000011de
00001226
00001321
ffffeae5
000006e1
ffffef97
fffffc38
ffffe592
00000fb5
fffff7fb
fffff8f4
00000cf3
00000993
ffffffc1
ffffea6d
0000087d
fffff77d
fffffe63
00000682
ffffdebb
0000027f
ffffec87
00000157
00000977
00000adc
000006b5
fffff3c4
00000898
000012d0
000006a9
fffff708
fffffe40
fffff962
fffff9a1
ffffe5a1
fffff5a1
fffff582
0000075b
00000033
ffffe3a0
ffffe5f2
fffffa83
00002f37
00000bec
00000bbc
fffffd2b
00000c12
ffffe5c4
fffffb38
00001c00
ffffffaf
ffffeb86
fffff36d
fffff398
ffffe966
00002047
fffff22c
ffffeae1
000009d0
fffffc71
000004ea
000018c0
ffffd8c8
fffffed9
fffffe40
ffffdf10
fffff23f
00000a84
00000524
000002d4
00001657
000003ea
fffffe49
fffff54b
fffffd15
fffff062
00000e28
fffffaca
fffffb86
00000e54
fffff954
00001fac
000005fe
00000d04
00000143
fffff27f
00000393
ffffd92b
fffffde0
000017a5
fffff061
0000289d
ffffe7b1
00001097
ffffe70d
0000007d
00000227
000004a3
fffff05f
00003262
fffff190
00001e64
00000fef
00000d1d
000014f0
000017c4
00000998
000015f9
00001688
fffff018
000012e6
000011fe
00002b29
fffff465
000013e4
00000b86
0000084d
0000024b
fffffe96
fffff77f
000004f7
fffff8f4
0000071a
00000577
ffffffb7
000002c8
00000b21
ffffde29
00000594
000001bd
fffff9ae
000003dc
ffffdef7
fffff439
00002025
ffffe265
000012a3
00002160
ffffef17
ffffeaed
00000c7c
ffffff20
00001d8a
ffffee8f
ffffdfec
00000c25
fffff350
00000130
00000d44
fffff6e8
fffffd73
ffffe029
000015c2
00002ac8
ffffedc4
fffff119
000007b3
00000b56
fffff35b
ffffe8f8
00000391
ffffd974
fffff264
ffffe77d
ffffdf9a
00001e88
00002bfc
fffffbc4
fffff69f
00000d79
fffff310
000011d9
fffff0cb
00000278
ffffe9cf
00000cb9
000001da
00000540
00002995
ffffffa1
0000149c
ffffeb70
000001f0
fffff020
00000f8f
ffffda44
0000019e
fffff08e
00000992
00000ce1
000016a1
ffffee74
ffffceb9
fffffd52
000027ad
fffff6d2
000023e8
ffffe363
00000de8
fffffd57
ffffecb2
00000a06
fffffd20
ffffdc0e
ffffeea9
000004b7
fffffd47
fffff35d
000004dd
fffffa6e
fffff2ba
00000f5f
ffffe1fd
fffff6f5
0000198f
00000286
00000a57
000014e6
fffff7a2
ffffe5e4
00000274
ffffebfb
000004c7
fffff4c0
fffffeaa
ffffdd41
0000109f
fffffd57
ffffd459
ffffd240
00000254
0000194a
00000cfe
fffff53a
ffffe016
00001a38
00000483
ffffd75d
ffffea29
ffffffe9
00001136
00001454
00001c57
fffff8ac
00002d61
000001b1
fffffd2c
fffff354
0000058d
000007fe
00000257
fffff06b
00001516
ffffedcb
ffffffe4
000023c5
00001476
ffffe6d8
000017bb
ffffeda5
ffffeff1
00001263
fffffc59
000008b0
fffffa68
fffff428
ffffeda9
fffffab2
fffff6ed
ffffe244
fffff9d4
ffffdd51
fffff7d2
ffffe1bc
00000472
ffffe5a9
fffffaf9
00000b99
fffff60c
ffffe762
00001669
00000dc6
ffffdd45
00000b18
0000011c
0000337f
000009f4
fffff1b0
ffffcdd6
fffff107
fffff431
fffff6e1
fffffc2e
ffffdbad
00000797
fffff1b7
0000077d
ffffeae5
fffff3e5
fffff40f
ffffef66
000000f2
000019f4
000033de
fffff1df
00001cf3
ffffe715
fffff787
fffff6ff
ffffef5d
0000074c
000027d8
fffff58c
000008ca
00001907
fffffce4
ffffd8c1
0000132f
00003711
00002391
fffffcaf
00000996
00000e5c
fffff2b8
0000089c
00000efa
00001037
fffffe1f
fffffacb
ffffc63e
ffffea1e
fffff373
ffffe83a
00000d55
00001055
ffffef64
00000b28
00000190
ffffdd89
ffffd9b4
ffffe211
00001c19
000010f2
ffffec4a
ffffeb5e
fffff5f1
fffff454
ffffe4de
00002353
ffffef3d
00000b2b
ffffec79
ffffffb4
00000693
fffffbb9
fffff94c
ffffd830
fffffabc
00000736
ffffeefe
000010ee
00000198
00000d0e
00000fbe
00000c25
fffff3e0
fffff794
00000865
00000c62
00000ab1
0000030e
000000a7
fffffce4
fffff072
ffffe0f4
000028a0
000002c7
fffff160
fffffe31
0000183b
ffffdf93
0000188b
00001c2a
00000aa1
00000552
00001320
fffff615
fffffba1
fffff1d1
ffffd8eb
fffffbc5
fffff13a
00003851
fffff0fa
00000ac2
ffffedee
00001919
000003ce
fffffe48
ffffef0e
0000026e
ffffff77
ffffd836
fffffaac
ffffe1da
fffff704
fffff50f
ffffd7c6
fffff7c0
ffffd937
ffffdfef
0000083e
00000752
0000029d
00002ca2
fffffceb
fffffccd
ffffe53e
00000876
ffffddf7
fffff9c4
fffff08e
fffff6f4
fffffd51
ffffee18
00001ca1
fffffa32
000000f1
000024bd
fffff747
ffffebae
000024b6
ffffffa5
00000e0d
0000004e
000009e2
00000473
fffffa59
0000111b
fffff6c1
000002ed
ffffe921
ffffeb13
000002e1
000006ac
00000a6b
00000c72
00001437
fffffb27
ffffef29
0000173b
fffffb04
fffffad6
000000c9
fffff46d
fffff5a0
0000050e
ffffe9fb
00000c4c
fffffa5b
ffffec1e
ffffe489
fffff772
ffffe7b6
00001130
00001c79
00001cfb
ffffec8f
00000dfb
fffffd09
ffffdd25
00001160
ffffd8ba
ffffe591
fffff1ff
ffffedcb
0000044c
000002fb
ffffec6c
000003a1
ffffdea6
00000324
00001386
ffffd529
000007f3
00000f3b
fffffa44
ffffeeae
fffff85a
fffff937
00000968
ffffece1
ffffb616
000020bf
fffffbe3
ffffebf5
00000345
ffffda53
00000914
fffffe38
ffffe9d8
fffff40b
fffff639
fffff398
fffff6e5
00000793
ffffd357
00001b9e
00001d90
fffffc58
ffffee8f
fffff526
00000e68
ffffd6e6
0000182c
00000f68
fffff1ba
fffff2bf
fffff0b8
fffff760
fffffdb2
00000b11
00000c9d
fffff3a8
fffff697
00001a4f
00000633
fffff483
00002151
00000957
fffff074
0000066f
000001e0
fffff71d
00000b9b
ffffe848
ffffdbd7
00001071
fffffd88
fffff4b2
ffffff53
ffffe3d0
ffffe481
ffffea66
fffff86f
fffffc3c
ffffdb3d
00000e63
fffffd96
fffff6eb
fffff81d
fffffcc0
000006b1
0000123e
000000aa
fffff9d5
000000bf
ffffe944
fffff6a9
00000cf6
ffffeecd
fffff4f7
00001166
000004c5
fffffc70
0000067e
00000ef2
fffff6f4
00000658
fffff576
00000731
fffff0d3
fffffdcf
fffff79f
0000029c
fffffb68
0000056d
fffff8c3
ffffe9c6
00000771
ffffebf0
fffff712
ffffdeff
ffffe355
00001ddf
00002eb9
000021ff
ffffe618
00000148
00000a65
fffff521
00001cb7
ffffed22
ffffd77f
00000dfa
ffffea35
fffff1bd
fffff218
000014e0
00000fb6
fffff4c0
ffffe8f1
0000128f
00000fde
000004b0
00000941
0000108f
ffffed49
ffffe2a0
ffffd689
0000120b
fffffb5e
fffff1fd
fffff906
00001464
00000626
ffffff4d
00000dda
00000a3b
fffff4f8
ffffe308
00001000
0000069f
ffffe0be
000018e2
fffffd9e
fffffb9b
00000e43
00000b57
fffffce6
fffffd47
ffffe1fd
fffffb58
fffffd1b
fffff58a
0000170d
000004d0
ffffd36c
00000261
00000660
ffffe26e
00000816
00001595
00001e3f
0000045e
ffffe417
00000c37
fffffa16
00001f38
000001ee
00002242
00000be4
00002460
fffffde0
000000e3
000018ad
00000a5e
00001753
00000cbc
fffff633
00000363
00000d36
fffff6e9
0000206a
fffffc81
fffff5f4
ffffe78b
000017b3
ffffd079
00000c74
00000bbe
ffffed4d
ffffe7c5
000019c2
ffffe71a
fffffe99
fffffa52
00000649
000010ec
ffffab2e
ffffff19
00001cc4
fffff455
fffff6f0
00001717
ffffd380
fffff0b8
fffffa69
fffffbf2
fffffbbd
00000f5a
000003cc
00000cec
000027f1
00000d18
ffffea40
00001888
ffffffa0
00000a08
ffffe15f
000017e6
ffffd235
00000ca9
00000cf4
ffffe480
fffff28e
0000005f
00000260
00000ac3
ffffe5d7
fffff03b
00001354
00001e34
ffffecbb
00001b05
fffff821
00002579
fffffa09
00001ad7
ffffe158
00000542
00002033
ffffd9ec
000004dd
fffffa6c
ffffd7e1
fffffc74
fffffc8d
00001034
ffffdf31
000003fc
fffffe61
ffffdd21
fffff03e
0000043f
00002853
00000e20
00001058
00000ddd
ffffffe8
ffffafca
000006e7
ffffe932
00000e3c
00002e49
000005fa
ffffcef6
00000724
00001e79
ffffbd89
00000e27
00000814
00000d5e
ffffe19d
ffffdbca
ffffeefb
ffffd908
00000128
ffffd9fd
0000154e
ffffee1c
fffff850
ffffe895
fffff7f6
00000c5f
0000265a
fffff250
ffffec07
ffffe91f
fffffd2a
0000060c
00002762
fffffd5d
ffffe1aa
ffffd595
0000087c
ffffed32
00002afb
00002854
000005fc
fffff694
00001852
fffff2b2
00000339
ffffde69
0000069c
00000b26
fffff4d2
ffffe8e5
fffffd5c
fffffeeb
fffff568
00000ee8
fffff8ef
ffffe5a8
000011ef
000007ba
ffffe638
00000420
fffff59e
ffffdf45
00001087
ffffd6b9
ffffeb9e
00000e90
00000b8d
00001e36
fffff894
000017e2
00001f3a
ffffeaf2
fffffd63
00000c78
00001da6
ffffeeb7
ffffd704
fffffb9b
00000c5f
fffff282
fffff908
fffffe46
000005aa
000009c0
00000725
fffffafe
fffffdfa
fffff5b6
00001a51
ffffff3a
000007bb
0000190f
00003681
00001d05
fffff198
000010ba
ffffdbbf
fffff630
000016aa
000030ff
000001cf
0000111a
ffffe2a6
000016c2
fffff2b1
fffff6a6
0000035b
000014bc
ffffe7f1
00000293
ffffd4c4
0000115e
000011ae
fffffa44
00003403
ffffeb75
ffffef13
000020f1
ffffff3e
ffffd5f1
ffffff73
00000ad2
000004ba
ffffebea
00000329
ffffdfc5
00001740
00001518
0000087e
00001312
fffffe19
00000abc
fffff4b6
00001be9
000009f3
fffff382
00001fcd
000022bd
fffff53c
fffff676
ffffe31a
0000031f
00000167
00001760
0000094a
000025a3
000006aa
00000615
ffffeb47
fffff2a4
00002f17
0000030b
fffff275
fffff26e
ffffea73
00000676
000002e9
000015e3
000012de
000020cd
fffff1a8
fffffab4
00000767
fffff22e
fffff57b
fffff177
00002da4
fffffb7c
fffff366
fffff1b4
ffffe57c
ffffeb20
00000be9
00000e16
fffff3d2
000033e7
ffffe761
ffffeba2
fffff972
fffff06a
ffffd120
fffff589
fffff50a
00000650
ffffddcd
00000adc
00000d62
00001210
fffff27f
ffffdd8d
00000715
000009d2
00000256
ffffd1f7
0000010d
00000c75
fffff918
ffffd5b9
00000c77
ffffecd3
ffffd2e7
00000840
ffffeaa6
fffff9c0
00002f6d
00000b8a
00000028
000003eb
00001c1d
fffff11a
ffffe0a1
000026cc
ffffe7fb
ffffdb82
00001317
000014ba
ffffe5fd
fffff647
000012c4
00001772
ffffde84
ffffff86
ffffe9ef
ffffe5ce
00001fdd
0000015b
fffffee0
00000be1
00000b52
00000ea0
ffffd954
000009d7
00000509
fffff008
ffffeb96
0000142e
ffffcdbd
ffffff66
00002e7d
fffff0c9
ffffd063
0000022d
fffffcfe
000007ec
fffff60c
000009b1
0000050f
ffffd9e8
0000163d
fffff371
00000914
00001342
00000b16
00001684
fffff5d0
00001943
00000d80
00000e72
00000b16
fffffc4d
00000156
ffffe654
ffffe5d3
fffff84b
000007ce
00000d8f
fffffdc8
000015bb
ffffed96
ffffedc7
fffffd02
ffffedb7
ffffec43
00000857
00001e62
ffffff23
fffff838
fffff0e5
ffffee91
fffff097
00000198
ffffe0f2
000005c2
0000058c
ffffe547
00000293
fffff3cd
fffffe43
00000f6d
ffffed15
00000912
fffff11d
ffffed85
0000087d
00000335
ffffff69
0000130d
0000011b
fffff45f
0000017f
000002bb
fffff56c
000006c1
00001075
00000ae0
000003b0
fffff166
00000b73
fffff89c
fffffe6f
00000844
00000f01
fffffd7f
00000a88
fffff474
00000152
fffff9e2
0000105b
000000ea
fffff1f3
fffffabc
fffffd1c
00001697
00000032
ffffed23
fffffe7d
00001a61
00000852
fffff321
00000039
00001749
00000849
000008d7
ffffff6e
fffffdd1
00001577
fffffcde
00001537
ffffeb0f
000005c9
0000073e
fffffef9
000004ff
000015cd
fffffe25
00000c7b
fffffd9f
0000095d
fffffeb9
ffffedc9
ffffe707
0000171d
00000647
00000730
000008f1
ffffff5a
00000523
00000039
00000fca
00001296
000009d0
fffff396
00000a71
0000078b
fffff706
fffffa00
00000736
0000126a
ffffebc6
00000d3b
0000024e
00000ab3
ffffe875
00000062
ffffeeb1
00000275
fffff609
fffff816
00000791
000001a7
00001afc
00000141
000001be
fffffe7f
ffffe471
fffffbd6
00000937
ffffeca6
fffff8b2
ffffefa0
00001d67
fffffde5
000005fd
ffffe13d
00000a35
0000035b
ffffea27
ffffff6a
00000297
ffffed09
ffffff6b
ffffea64
fffff560
0000009b
000002f1
0000089f
00000120
000001ce
fffff774
00000ee0
fffff6fd
000004cc
00000e6b
fffff6fa
fffff14e
ffffeab5
ffffef9c
ffffe7dc
000004a5
fffff161
ffffda14
ffffeb20
00002099
00001584
fffff54c
fffffb13
00000516
fffffdd5
000005a2
fffffa25
00000d51
fffffc53
fffff3aa
fffff4d2
00000217
0000001e
fffffae7
fffffb30
fffffbd7
fffffd92
00000395
00000da9
000003d9
fffff33e
fffffa24
0000050f
fffff25c
0000106c
fffffa0e
00000e3b
0000085e
0000026a
ffffe6bc
00000ac9
00000d7e
000016ac
fffffaec
00000240
0000074e
fffffa89
00000898
000003a4
ffffefc8
ffffec1b
0000014a
00000cc5
00000318
fffff308
00001ca6
00000055
fffffe62
00001163
fffff1b9
00000a55
fffffb0f
ffffea5b
fffff4c5
fffff8cc
00000de6
fffff8cc
ffffe61f
000021ad
00000d19
0000151e
fffffabd
fffff2fd
000006ed
00001ae6
00000d42
ffffeddd
000015de
000005d5
00001a7b
fffffe25
0000316e
ffffe2e8
000001ff
fffff786
ffffe9a0
ffffddbe
0000013b
000001da
ffffe992
00001a6d
ffffefd5
ffffe36e
00000a77
fffff05c
fffff9db
00002258
ffffea15
000007ab
fffffd40
ffffffb3
0000033b
fffffd72
000010b7
00004b95
ffffeca6
00000786
fffffdc9
00000112
00001119
00001b82
fffffba8
0000132c
00000886
00004202
fffffe85
fffff7c3
0000105e
00000f26
fffffb6f
ffffd81a
00000648
0000018a
00001f62
ffffd5b1
fffffcdc
fffffd3a
00000fa9
000004f0
ffffd4b4
00000886
fffffc75
000004bf
ffffecca
00000349
00002a26
00000fd7
fffffb85
00001a9a
00000abe
00000e63
000016f9
ffffe067
000003bb
ffffe44b
00001280
fffffa12
00000876
ffffecc4
00001f4b
000023c2
00001564
ffffdb48
0000039c
fffffde2
fffff049
00002b61
fffff346
00000d1f
fffff538
ffffebea
ffffed76
fffffede
ffffff11
000002e6
ffffff7a
fffff1b1
fffffae7
000008c9
00000b84
0000064b
ffffef3a
fffffa3d
fffff39f
000011ba
ffffec04
fffff66b
00001660
ffffdd07
fffff061
ffffff77
00002445
ffffeddc
0000003b
ffffea63
00000591
00000bca
fffffad0
fffff83c
000014b2
fffffb5c
ffffddb5
fffff1ca
ffffea0d
fffff749
ffffff2a
ffffed66
000019ee
fffff276
000015fe
ffffef50
ffffe4d2
0000079b
fffff0dd
ffffe90f
ffffe752
ffffed38
ffffe112
ffffec8b
fffffe9f
ffffebbd
00001c81
fffff572
0000056a
fffffb16
fffffc07
fffffbeb
00000625
ffffef12
000000e1
ffffd46d
000013ab
fffffc5a
ffffe0e3
fffffe26
ffffff35
00001c47
fffff6f5
000006e5
000005f3
00001079
000003b8
fffffd56
000021e9
ffffeda9
00000277
0000103c
ffffed26
ffffd499
000000c6
00000aac
fffffd3b
fffff31b
0000239e
0000093a
000023d3
000002e7
ffffbd7a
fffff66b
fffff259
ffffea0d
ffffee40
00000f01
fffff1c5
fffff7c5
00001dac
ffffe80b
ffffe229
ffffe5c5
0000044d
000004db
00000104
ffffe831
fffff601
000000ab
000008df
000005a1
fffff46b
ffffef77
fffff029
000015b7
fffffc76
ffffe0e1
00000ef1
ffffff00
ffffef59
00001f15
000009e3
000016cb
ffffeab1
ffffe9ab
00000abc
ffffdcff
00000839
fffff0ba
ffffe163
00001992
0000090f
00000eb4
00000314
00001017
ffffec83
00000b8f
fffffc19
fffff8b9
00000de8
ffffd7ad
000005de
00000373
ffffef56
000010ae
fffffc91
fffff878
0000038d
00001604
000015a9
00000222
fffff3d4
fffff9fe
0000186d
00000735
fffff9b8
00000b15
000009fc
00001d2d
00000985
0000075d
00000a2f
fffff60d
00000ae2
0000035b
000007a1
fffff39d
fffff217
fffff59c
ffffe16a
ffffe9aa
00000130
ffffd9ea
fffff460
ffffff6c
fffff126
fffffd99
fffff703
fffff825
ffffe8e6
ffffec72
000001fd
ffffe044
000003ef
ffffc663
fffff7f5
000012ee
ffffe6b2
00000442
00002173
00000281
00001227
000009b3
000007cf
ffffee71
ffffe7de
00000913
fffff422
00000104
fffffdd0
fffff270
fffffa95
fffff475
fffff477
fffff12a
ffffe51d
fffffc38
0000107d
00001a98
ffffe66c
00001a33
ffffe744
000007bf
00000d5a
ffffec93
0000058e
00000418
fffffffd
fffff943
ffffe453
fffff6cd
000004c0
00000bf6
fffffb74
00000d87
fffff2b4
00000c12
fffff962
00000810
00001a78
00000ec1
ffffeafe
000000b6
000009d8
fffffa2e
00000a89
00000afb
000002c6
fffff188
fffff29d
ffffe981
fffffe7c
ffffe414
00000b20
00000d72
fffff6ae
fffff3d9
ffffe78b
00000c29
000013c4
fffff761
0000341c
00000419
00000ae6
fffff0b8
fffff9f7
00001211
ffffff67
000000ad
00000676
fffff795
ffffe416
fffff5de
00000c78
0000022a
fffff7d7
fffffba7
fffff6c7
00001865
fffff5e5
00000ab9
ffffdf3d
00000358
fffffd78
00001657
fffffcda
00000b87
ffffdd37
fffffc77
ffffdb45
00002f41
fffffab9
00001a7c
ffffe99a
00000402
fffff4c3
fffffe6c
00000d69
00000793
00000652
fffffde1
fffff52d
000003c3
000012ba
ffffea7d
0000161e
fffff611
ffffdcf5
ffffd634
00002125
fffffd19
ffffe37e
ffffefd8
fffffb48
000017be
ffffe626
ffffe570
ffffe70c
0000020f
00000585
ffffe6ab
0000039e
00000d93
ffffc27d
00000a95
000004a4
fffffb17
ffffdbbd
00002379
000010aa
fffff74f
00000b12
fffffe22
fffff1be
fffffe61
000016e2
000005dc
000027f9
00001d82
00001149
0000064e
fffff134
ffffe0e5
000000ed
00002b0b
ffffd65b
000016e2
ffffe39f
ffffeffe
000002e4
00000ce1
fffff52b
00000428
ffffef8a
0000137c
fffff0bf
fffffe0d
ffffef31
00000693
00000495
ffffff87
ffffef5d
fffffd9c
000006d0
fffff9f4
00000455
ffffe672
ffffe207
00000666
ffffed10
ffffcc37
ffffe789
00002321
ffffee2f
fffff88f
0000177a
000002b1
fffffea2
00000148
000023e1
00002b32
ffffedf3
000000c4
0000061a
000012c7
ffffe15e
fffff725
fffff8a2
fffff3df
00000004
000005a3
0000141e
00000ef7
fffff8e0
ffffd3a5
00000306
ffffecf9
ffffd437
fffffa69
fffff953
00000076
00000087
ffffeade
fffff797
ffffe456
000009ac
ffffe897
fffff99a
000004dc
00000046
0000108b
0000022b
00001134
000007cc
ffffd805
00000641
00000710
fffff67d
fffff3b4
fffffce0
00000dbc
0000032d
ffffe77c
00001eeb
ffffdc8f
fffff310
ffffec38
ffffff48
000003ba
00001345
000010a3
000008c1
00000e07
0000018b
00001108
ffffe1fe
fffff848
fffffd51
00000057
0000239b
fffff706
0000212d
00001ebf
00000345
00001eee
ffffcc47
fffffc37
000005f1
00000107
00003543
fffff971
ffffeca8
fffffdf5
fffff0d7
0000145a
ffffe6e2
ffffdf70
fffff4e0
ffffd9a8
ffffeb08
fffffaaa
00001f87
000014d3
fffff90b
fffff94d
ffffe0b6
000014fc
00002110
00001022
ffffe90b
ffffe3c8
ffffe50f
000001cd
00000e27
ffffe63c
000009f5
ffffe90b
000010b2
fffff1b0
fffff29c
0000124f
ffffde9c
fffffbee
fffff330
ffffe000
00001592
fffffc57
00001b72
00002051
ffffe35a
ffffe813
00001190
00000edd
ffffef02
ffffe22d
000016fa
00000203
fffff66f
fffffe55
000012f4
ffffeb3f
fffff3d0
00002085
ffffee48
000009fd
ffffe8a1
000005c5
00001729
ffffdd64
00001f29
00000be4
fffffe9a
000008e4
ffffeb98
ffffebb2
fffff9b9
fffffdca
0000093a
ffffee50
ffffffae
fffff446
ffffff91
fffffb70
ffffff62
00000e54
fffff814
fffffafa
fffff5f1
000000dd
00000514
00000aa2
000001ec
000002a5
fffff4ff
fffff86a
ffffff47
fffffb90
00000bd8
fffff2e6
fffffd88
fffff80e
00000985
000016f2
fffff6f3
0000103a
0000086e
ffffff4b
0000090d
00001965
ffffefc5
fffffa4f
000004bf
0000026c
fffff7c1
00001e20
fffff633
fffff8e1
ffffeb78
fffffac1
00000652
fffff9c3
ffffedbc
fffff174
000006c1
fffffb4b
000006e0
00001169
000006dd
fffff77d
0000155e
fffff740
fffff97a
000002bc
fffffa36
00000183
fffff5bd
00000939
00000159
ffffff5a
fffff915
00000982
000003a7
000007a0
00000eba
fffffa5f
0000053b
00000b51
fffff7ba
0000074d
fffffb5d
ffffe80a
fffff1b7
000010d3
fffff84e
ffffea1e
ffffffe0
000003b3
0000002a
ffffffb5
00000f1e
ffffe9cf
000003f3
000005d6
000011e3
000005b5
ffffed91
fffffb8c
ffffff61
00000755
ffffe1d5
fffff003
000014f7
0000040d
00001a92
00000a75
ffffff47
ffffed2c
0000086f
00000299
fffff6e5
0000014c
00000757
000007a5
0000097a
00000caf
fffffc91
fffff6a3
000002cf
000021ec
000011d6
000001d3
00001584
fffffca9
fffff2be
00001848
00000a65
ffffe51f
fffff50f
fffff88a
fffffc32
000000cd
00000b63
00000b99
fffffce8
000001a7
fffff2f4
fffffe5d
ffffff9a
00000424
00001861
ffffe858
000001b9
00000a8c
fffff759
fffffbf9
00000619
fffff9b4
ffffef0d
000001e4
fffff710
00000cf4
00001dfa
00000636
fffff022
ffffdab8
fffff787
ffffdbc5
fffff04b
fffff63f
000005dc
0000095f
0000125f
ffffeb28
ffffecf6
ffffff5d
ffffe68a
fffff5b4
fffff167
ffffdeea
fffff13e
00000030
fffffb1a
000012fc
ffffff7f
fffff13f
ffffe548
0000159a
ffffffd5
fffff79b
fffffd23
00000717
000002b2
000001d0
0000138a
00000435
0000124e
00000172
00000229
00000c9a
fffff927
0000012b
ffffe7a3
00001361
000014e8
00001107
fffffc84
fffff6e7
ffffee80
fffff5e2
fffffc9b
0000023c
00000410
fffffc07
fffff089
fffff4f1
0000062c
0000015f
ffffdecd
fffff7ab
0000049c
ffffe343
fffffa0f
fffff969
fffff549
000018a4
fffffef5
ffffef46
00001e2f
fffff899
fffff7b4
fffff3db
fffff283
ffffef6d
000010ab
00003787
000001e0
ffffd7cf
000016ad
ffffe30e
0000044c
00000b4a
ffffe657
00000ea8
000008ee
fffff310
fffff4c2
00000778
fffff7bb
ffffda74
00000053
ffffdf8d
00001cfb
fffff825
fffff11b
0000031e
000028a0
00000f2a
fffff969
fffff3ed
0000194d
0000020e
fffff154
fffff361
00002cd6
fffff04e
ffffd539
000010cf
fffff3a9
000011c1
00001f7c
ffffee29
00002245
ffffff23
00000f5e
fffffacf
ffffe8cc
fffff77c
000002c2
fffffa37
00001a24
fffff67a
ffffefd2
fffff5ba
000010d2
ffffcc0c
00000850
fffffd60
fffff71e
ffffed0b
fffffcdf
00001ac8
00001176
0000097e
000026cf
fffffe11
ffffebf0
fffff514
fffff734
00000261
00000b1f
000024c6
ffffdf17
000002cc
00000511
00000be3
00002079
000012d6
fffff6f4
00000db4
ffffff05
00001a32
fffffa69
fffffc67
000008c5
0000299d
fffff3aa
00000faa
ffffd1e4
fffff349
ffffe95b
ffffdf0e
0000061e
00001960
0000163b
000008b2
00000a00
fffff504
00000f03
ffffed3b
fffff315
ffffea51
00001c89
ffffe9a6
00001399
ffffece0
fffff2a4
fffffc7c
ffffe22c
ffffe70a
fffffaa2
00000f92
ffffde73
00001ac7
00000c18
0000058c
ffffdece
00000b5f
ffffef23
ffffed89
00001e60
00001330
00002351
000000ea
ffffe64a
ffffdce0
ffffec2c
000021ce
fffffdf5
fffff8ba
00000eb6
000011fa
00000766
fffff2e7
fffff0e1
00002752
00001522
00000815
000018a1
00001637
000012de
00000be3
00000c79
fffff79d
0000095c
00000ad2
00000a0b
00002774
fffff4a6
0000057d
fffff404
ffffd0d5
00000fc4
00000655
000011dc
000017a3
00000877
ffffc6c3
fffff249
ffffe4ac
ffffda63
00000e62
00001e2f
fffff96e
00000614
00001841
ffffff15
00000aca
000002c7
ffffe311
000002f7
0000065a
00000e36
000003a3
ffffefb3
00000f07
ffffee8d
fffff43e
0000130c
ffffea36
fffffacc
0000090a
000005fb
00000b7c
ffffece9
00001085
fffffdff
00000620
ffffe90c
ffffe4f1
fffff288
00000033
ffffe7df
00000ab1
000017dc
fffffc29
00000d3e
ffffff45
ffffe1b7
ffffff06
00000b8a
ffffdf7a
0000240d
fffffa20
000003ff
000000e6
00000597
fffff0bc
fffffa7e
00001c66
fffff25a
0000042e
00002472
ffffea49
000015f0
ffffdbd9
00000564
0000031b
000001a5
ffffe08c
000000d7
00001809
00001485
000002e0
00001c9f
00001882
00001064
000026c2
fffff755
00000c14
fffff18a
ffffe1f0
fffff85c
00000e86
ffffe1b3
00000444
00000aff
fffffcc9
00002e56
000024bc
00000e43
fffff1b4
00000807
ffffeccd
ffffd7b5
0000134b
00000445
000014a3
ffffe659
fffffb6c
fffff8fa
00002a92
ffffe92f
fffffa00
00000481
fffffb95
fffff535
00000dc0
0000060b
fffff614
ffffdfd7
000016fa
000000e3
fffffbfe
00000582
0000126e
fffff52e
fffff0cf
00001bfd
ffffeb7e
fffff9d6
0000111b
0000092b
fffff24c
fffffb69
00000832
fffff359
00000fb2
00000ec2
ffffdbb6
000015ff
fffff71b
00001a60
00001894
ffffd946
ffffd406
0000000e
00000a7a
fffff4a5
00001695
ffffe2e5
fffffea3
00000efb
fffff252
00000420
00000e62
fffff92f
fffff2d0
000003e4
0000198e
fffff3bd
00001b69
ffffef16
0000097e
ffffec14
000017b9
fffff017
00000232
00000b7d
fffffb80
0000091f
00000db5
ffffd4b1
000005e8
00000ce9
00000108
ffffe93e
ffffe5ac
fffff136
ffffefe7
fffffe5a
00000af0
ffffecba
00000180
ffffe9ab
fffff54b
00000307
00001c65
00000774
ffffecc1
00000c5d
fffff219
fffff09b
000009b8
000008f9
fffff78b
00001f60
ffffe922
00000b07
fffff084
fffffc63
ffffe44f
00000091
00002216
00001adb
00000481
0000137b
fffffa15
ffffe770
ffffe096
fffff9ea
ffffd1d6
fffffcde
00000486
0000150e
ffffff07
000023a2
fffffa28
0000153b
ffffe619
fffff466
ffffecdd
ffffec47
fffff0f2
fffffeec
ffffe5cc
ffffea65
00001fac
00000086
000013b5
000005ad
0000172b
00000fa0
00000ad2
00000bda
00000d9c
00001b5d
00001180
fffffc4b
00001ea2
00001520
00000f35
fffffcdc
000006bb
000010f4
00001d1c
00000716
ffffecfd
fffff753
00002aa3
ffffe93d
0000022a
00000665
00001f51
fffff3bf
000020e0
fffff749
0000045f
0000138b
00001842
000000da
ffffee7c
ffffee96
00000002
00001835
fffffad8
00000da4
00000240
fffff51e
00000c02
00000c7f
ffffef37
fffffdd2
fffffc96
fffffabe
ffffda9d
ffffee9e
fffff9f3
ffffe31e
fffff720
ffffff45
ffffecc6
ffffe2b5
00000860
ffffe45c
00002c4e
0000140f
ffffff26
ffffe96e
ffffed1f
fffff458
fffff29f
fffffaef
00000418
ffffecc5
fffff629
00000c86
000014de
fffffcb3
000009e4
fffffc67
00000480
fffff9bb
ffffe863
00000053
0000097e
fffffa65
fffffc99
ffffda49
fffff972
fffffa7c
ffffeadd
00001029
00001cb6
fffff5e5
000006be
fffff957
fffff93b
fffff9f4
fffffd33
fffffeda
000009e7
fffff9a5
fffffad8
000010b0
ffffe802
00000da7
00001ac9
00001195
ffffe2f6
000001e3
fffffde4
00001924
000003c8
000008d0
fffff1cd
ffffe88a
000002f9
ffffdabc
fffff980
00001177
00000544
fffff834
000007c7
00000e80
fffff2eb
fffffde1
ffffe90c
000000c7
00000b69
fffff061
ffffee02
ffffe357
ffffe7c9
0000076f
ffffe9fa
ffffd780
ffffeee3
000012fb
000024ab
0000161e
00000822
fffff5e6
fffff182
ffffedf5
00000da1
ffffef72
fffff76f
ffffffef
000007b9
fffffb83
ffffe605
fffff567
fffff4fb
ffffffe9
000001cf
000017d7
ffffeec7
ffffffd1
00000b65
00001f6c
fffff788
000014e0
ffffece8
ffffff98
00001a7d
0000091b
ffffec37
00000a39
ffffef74
00000df6
fffff12e
fffffac1
0000045a
fffffeeb
fffff581
ffffe4ee
000018df
fffff93b
00001503
fffff52e
fffff894
00000a36
000007bc
fffffd01
00001727
ffffff0b
00000992
ffffece2
00000988
ffffebc0
ffffe98a
fffff827
ffffee14
fffffde0
fffff6a9
000012bd
fffff57e
0000120f
fffff7ca
ffffde4b
00002082
000008a4
0000128a
fffff20f
fffff550
fffff3f1
000018cc
00000c9e
fffff050
0000146b
00001a86
ffffedd2
ffffdcce
fffff00e
ffffeb24
00000d12
0000087b
ffffdaf5
ffffeada
ffffe64a
fffff897
ffffe87c
000000ad
00001ca6
0000029f
00000c0e
fffffbeb
00000ea9
ffffe8bd
ffffe434
ffffeecc
ffffea6a
ffffeee9
ffffef5f
0000172b
000004b1
000018f4
fffff517
ffffe457
fffff2c0
ffffff14
00000ac0
fffffc8e
fffffc86
00000f35
ffffe393
00000c96
0000080e
fffff4b4
fffff86a
fffff7f2
000011e9
00000169
00000f0c
00001264
00000b5e
000010f3
ffffe206
00000f09
fffff630
fffff76e
fffff497
fffff82c
fffff6fa
0000015c
0000080c
ffffd8ed
fffff0ad
fffffde6
fffff8eb
0000001f
000009d7
00002655
fffffdea
fffffffb
00001f5f
fffffb93
fffff453
fffffe4c
fffffe88
fffff4a9
ffffff67
00000642
fffffc92
00001e73
fffffca6
ffffffa6
00000b09
ffffec0f
0000111a
fffff4ae
fffffb77
000007ba
00000c14
ffffef71
000003bb
000011bc
000022d5
000012c2
fffffd2b
fffff550
00001b7e
fffffc80
ffffec1e
fffffab8
fffffc6d
fffff8fa
fffff7cc
ffffe5ae
fffff188
ffffed4e
00000bfc
fffff7d0
ffffed1d
00000e31
00000cb8
fffffa7f
ffffe0aa
fffffffe
ffffed18
fffff503
00000995
ffffff79
0000243f
0000012f
0000017b
0000018a
00000650
000011b6
00000f57
ffffefea
000015a6
ffffe8bf
00000ee9
fffffa3f
fffff4c8
fffff320
fffff31d
fffffcb4
000001ec
000005eb
00000611
ffffec75
fffff381
00000418
000010cb
0000089d
00000bbc
fffff8f0
fffffce3
00000722
ffffe87c
000009a2
ffffdfa5
00000ed0
ffffe738
fffff3dd
00000836
0000090d
fffff7af
00001311
00000102
00000548
ffffdeab
00000369
ffffe17f
ffffeffd
000018f6
00000172
000011e0
ffffe8a1
fffffdaa
fffff8df
fffff631
ffffe8f3
fffffbae
fffff84f
fffff125
fffff8e7
00000f23
000002a3
00000de3
00000d56
00001b66
ffffedf7
000000b4
00000512
0000096f
fffff4dc
000004ec
000004bf
fffff6cb
000013a5
fffff8d0
00000a36
ffffcd4c
fffffc75
000002ff
fffffdd4
ffffeee4
fffff341
000010cb
000000cc
00001d8c
ffffff94
fffff01c
fffffc88
fffff2ae
00000f30
0000012f
fffffd84
fffff2c1
ffffe20b
fffff299
000016c2
fffff247
ffffdaf3
ffffe77d
00001336
fffff6a3
000006fe
ffffe158
00001cda
ffffeed3
0000029f
ffffeb7b
ffffdcd8
fffff3d2
0000050b
ffffe79b
fffff773
ffffffd4
ffffff9d
ffffeed3
ffffebc3
000002d6
00001270
fffffa35
00000075
000005bd
ffffe81f
0000002d
0000017a
ffffca9c
fffff203
ffffeabd
000009f9
00000369
fffff596
fffff347
00000a73
fffffc91
fffff76c
fffff570
000005e9
00000dbc
fffff604
fffffc24
000012ad
fffffb8d
000025cf
0000176f
000002bb
fffff499
fffff7f2
fffff0da
00000f39
fffffcc4
000005f0
00001c4f
fffffa18
0000025c
00001b10
fffff0af
00001299
ffffebae
ffffdb27
fffff3ca
00000d73
000000ea
fffff2fc
00000839
fffff9e1
ffffea42
00001b70
fffff87e
fffffe48
fffffc8d
fffff4a4
00000269
fffff8f2
0000135c
ffffe30e
fffffd86
fffffc1d
000001b3
ffffedb8
000006a5
ffffeaf0
000009eb
fffff831
fffff2f0
00001684
000011c9
00000b07
00001e83
0000076b
00000d76
fffffcf4
fffffe82
ffffd052
000000f5
000010e4
0000099b
000005b3
000001cd
000003de
ffffe7e0
0000233d
fffff6b2
ffffd476
ffffee35
0000134a
000002b5
ffffff42
fffff23d
000003c9
ffffeb63
00000e28
ffffe2eb
00000749
fffff433
fffffa99
00000b8a
00000df8
ffffec2e
000004a0
00000372
000016a0
00000827
fffffd3e
0000189c
0000220f
000003e9
fffff815
fffffc47
ffffdb0d
00001304
0000200e
ffffdf28
fffff4bc
00002a52
0000304b
ffffeacc
000004ac
00000164
00001654
000004c7
fffffcdc
00001c35
000000dc
0000163f
fffffe6a
ffffe0b4
00000d77
00001d2f
fffff5e6
fffff15a
0000015f
000004a8
00002507
ffffebd2
fffff531
00000885
0000123b
00000064
00000307
0000102a
fffff19f
00001683
fffffb12
ffffec16
000022fa
ffffeb7b
ffffffc9
00000c10
00001326
00000680
ffffef6d
ffffea9a
fffff8d5
0000213e
000005d1
ffffdcbe
fffff701
0000000b
000006cf
00000366
ffffe59c
fffff9f7
0000162c
fffffbd1
fffff2a4
ffffe627
00001032
ffffe8ef
fffff5f9
00001613
fffff369
fffffa2d
00001a02
fffff31b
0000061e
fffffed8
fffff66f
ffffe1fc
00002576
000009e4
ffffe794
fffff491
00001809
fffffe71
fffffd4d
000001cd
00000d39
0000017c
fffffb32
ffffec5f
ffffed66
ffffe41c
ffffe9ea
ffffc72a
fffffc2e
00001886
00001973
ffffe99f
fffff525
ffffe1a7
fffffe25
fffffd6f
00000340
fffff62b
fffff4b9
00001a36
fffffb67
ffffdb84
ffffdfff
0000423b
00000295
ffffe2f4
ffffdb42
0000196c
ffffddef
fffff770
0000360c
ffffe02b
fffff07c
000003bf
00002b27
ffffe5f9
00000c54
fffff71b
ffffda9e
00000168
00000e72
000002ee
ffffcc7c
ffffee03
00000576
00001567
000007a4
ffffdeb6
ffffcdaa
00000244
ffffece1
fffffe5d
00000770
ffffcf60
fffff3b9
000006e4
ffffda67
00000df4
00001973
ffffef4b
0000181a
00000cd3
fffff168
00000345
00000fff
fffff788
00000b0f
fffff0da
000017fb
00001c5e
fffff26b
fffffebb
fffffc1d
ffffbc71
00000526
ffffedd4
ffffede7
ffffe1f6
ffffe922
fffff181
000052e7
fffff946
000003a9
fffffcff
000014dc
fffffaef
00000599
00000c81
00002d01
fffff823
00000973
ffffd0ed
ffffcebf
fffff5a1
ffffed13
000002e2
fffff5e6
fffffbc6
00003403
00000501
0000245d
00000f68
fffff27c
ffffefae
00001b34
fffffcd6
00001411
ffffd3c9
fffff1a6
000003fe
fffffa02
ffffdebe
fffff0b2
ffffe5fd
00003a71
0000064e
00001dc5
000005e2
fffffc92
fffffba0
00000c65
0000024a
00000253
ffffd397
fffff31a
0000058b
00003056
000021cf
ffffe0cc
00000225
000015c3
00000885
0000039e
00000a01
fffff342
0000065b
ffffdf85
fffffb24
0000014e
00002120
fffffca6
00001e1d
ffffc8d5
000001b9
00000b31
ffffce7b
00000c80
00000149
000001d7
00001f56
000001ad
ffffe5b4
fffffdc4
0000097b
ffffde44
fffffe8e
00000dc9
00001345
ffffcb18
00000ad2
ffffde7e
fffff3ea
fffffe0c
00000dec
000021eb
000000e3
000027e4
ffffdd61
000019ff
0000072a
00001e70
000007f9
ffffd0a8
ffffee19
000017d4
00000e0e
00000807
ffffe460
00001103
ffffdbde
fffff5b3
fffff03a
fffffedf
ffffcb62
000003b5
000022ec
ffffe6c0
ffffdfe5
000004da
00000e83
0000257c
fffffece
fffff36d
ffffe78b
00001536
ffffe71f
00000571
00000d92
fffffc81
00000342
00000ac1
ffffeafb
00001436
ffffdbc3
ffffdaa5
00001268
ffffe283
ffffc17b
0000091d
00001d97
ffffc27f
fffff7a6
ffffd5f8
000012a5
ffffddd7
fffffa26
00000fd9
000016cd
00001765
000024a0
fffff63e
ffffe9fe
000034e3
0000007f
00000835
000003a5
000005ab
ffffd908
fffff020
00002e0f
fffff194
fffffa03
ffffea20
ffffe00d
ffffe6fa
ffffd09a
fffffec4
fffff904
ffffdabb
00001543
ffffee0a
00000a3a
ffffef07
00000fd5
00001024
000020d9
00001e0d
fffffb4c
000026e7
0000213e
fffff323
fffff72d
ffffb9eb
fffffc5e
00002067
000005a7
0000048f
00000867
fffff9c6
ffffeb66
ffffdb83
fffffef5
00000490
fffffedd
ffffea90
000018f2
00001c8c
ffffd46c
00002433
00000d73
00000eb9
000009be
fffff49c
0000151c
00000416
fffff359
ffffe883
ffffdb7e
fffff80e
0000081a
00001070
00000389
00001452
0000195f
fffffa98
00000366
00003f3f
fffff87d
0000020f
fffff100
fffffe67
00002ec2
ffffe9f6
ffffd41c
000020e8
ffffc46b
ffffdbb5
ffffd205
ffffcfdd
fffff288
ffffebe7
fffffa6c
00001239
00000aba
000005fc
0000341f
0000049a
0000389b
fffff623
fffff743
fffff8a7
00000e17
ffffefd7
00001d45
ffffe7ac
00001706
fffffe17
fffffe0d
fffff94c
ffffcca1
fffff738
0000056c
0000073f
000018f5
00000609
fffffdba
00000e5b
00002378
fffffd17
00000aad
fffff832
fffff54a
0000266f
ffffc64a
00000bc3
ffffed6d
000000fe
000003c5
00000095
000008a5
ffffe8f6
00000bfc
fffffba4
00002d45
00002dd9
ffffeb25
00000e0d
ffffe55e
000008b8
ffffe399
ffffc764
fffffaa0
ffffe6cb
00002066
00002620
ffffd047
00002ebd
fffff9ef
ffffdf8f
fffffc35
00000962
ffffdbfd
ffffdcab
fffff3ab
fffff506
000007fe
fffffbff
00000763
fffffa87
00001627
000004f0
fffffe1b
00000150
00001637
ffffe1d5
00002426
fffff983
0000097d
fffff82b
ffffec7f
00000280
00000e8a
ffffd31b
ffffea96
fffff3ad
00000b2c
fffff80c
ffffefe9
ffffe7b1
fffff9db
000034eb
00001f5c
ffffea82
fffff230
ffffd5ea
0000015d
fffffaa2
ffffcde2
0000071e
00000ff0
00000e99
ffffe27a
fffffb90
00000658
000013e6
ffffd382
00002050
ffffda32
fffffc4a
00002a6f
00000d19
000055b4
ffffcd37
fffffe07
ffffd0f5
fffffa29
fffffd1d
00001cd4
00002204
fffff77d
0000051a
ffffe428
000000d7
ffffce7f
00002ec8
00000c3c
ffffdb75
000006ad
000006db
0000154b
ffffdf39
fffffea3
00000482
fffffaa1
00001c27
fffffe0b
fffff350
ffffd9f8
ffffe062
fffff848
ffffe5ba
0000378e
0000059e
fffffb30
fffffa6a
00000ae0
fffff4a3
ffffe575
000007b4
fffffda6
0000236f
00001834
ffffda02
00003828
000005d5
00000247
000010af
0000039f
ffffe220
00001406
00001903
fffff6ce
00001933
0000041f
00000a94
00000ed2
00001921
000014a6
fffff4c0
0000038b
fffff856
00001306
00001e45
fffffd2b
fffff358
ffffcda5
fffff9b6
fffff26c
00001307
fffff9ac
fffffb84
000008ad
0000058a
fffffe1f
000031c0
000019e9
000005b1
fffff68a
ffffe368
ffffe5c5
000027f7
ffffe985
fffff234
fffff09b
fffffbf7
000008c8
00000651
000010d8
ffffff5c
000007cd
0000050e
ffffef80
ffffe867
fffff872
fffff306
fffffb5c
000006f4
0000167e
000006f0
ffffe845
fffff2d6
fffff0cf
0000021e
000009af
fffffb1d
000007c1
000000b8
fffff07b
00001425
00001d95
ffffe9cb
00000036
00001dc7
fffffb14
ffffe49e
00000a9e
fffff0d2
ffffff53
ffffefe0
fffffa5d
00000cc9
fffffef3
00000f55
000000a3
000012d7
fffffb0e
00000017
fffffc1b
0000217c
fffffaf5
ffffd9e4
ffffeb81
00000b9c
ffffedaa
00001db0
ffffef95
00001007
ffffecb1
ffffeddd
000009e6
ffffe604
ffffe0a1
000013bf
ffffff7b
ffffea27
ffffcde3
fffffbf0
ffffee2c
fffff34e
ffffeea1
00001038
fffffb67
fffffe31
00000267
00000a19
fffff2bd
00000d39
fffff93d
fffffb39
fffff47f
00000395
fffff547
00000910
000019fe
fffff208
000019e7
ffffe2a2
00000ede
0000079f
00000643
00001060
fffff691
00000a88
000001f9
00001c5a
00001fe3
fffff0b9
ffffd601
00000047
fffffd48
ffffec1f
0000063c
000006a0
ffffe99a
00000e9e
00002cb9
fffffd02
fffff097
ffffd9e5
000009d5
000004f8
000008db
ffffe160
fffffe84
fffff3c0
fffff709
00001172
000003b5
ffffebbc
fffffffc
000001d4
fffff5c9
fffffaaa
000001ac
00001078
000007f8
00000b9f
00000e30
00000e3c
fffffc8e
000001c4
00000bff
0000013c
0000067d
00001472
00000799
ffffed6b
fffffd24
00001519
fffffa58
fffffd5a
fffff888
00000537
00001714
00000928
fffff6e3
ffffd33e
ffffec86
fffffc07
fffff5a4
fffff809
ffffea79
ffffe90e
00000177
ffffee66
ffffecab
00000770
00000442
ffffcf80
0000061c
fffff1fc
0000051f
fffff03b
000001e4
00000a42
0000140c
fffff9da
ffffdcab
00000bb4
00001a90
ffffdc50
ffffd67b
ffffee0a
fffffa4d
00001734
000010e5
ffffd9af
000009eb
fffffb0b
00000cc5
00001b1c
00000dfd
fffffef1
ffffe576
ffffea56
00001148
00003aa5
00001699
fffff985
000020e6
ffffc271
fffffaba
000008df
00002886
000028eb
ffffecbe
0000033b
ffffdad6
000029de
ffffe04a
00003604
fffffc2a
00000378
fffff8dc
fffffb96
000001a5
ffffdba8
000005a9
fffff6b8
00001855
ffffe394
ffffeba3
00000aa0
00000ff6
000011d1
ffffffd0
fffff72f
ffffd55d
fffffe4a
00001546
fffffdd4
00002047
fffff602
00002fa4
00001cd7
000020b5
00000a96
00000406
00001c7a
fffffebf
00003264
000017b3
0000106e
0000174b
00000958
00002c2c
000015f9
fffff1cc
fffffc47
000002d6
fffffef0
00001b7b
00000824
00000665
000013b8
fffff9ee
fffff15d
ffffe9cb
ffffd92b
fffff9a7
fffff70a
fffff616
fffff276
ffffe5e9
ffffea39
00000ffd
fffff8c2
fffffe13
00000434
fffffd4f
ffffe9cb
ffffeee2
0000161c
00001391
fffffcec
000000ec
ffffcb75
00000b42
ffffda37
fffff75a
00001973
ffffe805
fffffef1
ffffe0e8
ffffecdc
fffff4ce
fffffd5a
fffffe44
00000536
fffff975
ffffea5c
ffffd67b
fffff5ec
fffff98d
ffffcd70
ffffff6d
ffffce2c
ffffda96
000015d8
00000b8c
ffffeb0e
00000578
fffff088
000003bf
00000d2d
ffffdb80
fffff3d3
fffff707
00001374
ffffb85c
fffff1fd
00001082
ffffbab4
ffffe01c
00000ac2
00001ea0
ffffe2c3
ffffdd9c
fffff502
fffff98d
0000193d
00000b74
ffffd94b
ffffeb82
000005e1
00000c62
00000f8c
00000573
000002a0
fffff984
00000b5f
000018d0
000017ef
ffffddee
000002ea
0000233e
ffffed8f
ffffee05
00001758
0000369e
fffff0fe
00001e19
00003835
ffffded2
fffffa3d
ffffe31a
00000b94
000003f1
ffffe61e
00000488
ffffe016
00000553
00001419
00000e73
fffffc11
000000cf
ffffe147
fffffc1c
fffff4e5
ffffed35
000003a3
ffffe6ab
000001ed
00001ace
ffffed1b
fffffcf1
000038c5
000013d3
ffffeea4
fffff458
ffffdbc3
000003ad
fffffe18
00002136
ffffdc84
000003af
0000159c
0000076c
ffffedfa
000014a7
ffffd3ec
fffffacf
000018d3
fffff2a1
fffff3a6
00001d26
ffffe5cd
00002f2b
fffffa28
fffffff2
ffffe871
00000ef4
00000f73
ffffeae8
ffffda6c
00000d70
00000c64
00002239
0000323a
00000618
0000019a
00000955
00000859
000001b5
fffffbf3
00002b71
fffff11a
00000f88
fffff52f
ffffff58
000005d2
ffffe85e
fffffacb
000000b1
00001ead
00000e3e
fffff0f1
ffffea5f
000013f8
fffffce9
fffff639
ffffee23
fffffb6f
00001094
00000f01
0000247e
fffffa07
000005c8
00000909
fffffdd3
00000a08
00000588
fffff98f
000005f1
fffff597
000013b9
fffff8a4
00001b43
fffff688
00000377
00001b20
fffffc3c
fffff6e9
ffffecfd
00000cfe
00000567
fffff805
fffff7fc
0000053a
00000112
ffffec2a
fffffcdf
fffff2e6
0000196c
00001466
0000154f
00001df5
ffffe26c
ffffff50
0000096b
000001f1
fffff1d7
fffff317
ffffe818
0000008f
00001818
000007bf
00001582
00000762
fffff1fd
fffffa4a
00000f04
00001620
ffffe422
ffffeffb
fffff5a0
00001009
00001a18
ffffe545
00000a5a
000032ab
00000670
00000705
ffffe00b
fffffe61
fffff39e
00000127
fffff4d3
00000788
ffffe7dd
0000174b
000000f9
fffff32c
fffff789
ffffef19
fffff1df
000007ed
00000f97
fffff3a9
000015b1
fffffcfc
fffff68b
00000f29
fffffc36
ffffffc0
ffffe8fe
00001fb6
000025a7
00000a8a
00000710
ffffea88
ffffed86
fffff8da
0000004a
0000013a
fffffb5f
fffff047
ffffed1e
fffffef6
00000cab
fffffc9e
0000012c
00000206
000006a7
00001af7
00000076
00000739
000019a2
ffffd95f
00000109
ffffe06d
00001bcd
ffffef1e
fffffba5
fffff17c
fffff46d
00000b13
ffffe554
ffffe9fb
00001425
fffffdbb
ffffdc00
000009bf
00001590
fffffe76
fffff10f
00001341
ffffe5b5
fffffda6
00000b89
ffffefd6
0000055a
fffff9e3
000007dc
ffffee56
ffffdb1a
00000972
00000f98
fffff982
00001777
ffffdaaf
fffffd3e
fffff123
fffffadc
ffffd615
fffff580
fffffb0c
00000a38
fffffc13
fffffd7a
00000ca3
fffff1d7
000005d1
fffffaec
ffffee60
fffff9c2
fffff2f6
ffffed33
00000452
fffffb51
fffff3ee
fffff5a5
000005cd
00000a9d
fffff2a0
fffff06b
fffff545
00000327
00000a03
fffff2bb
fffff9ab
00000d34
fffffd25
fffff8d6
00000551
fffff4df
00000993
fffffd06
ffffed84
ffffeedf
fffff1ca
000004da
ffffe614
fffff75e
fffff3e7
000009ef
00001375
ffffffa1
00000763
ffffe503
00000d8a
00000392
ffffed4d
000005dc
fffff5d9
0000109e
00000446
fffff696
000004a8
0000037d
00000de9
00000fbf
fffff65e
00000fdc
00000743
fffff17b
00000aa0
fffff80b
0000025a
fffff7b4
00000c37
fffff146
fffff20d
ffffec7c
ffffdf9e
fffffe14
fffff209
0000085a
fffff4f5
000004f2
fffff683
fffffc22
fffff91e
fffffdd8
fffff723
fffff8a1
0000148b
00000767
000005a9
00000590
0000020b
fffffb48
fffff87f
fffff134
00000347
fffff820
ffffed96
fffffd2a
00001840
fffffb36
fffffac2
00000a4b
ffffe72b
00000de2
fffff4a2
00000016
000002f8
0000041d
00000de2
0000084a
fffff056
000000e9
000007da
fffff5da
fffffced
fffffa64
ffffee83
fffff31e
00000916
000001aa
00001116
fffffde3
fffff3ed
fffff9eb
ffffe68c
000016e2
ffffeeb6
ffffeadb
fffffd18
0000099a
0000111c
0000063c
fffffa6b
fffffc9e
000009a6
ffffeeb9
000006b2
fffff244
ffffebed
00001a8e
000008d5
fffff8d8
000008f4
ffffee5e
fffff960
fffffa01
00000a27
000002a8
00000854
ffffece9
00001553
fffff068
fffff4f5
ffffed8f
fffffd7e
0000020f
ffffef5a
ffffec93
fffff149
000007f6
fffffcfb
00000108
000004ce
fffffb89
fffffe04
ffffef49
00000255
fffffc95
00000151
ffffd95c
fffffcdc
0000161a
00001356
fffffb8a
000009bf
fffff9d2
00000c10
fffff42a
fffffff0
fffff483
fffff0cb
fffff8be
0000030e
fffff1f1
fffff9c6
000007e7
fffffd1e
fffffc9a
fffffdec
fffff382
fffff974
00000e2a
fffffa5d
ffffe7fb
fffffb41
00001395
ffffe9b7
ffffffd7
00000b36
fffff91e
00000211
ffffe793
fffffe1f
ffffee2a
00000c73
00000ce0
fffff2f7
00000448
00002630
0000329f
00000790
00000583
ffffee61
ffffd6cc
00000cf5
ffffdf89
000000e1
000017d3
fffff7f9
fffff9d4
00000306
00000988
ffffe0b6
fffffa69
00000256
00001637
000019ad
ffffe734
fffff06a
00000e26
fffffc7a
ffffee58
00001b99
00000d08
00001fb9
00000b75
0000050a
00000955
0000209d
fffffd32
ffffde74
000008bb
fffff18f
fffffd38
00000017
00000775
ffffdde4
fffff2f2
00000f80
ffffed8b
ffffee7e
000003c1
00002487
00001dcb
ffffed69
ffffe236
00000d50
00000013
fffffa7e
fffff942
fffff987
00001ffa
ffffd2e7
ffffe6b8
00000c7b
ffffe3bc
ffffea25
0000017e
ffffe9ad
0000046a
ffffffa9
00000056
fffff57f
000005be
0000227c
00001142
ffffda59
000000ed
0000084d
00000bfe
00000b7b
00001320
fffff662
00001527
ffffee34
ffffe402
fffff6e1
ffffef5d
fffffe97
00000c35
0000076c
fffffeb5
fffff36d
fffff8b6
fffffd67
fffff73b
00002583
fffff729
000014b8
fffff3c1
ffffffbd
ffffedfe
00002037
fffff8d5
00000911
0000158d
00001438
00000bb3
fffff23b
000009a1
000005e9
000012dc
0000272e
00000a34
ffffe83c
00000825
fffffa38
fffff2ab
fffff24c
fffff50c
000010e5
000006c3
fffff56b
fffff08c
ffffff45
ffffeb91
000000ff
fffff220
00000ffe
ffffea9e
ffffd54d
ffffe71a
ffffe151
000013e6
ffffe658
fffff0b4
ffffe3b4
fffffc11
fffff9a0
fffffb01
fffff12c
000021f7
00000aec
000010fd
0000102b
000001be
00000384
00000496
fffffefa
00002472
0000004d
fffff96e
fffff647
fffff48d
00001f44
00001189
0000183e
00000f32
fffff4f2
ffffe401
00000443
fffff8d2
00000361
ffffe762
ffffee19
fffffeb1
00000ef8
0000096f
0000009b
00000123
00000d5f
0000048f
00001171
fffff6d3
0000166c
0000140d
ffffe8ac
000016e7
00000b03
00000a8b
0000358e
ffffe5fd
ffffe8ce
000005b2
ffffebd0
fffffe60
fffff586
ffffe176
00000eb8
ffffd968
00002757
000015ed
0000178c
fffffbe4
ffffddce
fffffbff
ffffffb5
fffff870
00000997
00001421
00002748
ffffdaa5
fffff53d
00000ede
00001540
000009d7
00001b34
ffffea02
fffff641
000011e1
000007c9
fffffc12
ffffde11
00001869
00000699
ffffd065
fffffd0e
fffffbd2
0000003e
0000195b
ffffe8bb
000007f8
fffffe84
ffffd7c4
fffff1e9
000005c6
0000143f
000007cd
ffffffa8
00000b92
ffffeb98
fffffe27
00000158
00000e3e
fffff3b3
ffffea22
fffffbcc
000029e1
ffffe178
fffff142
fffffa2d
fffffa9b
00001474
00002516
0000048d
fffffc92
0000026b
00001a7d
000018da
000000e0
00000fe2
00000918
fffffe90
00000648
00000424
fffff6c4
ffffd562
00002b0c
00000472
fffff20f
00002c9f
fffff4c2
fffffbf1
00000453
ffffe8dd
00000ac8
00001064
fffffb06
fffff0ba
ffffd9f4
ffffe025
ffffee46
ffffff16
00000ab9
000008f3
fffff26d
fffff994
fffff436
00000689
00000c45
fffff90b
00001730
fffff2c2
00000011
fffffdc2
00000599
fffff095
ffffea4f
fffff560
00002199
ffffffb0
0000126b
fffffeeb
0000044a
00000c9e
ffffe94c
ffffeff1
00001efa
000003cb
ffffecd1
000007c0
00001e92
000006d5
fffff19b
000005b9
00000baf
ffffff6f
fffffccd
ffffffc7
00000b4d
0000120c
0000129b
000006ad
fffffe28
00001937
0000183c
ffffe76f
000002a4
000006c2
00000124
000009a2
00000d79
fffffc7e
00001ed1
fffff72f
000013b1
00000579
00000e4d
ffffe3e5
ffffe62b
0000075f
0000143d
00000659
0000059a
000016c3
ffffecf8
00001e46
ffffe278
fffffdbe
ffffe9b4
fffff8d7
00001113
fffff6b3
ffffd116
000015d9
00002f1d
000011df
00001955
00000250
0000245b
ffffe084
ffffffba
000006ca
fffff7b9
00003196
00000275
ffffeac4
00000222
ffffeb54
0000005d
00000066
fffffd19
00001be4
00001a48
00000c62
00000da7
ffffe5d6
00000548
0000139a
fffffbaf
fffff3e4
fffff519
fffff7ec
00000724
fffffd29
00000577
0000006d
fffff853
000003e3
00001d1d
000003b7
fffff87a
0000056f
ffffdc90
00001b15
00000a05
00000117
000029a0
00002985
fffff212
000006e0
ffffeac7
00000e41
0000016d
fffff45b
00000ef4
fffffab5
fffff1fd
fffff49d
00000e55
ffffff06
ffffe90b
fffff70f
fffff91a
00000b4c
00001353
ffffef3c
00001454
fffff1ad
00002a29
fffffe02
fffff559
00000056
00001adb
00001186
000009ae
ffffe1a7
ffffebd2
ffffe63c
00001188
00001438
fffff0db
ffffe63d
00000126
fffff148
00000893
fffff24f
fffffe54
ffffee86
000015cd
ffffe016
0000039d
fffff922
0000046c
fffffd84
ffffec6f
0000184e
ffffef19
00001300
00001c38
fffff103
00000e76
ffffd680
ffffff50
fffff694
ffffffd5
fffff189
fffffded
0000122e
ffffdbf5
0000026a
ffffe9f0
00000ac9
00003757
00000c3e
fffff555
00000dc4
fffffbd7
ffffdb19
00001526
ffffea00
00000986
ffffd3f8
fffff39b
000024ed
fffff5ac
fffff0cd
0000011f
fffffe05
ffffec83
0000227d
ffffeab7
fffff70a
fffffdc8
ffffd467
ffffe73e
00001082
fffffa97
000001c1
fffff959
000003f2
0000160b
000019ba
ffffec9d
00000972
00000287
000009a5
ffffcd03
00002243
00001ef4
ffffe5c9
00000050
fffffa45
fffffa6b
ffffe63b
00001b88
ffffe952
ffffe2e5
fffff2f4
ffffe405
00000268
fffffb75
ffffd268
00000572
fffff931
000013bf
ffffe072
00000632
0000160f
fffff412
fffffc82
00001789
fffffb67
ffffcb8a
00000b80
0000017c
fffffe2e
00000e44
ffffecd8
fffff17c
ffffb43d
00000f7f
00000dc4
00001eb6
000013b7
fffff216
fffff53b
ffffdc6c
fffff465
00000546
0000126b
ffffefe4
ffffc635
ffffff85
ffffed74
ffffffa1
000003d2
00001045
fffffb4f
fffff77a
00001b55
ffffe240
fffffb45
000004fb
0000114b
00001d4f
00000cdf
00000099
00001321
000009b3
fffff849
0000025e
ffffec1d
ffffc2da
ffffec4e
00000d79
fffffc5c
00001e7e
000005dc
000006db
ffffd460
000006fd
0000038c
0000100a
ffffe5b6
fffff99f
00000683
00000d66
fffff775
00003c5c
fffff971
000032ae
ffffedc8
ffffda0b
ffffec76
00000e3f
000016f6
00003083
ffffde8a
00000ea5
00002170
ffffe74f
0000053f
00000020
ffffdee3
fffff153
ffffe293
ffffe2ee
fffff8d6
ffffeae9
000009dc
00000043
00001983
fffff6e1
ffffe20a
0000058a
00001372
ffffd07f
00000225
000017b2
fffff521
fffff95f
000002de
00000a9d
fffffbf0
000018d3
ffffedf7
0000114a
fffff89b
0000087c
ffffd849
00000978
ffffcdd9
fffff510
ffffe676
ffffcf6a
ffffd2e3
00001d7d
000009fb
ffffe1cd
00000b5d
000021c3
ffffeb09
fffff557
00000117
ffffe445
ffffcfa9
000000bf
ffffd7f7
ffffe2a7
ffffef84
000007dc
00001d0f
00002237
00001067
000006ee
000009ef
0000190a
00000043
ffffe44c
000014e7
00001189
ffffee63
00000bb1
ffffcf5b
ffffe540
fffff0c7
000004c4
ffffe5bf
0000092f
ffffffbe
fffffe7e
ffffe459
00000cdb
00000acd
00000186
ffffe670
ffffe645
fffff501
00000874
ffffef8c
000003dc
00000a97
00001bc8
fffffa7a
000006ef
fffffdf2
fffff289
000010ff
fffff571
fffff0e5
fffffd91
000005dc
00000574
fffffc5c
00000ace
00001345
ffffe0e0
fffff552
ffffd3fb
00000c9a
00002bd6
ffffff7e
fffff6fc
fffffec4
ffffe96c
000008ab
000018cd
00000ed7
0000041d
0000009e
ffffd4c9
fffff605
00000a19
00000ffc
00001070
00000132
ffffde62
000019fa
fffff517
00000922
fffff5a9
000007eb
ffffebc5
00001d75
ffffeeac
fffff861
000009bb
0000091f
ffffec83
000013d1
000001f1
ffffd66e
fffff1b7
fffff9dd
000008f1
00000b26
fffff110
fffff454
00000aae
fffff2ca
0000027a
fffff70d
ffffe9c7
ffffede6
00000b62
000008dc
0000047e
fffff539
00000db0
00000048
ffffe5d8
fffff19c
fffff68e
fffff942
00000e60
ffffe99f
ffffe8c7
ffffff17
ffffefb1
fffffa09
ffffcee6
ffffe6cc
0000046e
fffff92a
fffff0ad
ffffff24
ffffc993
fffffd50
ffffffe7
00000aec
ffffee96
0000016c
0000205c
000020b8
fffffb9f
000005eb
00001bb6
fffff7f4
fffff45e
00000cfc
ffffeec3
fffffefb
00001326
fffff310
fffff0fe
0000207c
00000ce8
fffff916
ffffe42c
fffff2cb
0000032c
00000f8d
000004da
fffff147
000003fd
fffff5fc
ffffdadb
fffff76c
ffffd2d2
ffffd08a
0000311b
fffff936
00001b83
ffffedf5
00000a29
fffffe6d
00000a50
ffffdd02
ffffeef7
ffffe5b5
ffffff92
00001fb8
00000213
0000114d
0000153d
000016c0
fffffd4c
fffff8ed
000014c0
ffffe7ee
ffffe0fa
00003054
fffff86e
fffff070
00001a54
ffffdb98
fffff78b
00001940
00001135
ffffe8f9
000002bd
00000dcf
fffff3e5
fffffd11
fffff373
ffffef46
fffff176
fffffd68
fffff210
0000010c
0000210c
fffff86e
00000368
ffffd102
00001c1b
00000c00
fffffdbe
fffff80f
ffffe7f7
00002178
fffff31a
fffffdc4
000006bc
ffffe39f
ffffe730
00000088
000001c8
00000d17
00001b41
fffffc5a
fffff761
0000113e
00001efb
ffffc81b
00002994
ffffe440
ffffe830
ffffd761
000003a6
ffffebea
00000197
fffff82e
fffff8ef
000003d0
fffff1ff
ffffe893
fffffd62
00001314
000010f3
0000065f
ffffec8e
00002702
fffff859
ffffd8b4
00001314
00001fb3
ffffc886
fffff3a2
00000a63
fffff7fc
ffffedde
00000893
00000da3
fffffa4c
0000122d
00001e8a
000007e4
ffffdd4a
ffffff98
fffffdb8
00000d02
00002172
000007f2
00000816
fffff4d9
0000101c
00000d90
00000c1e
fffff6d8
000004b6
fffffd3d
fffff8f2
00000a8e
00001359
ffffd80e
fffff946
00000efa
00002c50
fffff66f
000011e9
ffffe784
fffff4e2
fffffd72
ffffeb85
00001e17
0000170d
00000adc
00000617
0000194f
ffffe2f4
fffff202
00001b44
fffff08e
fffff0f1
ffffeb40
fffffd5a
fffff742
0000000a
fffffb13
ffffeba7
0000157b
00000e9e
00000b40
00000c30
000008dd
00000fa9
ffffe56b
00000457
00000dd3
0000082c
ffffff8f
000012d3
0000228a
fffffd81
0000134e
000018b3
00002e59
ffffe4db
00001076
000008ba
fffff76a
00000ace
00000284
ffffead6
fffffed2
00000c23
ffffec38
000003d4
fffff4bc
ffffed60
00000957
000028f2
ffffeafd
fffffc8e
fffffa39
fffffb96
fffff138
fffff2c3
00000e6f
ffffeef5
00000379
fffff79c
000001be
00000e45
fffff058
00000e0f
ffffdce0
ffffec4d
000005a0
000003c4
00001f6c
0000130d
ffffef4c
ffffe9c6
00001169
00000242
ffffe934
fffff065
ffffc652
0000022e
00001636
fffff642
000019be
000006af
ffffe8ef
0000130e
fffffede
0000142c
ffffd91a
fffff031
00001823
00001592
ffffe495
000030b0
fffff6b8
fffffb55
ffffdacc
000014bc
fffff582
00002754
ffffe77a
fffff35a
ffffe830
00000e45
fffff224
fffff108
000025cb
00000d26
0000126e
000017a4
00000b9d
000008ed
00000848
0000243a
fffff21e
ffffe3fe
fffff863
ffffef6a
fffff636
ffffdbfe
00001a2f
000003f1
00001b7e
0000042c
00000120
ffffffe0
fffff2f8
fffff1ae
000000c7
000013ac
fffffd7d
00000b64
ffffff7c
0000216d
ffffee62
00000c5f
fffff725
00000058
00000973
0000022f
fffffd9f
000004eb
00001279
fffffb77
00001230
00000793
00000746
00000ccf
ffffe992
00001650
ffffe278
fffff238
00000524
00001af8
fffffdd0
000001a1
000006ff
00000962
fffffb8f
000003ef
ffffcede
00000f91
0000086b
000002f1
0000220c
00000f0d
ffffef98
0000054d
0000023f
00000085
000006ef
00000cca
000000f0
fffff39d
fffff581
000002ab
00002460
00001460
fffff9bb
fffff7c3
ffffeb9e
ffffd8c5
000001f0
000007c7
ffffff58
ffffd0f4
fffff084
00001238
ffffff81
ffffdd43
000012cc
00001811
00000ec9
000004ad
00000316
fffff2d4
0000143f
000013f7
00000970
000024f1
00000bde
00000764
ffffee44
00001465
ffffed90
0000140d
ffffff47
fffff306
00001204
fffffff2
ffffe924
ffffed5d
fffff8ad
000008ef
000010fd
00000c72
000004e8
fffffe95
000001c0
00000793
fffffa21
000016d5
fffff8b2
00000281
fffffe4b
000017e5
00000efb
ffffefe9
00000376
ffffcd4a
0000086a
ffffe80f
0000043f
00000445
000015ea
00000436
ffffff8a
fffffcd3
00000bd4
fffff9c2
ffffeb5e
ffffed87
fffffa4e
000012f2
000000bc
000012cd
00000a2d
00001976
fffffa2b
fffffaee
ffffffa4
0000155f
fffff62a
ffffead9
0000122f
000019a1
00001576
fffff398
ffffec07
fffffec2
00000baa
00000cce
00000faf
000011b7
fffff35d
ffffff07
00000089
fffffce5
00000d4c
fffffd51
000008d5
fffffca2
000005f5
0000060b
000010c2
000006e9
000005be
00000409
fffff84d
00001118
00001b35
00000418
000012a7
fffff866
00001c44
0000086f
fffff745
00000231
00001026
000008ec
fffff25c
fffffc50
0000029e
00000357
fffff665
ffffeadf
fffffd4e
ffffe700
fffffe6a
000019bd
00000498
fffff587
00000726
fffffaf1
000000d6
00000325
ffffed61
00000f92
fffff0f1
ffffe8a5
000018bb
fffff3ca
ffffee38
fffffbc6
000000ba
000009d0
000006cc
ffffe9c7
ffffe1d8
00000bd2
ffffecba
00001454
00000bc8
00000708
0000043f
fffffae5
ffffee00
ffffc900
fffffc22
0000031f
0000029e
000017d2
000009ae
00002d4b
00000d92
fffff7cb
ffffe272
00000a58
00000b84
ffffeb61
0000058d
ffffe59e
00000676
ffffe0d0
000033af
ffffda1c
0000116b
000014c4
ffffff01
00000099
000005a7
000020f3
fffff2ae
fffff300
00001cfa
fffffbf0
ffffedad
000005bf
ffffeeee
00003f2b
000008c1
000000f7
fffff251
ffffeac5
000004b6
fffff680
fffff2de
fffff7df
00001ade
ffffe1b0
00000d6f
00000694
fffff44b
ffffe9e6
fffffa08
fffff8a9
fffffa5e
0000112d
00003373
fffffde6
ffffff02
00000f9f
00001462
00000638
ffffec9f
fffffce0
ffffef35
fffffd56
fffff142
fffff117
ffffef46
ffffc01e
fffffb2e
00001907
00001770
0000192a
fffff08f
00001472
000005a3
fffffadf
000005b9
0000184c
ffffef0e
00000c38
ffffe37e
00001f7a
fffff506
00000def
ffffeec9
ffffe1d9
0000034b
ffffff73
fffff73c
fffff3f1
fffffdef
ffffff72
ffffe1a8
ffffed5a
000022ed
fffff400
fffff2a1
fffff751
000014a6
ffffeeb4
00000d0c
0000037d
ffffffb0
00000a62
ffffde45
fffff991
00000fdd
00000f17
fffff8ad
00000d0d
00000221
000005d3
ffffefa5
000017a2
ffffdddf
00000082
000011e1
fffff81a
000008aa
000003a4
ffffefe3
ffffe973
fffff721
00000c8a
fffff933
fffff5a0
fffff658
fffff5b5
0000076f
00000a25
ffffe54c
ffffe895
fffffa13
00001b2f
fffffd44
00002096
000027c9
00000081
ffffe75b
00000086
0000039a
00000c05
ffffd668
ffffff8c
fffff20e
fffffb64
fffff724
00000c86
fffff272
000002d5
fffffa64
fffffb74
fffffa7e
ffffd361
00000d69
fffffe39
000002b3
fffff3b6
ffffe40f
fffff3af
fffff973
fffff636
000010e0
fffff554
00001798
fffff932
ffffec1e
ffffe80a
0000067c
fffff8c5
00001b6e
fffff970
ffffe442
ffffcec8
fffff97c
fffffe0e
fffff27f
fffff836
0000170b
fffffac7
000021f6
ffffe72a
ffffe19c
ffffe57d
ffffda15
fffff930
00001387
000003ad
ffffecb9
fffffc38
0000116c
ffffd542
fffff3d2
fffff052
fffff1f5
fffff794
00001b96
fffff3de
00001bb7
00000229
000004a8
00000b5c
ffffef42
ffffdd2d
0000097a
ffffedf4
fffff8cc
00000336
ffffe3dd
ffffaca9
00000a18
ffffff0e
ffffeeda
ffffecb1
00001b38
ffffe98a
ffffdeb8
000002c3
00000d6e
ffffd26d
00004c3c
fffffc74
00002483
fffff4f4
fffffbe3
00001b93
ffffe991
ffffe4a7
ffffed17
00000faa
00001387
00001634
00000f46
00000d18
00000660
00002927
ffffeaec
00000d6c
fffff445
00000bab
0000105f
00000c1a
ffffcbd1
fffffeb5
fffff941
000041c1
ffffe723
fffffb66
000035ea
00000227
fffff789
ffffea89
ffffeb8a
00001706
ffffeaf8
00000274
00001e35
ffffde7f
ffffe8c8
ffffea6d
00000ffe
000004b6
000012ac
000031a6
000006e7
fffffe53
00003319
ffffe7b2
00001bdf
000012d3
fffff867
fffffd2f
ffffffa2
00000a21
ffffece5
000005ca
fffff0c7
ffffe328
fffff028
0000059b
ffffef59
000007de
00000dac
000021ab
00000676
ffffe2e9
fffffd35
00000094
fffff11f
00000ac7
ffffe04c
fffff1f2
00000bb4
ffffedef
ffffe675
ffffdf90
ffffcfe2
0000097c
ffffe244
000031a7
00000652
fffffe84
fffff106
000013e7
fffff315
fffffa71
ffffd8fa
00000f53
ffffdaee
ffffd0de
000007c1
00000feb
00000882
ffffed1d
fffff7a6
0000206e
000037e0
0000188b
00002dde
fffffa45
00001084
0000144c
ffffeb63
ffffe646
ffffec5f
00001434
fffff71c
00000e57
ffffdb4f
fffff7a4
ffffec39
fffffc03
fffff19c
ffffdfaa
000021a9
0000166d
000000a1
ffffe4b3
ffffee10
ffffe9ae
0000044c
fffffe32
00000753
00000e2b
00000c39
fffff2c1
ffffdba0
0000053b
ffffff15
0000004b
00001547
fffffe28
000000e6
ffffea4d
00001414
ffffd781
fffffad6
00000a3e
ffffef87
00003099
fffff035
ffffde89
ffffde37
0000139b
00001325
fffffdf1
ffffccac
ffffefe6
fffffed2
000007b8
fffff3c7
fffff9da
00000408
00000a4f
fffffb49
000009d8
ffffe8fd
0000189e
00000d92
00001e77
ffffe91d
fffff0c2
fffff441
000024df
ffffdaf1
0000143a
000018bb
fffffc1c
000027a5
00000917
fffff6fb
00000057
00001c54
ffffdbd6
000005d6
000000b9
ffffd706
0000228d
000003e4
000013bf
0000129e
fffffa3e
ffffd9ce
fffff456
00001323
fffff171
00001e0f
00001013
00001efd
ffffffb7
ffffea16
00000026
00000724
0000198f
ffffe6cb
00001c7c
ffffec7e
fffff535
ffffedda
fffff5c9
fffff007
00001218
000016bf
00000968
00000227
ffffec40
fffff85c
fffffcea
fffff21e
000005b8
fffffc5f
00000a4d
ffffeb98
ffffe825
fffff039
000017ba
fffff266
00001bed
fffff03b
00000ade
ffffe609
fffff90b
fffff03d
fffffde4
000003db
ffffe985
00001204
fffff40c
0000122f
fffffff8
00001398
0000017a
fffff747
fffff906
00001510
00001eba
ffffe780
00000ab0
00000991
ffffd99b
fffff3b2
fffff1c6
000008d8
00001b48
fffffeda
00000174
fffff3c8
ffffe0ab
00001590
00000452
0000005a
0000169c
fffffc4b
0000022e
ffffedae
000006a5
ffffe118
fffff971
ffffefc9
00001a13
00000042
00001800
fffffdce
00000711
00000a41
00000e57
00000d27
ffffed12
fffff9de
00001918
000003ba
00000f5d
ffffeec4
00002382
0000015d
0000193e
00000572
fffffe78
ffffefa2
0000007a
ffffe9d4
00001466
ffffe110
ffffdc20
00000544
00000549
00000943
0000100e
000008fa
fffff032
fffff023
ffffd350
00000fdf
ffffef2f
ffffef50
00001add
000009c2
00001192
00001659
ffffe398
fffff09f
000001fa
000008b3
00000a27
fffff480
ffffe8b2
fffffeae
00000d35
000007b4
fffff103
00000963
fffff8d8
ffffe89e
fffff1f8
0000011e
ffffff38
00000d70
00001356
000004df
0000048a
fffff8ad
000012c2
ffffe45e
ffffdf10
00000bb8
fffff565
00000ce1
00000931
00001163
00001310
fffff52f
fffff933
00000a97
00001b9b
ffffff88
00000ffa
00000a9c
000017f2
00000983
ffffef15
ffffeb8c
ffffea80
00002d26
000021b4
fffff73c
00000eea
ffffdd94
00000a42
fffffb99
fffff316
00000509
fffff059
fffffcde
00001204
fffff440
ffffea54
ffffe364
fffffd7e
ffffeb08
ffffee9a
00002538
000003e0
fffff55d
fffff60d
00000b5e
00000cc9
00000e3b
fffffd94
00002185
fffffe3a
ffffefdf
00001ffb
ffffd059
000005a9
0000027e
00001a80
ffffeb48
00001553
fffff94f
0000044e
fffff0d7
fffff009
000005e0
fffff005
000014a4
00000f91
00001004
ffffe3bc
ffffe769
00000f85
00000312
fffff79f
00000fb0
000003a9
fffff794
00001453
000002ef
00001274
ffffe5f4
000016bb
0000092d
00001187
00000f35
ffffeac5
fffff89f
000004d9
fffffb49
000028cf
fffff730
00000eb2
0000128a
00000cec
00000dff
0000202e
0000047f
fffffe3f
00000223
00000cff
fffff5bb
ffffe41f
ffffdc36
000008e8
ffffeed4
000000f3
ffffee6c
000006af
00000aaf
ffffff12
ffffe708
fffff8ce
fffffa27
fffff461
0000157c
000004c1
00000135
00000b56
00000946
fffffdb9
ffffe3a0
00001627
00000a7d
fffffda8
fffffa05
000005c2
00000895
fffffb14
ffffe91b
fffff648
00001f27
fffff23c
00000e6e
fffff9e0
0000106b
ffffff43
00000c51
ffffeaf5
fffff767
00000c5f
00000786
ffffff5c
fffffa03
ffffeedc
00000d51
ffffe3b0
00000b27
ffffd49a
00001c20
00000284
fffff736
ffffe761
000034ce
fffff3bc
000000e5
fffff596
000006a8
ffffe90b
000008be
fffff99b
00001072
fffffd81
fffffd89
00001748
0000050a
ffffe21e
fffff95d
000015db
00000f72
ffffe743
000008d3
ffffffb3
fffffa04
ffffef07
00001beb
000014de
fffff582
00001bfe
00000095
000005a1
000004ea
fffffe1b
00000a9e
ffffd2cb
000028dc
00002ab8
000017d6
fffff2b8
fffffdd2
ffffed8c
000008c3
ffffeae6
ffffe636
00000943
ffffed63
0000065c
fffff3d9
00000f51
00000fa6
fffffd97
fffff79d
ffffe293
000012a0
ffffed3c
ffffed7b
fffff007
00001104
0000000c
00000709
ffffff37
0000055d
000019e6
000005b9
fffff776
fffff9a8
ffffffff
fffff400
ffffe56f
00000523
fffff368
000003ef
ffffe7a0
00000245
00001ebf
fffff353
00000c37
0000028d
fffff6b9
000016f7
00000c22
fffff96e
fffff018
00000000
fffffddc
ffffeea3
fffff474
00002170
000006c9
ffffedf6
fffff8ee
0000074d
fffffffb
ffffdef7
00000c4f
00000f1f
ffffd87f
ffffef3b
fffff432
000018f0
0000169d
fffff318
fffffa65
000017c8
fffffed0
fffffae4
ffffe8fa
000001ed
00000229
fffffaeb
0000070f
fffffbae
fffff83b
ffffdab7
fffff0eb
fffff680
0000106f
fffffc00
00001097
fffff0db
00000a2c
fffff813
00000703
00001446
fffff97f
000009bb
ffffef3a
ffffe44e
00000c63
000011ff
fffff02a
fffffd55
ffffff40
fffffe2a
00002ba4
ffffe953
00000ef5
ffffcf4e
000006f6
000013b0
ffffec84
000010ff
fffff8cf
ffffff87
fffff4e6
ffffe598
00000a9a
000018b0
ffffeb0a
fffff0c4
0000122a
ffffcac3
0000130b
000015fe
ffffe08e
000000e7
ffffdd4e
fffff75e
fffffceb
00000463
fffffca9
ffffed35
00000004
ffffef33
ffffe574
fffff9a6
00000a6f
ffffee82
00002058
ffffc598
00001694
ffffe34f
000005b4
00001dd2
ffffeea7
000002db
ffffcf84
00001abb
000007fd
00001b9d
ffffd2eb
fffff020
ffffe902
ffffebdd
0000179a
00000ab4
00000a50
00001d93
fffff5fb
fffff677
00000b5a
fffff152
fffff143
fffffc1f
fffffe3b
00002a94
00001739
00000207
ffffe3a0
fffff01f
000011e6
000015d7
fffffe83
00000c54
fffff778
00002719
fffff560
0000298d
ffffffcb
fffff036
00000b69
ffffd936
00001377
000005b0
00001507
00002533
ffffe19b
fffffb8f
000012ef
fffff8f5
fffff644
000010c0
ffffee2f
ffffdeac
00001c63
ffffe1a4
00000b1e
ffffc92a
0000132b
fffff67d
00002191
ffffe67f
00000d55
fffffe5d
00002789
000008a4
000003ce
00000330
ffffbc94
00001abe
fffffc1e
00000caa
ffffde32
0000078b
ffffcaf7
00000bd8
ffffea71
fffff2c6
ffffd815
00002286
ffffcec2
ffffe963
000026c0
ffffe743
000001e7
ffffe460
fffff9fc
00001c85
fffff972
00002ded
00000342
00001994
ffffe847
000015cd
000006fe
ffffd25b
fffff94b
000009a0
ffffcb51
ffffff53
fffffc73
00002467
000014f7
fffff9c9
00002c72
0000296e
ffffe9b3
fffffc6c
000001f8
fffff97c
00001123
000007d9
fffffd49
fffffcc4
00001c36
000001b9
fffff0ba
ffffe58d
fffff6f6
000008e9
fffff887
00003433
00000acf
fffff8b2
fffff7f5
00002234
ffffef6c
fffff947
00002387
fffffd11
fffffb32
fffff944
ffffd9c3
00000710
0000176b
ffffeb80
00001215
0000104e
0000129f
00001d67
0000094b
00001246
00000296
00000b26
fffffb2b
ffffecfe
ffffea3f
ffffdc7f
fffff91c
0000120d
fffff329
000003d3
000021fe
00001290
000020a6
00000af7
0000071e
ffffee33
000015e2
00002f8e
00001cd8
ffffe625
fffff6a8
000016cb
fffffe44
00001c7e
ffffff60
ffffee91
00000174
fffff5be
000023a0
00000869
00000411
0000163a
ffffffef
00000028
000036d3
000008f4
fffff8f3
fffff9ff
ffffe5bf
ffffe1fc
000017d0
fffff3cd
ffffec76
ffffeb80
fffff111
fffff0fa
fffffd81
fffffac1
000004ca
ffffe8d3
00000f7f
ffffee16
00000bec
00001c43
ffffe79c
00000e00
000003bb
ffffeb8b
ffffe4dd
ffffe959
ffffff13
00000737
00000aee
000004df
00002694
0000006a
000022a2
fffffb81
00001993
fffff80b
00000e15
000002f3
ffffeaf7
00000c66
00000bbd
00002611
fffff3de
000008e6
000013de
00000d9a
ffffeca0
fffffa3a
00000351
00000bdb
ffffe4f5
0000083d
fffff9d2
fffff1a8
00000272
00001894
0000103e
ffffd796
000014ec
fffffbf7
ffffe51d
fffff1b0
00000bd9
fffffb69
00000f81
0000019c
fffff22d
fffff331
00000dfa
00000ffb
00000193
000016c1
ffffd706
fffff7b3
00000fb1
00000a52
fffff029
00002135
00000d6c
fffffeb6
000025f4
ffffcdc5
ffffe7fd
00001c64
ffffeb1b
0000056e
ffffe205
00000d46
00000ba8
fffffd92
00001163
fffff451
000010b0
fffffda1
00000315
00000569
fffffb62
00000252
00000452
fffff63d
000007d0
00000390
fffff417
00002c6c
00000460
00000116
000011e4
fffff9a2
fffff7b9
000006f4
fffffe6e
000005a5
fffff3c7
00000284
000003d0
fffffed4
0000069b
0000147b
fffff6dc
fffff915
00001546
00000722
fffff18c
00001473
0000074e
00001cf0
fffff305
ffffde59
ffffff09
ffffe6bb
0000135e
fffffb5e
fffff22c
fffff933
000017de
fffffee4
00001c68
00000385
00000862
00003519
00000800
ffffeeef
00001913
00000fad
00001f5b
ffffe6a4
00000aa5
ffffc107
00000c84
00000c84
ffffeeb2
fffff9fe
ffffe66b
00001ba5
fffff776
000004b8
fffff1f6
ffffe2e7
00000c68
00000262
fffff879
fffffa65
ffffe058
000005c3
ffffe120
0000029e
00000d23
000018a8
00001b67
ffffec55
ffffed3d
ffffeb10
fffff5ba
fffff961
00001e53
fffffe7c
ffffeb12
fffff169
00001083
fffff03b
00000400
fffff819
00000a61
ffffffaa
000003ac
00000cfd
ffffd2b1
00000fed
00000712
ffffff6c
ffffd78a
fffff960
00000e13
0000187f
fffffa87
ffffeecb
fffff771
00000bb7
ffffef4d
fffffed8
fffff88f
00000935
ffffef5b
fffff2cb
ffffe217
fffffa75
ffffff91
000008b1
fffff273
fffff5c6
00000296
00001093
fffffa8f
fffff40e
fffff63f
00000a84
00000daf
fffff841
fffffc97
000008a2
fffffb6d
fffffef2
fffff657
fffff79d
00000eff
fffff452
000014d1
00000577
fffff547
fffff534
00000649
fffffa74
fffff543
fffff1c5
fffff8f5
000002de
ffffea85
ffffee75
000005f9
0000046a
000014db
fffff0f1
00000969
fffffb8e
fffff4da
00000a77
ffffeef8
fffffa13
fffff43b
000010bd
0000064b
fffffe7e
ffffee1c
fffffb74
fffff453
000002c5
ffffe47a
fffffea3
ffffe7c6
00000129
000003d2
fffffa45
00000891
fffff9b1
00000bf2
ffffe808
fffffae3
0000025c
000003c3
fffff71d
0000123b
fffff4d1
00000949
fffff2af
ffffe63b
00000060
fffffc70
ffffe994
ffffff59
ffffeb1b
000008c5
fffffc0d
000006aa
ffffec7e
fffff4a9
ffffff18
fffff87d
ffffe67a
0000027b
fffff4fe
fffffba1
000005c2
00001033
fffffef1
fffff5ca
000006c7
00000441
00000799
00000733
00000dc1
fffffc01
00000171
ffffee4d
fffff740
fffffd86
000003f7
fffff703
00000101
fffff9d0
00000cc5
ffffe4ab
00000c20
00000476
000010c6
000012d2
00001328
fffff55e
fffff410
ffffe9c1
00000a53
fffff88f
000009e9
fffff920
000010ca
0000087e
000000cc
00000ef3
fffffbeb
00000578
fffffee3
fffff98a
00000355
ffffffe4
fffffa85
fffffebc
ffffef1b
fffffee5
0000139d
0000109f
fffffa7d
fffff865
ffffff34
000007b7
fffff62c
ffffed2d
ffffd852
ffffefe4
00000dd8
fffff863
ffffef95
ffffe8b6
00001bc5
fffff7fc
000010a2
fffffa8b
0000058a
fffffc0e
fffff98a
00000e48
00000bc6
ffffee28
ffffffb3
000007f8
fffff2af
000015ed
000012d9
00000726
fffffb6c
fffff6e6
00000f13
00000199
ffffff46
fffff974
ffffee84
ffffff50
fffff188
00000a69
fffffd64
00000c39
000003d2
ffffeaad
00000809
00000a2b
00000a23
00000fd4
ffffe253
000000b3
ffffde93
ffffea34
ffffe92e
00001a82
000004c4
00000bac
fffff05b
00000f0a
00001190
00000366
fffffe21
ffffee1b
ffffed47
fffffd28
fffff6f8
ffffe0d4
fffff8b3
00001447
ffffeb18
00000c7b
fffffd04
000013bc
00000a5c
fffff78e
00002658
0000230a
ffffedf9
ffffe822
00001a08
ffffe3c2
fffff39c
00000dd0
00002336
00001719
0000221b
ffffd183
00002153
fffffcab
fffff42d
fffffe38
fffff135
ffffc5a0
00001691
00002aa9
00001496
ffffe6c7
fffffa7f
00001983
ffffce45
00002aa3
fffffc5c
ffffe597
0000051d
00000553
000004fc
ffffe7e4
ffffec58
000002d0
ffffe9b3
00000d19
fffff9bb
00000b7a
000001ad
00000469
000014a4
000003d7
00000c5d
00001782
ffffee62
ffffffb0
fffffb4b
ffffffd0
00001693
ffffe6d7
ffffff83
00000b7f
00001198
ffffe8ce
fffffbe3
fffff978
00000839
ffffdfc0
fffff59c
00000b4e
fffff0e7
ffffdfb1
ffffbf6f
000001f1
00000b68
00001444
00001be6
000002d9
fffffd33
fffff739
ffffebd2
000011a7
fffffeb8
00000a9b
00000008
00000266
fffff815
ffffeb64
00000e32
00000410
ffffec01
fffffe4b
00000951
000005a3
ffffec78
ffffff02
fffffc98
fffff643
ffffd2d3
00000361
fffff5cc
000001a4
fffff9d8
00000c98
0000107c
0000082e
000001db
00001b06
00001832
00000dea
fffff179
00001513
ffffe0ec
ffffee87
fffffefc
ffffdcb9
000001bb
fffff2a3
fffffd14
ffffe753
ffffe4dd
fffffb7a
00001046
ffffddb4
ffffedc5
ffffff28
00001172
fffff851
00000472
fffffda0
0000112c
00000252
00000c12
00000543
ffffdc20
000006be
fffffb65
fffffaff
ffffe597
ffffe54d
ffffed1d
0000069a
0000002f
ffffe03a
fffff4fb
ffffe0e8
fffff76d
fffff00f
ffffe8ee
fffff8d6
00000cbf
000008dd
000014d0
ffffff8a
fffffd8e
000002e2
ffffec5a
fffff176
fffff87c
fffff7a8
00000767
00000c54
fffff9b9
0000103d
00001a86
0000219c
fffff89b
fffffc7b
fffffa5c
fffff531
fffff802
ffffe5a1
000012ef
000015ca
ffffe7d3
00000665
fffff1b6
000003fb
ffffd243
00000f66
00000f9a
fffff384
fffff981
00000953
00000dab
fffff2d7
000017b6
ffffffeb
00000ab9
00000045
00000fad
000017fb
ffffeee5
fffff991
fffff78e
fffffa06
ffffefc4
00001794
ffffeae9
fffffce1
00001007
fffff9c2
000000f2
000004b8
00000f5e
0000038e
ffffee8b
00000987
00001a95
00002215
000011a4
fffffb6e
ffffee9f
fffff592
ffffe879
ffffef69
ffffea46
ffffcaf1
0000026b
ffffe858
fffff311
00000306
fffffbed
00001794
000014ab
000008c4
ffffe7f9
fffffc3d
000006b7
00000f0b
ffffe73c
00000b57
fffffc97
000005cb
00000f89
00000739
00000d34
fffff7ef
00000a74
000008d8
00001ba3
fffff97e
00000f40
fffff93c
00002336
fffff8c2
fffff907
00000123
fffff30f
000003f0
000005c5
fffff65d
000011b7
00000639
fffffbc9
fffff874
ffffe71c
fffffdf4
00000fe9
fffff097
00000954
ffffef54
fffffe56
000014b0
0000266c
000009bd
00000f29
000003e5
fffffedb
fffff846
fffff7e2
000010ef
fffffb55
fffff584
fffff1ec
fffffe2e
000016f7
000018e6
00001937
fffffc52
00000172
000023bd
fffff65e
00000a70
fffff9c9
00000f39
fffff749
ffffeb2d
00001173
ffffe242
000017c7
fffffe48
ffffee04
00001177
fffff605
0000057f
fffffeb6
0000147d
000000ba
000010de
00000040
ffffe91f
00000b08
00000819
00000271
000014ed
fffffadd
0000139c
0000172e
00001172
000006de
fffff3e8
fffffffb
fffff2df
00000409
fffff397
fffff953
fffff7ae
fffffa58
00000cda
fffff327
0000250c
0000115b
fffff457
00000753
fffff37f
000007b1
ffffeace
0000082e
00000077
000020bf
ffffe12d
fffff8cd
00001e35
fffffb9e
fffff489
ffffe815
ffffe80b
ffffec79
ffffdb1e
00000a34
ffffe53c
000009be
000001ed
00001a4d
ffffeb64
000000f5
00001405
fffffcb2
ffffea4d
00001502
0000092c
00000e1b
000020fc
00001042
ffffe8cb
fffff6de
000011c7
fffffc76
00001d37
ffffee0f
00000a37
000003c4
0000104a
00000a13
000007bb
fffffc52
000009ff
fffff973
000014e7
00000e8b
00001e43
00000265
ffffff89
00000ca7
00001d72
00001a3d
00000639
fffff57e
fffffdc9
ffffee05
ffffff00
fffff10e
0000115a
ffffdc87
fffffa1b
fffff221
fffffb7a
ffffef05
00000deb
ffffed41
00000c32
00000bd3
000018b2
ffffd533
000004da
ffffffcf
0000014c
fffff7bf
ffffee90
fffffca9
0000053e
00000809
000013e3
00001587
00000cca
ffffe691
ffffebff
fffffbfd
000007ef
000003c5
fffffd65
00001559
fffffdfc
ffffeab4
ffffd954
fffffd3c
00000ba6
00000a43
fffff094
00000460
00001327
0000082f
00000ee2
fffff3e7
00000f74
ffffe842
00001208
0000051a
ffffe277
fffffbc1
0000086c
ffffe920
fffffd4c
fffff5a2
00000dc0
00001647
00001ad0
00000a31
000002bc
00000c95
00000a19
fffff870
0000081f
000006a6
ffffeec5
fffffc7a
fffff48d
fffff426
fffffdae
ffffeb41
0000014f
fffffb48
fffff886
00000e47
00000965
00000a62
fffff0f3
00001674
fffff9d7
00000531
00000b32
000001ad
00000666
fffff7af
fffffed2
000005d8
00001ec2
000004a1
fffff248
ffffe4b5
000024fb
ffffe70d
00000803
0000098f
000010f1
000000bd
fffffb89
000007ad
00001bff
fffffebc
fffff9bb
ffffdf33
fffff116
fffffeb9
fffffc6b
fffff82b
ffffe909
ffffe4e3
0000047e
00000966
000015a9
fffffb5c
000002b9
ffffe107
ffffeba8
00001309
ffffd3af
fffff233
00000793
00000c78
fffffecb
00001370
00000b39
00001775
ffffea37
fffff32f
fffff933
ffffef11
fffffbdd
00000ece
0000014d
00000f7f
00000acd
ffffed9b
ffffeb7b
fffff955
fffff3ff
ffffff71
00001af6
000006b2
fffffc43
fffff72f
00000701
fffffb6f
fffffe02
fffffad6
ffffed9d
fffff087
00002219
fffffd59
ffffec4d
fffff43f
fffffc5a
00000617
000011ef
fffff126
00000605
ffffed84
000004a6
000012bd
ffffff57
000015ce
000003f3
ffffecb8
ffffff75
fffff1c2
00000aa0
00000d9f
00000563
00000b53
ffffecd7
000003fe
fffffa26
ffffed45
ffffe295
0000052a
fffff84c
0000098e
fffff7f7
fffffa53
ffffec39
000005f4
ffffecdf
fffffbc8
fffff409
0000022d
fffff6c4
fffffc45
fffffada
fffffb42
00000a5e
00000f0b
fffff390
fffff33e
fffffee7
0000109c
000017d4
fffffaa3
fffff887
fffffc59
00000331
ffffef05
fffff155
ffffffd0
000007b5
fffff70e
00001e1e
fffffc00
fffff6e8
fffffc9c
000001a4
fffff48a
fffff4bd
ffffff3f
00001531
ffffdcbf
ffffee74
ffffef21
ffffe416
fffff6ce
000003c3
00000b37
00000410
fffff9b3
00000479
00001547
fffff449
fffffb7a
fffff074
fffff88b
fffffa6e
fffff78e
000009e1
fffff7b6
ffffdc22
000016b7
000008de
fffff826
000001aa
fffff558
0000075a
000010bb
00000d50
ffffeec2
fffff482
00000701
fffffcb9
ffffdf68
00000259
000005d5
0000067a
ffffe89b
00001029
fffff858
ffffebad
0000043b
fffff19e
fffff0ab
fffffe5b
fffff5ee
00000cee
ffffed18
00000dd6
ffffff1c
fffff2fc
00000ae4
ffffe9fe
0000070e
0000135f
fffff50a
00000205
0000128b
ffffdc87
000004ab
00000a72
fffffcea
fffff962
fffff0f2
00001450
000006b0
00000f7f
ffffe12f
fffff103
fffff336
00000051
000006fe
000015f1
00000793
fffff844
fffff394
00001158
fffffa02
fffff928
00000c6e
0000164f
ffffe39b
fffff87a
00001b89
fffff096
000018c6
000013ca
fffffa1c
0000003d
fffff130
fffffb94
ffffef50
fffff58d
fffff958
fffff8fc
00001209
ffffefd9
ffffff33
00000efd
ffffe4b0
000002f1
fffffbdb
fffff77a
fffff8cd
fffffc4f
fffff6fd
ffffe7d1
fffff310
fffffe13
fffffa5e
fffffd57
00000737
fffffb61
0000114c
00000f99
000009a7
000008f9
fffff34a
fffff93b
fffffe36
fffff99b
0000165c
fffffc56
000005f1
000000fa
fffffa39
ffffedcd
0000118e
00000476
fffff10e
00001096
00000595
fffff381
ffffe59b
fffff8cb
00000479
fffffdee
ffffefc7
fffffdbd
00000747
00001778
00000ee3
000010d7
000007a4
00001012
ffffe6db
00000361
fffffb28
fffff9c4
00000d17
00000f0a
fffffef6
ffffdf37
00001358
ffffe883
fffffa7b
00001484
fffff8c4
00000769
fffffdb5
fffffe9a
000000d0
00000aa6
fffffde5
ffffe07e
fffff9be
000004a0
ffffdc28
000000b1
fffff46f
00000948
fffffdc9
00001405
00000609
fffffb90
ffffe430
000000ac
fffff338
00000607
0000017d
00000db5
fffff626
ffffefcf
00000cba
000004a9
000002a3
0000002e
00000c28
fffff5a4
0000009f
fffff456
00000fa2
ffffec60
ffffe090
00001746
000000c5
000021d9
0000003b
fffff555
00000a39
00000932
ffffdefd
00000ea7
fffffd98
fffffefd
ffffecc3
ffffff46
fffffb20
fffff929
fffffb0f
00000906
00000a44
fffffc47
ffffe8b1
00000836
00001ccf
fffff648
fffffaee
fffff6ef
fffff77a
00000eb2
ffffebe7
000005f2
00000083
000008e0
fffff4e9
000009a1
fffff349
000001a5
0000043f
ffffeba8
fffffc71
fffffaa6
ffffee03
fffff0f8
0000151f
00000391
ffffed58
00000372
fffff004
00000009
fffff5ae
fffff737
fffff984
fffffe3a
00000b2e
fffff019
00001cef
ffffdc85
fffff2a5
000010c8
00000b43
fffff20f
ffffec43
00000c53
ffffe5e7
fffff5d2
fffff550
00001acb
0000029e
000001bc
00000307
fffffe2c
fffff504
00000d80
fffffc57
fffff110
fffffdcf
fffffd51
ffffed27
ffffffa2
00000d1e
fffffdb2
fffff4c1
fffff760
ffffe491
00000f57
fffff042
00000b2b
00000224
fffff7ca
ffffd867
fffff042
fffffae5
00000567
ffffee45
00001816
fffffcd6
fffff6e7
00000219
000001ef
ffffefcb
000003b4
fffff454
fffff640
ffffeeb1
00000c33
0000161a
fffff780
fffff4c2
000009d0
fffff1c4
00000446
00000420
fffff4b9
00001295
00000ffc
00000500
00000244
00000c30
fffff91d
0000177d
00000003
000004ac
ffffe733
fffff6bd
fffffcad
ffffeee8
fffff913
ffffe304
000018f7
fffffe06
fffffff8
fffff824
0000008c
fffff7b4
ffffee93
fffff8a5
fffffce2
000004f2
000017d3
00000d3d
00000b1b
fffff4c3
0000267e
ffffd1d5
ffffef39
ffffecc4
00000166
fffffd74
fffffa07
0000030e
fffffb9a
ffffed1e
fffff71a
fffff9c1
fffff64a
fffff9ae
0000034f
00000400
fffff9a7
00000808
00000874
ffffe9cc
000008ba
ffffe87f
00001948
ffffeb07
fffffd7b
ffffe6c4
fffffccb
fffffd6f
00000151
000005d6
000008e8
00000682
ffffe869
fffffbe0
0000006c
ffffe502
000014e2
fffff8ca
00001b55
fffff654
fffff462
000005dc
ffffeceb
00000a42
000012f7
ffffff7e
fffff009
000008d6
fffffdbf
fffffe3e
ffffee1f
ffffff95
00000e82
00000d39
fffff051
000001e5
fffffbc1
000001bc
fffff781
00000642
fffff7a7
fffffae0
000004a6
ffffebb2
fffff7e9
ffffe2e6
fffff21f
000006b9
00001537
fffff3c6
0000148f
fffffacd
fffff544
fffff213
00000699
00001132
fffffd5a
00001018
fffff774
fffff573
ffffe6e3
00000f7a
000013c6
fffff7c1
0000068b
00000074
00000f76
fffffcc5
fffffa78
ffffeac9
ffffe630
0000261b
ffffcda7
fffff687
00000e1d
00001c17
ffffe702
ffffeff3
ffffdf31
00001c34
fffff1bc
0000187b
fffff5a7
00001ac3
000015b1
ffffda4a
00002ea4
ffffe056
ffffc7c3
ffffe9a2
00000671
00000f94
ffffde99
fffffe2b
ffffe2d8
000013ef
000037e6
00001536
ffffec16
000000b8
00000b21
00001d3c
ffffe8f5
00000324
00000de3
ffffdae4
000014e2
ffffea73
ffffe6ed
fffff5a2
fffff9b5
00001120
ffffe08d
00000dbf
ffffe76d
fffffbf1
00000180
00000b2f
ffffeb7d
000003ea
ffffe5b3
00001fce
fffff5a5
ffffeb5d
000022b7
00001719
fffff38d
00000bc0
00000682
00002a33
000029e2
ffffe96b
fffffbd0
fffffc93
fffffc3c
ffffe96e
00001f56
00000525
0000066d
ffffe805
fffffcd0
0000107e
fffff875
00000d1b
fffff2ef
fffff6b6
fffff6c3
ffffe656
fffffa53
000018fb
fffff5d1
00001395
ffffd7d9
ffffefa4
0000031c
00000419
00000589
0000034b
fffffb81
000007f2
00001968
00000b68
00000ecf
ffffef00
00000ea6
00000fbc
00000877
ffffd316
00000694
fffff153
fffffe0c
00001a11
00000e36
000008af
00001b9e
00002179
00000c31
00000286
ffffe7b9
fffff85b
00000bea
00001385
ffffdac2
fffffc64
00002a65
00002522
000009f4
ffffeca2
00003818
ffffd819
ffffd387
0000231e
000009b0
00001866
ffffff2a
00002f21
00001062
00001d83
ffffef13
fffffb47
ffffea9b
00000226
ffffec80
fffffe8b
0000067c
fffff6a2
ffffd4b9
00002564
fffff970
ffffdef0
00000e2a
00003fe9
fffff3d4
ffffd92a
ffffec8c
00001452
ffffd476
0000256e
ffffe54b
0000050b
000012f7
ffffff9d
ffffb157
ffffe8d5
fffff061
00001438
ffffea38
fffff7da
fffff022
fffffb21
fffffd66
0000023f
000004d4
fffff675
fffff07d
fffffffb
ffffe75f
ffffe384
fffffbe1
00000bd6
000019ab
00000661
ffffffbf
000019a7
0000049d
ffffeb9d
fffff5e7
ffffed60
000012dd
fffffc14
ffffc454
00001f0a
00001376
000018f0
ffffcc09
00001d94
ffffee8c
ffffecd9
00001a14
000003fe
000006cd
00000624
ffffe5b7
ffffce22
ffffd670
00001e42
ffffd7e1
0000146e
00000d0d
000016db
ffffef74
000003bf
fffff2bb
000011cf
00000790
ffffdaaa
00000cad
fffffbb1
0000038b
000009ff
00000571
000011b3
fffffbb5
00000288
000002e7
000005a9
00000402
ffffe4c4
ffffeefd
00000dc0
000006fc
fffffe62
ffffffa2
00000d3c
fffff9e2
fffff08d
fffff8cb
fffffc92
00000517
00000772
00000459
00000415
fffff073
000006fb
000019ed
fffff102
00000cc1
0000052e
fffff2b4
00000c01
00000f7f
fffff8f8
000001a2
fffff0f1
fffff337
fffff8c5
00000f6f
0000070c
fffffeb0
fffffe8c
0000042c
fffff7f9
fffffcc5
00000499
fffff75a
000004dc
000003e6
00000c24
00000f08
fffffcfd
fffff7ca
00000f70
0000011b
ffffef8a
00001266
fffffa96
fffffbda
fffffaa4
0000169a
000000f4
00000080
00000542
fffff8db
fffff5d1
000006b7
000002fa
00000fa1
fffffa4d
fffffb49
fffff686
00000004
fffffdab
fffff132
fffff39f
0000082f
fffff170
fffff17e
fffff621
fffffd7a
fffff1af
00000381
fffff89e
fffff0ca
00000af9
ffffeaff
00000017
00000856
ffffef8c
fffffc53
000003ba
ffffee0a
00000bff
00000324
00000bb5
00000722
00000839
fffff937
000008eb
00000735
0000032f
00000947
fffffd46
ffffed33
fffffc3f
00000386
0000031c
fffff5f0
fffff383
00001229
fffff31c
00000288
00000c24
00000297
00000de3
0000056b
ffffe034
00000fe4
00001219
ffffebc3
fffff50b
fffffc3f
fffff8c6
000002d0
fffff80b
fffff763
fffff7d7
000007e0
fffffdb8
0000036c
ffffe528
000005f7
0000009d
fffff07a
00000a9c
000008b1
00000ee8
fffffcda
00000f2d
0000017d
fffffcad
fffff2e8
fffff4c4
fffff94c
ffffffbd
fffff3b8
0000007e
fffff440
fffff1a2
fffff9d0
00000f0c
fffff349
fffffa21
000002b9
00000705
fffffad3
ffffe28b
fffffc0b
ffffff57
ffffe9ae
000006bb
ffffe92c
000006a0
0000031f
fffff834
00000c83
00000706
ffffeb99
fffffc31
000002a6
fffff0f7
00000123
fffffc8b
00001182
fffff1ea
00000c5d
fffff80e
000002d1
00000734
fffffd45
0000040e
fffffc18
00000032
fffffd82
fffff404
00000696
00000042
000005dd
fffffe2c
000005c5
0000048b
ffffebb2
00000dc9
000010f5
fffffb24
00000b54
000001cd
fffff022
fffff1df
00001931
00000009
00002eb7
fffff572
ffffd0c9
00000e1b
fffffe0e
ffffe8f0
00002c5b
00000768
00002418
000015eb
00000b62
fffffebe
00000639
ffffddfc
00000602
000005d8
00000cf6
ffffeed3
fffff7ce
ffffeb6e
00000034
ffffebf1
ffffff0f
00000962
000017dc
0000049d
ffffe74a
ffffeae8
00001420
00001425
00000091
fffff4d8
ffffedb6
0000125f
000006bf
fffffc9c
000006ba
fffff2ac
00000d2b
fffffa9c
000008f9
000011ff
00000b6d
ffffd81a
fffffac1
fffff723
00000f1c
0000234e
fffff931
ffffe870
00001833
fffff924
fffff497
fffff0ef
ffffe3ae
000008a0
000004f7
fffff177
00000860
00000868
fffffab7
ffffef8d
00000c58
ffffe3ae
000007f4
00000d0f
00003974
00000668
fffffc89
00002697
00001451
00002fea
fffff75f
ffffefca
00000113
00001067
00001874
fffff4bf
00000045
00000160
0000119f
fffffcdc
00000e33
fffffd88
00000e63
ffffcc62
00001a72
000002de
000021fe
0000247e
000023fe
00000f77
fffffc90
0000055d
0000036a
ffffee3f
000007b6
fffffed9
000001e9
000006fd
ffffdffc
fffff951
ffffde0c
000016e1
fffffb3f
0000011d
00001af6
000011e9
00000903
0000135b
fffff0ef
00000c00
00000471
fffffb4c
000008c2
00000adc
ffffdf0e
ffffe1e2
00000077
00001625
00000ed9
fffff886
00000ab9
fffff729
00001f71
ffffe34b
fffff0cf
ffffefbc
fffff8ae
0000134c
00000d4d
00001389
ffffe9dd
ffffe83b
ffffe067
00000924
fffffb2b
0000163d
00000c12
00001429
fffff52f
fffffcff
00000c53
fffff67c
00001896
0000164d
fffffe69
ffffefea
fffff757
000014aa
fffff5a5
ffffec22
00001952
fffffcdf
000020d9
fffffade
000011ac
fffff4f1
ffffee5d
fffff623
00000069
ffffdb84
000015da
0000057d
fffff0c9
ffffef5c
fffff517
fffff565
00000855
0000006f
00001358
000041ca
ffffce4a
000007ed
fffffbf8
fffffbf3
ffffff07
000012d4
ffffff17
ffffdff7
00001c27
00000985
ffffef4f
00000694
000014b4
fffff8bf
00001ca6
fffffbc2
00000d16
fffffce9
fffffbf2
0000074f
0000154e
fffff651
ffffe16d
00001f38
fffffbdf
00000b43
00001082
000000a8
00000c70
fffffc62
00000492
fffff0c5
ffffdda4
fffff435
ffffe8f2
fffffd46
ffffdf6c
00000e7a
00001107
00000523
000005b7
ffffe62d
fffffbc3
ffffef3c
00000aeb
00001807
00000b09
000006b5
0000093f
ffffef8a
fffff567
ffffea0c
fffffe28
fffff27d
fffff1f4
fffff9ce
fffff473
000010e8
fffff453
fffff60e
000010c0
ffffe71e
ffffdc0f
fffff9e9
ffffe0ed
fffff2ce
00000c2c
fffff08d
00000bd4
fffff7cf
00000882
fffff0bd
00000d0f
ffffdb02
fffffdc4
000001f6
ffffe114
00000ee1
000000b7
00002c44
ffffece7
00000186
000005ee
000011a3
ffffde61
fffffb55
0000015b
0000244e
ffffd689
ffffd332
00001e80
fffff6ef
fffff503
fffffa76
fffff648
000015e6
00000730
0000156c
ffffd73d
00000825
fffff785
ffffedc4
0000299f
fffffc95
fffff31b
fffffd68
fffff7cb
fffffa06
ffffeae3
ffffe719
0000168a
00000039
fffff143
00000faa
000008d4
fffff84c
ffffeda1
ffffdd92
ffffff94
00000412
fffffa08
00001066
00000556
000005f2
00001169
00001067
0000112f
000022cd
ffffeff9
000008c3
fffff6bc
fffff5ba
0000124c
fffffa3b
ffffd889
00001225
00000318
ffffbbf8
00000b6e
fffff41a
000029fe
fffffdf3
000008ab
ffffffed
00001c73
fffffbe7
fffffd93
ffffd103
0000019c
00001e70
00000cab
ffffd32e
ffffef2f
00001098
00001108
ffffde2e
0000089d
fffffcd6
00001dfa
ffffd70e
fffff14d
000002b6
000006cc
0000148c
ffffe6fd
00000b8f
fffffd24
00000a04
ffffe3bf
fffff473
00002a71
00000a9b
fffffa76
fffff4e2
0000010b
000003e3
fffffce9
ffffddb4
fffff2ed
00003818
0000013c
ffffd3f8
000004e3
fffffdd6
00001036
ffffe126
ffffd461
000001f6
000011d8
00001048
0000095c
00000080
00000d2d
ffffe8ab
000001c8
00002a3a
fffff2f8
ffffdc1f
fffff243
ffffe811
0000000f
00000723
ffffff5f
000007db
00000742
0000184d
fffffd02
ffffdf9d
00000262
00000b83
ffffe8d3
00000106
0000036f
00000cf0
fffff845
ffffd446
ffffe387
fffffcb7
fffff987
ffffe07f
fffff954
00000e30
00000a5c
000012d5
00000c3f
ffffd64c
00000ef7
ffffef5e
fffff48d
000020ce
fffff784
0000175d
ffffefaf
00000ad5
fffff082
00000aa6
fffff331
ffffeb07
fffffe97
fffff9b3
00000418
00000003
0000046b
fffffa83
fffffadf
0000189b
fffffe46
fffff3c7
ffffdd2e
00000fd5
fffffd86
fffff9d8
000009a8
ffffe00c
00000a37
00002739
000007c7
00001cd0
00000bb1
fffff6a8
00001eeb
fffffbcb
ffffe3dc
ffffe29f
0000107d
00000085
fffff754
00000210
00001091
fffff537
fffff599
00001ae9
0000084b
fffff585
00000548
00001691
00002209
fffff4df
fffffbd7
fffff964
000012e5
00000bcd
00000193
fffff443
000005e7
0000080a
000000b6
fffffd07
00000df7
000012b7
ffffecce
00000ad5
000015d1
fffff863
ffffeb9e
000011d4
ffffee72
fffff199
00000943
fffff9fa
fffff453
00000ea2
00001c57
ffffeafd
00000c2e
000000a2
00000d12
fffff35d
fffffce4
000012cf
00000d64
00002753
fffff76d
0000083f
ffffff4f
fffff7a5
ffffeff7
00000a05
fffff11c
00000c6a
00001999
000000ce
0000011b
00002a7a
00000938
00001399
00000bcb
00001748
ffffec81
fffffd69
00001129
ffffe5d4
fffff13f
00000ae0
000006aa
00000cc7
00000895
00000245
fffffad5
00001760
00000924
00001419
00001c60
000004a5
00003e93
000003d6
fffff76e
fffff1cd
00001649
00000652
ffffee97
ffffce74
000002f5
0000149b
fffff180
fffff249
ffffe7f5
00000e41
000009df
000002fb
fffffaaf
0000022c
ffffee81
ffffeed0
00000ce8
0000124b
fffffa52
fffff6c4
fffff1aa
ffffee0e
000008f9
fffff4bc
00000214
0000052f
00000022
ffffe106
00000af7
00001a9d
ffffe9af
fffff4fa
fffff319
00000e0d
00000120
ffffddf3
00001900
00000d49
00001557
0000013e
0000400e
ffffea42
000028a2
ffffe557
fffff2d6
00000b87
fffffff5
fffffe6d
ffffebe8
00001bf7
00000832
00002d5a
000013af
00001153
fffffe5b
fffffacb
00000cf9
00000ea9
00001167
ffffef28
ffffe022
00000d69
fffff9d0
fffffc79
fffff797
ffffe355
00000172
000004f9
fffff396
ffffeb0e
00001071
fffff7a0
0000123e
00001e9e
ffffea64
00000645
0000203e
ffffe81f
ffffec48
00001f0c
fffffc0c
ffffee27
ffffda2c
00001a00
00001296
00000aa1
0000050d
fffff8be
ffffeeb1
fffff243
fffff015
fffff680
fffff95d
00000da8
fffff58c
00000d22
0000011d
fffff529
00001e0c
0000042f
fffff95a
fffff0c2
00000622
fffffe53
fffffa1c
00000761
00000b35
ffffe5f3
000003b0
fffffa7d
000005d1
ffffe9b4
ffffe614
ffffde7b
ffffe57c
ffffef7b
ffffe52d
00001c84
000007b5
00001244
fffffa6e
fffff7e7
ffffeee2
ffffef8e
ffffe423
fffff609
ffffe3a4
fffffb31
000012a8
fffff615
00001a01
000018cb
fffff1b9
00000b40
000015b9
0000059c
00000a5c
0000078f
00000d8b
00001240
00000347
ffffefeb
fffff627
ffffe4aa
fffff0bc
00000840
00001c2e
ffffeff7
fffffdc4
ffffea18
000008e9
00001417
000008b3
fffff731
fffff20a
fffff3b7
000004fc
00001369
00000d29
00000885
fffffd98
000001fc
fffff743
0000109c
fffff7ca
ffffe5f4
fffff2a0
0000049c
fffff7fe
fffff405
00001d0a
00001bce
00000fed
ffffe86d
fffffaa5
000003a2
00000b78
00000082
0000164f
fffffeb4
fffff359
0000030f
ffffeaeb
ffffeba2
000013cc
fffff68e
0000028b
00000798
000012b2
00001485
fffff965
fffff950
ffffe4cc
fffff5e8
fffff611
fffff916
00001bf5
fffff8d2
ffffec2b
fffffaae
ffffee82
000004fb
ffffeea2
fffff99e
000002c6
ffffe6b3
ffffdd6f
000001e6
ffffdee1
00000091
ffffe2af
fffff2a2
ffffef18
fffff585
00000a09
0000098b
0000062d
00000e8f
00000166
ffffd3dc
ffffe85a
fffffe45
00000f02
00000924
fffff7b1
00000b17
ffffec36
fffff80c
ffffecaf
ffffeec7
00000f30
fffffbf6
fffffe46
ffffe9e8
0000122b
fffffa4f
fffffa19
00000680
fffffc6e
fffff4f0
000008fe
0000035d
fffff98a
000010d0
ffffe297
00000645
ffffe36c
fffff2c8
ffffffc3
ffffe147
000007f6
00002835
fffff34e
fffff2e4
00000536
fffff63a
00001786
fffffc8a
0000078f
fffff527
fffff43f
fffffa7e
00001079
fffff743
00000086
00000834
0000179f
ffffeef7
ffffefa9
000008b0
ffffff37
ffffea19
fffffc02
ffffea2b
ffffff95
fffffaa0
ffffedd7
ffffe621
fffff38c
000009de
fffff08b
fffffe64
fffff3da
ffffe555
ffffeec1
fffffc48
00001093
fffff42d
fffff572
00000081
00002d0b
fffff4c4
000004b1
0000040b
000012d7
00001bdd
0000101e
fffff273
ffffddc2
fffff4d4
fffffbf2
fffff402
00000676
fffff734
ffffecb6
000014a1
ffffec80
ffffec17
000017b9
fffff86c
00000a44
0000055e
00000c73
00001263
ffffbeb0
000011ef
00000c37
000006a1
00000e20
fffff612
00000437
ffffe38e
ffffda39
fffff1a3
fffff75b
ffffff6e
ffffe1b2
fffff9c3
ffffffd6
fffff653
000006c1
ffffeda7
fffff569
000019cf
000006ed
ffffe7cb
00000a52
00000aae
fffffd19
000000ad
00003c3c
000016e5
fffffabc
00000b69
0000000f
ffffe899
ffffea35
00002cb1
00000505
fffff4cf
fffff0ee
000004db
00001110
fffffb8d
ffffff19
ffffe624
000020ed
fffff65a
fffff42b
fffff6ac
000033a1
fffffaa6
fffff5ad
ffffeff1
00000ed8
ffffecdb
fffffd70
00000635
00000077
00001058
000014b0
00000d2f
ffffe7d5
0000089c
000011bd
ffffea81
fffff230
000001a9
00001504
ffffe52e
ffffed33
0000067c
ffffeed0
00001601
000016c4
ffffd64c
ffffcf73
ffffe9fd
00000ba3
00000a6c
0000165c
fffffeed
ffffd90b
fffff872
fffff8e4
0000012d
000006ce
0000121e
000002e0
00000734
00000c0e
000008df
00000010
fffff96b
ffffe61f
ffffebd5
fffffb49
fffffea1
000006a7
fffffe56
00000f63
0000208a
fffff05f
000005b6
ffffe052
ffffed24
fffff5ae
00000bca
fffffd21
fffff950
00000219
00000451
00000d95
fffff41c
00000551
ffffe93c
00001558
00000ca3
00000d43
00000bec
ffffdcee
fffffca1
00000abe
00003e12
00001f33
ffffe396
fffffc00
fffff5c6
000009e9
ffffe8eb
00000e8f
ffffe833
fffff324
00003151
000007d6
fffffa37
fffffeb2
000012f2
000020ef
00002a6b
0000097b
ffffed80
ffffd24e
fffff919
000015dd
0000088c
0000040c
00000e03
ffffbb8c
ffffdce8
fffff46b
ffffd9c4
fffffafa
fffffca9
00001337
ffffe5c1
0000015a
00000c9f
000021be
00000028
0000196a
000005bd
fffffa10
ffffe089
fffffa57
00002479
000002c6
fffff619
ffffccbe
fffffecb
00001406
000008ea
ffffeadf
fffff8a9
ffffdc78
ffffff65
ffffdffb
fffffbc6
00001a1f
fffff8e4
00001326
fffffc81
ffffe2a0
ffffe0f2
00000ec3
fffff603
00000b10
00004524
00000685
ffffee55
0000050e
00000ebe
fffffbd3
000007a7
000000b1
fffff32c
0000044e
00000d85
ffffc5c0
000011ee
fffff125
00000cc5
000002e0
00001269
fffffdbe
000004ca
0000108b
ffffeaca
fffffa3c
fffff987
ffffbdb3
fffff17f
fffff40c
ffffed23
00001369
0000150d
000008ad
00000fb5
ffffe862
ffffd29a
00001813
00000bbe
fffff486
ffffc5be
ffffed56
00000e61
00000e57
ffffe995
00001be2
fffff7c2
ffffcc2d
fffff8d3
00001396
ffffff58
0000042b
fffff8cf
000008aa
fffff012
ffffd4d2
000014ea
00000c32
ffffe418
000013a2
00000299
00002458
ffffeb2c
00000192
000013ab
ffffebd5
00000e81
00000697
ffffede8
00000838
00000540
00001856
ffffecd5
00000454
00002104
fffff70e
fffffd35
00000ab9
000009ca
0000175e
ffffe20a
fffff045
ffffec4d
ffffe2e5
ffffd43c
00001aea
0000202c
00001f0e
ffffec43
00000cdb
ffffd9e9
00002485
fffffa5a
ffffff38
00000685
000013a1
ffffe93d
000010e0
ffffe53a
000018cd
ffffceef
00000d0c
000027c6
0000613d
ffffcc70
000029a7
ffffea90
00000afb
ffffde7c
ffffeeec
00000753
00001363
0000020e
000013ad
00001273
000000f7
ffffff04
ffffedea
ffffe19f
000027cb
fffff666
ffffe687
00003366
00000400
fffff57e
00001021
ffffd3f8
00001dd4
000044c7
00001908
0000001a
fffff626
000000c3
ffffd0c2
ffffea20
ffffee67
00001656
000019c0
fffffc9d
fffff6aa
fffff2f1
ffffea46
ffffea5a
fffff765
00000136
fffffd74
fffffdf9
ffffeec9
ffffe6ab
ffffda4a
fffff79c
fffff11a
0000133b
00001169
ffffdc66
0000042d
fffff3cb
fffffa51
000001fb
ffffe7c4
fffff596
00000cae
ffffdfa3
00000e7e
fffff1bb
00001999
000001e9
000005bb
ffffe922
00000a0c
00000f72
fffff88a
fffff2fe
fffffc6f
000014e4
ffffeb53
fffff3b1
fffff0e5
0000005d
00002bcd
ffffd696
fffffae3
00000d1b
00000276
ffffe7de
ffffd5a1
ffffd2a4
fffff249
fffffeae
fffffbc2
fffffaf1
000007e6
ffffcaff
00001a97
0000077c
fffff95f
00002ffc
fffffffb
ffffeec3
fffff23e
fffff478
00000061
0000136c
0000015b
fffff6d1
ffffdde3
fffff692
ffffcc98
0000037f
fffff4f7
fffff962
000016ad
0000139d
00000a5b
00000554
00000197
fffff640
fffffa26
0000084c
00001006
00000ecc
fffffb35
fffff816
fffff2ef
00000268
ffffedf6
000004ad
00000e39
fffff518
fffff932
0000138d
ffffe0d9
00000979
0000113a
fffffc41
000010c5
ffffe6dc
00000e29
000013d9
00000a70
00001269
000015a2
fffffc55
ffffefcb
fffffba3
00003082
0000043b
000001bb
fffff211
fffff930
00002523
0000033f
ffffd645
fffff166
fffff056
0000097f
fffffdf9
00002c57
ffffe353
000016b3
fffffaa7
fffffd4b
0000086e
000004d5
fffff3d1
fffff5cf
000006e9
000020d1
fffff1d2
ffffe4c8
fffff659
00000ac0
0000056c
fffff14a
00000a61
fffff317
ffffec53
00000db6
fffff5c8
ffffea98
000000bb
00000def
00000a43
00000103
00000bfe
000006ff
ffffdd04
00000950
000001a8
00000d7e
0000037c
0000001f
000000f7
ffffe550
ffffe9d4
000004aa
000007d0
000008e6
ffffef20
fffffd45
fffffdf2
00000afa
ffffdc83
00000a0d
fffffe56
00000c0f
fffffca2
ffffe6c0
fffff6e8
ffffeb5b
ffffcc2c
00001236
00000f56
00000cae
fffff7f3
00000fb7
ffffd1e5
000006cd
fffff3af
0000043b
fffff39f
fffff13b
fffffec1
fffff426
00000b93
fffff655
00001bb9
fffffa9a
fffff7d1
00000209
fffff2ab
00000cfb
fffffbe7
ffffffa5
fffff7e6
00000a5d
000010e8
ffffeb59
ffffe2bd
00000dac
fffff0f1
000014e2
00001caf
0000012e
ffffeb35
00003e67
ffffff7d
ffffe123
00000c27
00002379
000016f8
ffffe65b
0000097c
ffffe1bf
0000004e
fffff9f0
ffffef1a
fffff164
fffff496
000007b1
fffff952
fffffb9c
0000109d
000022b4
000003c2
0000084d
00000859
fffff27e
fffffad0
000020bd
ffffef63
fffff8bc
fffffa7d
fffff30b
000001ff
ffffe688
00000cee
fffff1d4
fffffabd
00000205
fffff16b
000002ba
ffffdc5e
000019a7
fffff318
ffffdc6a
ffffec34
ffffe6f2
ffffeb75
fffff93a
00000761
00000923
fffff5be
fffff5f9
fffffe3d
ffffefc0
000010ee
0000113c
ffffebbd
00000682
ffffee7e
fffffb27
00001bd2
00001139
00000c5f
0000143d
000018a6
00003286
fffffb62
00000552
00000654
fffff742
00000c75
fffffd9f
00000976
fffffc1a
00001525
fffff3fb
fffffe4e
fffffae4
ffffe8a4
0000035c
ffffde0c
fffff123
00000720
fffff432
fffffc82
000011c8
00000359
000002bf
ffffe94e
ffffebe6
ffffff28
00000561
ffffe657
fffffa79
00000f05
fffff4b5
fffffb59
ffffed7b
00000728
fffffb5f
fffff9de
00000563
ffffff6f
00000014
fffff3db
00000275
000013d5
fffff57c
ffffff63
fffffa79
00000b0d
00000423
ffffe0fc
000001df
0000054d
fffff8ca
ffffe97f
fffffd02
00000458
fffffcb7
ffffff70
fffffac4
fffff6c8
fffffe48
00001c1f
00000cf3
000005a2
ffffed02
fffff8b2
fffffa96
fffff734
fffffd79
ffffe7ea
fffff984
fffff90a
fffff5b4
000004de
00000880
00000386
fffff862
ffffe3e0
000001e3
fffffdef
00000022
ffffd0f5
000005ae
fffff224
00000a81
000007c0
ffffea92
000003e0
fffff76f
00000015
fffffefd
fffff7c2
00000817
fffffd56
fffff816
000001bb
000001f8
fffffe7a
ffffeb53
ffffe883
00000890
ffffff33
ffffff53
fffff37a
0000081a
000007b6
00000047
ffffebd8
000009b4
00000915
fffff8b5
ffffff71
fffff377
0000080e
fffff056
fffffda1
00000309
000007ed
fffff075
0000015d
00000223
000002f4
fffffca4
000001f7
fffff44e
fffffb76
fffffec8
00000545
fffffa3f
fffff3e3
fffffe85
fffffc34
fffffd7f
fffffb60
00000456
fffffa30
fffffcef
00000281
fffff913
fffffa3d
fffff60d
ffffff85
0000077d
ffffee49
fffff4d4
fffffcc5
ffffef68
000009aa
ffffec35
fffff50d
00000837
000006b0
000001b8
0000026f
fffffd98
000008d6
fffff18e
fffffb1d
ffffe869
fffff929
ffffeb85
000009fa
00000309
fffffbbc
ffffef23
000003ec
ffffe936
ffffe870
fffff2da
0000042f
00000c5b
00001e1b
ffffefb3
000008fc
fffffc00
fffffc4b
00000014
fffffec0
fffffb41
fffff7d0
000001c3
fffffdac
0000067e
00001182
00000f12
00000100
fffffe64
fffff786
00000a37
00000158
fffff052
00000607
ffffe711
fffffb41
00000daf
fffffe46
ffffeef1
fffff895
fffffa1b
00000bba
fffff68d
00000052
0000059a
fffff246
00001c58
fffffa15
ffffefd0
ffffed98
fffff643
00000309
ffffecb9
0000053c
00000719
00000b78
fffff9b1
0000000f
0000090d
0000078c
000007a7
fffffa4d
00000ad1
000014db
ffffec5c
00003054
000008f1
fffff6a3
0000197f
0000227f
00000540
ffffffe1
fffff72b
ffffff4d
ffffffad
ffffc65e
00001377
ffffee02
000015d0
00000c69
00001c65
ffffebbc
00000e54
fffff93d
ffffeb87
fffff444
ffffe4fb
0000002e
fffffcc7
fffff3e9
ffffeac6
ffffe462
fffff2b6
fffff529
00001821
00000cab
ffffdc9d
fffffe4f
00000890
00000a67
00000a58
000000b5
00001128
0000040d
00001253
ffffe610
00000c79
ffffe744
0000131f
000009b1
00002004
00001020
ffffe533
ffffec66
fffff8d9
00000b6d
fffffa48
fffffb96
fffff827
fffff2db
00000f2d
000004ac
000007ae
fffffb51
00000a34
fffffe83
00000201
000017a6
fffff25d
000002b6
ffffff0d
000035ed
000006b0
000005b7
000001bf
fffff7f2
fffff27b
fffffcb2
00001050
0000318b
fffffd27
fffffed4
00001001
fffffd21
ffffff4e
ffffdfa1
fffff12f
ffffecf1
fffffbf2
fffff0b5
fffffd45
00000984
00001cc7
ffffdc1d
00000f5a
ffffe4dd
fffff3fb
000003e1
0000170e
0000004e
ffffff72
0000321e
0000083b
fffff9b4
ffffeb4e
ffffea51
00000f11
ffffe364
00000813
fffff0e0
fffff75a
fffff100
ffffe996
ffffefca
fffffdd4
00001426
00000d15
000011c8
000001c9
0000036b
fffffe00
00002937
ffffe523
ffffcdd0
fffff97c
ffffeb5b
ffffed81
000015f1
fffffdb4
00000c27
fffff4a7
fffff5a6
00000c1f
ffffe043
fffff52a
000010f6
00000264
ffffed39
00001704
ffffe302
fffff676
0000025b
ffffeac9
fffffbf6
fffff535
ffffe3b9
000010ed
00001668
ffffec2b
0000039d
00000c58
00002c50
ffffeb08
ffffe9a3
000018cb
000011eb
ffffeb6d
fffff394
fffff6e7
fffff5da
00002fd2
fffff356
fffff147
00001623
fffff0f1
ffffeac3
ffffe4d6
00001c34
ffffdfd2
00000d92
0000065d
ffffd0c5
0000124e
00000408
00001e4f
00001bb4
ffffd822
fffffa10
fffffa53
00001b0e
00000d9a
00000a77
fffffc60
0000036d
fffff031
000010e5
ffffe7b8
0000142e
ffffe76f
000001af
fffff687
fffffb4d
0000148d
00000f4c
00000a59
ffffefaa
00000a90
ffffdc58
000011da
0000064f
00000354
ffffe1a0
fffff5b0
ffffcf4e
ffffe91c
0000049b
ffffff78
ffffe475
000022d4
ffffea2f
00000481
0000042f
ffffd619
fffffa02
fffffcc2
00001ce4
fffff50d
ffffdc8e
00000923
ffffe7de
fffffe48
00000986
00000ea7
00003154
000000d5
00001886
fffff164
fffffe4b
00002390
ffffe7a1
0000154d
000003ac
ffffe8f3
fffffc58
00000467
fffff88f
000002d0
000007e9
0000008b
fffff6a2
0000130a
fffff70b
00000fbb
ffffc01a
ffffe04f
fffff50c
fffff915
00001476
00000a26
00000c60
fffffe92
000007ee
00000f93
ffffdfb0
00002527
00000e9f
fffffd64
ffffe1dd
fffff059
00000b5a
00000881
00000e1f
00001b71
0000021d
00001cdb
ffffe984
fffff26d
000012ce
fffff12b
00001e8f
00002493
fffff8af
00000e07
00002d90
fffff102
fffff0de
ffffc5e6
ffffdfcf
ffffe399
fffffe2f
00002a67
fffff504
000010a0
fffffc76
00002a32
000019a4
ffffeddb
000026fd
00000236
00000c3a
000009f4
0000153c
ffffff92
000007e1
ffffed2e
000008c7
ffffdd94
ffffe303
000017eb
0000219e
fffffc66
00002c10
00001d71
ffffdcc5
ffffd5b8
fffff382
00000bb2
0000166b
0000045c
ffffddae
000015e4
00000c02
ffffd866
00000906
ffffff8b
ffffe7ff
0000179a
fffff604
ffffe17f
fffff89e
0000311e
0000106a
ffffeeec
00000220
000004a4
00000598
ffffe0e2
ffffe735
00000622
00002943
ffffe10a
ffffe30e
00000fd5
ffffddfa
fffff048
00002806
000020cc
ffffd9fe
ffffaf8a
fffffcc7
00000773
ffffecf5
00000260
00001f54
ffffd654
fffff064
00001469
000012c1
ffffd15e
00000553
fffff74d
fffff32e
0000038d
00003316
ffffc604
ffffdc95
ffffdddc
fffffbae
000000cb
ffffdd65
000006af
00000857
ffffea86
00000f20
ffffddb4
ffffe94e
fffff42f
ffffd6be
fffff360
ffffdef8
000005e5
fffff7be
0000079b
ffffe02b
00000a26
fffff65f
0000161b
fffff38a
ffffe8aa
00001a7f
00000e54
ffffe8a5
ffffff0e
ffffff67
fffffe12
00001dee
fffffcd0
0000098c
0000270c
0000029a
ffffd0bf
00001690
00000c39
fffff04d
00000901
fffff86e
00000b67
ffffecc7
00000f50
0000190c
fffff6f7
000016bc
00000e36
ffffe9f5
fffffd7a
000005ae
ffffda69
fffffbf2
ffffdda2
00000e6c
fffffab1
fffff508
fffffa5e
fffffd12
ffffbba7
fffff82e
fffffa51
0000121a
00001fc7
0000171d
fffff483
ffffe0b8
ffffe64f
fffff907
ffffff8e
ffffdc23
00000c3e
ffffd4aa
fffffd75
ffffe833
ffffdf62
fffffdbc
0000224a
000008e8
ffffdeb7
ffffe6a4
fffffb7a
00001c35
00000ba5
ffffe1cd
fffffb19
0000048c
ffffde6a
ffffd9e9
0000141c
ffffff28
0000129c
00000d45
fffff5e9
00000869
ffffedf1
ffffeb84
fffffa8f
fffff8d7
ffffe92f
000023ab
ffffee71
000001b5
fffff710
00000c3f
ffffeac4
00001e50
000005c9
ffffe9b6
ffffe2f9
ffffecd7
00000c04
ffffe9b7
00000c2f
fffffc68
00001ea8
00002b8c
ffffedf8
000007a3
00003189
000007a7
0000067b
fffff441
00000c22
00000f5e
fffff05e
ffffd50d
ffffca97
ffffcc0e
000007fe
fffff57e
00000ea1
000002dc
ffffeb46
fffff7c7
00001af8
ffffe9d4
ffffc3a8
ffffe15c
fffffc03
ffffe805
000015bd
00001d67
00000a6e
fffffed0
fffff13e
00003500
ffffe27f
000022ca
00000be7
fffff0c3
ffffdf20
ffffed41
00000d27
ffffed26
ffffee7c
fffff802
00002507
000015fd
fffffbd7
00000884
fffff967
00000a7a
0000138f
fffff8b9
fffff349
000017c8
00001b62
00001087
ffffee9f
ffffe971
ffffefad
ffffed83
fffffbdd
fffff027
00003ad1
00000277
ffffeceb
000005a6
000026a5
000012ac
fffff914
ffffebca
fffff1eb
fffff4d1
000009a9
000031f9
000029fe
fffff05d
00000701
fffff625
000024f0
fffff40c
00000ad9
fffff730
000006db
000007cf
fffff5ef
00000de2
ffffc71d
000002ad
ffffff7c
ffffeca4
fffff113
ffffe863
fffff4d3
ffffe6d5
ffffe979
ffffeb9d
fffffaa9
ffffd8b7
ffffd6e1
ffffef8c
ffffccdd
fffff7f4
fffff64d
fffffe72
000019a9
00000935
00000f95
fffff64c
00002753
0000085e
ffffe5bd
fffff670
00001f65
00001683
fffffb2f
00000f45
00001e18
00001bcd
ffffc889
fffff964
ffffe81e
ffffe2c3
fffff0ad
00000ea6
00000fcd
00001e5d
00003ce0
00001190
000012cb
0000068f
ffffef5c
00001a5b
ffffc5a9
ffffc656
ffffe996
fffffe32
fffffa13
0000184a
00001912
ffffdd94
fffffc37
fffff2a6
000022f1
fffffc38
fffff970
00000351
fffffb82
000013c1
ffffefc7
000008d3
00001671
fffffb32
ffffeb20
fffff597
fffff80c
00000246
000014b4
fffff87e
000009d5
0000119e
fffff50c
ffffe130
0000055b
000004eb
00000db9
000017e7
0000013a
00000963
00000dbc
00000443
0000265e
000001bd
ffffeffd
000015a0
00000044
00000094
fffffe2c
ffffec14
fffff0f4
fffff0e2
000018a1
fffff154
fffffc69
fffff72f
000005eb
000001e6
fffffd4e
00000d13
00000602
00001958
fffffeb6
00000536
fffff89d
000012b7
ffffe93c
fffffb0a
ffffdf72
0000074c
000011b1
fffff534
fffff794
000007a1
000003fd
fffffe80
00000914
fffffb0e
ffffe1df
fffffc36
00000811
00001ac0
ffffec19
fffff895
00000a6e
ffffe5a7
00001144
fffffd61
fffff03b
ffffe60a
00000000
0000181b
ffffef27
fffff8db
00000114
ffffe6b3
000003e0
fffffa1c
00000ad3
ffffe3e8
00001790
000015c2
00000b79
fffff353
000009df
fffffd4d
fffffb7d
00000535
0000174d
00000de6
00001793
000001a0
fffff5c7
fffff1b3
000004f5
00000a98
00000d2d
ffffda60
ffffe4ef
00000cf9
000014a7
fffff02d
fffff812
00000c64
000018ce
0000026f
000009d1
000028e8
ffffed86
00001772
00000501
fffff4b1
000003b3
0000108a
fffffd18
00000d94
fffff8d4
00000b00
00001274
fffffc79
000007a4
00000daa
fffffb23
fffffbd4
00001ad2
fffffeb6
fffff97c
00001a65
ffffef87
fffff2ac
00001418
00001377
00000a3b
0000066b
0000085c
00001290
ffffea59
ffffef38
fffff2b7
000007d3
fffffaa1
fffffe0d
ffffee1a
fffffa59
0000085a
fffffdb0
ffffe996
fffff3b9
00000f84
000003a9
0000010e
ffffeb6d
0000010a
fffff6a1
fffff30e
000015a3
fffff483
00000744
00001ad3
fffff86e
fffffb5d
fffffacd
fffffb51
fffff35b
000006c3
fffffa35
fffffc9a
fffffb8a
000020a2
000002cf
00000a4d
ffffedbc
fffff3ec
00000641
00000b13
ffffff68
000004ac
fffff68e
00000b77
ffffe822
00000920
000019a5
000010b9
ffffdcc0
fffffe3f
fffffe39
00000438
000003a2
00000ec0
00000614
00000219
fffffd75
fffff9a6
fffffda8
ffffe315
000023a8
00002854
ffffe6c2
000003c7
fffffbba
000008cb
ffffede2
fffff6c1
ffffe794
ffffe1f6
00000315
ffffa6c8
ffffd528
00001739
fffff586
00000a04
ffffd995
00001825
fffffc9b
00003f8a
000021a8
00000107
00003e92
fffff87d
0000195e
00000894
00000309
ffffc9d1
fffff249
00001719
000017bc
00000904
0000001a
0000145f
ffffd5b5
000017fd
00004314
000006e4
00001902
000012a3
00001939
00003061
fffff3d2
fffff3bf
fffffa49
00001df9
0000159d
fffffc53
000008d4
fffffdc9
00000c63
fffff659
fffff9de
fffffec1
00002f46
fffff8ab
00000333
ffffdc66
00000d37
fffff870
ffffda91
000000c5
fffffdbe
fffff101
ffffe919
00000941
fffff8a6
ffffd804
fffff8dd
fffffaa1
fffffda8
fffffdce
fffffae8
00000340
000025ac
fffff47d
fffff646
ffffddba
00000247
fffff855
00000b75
fffff38a
00001385
ffffe497
00003cbe
fffffb96
000011a5
00001a41
ffffe42c
fffffdb5
00001262
00001068
ffffd7c2
0000079c
0000019d
ffffe00f
fffff6e0
00000386
00001bcf
fffffde0
ffffcdc1
fffffd08
ffffea98
000005e5
00000d25
fffffd93
00000484
00000215
0000131a
ffffec7d
000001b8
00000193
fffffcd3
000001bd
00000bf9
ffffd3f0
ffffe952
fffffdf7
00000afd
00000d43
000005c5
0000091e
00000a0e
fffff662
00001254
00002780
00000a5b
0000134c
0000164e
ffffbab9
fffffb1d
000002b0
fffffe0e
fffff62c
fffff6b3
000000b6
fffff4fa
fffff93e
fffffc3a
fffff171
ffffe925
ffffed15
000031a7
ffffef6f
000019a4
000009b5
fffff68b
00001061
000002b0
00001894
fffff513
000005af
000023ac
0000443f
000013de
ffffe422
fffff46d
000017db
000002e0
000018ae
ffffd191
00000296
000029f5
000017be
fffffc92
00001574
fffff1a5
fffff95a
000021d2
00000650
000000ec
ffffcc79
ffffec1a
ffffff14
ffffcde8
fffffe2c
fffffc48
00002c46
ffffef07
00000a66
00000fa3
00001c29
000000eb
ffffec5a
fffff5f3
00001eec
00000728
00000de8
000003c8
0000166a
00001c57
00002fa1
00001434
ffffefe4
ffffdf37
ffffd81f
ffffee6e
00001ac1
0000193e
00001201
0000167c
000012cb
fffffca0
ffffd15e
00002880
00000862
0000002f
ffffdc78
00000e9e
fffff780
ffffef94
000010ef
fffff086
fffff76f
ffffff51
0000053f
00000885
fffffbb6
000002f7
00000687
fffffcce
00002545
0000032c
ffffff4d
fffff5b2
00000378
ffffeb69
00000cf4
ffffeb92
fffff3c9
000004a1
ffffe97e
00000453
00002246
ffffedff
0000071d
ffffffb6
ffffd3fd
fffff691
fffff005
00000d02
00000551
0000021e
00000f23
00001052
fffffaf2
00000b91
fffffaeb
fffff960
000007f5
ffffea2d
fffffb2f
00000cc2
00000403
fffff679
fffff090
fffff1cd
ffffd8ee
fffff9bd
00000a9f
00000de9
ffffef3e
fffffdde
00001e20
fffff7d5
00000700
00000178
00000f1c
000001cd
00000782
00000a56
ffffd28e
0000046a
000003cd
000005cd
fffff2b2
000002d1
00000348
00000378
fffffffc
ffffdf21
ffffeee1
000000c6
ffffebfc
0000063d
000005a1
000001ca
00000728
fffff5c2
ffffe0a0
0000048c
00000843
00001046
00000263
ffffef67
00000cdd
00000b78
000005b5
00000a47
fffff35c
00000008
000004cf
fffff662
00000f87
fffff483
fffffd68
000002ec
000009b9
000003f9
fffff501
0000040a
00000b94
000009a0
ffffedde
fffff8bc
ffffea5a
fffff844
00001545
fffffe04
fffff065
ffffe453
fffffaa3
00000533
ffffe8eb
ffffefb4
00000763
ffffecc8
00001af0
ffffe9fd
000001cd
000007da
ffffe986
fffffaf1
00000a3b
fffff76f
0000079d
00000433
00001acc
ffffef8a
00000f3e
000006c7
00000615
fffff2c0
ffffe94e
00000557
fffff29b
000007cb
00000438
00000c33
00000761
ffffea5f
00000d8d
00001685
00000436
ffffeb1a
fffff600
00001586
fffffd5e
ffffff2e
00000efb
00000848
00000cbf
ffffd65d
00000174
fffffc85
ffffffed
00000c6c
ffffe2e0
00000f34
000010f1
ffffefc3
00000184
00000a52
ffffeab0
fffff8a8
00001364
ffffe3ae
000004d8
fffff054
fffffcdd
000007a0
ffffeaf1
000013b4
fffffb0b
ffffef92
ffffe40f
ffffee19
00000ad9
ffffd8ca
fffffea6
00000a39
0000111a
fffffada
fffff20c
fffffb45
ffffdee5
fffff730
fffff6f2
ffffee17
ffffef46
ffffe702
00000961
00001a19
00001abd
000003f1
ffffec1f
fffff697
00000d27
fffff394
0000064c
000025fa
0000146c
000011b7
000027c2
00000a45
fffff526
fffff391
fffff615
000005cb
ffffee7c
fffff189
ffffd212
fffffaf5
ffffdaf3
fffffbc6
ffffe866
00000a5a
00000166
00000f08
00001024
0000270c
00000f65
00002022
0000256f
ffffe29b
00000849
fffff6c1
ffffec43
00000ae2
fffff7c0
00000923
000003c4
00000b7b
fffffe39
00000a9f
fffff543
ffffcfb4
ffffee89
00000977
00000caf
ffffe8c8
000001af
00000f93
fffffeff
00000d9c
00001d1a
ffffe6f2
00000e3c
ffffef5b
ffffebe9
ffffe09b
0000122e
00001509
00001ea4
fffff1f7
000009a3
ffffef80
0000061c
fffff7fc
ffffdc78
000004a3
000004d5
ffffcab7
fffff25b
000003a5
0000346c
000008a1
fffff2e6
00002736
0000105c
fffffb33
fffff86b
0000106d
fffffe35
00001315
fffff193
000001ce
fffff685
00000c1c
000001da
ffffffe7
ffffed29
ffffff94
ffffeca1
00000d32
00000682
ffffee62
ffffeeef
00000278
ffffeef1
fffffdd0
000009e7
00000a4d
fffff9cb
ffffedd0
ffffebeb
00000075
ffffdda6
ffffe0f9
00000fed
00000a3b
00002cd5
ffffdb2c
00000f08
fffff9bb
fffff5c2
fffff822
fffffbbf
fffff80d
fffff805
fffff875
000006be
00001061
0000051c
fffffd83
00000cc9
ffffd3d6
00000755
000008d8
fffff1d3
00000795
ffffffe8
fffff646
ffffe928
00001ae0
0000057f
fffff527
00002274
00000502
fffffe99
fffffa66
0000178c
fffff1a2
00000307
ffffe214
fffff9dc
000002d8
ffffe734
00001684
000019f8
fffffcfb
ffffe484
fffff044
fffff78c
fffffa7f
fffff4af
fffffc8c
fffffab5
000005f8
000011a4
fffff1fd
fffffd8e
fffff1d5
fffff80b
fffffc14
ffffd5ff
fffff906
00000dd0
00000d0e
fffff40f
fffffe85
ffffed33
fffff97d
000004b9
00001257
000007c1
0000124b
fffff9e7
fffff230
fffff7ec
00002100
00000340
00001658
00000cb6
00000b1b
00000b5e
fffffce8
00000825
00000cc2
000011ee
00000207
00000a46
00000666
fffffa8e
fffffd39
00000d14
000005f5
ffffefc6
fffff9ee
000001db
00000948
00001d4b
00000c16
ffffed6f
00000fe7
0000038d
fffff6dd
ffffe434
fffffd79
000023a7
fffff5ab
00000d5a
000009be
000001d7
00000049
fffffcf4
0000016a
ffffee02
fffffdc5
00000bef
00001064
fffff68d
ffffed5f
00000afd
0000093e
fffff54e
00000457
fffffbbf
fffff113
00000a2c
fffffebd
fffff7b8
00000373
ffffffda
ffffde24
fffff9d8
fffff0e0
fffff8bb
000000d8
fffffcb1
00000d8a
0000177e
fffffffc
fffffea7
00000f3d
fffffdbe
fffffb63
ffffe917
fffffdc3
fffff4f8
00000a0b
00000732
000005a1
0000019e
00000224
fffffc34
fffff7e0
fffff1ae
fffff988
0000056b
0000097f
fffff0ba
fffffcf9
fffffd9b
fffff5bf
000011c6
00000b75
00000039
ffffff02
00001392
fffff576
fffff676
fffff8b7
000005a6
ffffffc2
000002d1
ffffec8f
000003d3
00000982
00001ca5
00000238
000009bf
fffff9f5
fffff6b5
fffff601
00000831
fffffd04
00000a23
fffffbeb
fffffe55
fffffc43
00000a68
fffff69c
00000661
0000031a
000008a5
00000283
00000031
fffff7a3
00000d0e
fffff4b8
fffffe6c
00000d38
0000015b
00000dfa
fffffae2
ffffe218
fffff93f
000009ac
000003fe
000008e9
fffff9ae
fffff90e
0000042e
fffff369
000001aa
00000fd0
fffff27e
000005c1
00000f97
00000309
fffff878
00001b77
fffff9cb
000003fe
00000a09
00000600
00000854
00000231
00000aea
ffffeb37
00000c4d
0000081a
fffff46e
0000028e
000000d7
00001458
000004e6
fffff7a2
fffff691
0000071f
00000e1b
00000259
000003b5
fffff9ea
fffffe4f
00000557
fffffbab
fffff99d
fffff2a1
00000bda
00000895
00000676
fffffed9
fffffe08
fffffbab
0000060f
00000588
0000108c
fffff915
00000939
0000051b
fffff7c7
fffff086
fffffd01
000003ee
fffffb16
000002da
00000c34
000003dc
00000be6
ffffead8
fffff6dc
fffffb54
00000f9a
fffffd57
ffffe888
fffff9c5
000001ae
00000933
fffff7f5
00000735
fffffe30
fffffc1e
00000d13
fffff001
00000a39
fffff538
fffffc09
00000252
fffffcbf
00000a03
ffffe477
000003ea
fffff8d1
ffffeedd
fffff999
000005e6
ffffe646
fffffa1e
fffffd87
000008b6
ffffece1
fffffc3c
fffff5bd
fffffd1a
00000975
00000b61
000009b3
fffff1c9
fffffe20
ffffff87
fffffc0c
fffff092
00000ffb
00000a16
ffffe481
000017e9
000012b4
ffffe958
0000154b
00000bcf
00000078
00000194
0000163d
00000f87
ffffe86d
000013d1
00000994
fffffb54
fffffbb9
00001583
ffffebe6
00000961
fffff00a
ffffe7f8
00001d9b
00000ae4
000011a1
fffff9cb
fffff97e
00001b45
fffff6cd
ffffe0d3
00000116
ffffea14
00000003
00001085
00001bde
00000697
fffffed5
fffffee7
fffff4e8
000015c0
ffffeedd
00000d7d
00002944
00000ab2
ffffe643
fffff85a
ffffff77
00000bfe
000009eb
fffffcc0
00000039
00002e92
00002493
fffffc32
fffffddb
fffffff6
00001375
0000191c
0000068d
00000498
00000137
000022fe
fffffd79
000002f2
00000c10
ffffec18
fffffd9f
ffffe709
0000126e
fffffcc4
0000065b
ffffecd4
ffffee13
ffffda37
fffffb8c
fffff2c4
0000103d
ffffdfdd
ffffecf1
fffff340
00000273
000011c7
ffffed23
ffffe2f3
00000418
fffff82f
ffffff47
0000076d
00002d6d
ffffdaf5
fffff8fe
fffff022
fffffe61
fffff92b
fffff261
fffffdfe
00000721
00000362
00000ca4
fffffd0f
fffffff0
fffff499
ffffea95
00001953
000008ed
0000121d
00002b1f
00000967
fffffd64
ffffe917
00000ee4
ffffdd87
ffffe5f7
fffff621
00000138
00001e1c
00001191
000000cd
00000a14
ffffefee
000002e5
0000001f
ffffeb6d
fffff3fa
00001538
000008cd
ffffe128
000001d3
00001f75
fffff37b
fffffd1a
00000858
ffffefbb
00000d36
fffff0ea
00000432
00000f2c
00000c76
fffff96a
fffff972
00001407
00000440
00000f40
ffffebed
ffffe778
00003003
000017d5
ffffffff
000002e2
ffffe26f
fffff8b5
00001130
00001488
00000946
000029bf
000000b9
00001731
ffffeb9b
00001b12
ffffe143
0000017f
00002129
fffff955
fffffb51
ffffe127
fffff456
000005bd
fffff026
ffffe05d
fffffe38
0000093b
fffffdb5
ffffffd8
fffffe98
fffffa9b
00001aab
ffffea43
fffffa09
000003ae
fffffa3c
00002148
000020e5
ffffdca6
00000f95
fffffa45
ffffef52
00000125
ffffff02
fffff1f1
000013ed
ffffe427
000003a6
ffffe781
ffffea61
fffff5a0
ffffec2c
00001a88
fffff0cb
fffff3b5
00000796
00001af5
000007b8
00000f4e
00001866
ffffe07b
ffffd8a1
0000225d
000011ba
0000066a
00000481
00001fa0
0000093c
ffffc57e
000015ed
00001c3c
fffffa06
ffffdce1
ffffca89
fffff494
0000241c
00000a52
00000b4e
ffffdc3a
000003ec
ffffe4a6
ffffeb21
00000ddb
ffffcc28
00002ac2
00000803
fffff577
00000150
000004dc
ffffd680
fffffd0b
fffff592
000008c8
0000094c
fffff48c
ffffffaf
ffffe107
0000218d
00000a64
00001d53
ffffe8b2
00000766
00001529
000013bf
000003b9
00001a5d
00001d3c
fffff543
000010a6
00001a81
ffffedfc
000006cd
fffffc0c
ffffe947
ffffe420
00000230
00000c49
000011dc
ffffe4cd
ffffee5d
fffffc86
ffffe9f4
fffff662
ffffe838
00000421
ffffedf3
00000379
0000313d
00001517
ffffd8af
000008e2
ffffdddc
fffff703
fffffa97
ffffd736
ffffead0
fffff3f3
00000607
00000b68
0000065a
ffffcab7
000002d9
fffffd4a
00000a89
0000021d
fffffd6d
00000845
fffff68f
000009da
fffff4fc
ffffe966
fffff063
00001714
0000092a
000007e8
ffffefac
0000110b
00000f70
00000357
000000cf
000020da
00000b1f
ffffd5cd
0000233d
fffff921
fffff91d
ffffe754
ffffee8e
00001042
ffffe10a
ffffee41
00001d21
000010e4
fffff964
fffff4ff
ffffee18
000021fb
ffffdb85
00000ce6
fffff295
fffffc6a
00001165
00002e00
ffffeb32
fffff6f0
ffffef1f
fffff2a2
ffffe0b4
ffffef2a
fffff187
fffffb0a
fffffee4
ffffdbdb
00001e58
00001bff
ffffec9b
00000914
000015da
fffffb51
fffff483
ffffe993
0000046c
00002307
ffffef4a
00000cb2
00001a37
ffffea9b
00000dd7
00000dd2
000004e4
fffffac8
fffff672
ffffd717
00001386
ffffff14
00000e56
ffffe6d2
00000688
00001579
ffffec24
ffffff38
00001009
00000175
00000fae
00000efd
fffffb67
000020a8
fffffd13
00000669
00000046
00000bd1
00001a94
00000e2e
00002215
ffffd04d
00000ed8
0000024e
0000023c
fffff1a1
000011b3
fffffdcd
00000060
fffff0e3
fffffa88
00000cae
fffff9df
ffffe3d9
00000e9f
000012bc
000024a3
ffffef56
000002bf
000003fe
fffff57c
00001097
000003ab
000002c5
ffffefec
fffff7c4
ffffe5cc
000012ad
ffffec02
00000d30
fffffa6e
000012cd
fffff67e
fffff459
00001506
ffffe50c
fffff5e4
fffff39b
0000160c
00000105
ffffe587
0000168f
fffffb3a
00000a8c
00001617
fffff505
fffffc18
0000304d
fffffe4f
ffffed62
fffff853
ffffe960
fffff76b
000010ba
000026b7
0000196e
fffffc8d
ffffec34
ffffedce
000006cd
00000650
fffff74e
00001021
00000369
00000865
00000077
fffff5f1
00001a22
0000090b
000015e3
00000ece
00000628
fffff846
fffff12d
000009a5
0000126f
00000335
ffffe3db
fffffeb4
ffffed9b
0000165e
ffffff1d
ffffec2f
ffffef53
000013dd
0000088a
fffffcfd
fffffe58
ffffd4fb
000001ad
00000fe1
fffffca7
ffffff4c
ffffea88
fffffa21
0000357b
fffffb49
fffff88e
ffffec5d
00000231
0000085f
00001156
000001bd
ffffefc6
fffff8b6
00001aa4
fffffb51
ffffcbaf
fffff8d0
fffff29a
00000bda
ffffdefa
0000021d
fffff569
00000358
000003e2
0000089e
fffff8b8
0000145b
ffffd5de
ffffe5a5
00000f27
ffffe6cb
00002639
00000ef6
00002a0a
00000b27
000012a9
fffff7ce
0000037c
ffffe921
000011d1
fffffe41
00000592
fffffcc0
0000075f
ffffe97e
0000142d
fffff0fa
fffff278
0000038c
00001a8e
00000d0c
000004dc
fffffd13
00000a9f
fffff65e
000008f1
fffff71d
0000119f
fffffc53
ffffecf5
0000141f
fffff8c4
ffffeeac
ffffe65c
ffffe91d
ffffe147
0000101d
0000090a
00000b2c
ffffdd0b
00001b92
000024c3
fffff469
00000380
ffffef02
ffffef75
00000a01
fffff093
ffffda2e
00001c9c
000003f4
0000148e
fffff1b5
000011bd
ffffd98b
ffffe10e
000001f6
0000136e
fffff2c5
ffffecdc
fffff9d2
00000084
fffffcc1
ffffee19
00001b37
ffffeda6
fffff82a
ffffe7a7
ffffed9f
ffffe183
ffffe508
ffffc014
ffffed55
00000b62
ffffe703
0000152b
ffffcf30
000000ed
00001400
ffffff67
00002263
fffffb84
ffffe7ab
fffff924
fffffccf
ffffeb71
00000372
00000b1b
fffff89b
00000ae2
fffffeb7
00001018
00001352
00002232
00001cea
ffffe70a
0000052c
00001c0f
fffffe4d
ffffbecb
fffff84f
fffffd91
fffffe2b
ffffe132
000013d6
ffffd563
fffff3af
0000354a
00000cc2
ffffee8c
ffffe444
ffffda95
ffffed35
ffffd7ff
fffff558
fffffe91
00001403
ffffea8c
fffff8b1
00000cd5
00001be8
ffffe59c
ffffee3d
00001410
000000da
00001244
00000b0d
ffffe062
000000fd
fffffe34
00000dd9
ffffeda2
00000898
ffffedb5
0000060b
000009fa
fffffd49
fffffc5d
00000087
fffffa7d
000000e5
00000793
fffff1ea
00003146
000029ef
fffff433
00001ef2
fffff8ff
00000481
fffff9f6
00001938
ffffec6c
ffffef6e
fffffba1
fffff2b1
00001bc8
00000182
ffffdf2c
000012bb
fffff2ea
0000031c
ffffee00
fffffd5a
000027b9
fffffce1
00000b25
000000b9
ffffd995
fffff883
00000cf8
00000f10
fffff8ec
ffffea79
ffffeecc
000017ba
000016ce
ffffe447
fffff9bc
00001295
fffff3e3
fffff792
00001d8e
00000385
00000105
000004d4
00000a7f
00002373
ffffdb55
0000041c
fffff30b
0000060f
fffff029
ffffdf15
fffff3cd
ffffe094
ffffeb79
000009e0
000010ac
00001417
ffffef08
00002d8f
fffff482
ffffeb0c
00000ad5
ffffeed0
000011c1
fffffa36
0000166d
00000347
00001143
fffff1ce
00001db8
fffffc31
ffffee61
00000454
ffffe088
fffff426
00000d2a
00002899
fffff59f
000002d6
fffffbf5
000003f5
ffffffe6
ffffecc3
fffff161
0000114b
fffff5e5
00000a76
ffffec8e
ffffdca1
0000051e
ffffd125
ffffff9a
ffffffb1
fffffe64
00002e52
fffffaa3
fffff3b7
00000915
00000028
fffff72a
fffff47c
fffff2d2
00001af8
ffffe553
00000c46
00001762
00000a91
fffff982
fffff265
fffff492
ffffdf0d
ffffd9ad
00001210
fffff666
00001d89
000001eb
ffffec84
0000105c
fffffbb5
0000090b
ffffe8ce
00000758
00000803
ffffece0
fffff61b
fffff3ff
ffffd19a
00000587
00000c76
ffffe49b
00001319
0000065f
fffffb49
ffffe947
ffffea2b
0000071b
000009b9
00001b84
00001eef
00000c28
0000047c
00000f82
00001743
00000855
ffffeaf6
ffffd596
00000921
ffffe455
0000064a
000027db
000026bb
fffff15e
0000246f
ffffebba
ffffc6ca
fffff803
0000045e
ffffe7c0
0000131d
00001a7b
00001632
ffffd4b4
00001f8d
fffffcf1
00000c66
000005d9
ffffed28
0000216e
fffff06f
000015d8
000007de
fffff1a5
fffffb88
0000005f
ffffffa4
000002d3
ffffe3cc
000008d3
0000060d
fffff458
000024ab
fffff1a3
fffff37f
ffffd19e
00001a48
00002a49
fffff67e
00000c9d
ffffd950
000026ee
0000496c
ffffeb4b
ffffe335
00000445
00002c8a
ffffd155
ffffd1d7
fffff44d
00000fdf
000014b8
ffffda09
00000176
ffffe2b9
00006978
ffffefbc
00001d14
000015a0
ffffe59e
0000096a
00000001
00000ddc
ffffe057
000003aa
000017c8
00001abf
00001e16
00001d52
ffffffb4
fffff761
ffffea46
ffffd1c2
ffffe2a0
ffffe2a9
00000621
00000eb1
ffffefa0
ffffe5b0
fffff311
00001429
ffffeeaf
00001e2a
00002ac9
ffffe75e
00000f78
000005f1
ffffeb9e
ffffff21
ffffd685
0000398c
000012b5
ffffe04a
fffff9f6
00002d24
000001c6
00001719
ffffd335
ffffdcae
fffff86c
00001eca
ffffe04b
00000552
fffffa2f
000005a0
0000138b
00001e2d
ffffd5bb
fffff545
fffffe88
00003a23
fffff8a6
00001965
fffff93a
00000e48
000037b1
ffffaf50
000018b0
00001610
fffffcfc
fffff7b6
000005dc
fffff81b
ffffe045
fffff53c
000015a2
00003479
ffffd0bb
000023d5
ffffd22b
00001b75
ffffd80b
ffffe538
00000e0b
ffffd617
00000db2
fffffcb8
ffffffc1
0000035c
fffffee1
00000384
ffffef00
00000eea
fffff1ff
ffffe267
00000e4f
ffffdabb
ffffd58f
fffff34f
00001a4f
000018bf
ffffff6b
00000f7b
00000e8a
000021bc
00000cbf
00000f8b
ffffeeff
0000088e
fffff096
fffff1a8
0000172f
000010d1
00002722
0000111e
0000003c
000009f1
00002f40
ffffce3c
000012c1
00002b3f
fffffda0
00001400
00001a6b
ffffe799
fffffcac
ffffda2d
fffff0de
000013b3
fffff130
000021e7
ffffff97
ffffe42b
0000160b
ffffd578
ffffeffb
00000d96
00000abd
00000f47
ffffd926
fffffe31
00002dd7
0000104f
000014bc
00000ca9
ffffd7a0
ffffdf0d
00002196
ffffbf94
00000b94
ffffceaa
00001835
00000250
fffffc5d
00000127
fffffa67
00000802
ffffc58b
00001a57
000006e8
fffff39b
ffffeeff
ffffff29
00002b6c
fffff8ad
ffffe8a8
00000440
00000ddd
ffffe72e
00004ef5
0000065d
ffffd15e
ffffc5d8
00000ce2
00000435
ffffee44
ffffd6c8
fffff88c
ffffcfff
000013da
ffffe8d5
ffffee0c
ffffff33
00000b26
ffffffb2
fffff530
fffff02f
00001e37
fffff53c
fffffedc
fffffa34
ffffea61
fffffc3d
ffffe6c8
000009fd
000006f4
000004ea
fffff663
fffff56c
ffffe830
00001fb6
000003d7
fffff915
ffffeb96
fffff9b0
00000346
0000108f
ffffedff
00000c48
00000529
fffff060
00000451
00000ec3
ffffe6f1
ffffee8d
ffffe758
ffffdbb2
fffff0dd
ffffea2c
000025c1
ffffebeb
ffffdfca
000016b8
fffff95e
ffffdc1f
000005c1
fffff4df
ffffed97
ffffe659
fffff2bf
fffff52e
00000c01
00000cf5
ffffff4e
ffffea49
000017d9
ffffead3
ffffef1f
ffffff4c
000000ca
fffff707
ffffd908
00000a3b
00001b86
ffffdac3
ffffe0e4
00001ca2
00000c5a
fffffd92
00000f0f
00001748
00000b24
fffff415
0000104f
fffff170
fffff38f
000027c2
00001aac
000020e9
00001825
fffff03a
000003f0
000018de
fffffbde
00002278
ffffdf30
ffffee69
00000fe7
ffffe8fc
0000109b
ffffe74a
00000cc5
ffffeeac
ffffe8b5
ffffe2eb
fffffd66
00000569
00000045
00003738
000002d8
fffff8e5
fffff846
00001991
fffff53b
fffffc43
0000046d
fffffd81
00000a75
00000799
fffff008
000033b3
fffffd98
ffffece2
fffffe5b
ffffe905
00000d68
0000164b
00001893
00000229
ffffe8a2
00000bad
fffff63f
ffffe446
fffffac4
00000fde
ffffed7e
fffffba5
ffffe077
000018f9
00000c83
0000158e
ffffe076
ffffedcd
fffffb1e
fffff6a8
000008eb
fffffcc5
00000a82
ffffdb87
ffffe68c
ffffdee7
00000688
ffffff7c
00000a7c
0000078d
00000c47
00001726
ffffeeeb
00000baa
ffffef69
00001734
000011e2
fffff4a8
ffffedfd
ffffe1f6
000015d1
fffffa76
00000309
00000364
000026ef
000017da
ffffec6f
00000d88
fffff0ed
fffffc99
ffffe147
ffffd136
000000ad
fffffbf1
fffffa5f
fffff969
000020bf
fffff07c
00000805
00001c59
000026a8
00000161
0000106b
ffffe6a9
000020fa
000000f0
ffffefb3
000004b0
ffffee99
0000102c
000003eb
00000ba5
ffffec36
fffffd0d
fffffb89
00000522
ffffe89e
ffffffbd
00002840
ffffec2d
fffffee1
ffffe400
fffff7b2
000023f0
ffffe229
ffffefc3
00001492
0000028c
00001758
fffffba5
00000820
fffff053
fffff9f6
fffff32c
fffff127
000006fc
ffffff09
000017eb
fffff042
fffff091
00000911
00001802
fffff810
fffffd13
00002fac
ffffe19a
000003af
0000081f
000011ad
fffff543
00000fb5
0000247c
00000ec7
ffffffba
fffff17d
ffffdf5e
fffff476
00000782
fffff867
00000c0b
000010de
fffffde3
000009d7
fffff8ab
ffffe365
fffffa69
00000984
00000509
000016e3
000006dc
000003e4
00000b10
fffff97a
ffffec53
fffff647
fffff409
ffffed3a
0000013f
fffff506
ffffff64
00000505
ffffccf8
fffff7d1
000002e8
fffff197
00000d84
fffff7b1
fffffdd6
fffff042
fffffa5d
0000060c
fffff112
00000dff
fffff037
fffffad8
00000aa0
ffffe8d2
fffffd8f
fffff4b8
00000db2
00000d10
fffff916
fffff405
00000ecd
00001464
00000b5b
ffffe62f
0000063f
ffffca48
00000e5b
00000c84
ffffe132
00001262
00000078
fffffa1e
fffffc9b
000000d9
00000697
ffffd446
0000349e
fffffbff
fffff50f
00001b5a
00000ab7
00000926
000008da
000011b4
fffff8f7
fffffd26
000001b7
00000467
00001ac4
00000133
ffffec0b
ffffe7b8
fffff921
fffff5d6
00002c02
fffffcf0
00000b2c
fffff569
00001e95
00000439
fffffa01
fffffd56
ffffef11
ffffeea8
ffffdcd9
fffff4d2
00000634
00001c50
00000bfa
fffff6e0
fffff071
fffff75a
00000ec9
fffff2f7
fffff591
00001054
ffffe7cb
ffffe55f
fffff3f2
00001d8c
00000611
00000065
fffffd96
000008d8
0000029d
fffff15d
ffffe6f4
fffff616
00002f5b
000008ae
000002d1
fffffa1d
fffff99b
00000177
ffffef21
00002219
000009ff
000010de
00001400
0000066b
00000953
00000b5c
000015a8
00000900
fffffa87
ffffeff5
00000efb
00000f65
ffffe1e5
00000a07
00001131
000010fe
000009c6
00001e12
ffffea32
ffffd800
0000071c
000019b9
00000174
00000f99
00000250
ffffe18c
ffffd1e6
fffff435
fffff4be
000006c4
00000205
000001e2
fffff80e
ffffd940
fffffab6
ffffe3a2
00000928
fffff0b0
00000f86
0000068c
fffff3f9
fffffcaf
00000878
0000056a
00001049
fffff925
fffff8d2
ffffe12a
000000ea
0000111a
0000103e
fffff9f8
ffffeb44
fffffa48
ffffe011
0000011d
000005b4
fffff70d
00002e7e
fffffdb2
0000055b
00000b67
00000d93
0000139e
ffffeb0d
fffffab6
00000b34
fffff0da
ffffba4d
00002604
fffff616
00000793
000017a3
fffffa4e
0000215c
fffff7e2
00001d4f
000018e7
0000077c
ffffe064
00000941
fffff43d
fffff1e3
fffffc36
00000b9f
00000eac
00000aa9
fffff4b0
ffffe262
00000599
fffff780
ffffff2d
ffffdbde
ffffe151
000014db
00002680
00001daa
000019e9
000001de
ffffe263
fffffa92
ffffff73
00001faf
00002d64
ffffe59b
0000171a
ffffd135
0000060c
ffffe8dc
000018cf
00001130
ffffeffd
00000cf7
00000d9a
00000440
00000e70
ffffe08e
fffffcdb
000024c2
ffffe6c4
fffffec1
fffff4a1
00002874
00001340
00002d7b
00001227
fffff285
fffff31c
00001536
00002392
ffffec96
fffff08f
fffff224
0000156b
fffffc2c
00000413
ffffd02c
000019b7
00002b42
ffffdd4e
00001dad
0000119e
fffff267
0000171f
000001a4
00000ec4
00001434
000001fb
fffffb84
00000347
fffff20b
00001e92
00002566
000014e6
fffff921
ffffe7ce
0000209a
00000fab
000004bf
fffffcc4
fffff5e1
0000136c
00001cb6
0000060a
ffffe039
000007b1
00000063
fffff57a
000011ea
ffffebfe
000002c5
00001b94
ffffdd5b
00002d4b
00001008
00001306
00000739
00000daf
00002456
000002e8
fffffdca
000010d8
ffffde1c
00000aa1
ffffe34f
fffffd50
fffff4ac
00000007
fffff9a5
00001235
000014ad
fffff762
ffffeed8
0000034a
000007ef
00000a2e
00001e15
000003f7
000006e5
fffff735
fffff0e4
00000398
ffffeca2
fffff67a
fffffea9
00000c2d
00002bd4
ffffdf2d
ffffcd15
fffff875
fffff13d
00000b59
ffffef60
00001891
ffffeff2
0000076a
fffffe86
00000806
00001477
00001213
fffffb42
00000e07
ffffe03d
fffff390
ffffed53
fffffb40
000009db
000008c4
fffffb1d
ffffec64
0000152e
0000054f
00001185
ffffeee4
00000d99
fffff5de
ffffe014
ffffe20d
ffffdd39
ffffe86a
ffffe163
0000114b
00000c12
ffffd6a3
00000e26
00000f74
00000114
fffffa56
fffffb38
fffff420
ffffe17c
ffffe27f
00003588
000011a5
00000504
00000c09
fffff882
ffffcf38
ffffef2a
fffffbeb
000001de
fffff469
00001341
fffff178
fffffc99
fffffe10
ffffed3e
ffffed43
ffffc95e
fffffc4b
000007f1
000006b2
000018a9
000013ad
00000ca7
00002027
000001cc
ffffefbc
000016b6
fffff9c3
fffff5fc
fffff1c5
ffffe5d8
000013d7
000016f4
0000185a
fffff4b2
00001378
ffffe473
00000ae7
00001022
fffff4c4
000008da
00000141
0000022a
fffffd45
fffffe17
000017b3
ffffeea8
000010b1
000006cc
000005d6
00000986
00000fa9
ffffebaa
ffffde37
fffff9da
fffffd47
fffffbe6
fffffc38
fffff4db
00000525
fffff5cd
ffffff3a
00002501
00002cc8
00000480
0000131e
fffffc9a
ffffee3e
00001517
ffffeb26
fffff760
00001d56
000001c1
fffffab5
000008af
fffffd3d
fffff520
00000d82
fffff73f
00000a31
ffffed12
fffff996
fffffd18
0000099b
000005f1
00001459
fffff777
000012c7
ffffecfa
0000050f
ffffdf5c
fffff93d
00000989
000008e8
00000c9a
00000de8
ffffe671
00002749
ffffd2b0
00000e0c
00001910
00001903
ffffef19
00000a8f
fffff394
00000340
00001f53
ffffe53c
00001c01
fffffd01
000018b9
fffff716
0000021c
00001c91
ffffe7cf
00000d1a
00001002
00002a28
fffffa9a
ffffe6a2
0000171c
ffffeade
000028d0
ffffd816
fffff4ba
fffff965
fffffb78
fffff007
ffffff58
fffffce0
fffffb87
0000056c
ffffe222
ffffeb26
0000055d
fffff6c7
000008e8
fffffcd0
00000073
000016a4
fffff6f6
ffffea94
00000b0e
00000d70
ffffeee7
0000036f
ffffeb9b
fffffd79
ffffdc72
ffffe26e
fffffb61
0000232a
fffffc3c
000019c4
ffffeebb
00001b9a
ffffee49
fffff67b
fffff132
ffffef4c
000000f9
000000cc
00000b6f
00000f9f
00000188
fffff0a2
ffffe4df
ffffea31
ffffe5ba
ffffef46
ffffefd6
000010bc
ffffdad5
00001066
ffffdd23
ffffe461
ffffffd1
0000143f
00000e6b
fffffa84
ffffecd9
fffffbcc
ffffede3
ffffe751
00000a04
00000ce4
00000f81
fffff54b
fffffd14
fffff563
00000638
ffffece0
fffff6c1
ffffe5e5
00001147
00000f9e
ffffff01
00000cce
00001443
00003442
00000b9b
ffffffd9
fffff303
fffff714
ffffeb39
fffff559
00000a8d
00000a94
ffffd7b8
fffffc48
ffffe8fa
ffffe5cc
fffff60b
ffffe9fc
fffffdcc
ffffebfb
fffff0a1
0000029b
fffff9dd
fffff97e
ffffa032
ffffeada
00000c12
00001071
00001f2d
ffffffea
fffff545
000011a4
00001e4d
fffff8c2
fffffacd
fffffb3d
ffffea0d
ffffe2f2
fffff345
ffffe8e5
ffffe60d
fffffd96
00000e45
00000c43
00000c83
fffff5aa
fffff97e
fffffc1d
ffffe02f
0000082c
0000230f
000022f3
000002c2
00000332
fffff1cb
00000919
fffffb0a
0000042c
000005e9
00000665
00002083
000002fd
00000bc4
00000657
ffffeef6
00000760
fffff6e4
0000176d
000001bb
fffff6b1
fffffb94
fffffe61
ffffff67
000007ae
ffffea06
ffffffb6
00001a9c
fffff2fa
00000d62
000023c6
fffff82f
00000397
ffffeca2
0000022d
ffffd07d
00001be6
00000b9a
fffff5fd
fffffa8f
fffffb4c
ffffed39
fffff370
ffffe7a0
fffff176
ffffce8f
ffffe654
00001039
00001a4e
ffffee06
ffffee49
0000059f
00001c71
fffff158
00000c9e
000000a3
000019e7
fffff896
ffffefb4
0000095c
00000e91
fffff997
fffff67b
00000050
ffffe8ec
ffffee71
0000129d
000002b4
fffffa95
00001678
fffffe1a
00000be7
00001c3a
0000036e
000001ed
ffffe9b7
fffffceb
fffff4d8
fffffc50
fffff533
ffffe911
00000442
ffffef95
fffffd2d
fffff1e2
ffffe528
000005ba
0000146d
ffffec4a
fffffeaf
fffffaed
ffffe8ba
00000b41
0000171b
000014ea
fffff3e2
ffffeafc
ffffe906
ffffebad
fffff84c
fffff0e3
fffff692
00000133
fffffac0
fffff6f7
ffffed95
000014f1
00001650
00000f74
fffff082
fffffa4b
fffffa6f
fffff43e
00000068
00000a27
fffff1cf
000001be
00002165
00000171
000005dc
ffffd059
000003af
fffff904
ffffd4b6
0000142a
fffff20b
ffffea11
ffffff4e
ffffe3f5
fffff4e5
fffff3f6
ffffdfb1
ffffe672
ffffec70
fffff19d
fffff1a4
00000795
000013d6
fffff382
00000275
000008e3
fffffa1a
0000057b
ffffe986
ffffd7c5
00000de6
00000eb0
fffffcde
0000097a
000007f6
ffffee44
0000059b
ffffe882
ffffee2e
fffffb0d
fffffc8b
fffff0fe
0000016b
000014db
00001bf5
fffff908
0000032e
fffffa25
00001abc
fffff284
000014b6
ffffff64
00000ba7
00000365
0000181f
00000c3f
ffffffa8
fffffc25
000012b0
00000006
00001441
00001a92
00000ab3
00002b77
fffffdb8
00001d4a
ffffe9e0
00000e44
ffffec0a
000002d6
00001196
fffff465
0000042f
ffffe38c
fffffdff
0000062e
000002d4
000008d6
fffffc5d
fffff66c
0000068a
fffffc52
00001028
fffffa1b
ffffd589
fffff505
0000098f
fffffe34
00000e4e
fffff92b
000000c5
ffffeca1
0000042b
ffffeefe
000009bd
ffffed0f
00001c9a
00001c70
ffffe161
ffffe9f4
0000046a
fffffe79
ffffef96
0000096b
fffff24e
000001a5
fffffc62
fffff872
fffff457
00000ecb
00000241
ffffe51f
00000246
fffff9c9
0000122b
fffffc53
0000023f
fffffb22
00001738
fffff363
ffffe81e
fffffd39
00000149
00000cdd
0000120b
00002aa5
fffffb4f
00001e52
ffffedd5
00001af8
000008e8
ffffe5c8
fffff172
00000efd
fffff24e
fffff6f0
ffffe960
000002d1
00000ce1
fffff334
00000773
00000e77
00001346
00000edb
fffff4c9
ffffe13d
ffffeab5
0000051b
ffffe10e
fffff217
000002be
fffff367
00000c79
fffffbb5
00000ebe
fffff6c9
fffff3bd
fffff1d2
ffffe96c
00001bff
00000a0d
00001b47
00001716
fffffc80
fffff4e3
000016ea
ffffe27c
fffffa20
fffffe02
00000337
ffffecbd
fffffec2
fffff99d
fffff68e
0000050a
ffffed8f
00000ae3
000024ad
000012f9
00000ded
ffffff3d
00001ffd
00000b65
fffffbda
00002316
ffffec9a
000016af
00000997
00000921
00001157
00000410
00001610
00002865
fffff73e
fffff9a0
fffffef1
0000115f
00001ef4
000002e0
ffffdd0e
00000bad
00000126
fffff0d1
ffffe645
00000697
ffffe851
000017c7
00001b16
00000b5f
ffffe979
ffffedae
00000405
ffffef7b
0000141a
00000961
ffffffe2
00000a0c
000011db
000015e0
fffffa71
00001283
fffff4e0
fffff3a8
fffff0a3
000000e6
ffffe695
00001193
fffff888
ffffe6ba
ffffdbe0
fffff89e
ffffeaa3
00000305
fffff176
ffffea04
00002351
fffffea4
ffffd9a8
00000c81
ffffe39a
ffffffbc
fffffde8
fffff131
ffffe427
00000e6b
0000027e
0000001a
00000322
00000b8b
ffffeae4
ffffef10
000002ab
ffffe640
00001f54
fffff56e
0000059e
0000090c
ffffe9d2
00002590
fffff7f8
fffff46c
fffffc6a
00001362
00000d3c
fffffa38
fffffdff
ffffe7f7
00000a09
fffff88a
00002775
ffffe20f
00001ddb
ffffe19f
00000994
0000062a
ffffe389
0000003b
0000042d
ffffebd3
ffffde16
ffffe7e8
00000e61
fffff6a5
000011e9
00000c6a
00003c59
000024d1
ffffe629
ffffe611
fffffe24
ffffee1a
00001b41
ffffebd6
fffff222
0000117f
000001de
00000e4b
fffff8a5
00002358
ffffea3a
00000252
000000ed
000017bf
fffff49a
000007a0
fffff4ab
ffffffb8
00001cc2
00002115
ffffed68
ffffec6e
ffffff3b
00000cc5
fffff910
0000112f
00000ed3
ffffef6a
00000401
00000c5e
0000198f
fffffad2
00000ca4
000000a4
00000e16
00000d08
000023bc
fffffad5
0000112a
fffff0a7
00000fc4
0000015b
0000252b
fffffff2
00001867
0000211a
000013e9
fffffa05
00000910
fffff50f
00000394
ffffe66b
ffffe6e3
00000575
0000029e
fffff7bd
00001280
00000829
ffffe908
fffff980
00000200
00001dfa
0000207d
0000028a
000004e4
ffffe75d
fffffe0e
ffffe21c
ffffee22
ffffe7ba
fffffcc1
fffff71a
fffff5d0
00000674
000020cc
fffff993
00001cbf
00001453
0000179e
ffffdd1c
fffffd1e
000002d9
fffff98e
0000015a
fffff89a
000003fb
fffff6b8
000013e1
00001325
000002f9
000013ba
ffffebca
00000cf1
ffffde3a
ffffdaf3
0000104b
000000e8
000008bd
fffff447
00001236
00000374
fffffcd8
00002d9d
00000b84
00000039
ffffea39
ffffefbe
00000167
fffffae7
000014cc
0000223a
00001114
fffffed7
ffffe72d
ffffe8f8
fffff9c9
0000071c
ffffd1de
00000c3f
fffffc6d
ffffd2b5
0000119b
000004a7
00001467
000001c5
00001475
00000fcd
00000dbf
000000f4
fffff760
fffff338
fffff963
ffffe900
ffffe334
fffff362
fffffd41
00000953
fffff097
fffffb36
00000ac0
ffffeefb
fffff6a0
ffffe82b
ffffedca
00000b36
ffffe66b
fffff79d
00002969
fffff360
00001a82
fffff16a
ffffe314
00001171
00001241
00001896
ffffddff
0000030d
fffffbed
00000a0a
0000244b
fffffaa7
0000151d
0000054c
00001794
ffffda7d
00000eff
fffff872
fffffd22
0000249a
00001b59
fffffe8b
000005a3
00000144
fffffe35
fffff046
fffff575
ffffe86f
000008ac
00000ef2
fffffab7
ffffd8df
00000571
fffff907
fffffdd9
ffffe4ea
ffffe8e7
ffffc031
fffff977
00000872
ffffdd43
00000a0e
ffffd6a5
ffffeaf5
fffffdaf
0000165b
0000156f
00000468
00001e6c
fffff904
ffffe9ef
0000012b
ffffe96a
00002aea
000002af
ffffefaa
fffff326
00000670
00000638
00002291
000001e2
0000127b
fffff069
ffffff13
ffffde81
fffffb29
fffffa08
0000107b
fffff44e
ffffdc8c
fffff69b
fffff324
ffffdef3
000020f1
000006e3
fffff3d3
00000259
000004c4
fffff275
ffffff3e
00000f49
ffffed52
00001333
fffff0a8
00000ec7
00000d35
ffffeb77
00001849
0000146d
000026e4
fffff652
fffffa80
00001113
fffffc05
000033bc
ffffea48
ffffff65
ffffff70
00000ff2
ffffea8e
fffffc61
fffff4c1
000005fe
ffffc487
fffff2ec
fffffe22
fffffa62
000034b8
00001140
ffffef45
ffffffc7
00000735
000005a1
000021aa
ffffffe2
0000119b
fffff11c
000017e6
ffffef37
0000140a
fffff778
fffff3b4
000001c6
ffffdcff
fffffddc
000010c6
00000738
00000ad5
00000076
fffffeb4
00001d7f
fffff1ba
000004f7
00001a5e
ffffe767
fffff0a1
fffff5d1
00000c88
000002fa
fffffb11
fffffe8d
ffffecf3
00001287
00001561
fffff257
ffffe849
fffff9fe
fffff873
00000e3c
fffffe9c
ffffd9d8
00000c34
fffff640
0000191e
fffff5d0
fffff716
ffffec9b
000010f9
000005fb
ffffe4f8
fffff355
000009c5
ffffede7
ffffff10
00000167
fffff935
fffff3c8
00000cbb
000017c5
fffffa92
ffffff92
ffffe6d6
00000c30
0000148d
0000141d
fffff619
00001516
fffffea1
ffffe6b4
fffff63a
00002198
fffffd7d
fffff492
0000093f
fffff4f3
0000012a
fffffd55
00001cb5
ffffe4d6
00002a65
0000079f
fffffd65
fffff005
fffff90b
fffff7e1
fffffdf2
00002b13
fffffe5b
00001668
ffffda1f
00001b06
00000b1d
000011e0
00000e68
000021a0
ffffebba
0000071f
fffff3fb
ffffe91f
ffffefcd
ffffd6fb
fffff0b2
fffffb0f
0000119c
00000a11
fffff116
00000996
000000fc
fffff7d0
00000308
fffffbae
0000061d
ffffe8c4
00000aa0
ffffe05f
fffffcd7
fffffd18
ffffec15
ffffed97
000007bb
0000125a
fffff0c5
00001446
00000278
fffffd27
00000bfe
00000bab
ffffff90
fffffc79
0000005c
0000130e
000008b0
00000702
ffffe886
000001ea
ffffea71
00000a5c
ffffec22
fffffe2f
ffffef91
fffffd5d
fffffe95
ffffe52c
000004fa
00000050
00000d79
fffffc34
ffffede4
ffffdde9
000002ff
fffff61e
fffff6cd
00000110
000002da
fffffca9
00000c63
fffff63c
fffff7a5
000000f3
ffffead3
fffff9b8
00000e12
00000527
0000049b
fffffeab
0000014b
0000062a
00000680
fffff412
00000cb2
000002f1
fffff33f
00000c10
ffffeea1
00000824
ffffe9f0
fffffbc2
fffff7c5
00000305
ffffe3ee
00000c16
ffffebb2
000006c0
fffff541
00000c37
fffffc7f
00000edb
0000071d
fffffc22
0000040a
00000644
00000500
000011db
00000303
fffffb16
00000014
fffffd9d
000008f3
00000bd1
fffff9e4
00000a3f
0000099f
ffffed76
fffff752
fffffa66
fffffa69
000006f5
00000996
ffffef41
000006af
fffff83a
00000bc2
fffff898
fffffd9f
fffffa71
00000950
fffff55a
ffffec97
fffff821
ffffeb8a
0000032c
fffff763
00000e17
00001a7d
00001698
ffffec85
ffffe736
fffffb08
fffffc10
000006a5
0000073e
00000b39
fffffbca
fffff174
fffff5a1
fffffcae
fffff2a8
fffffb62
ffffe539
ffffe818
fffff79c
fffff0a2
000014ad
fffffbf8
fffff516
00000045
000016c6
fffff09a
fffff648
000005c9
fffff972
00000158
000015a4
fffffe3b
ffffeed5
ffffe896
000014fd
000007ac
00000641
fffffe6d
00000071
00000949
00000517
00000811
00000b4b
00000368
ffffff7b
fffffd30
000007f7
000001a5
ffffeaec
fffff49f
fffff741
fffff000
fffff875
000002e1
fffff8e1
0000023f
00000318
000003b0
fffff5a9
fffffb05
fffff464
fffff50a
ffffee3a
ffffe787
fffffbe0
0000165e
fffffe74
fffff18d
fffff540
fffffee5
fffff545
fffff5b3
fffff4a3
fffffaa3
0000017f
ffffffb9
00001056
fffff1da
fffffbb3
fffff9c8
ffffffe7
ffffeeb0
00000658
ffffffab
fffff2d3
fffff97d
fffffe58
00000a50
00000548
fffff4ea
fffff46f
00000acf
fffff03e
00000107
000003dc
00000c1f
00000158
ffffed03
0000044b
ffffed7e
fffffa9a
fffffc60
00000dcb
fffff0f8
ffffddc4
0000082e
fffffce7
ffffeafa
ffffefcb
000007f8
fffff772
00000e41
fffffbd8
ffffff7a
fffffe34
ffffd7f9
fffffc76
ffffbeec
00001bfc
00002fa4
ffffce1f
ffffbdb9
0000129e
000004c8
00000ed7
ffffd87f
0000051e
ffffe66e
ffffeabe
fffff169
0000290c
000023a6
00000bd2
000001c3
fffff65d
00000083
ffffdef2
000028e3
ffffface
ffffff13
fffffd10
ffffc9ff
00000507
fffffe6e
ffffe837
ffffe217
fffffccc
ffffdf35
ffffc578
000016a1
00000885
ffffd650
000008f4
ffffe348
0000098a
00004029
ffffef09
00000147
ffffca9e
fffffa40
fffff9b9
fffff94c
00001272
00000d90
00000cc4
ffffe9a0
0000140e
fffff323
00001912
ffffee8f
00000e76
ffffee2d
00000e49
00001e1c
00001ebf
ffffe39e
fffffcec
fffff620
fffffc64
ffffe953
000005a8
00000422
000000d5
0000011b
ffffd95a
000008b2
fffff471
fffff6cd
00001d8f
fffff2d8
00002662
ffffe3af
00000583
0000064e
0000038f
000005e0
0000217f
ffffefad
000007c4
ffffd2a8
ffffea62
0000123d
ffffdda0
00001375
00000625
00001664
00000bb7
0000034c
00002283
ffffe6f8
ffffd825
fffff9c0
0000326a
00001324
00000b58
0000172a
fffff088
00002d0d
000012a6
00001ad3
ffffc5ba
fffffcd8
000017e4
00000d0e
fffffedd
ffffec8a
ffffef63
000015d3
ffffee99
ffffec5c
00002cc3
ffffe0f3
ffffef91
00000c12
fffff671
ffffeeca
fffffe3b
fffff48e
ffffd7be
000008d9
00003006
ffffea18
000013b7
ffffe42a
00000722
fffffcd6
00000a6c
fffffc01
ffffefff
fffff5bc
fffffeef
fffff180
fffff906
0000013f
ffffe9d9
00000040
fffffc13
00000ec9
ffffec0e
ffffd55e
fffff89b
fffff096
ffffe99d
ffffe212
fffff941
0000128e
ffffcc94
00001c14
ffffffd9
00000554
0000150e
ffffee12
ffffdf3e
fffff6a6
00000fa1
ffffe2a8
fffffcaa
000017c9
00000251
fffff57c
00001c3d
00000b1d
000004b4
fffff701
00001cda
00003a67
ffffd363
000015e2
0000041a
fffff92b
ffffec2b
ffffe3cd
fffffd94
fffff53b
00003731
00000702
ffffeec9
ffffde3e
ffffef40
00002fc6
ffffe8bb
ffffff51
fffff43f
00000219
0000109b
00000b2b
fffff565
ffffec88
00000753
fffff599
000017ac
000014cb
fffff8a7
00000738
00001ada
ffffe8d0
00001a5c
ffffde08
fffffd93
00003b66
00000cca
fffffb20
00002986
00001eed
000010f3
00000b13
00000d2d
fffff300
ffffcd31
fffffda0
00002663
ffffea97
000007a7
00001a74
00002b09
000012c0
fffff5a0
00000654
000004c3
ffffee3c
fffffee2
ffffc7a3
00001c0d
ffffd766
ffffec3c
000012ec
fffffb30
ffffe5ea
fffffe64
fffffcf0
00000f68
00000ba3
00003467
000003ef
00001097
ffffd9b9
ffffd951
0000066e
0000047c
fffff6dd
fffff3ed
00001fb2
ffffffd0
fffff8ff
fffff7e8
ffffff31
00001999
fffff327
fffffb23
000016d7
ffffe0f6
00000fe9
00001e46
ffffef7e
ffffed5a
ffffebf8
00000e78
00000236
ffffebfa
00000be3
fffff914
00000fec
fffffc34
fffff989
00001772
fffffa11
00000863
00001033
fffff02e
00000e6b
00000174
00000544
000000fc
000027f4
00000133
000000bc
00000616
fffff864
fffffed8
ffffe948
00002ae2
fffffb0b
00001f21
0000092f
00000c01
fffffb64
00000fd1
fffffa32
00000c5f
0000024b
ffffd316
00000224
00001f50
0000102b
fffff78b
fffffa82
000000da
ffffe68b
ffffe8ff
00001026
00003a0a
ffffdef3
fffff57d
0000114a
000011fc
fffffa0f
00000035
0000010e
0000005f
ffffeaae
ffffd58c
ffffff96
ffffe8d2
000015ac
ffffe90e
ffffec51
fffff827
fffff2be
00000e1c
fffffa0c
000001e2
0000188b
ffffedde
000000ae
ffffffe1
00000dbf
00001a7a
0000003d
fffff7c9
000010fd
00001351
fffffe15
000011b9
fffff2c9
fffff823
00001440
000040f6
fffffc24
ffffc3cd
ffffef6c
fffffb63
000017fc
fffff83c
ffffdff3
ffffea6d
00001680
fffffe5d
0000139d
000006bd
000007fe
00000617
fffffd2d
00000c66
0000023e
000012e0
fffffe7c
000001b3
fffffc88
00000907
00000252
00001cb6
fffffe66
fffff8d2
000006b4
00000ece
00000eed
fffffef1
fffff2ea
000003f0
fffff04e
0000174a
0000247a
000014f3
fffff4b5
fffffdbf
fffff6cc
0000075c
00000d91
000006b2
ffffec29
ffffc300
fffffea6
00000af8
ffffec53
fffff48b
00000449
00002b7d
fffffea4
00000e98
00002088
000012ce
fffff4a9
ffffff02
00001830
0000012f
00003115
00002a31
ffffdd3a
00001582
00000b57
ffffe2b8
fffffe3a
ffffde74
000005c8
ffffdda5
00000634
ffffe411
fffffa23
00000106
00000440
ffffdf4f
000004eb
0000037d
00000863
0000016e
00000013
fffffe26
000018eb
ffffd9c9
0000079d
fffff753
fffffae9
fffffaa8
00000880
ffffe8eb
fffff9a7
fffff00f
fffffe4b
00002c6d
000023bb
000004c3
0000131a
ffffe82b
000008be
fffffc82
00000e93
ffffec46
00000c56
fffffed5
fffffaf3
000025f4
ffffe5af
000002ae
fffff2bb
00000b97
0000032b
00002313
fffff753
fffff3f0
ffffe4ad
fffffc04
ffffc77a
00000d66
000000ca
0000083d
000017db
0000007c
00001760
fffffc33
00000c99
0000050f
ffffe217
0000064f
ffffd2b1
00001af1
00000f64
ffffff69
00000450
000016cb
ffffe682
000004ae
00000886
fffff68a
00001c61
fffff96f
fffff6b3
000003ae
00000c2a
ffffdb65
00001ccb
fffff8fd
ffffe472
ffffdbeb
fffff881
fffff2af
0000037d
fffff885
ffffedc9
ffffffe9
ffffcb6d
0000063e
fffff03f
0000031b
0000115f
fffffb40
000003ae
ffffc90a
000014b2
fffff261
ffffe9f7
00002819
00000b2a
fffffdaf
ffffe0b3
0000097b
ffffcd19
000003b3
fffff00f
000003ea
ffffe12a
00000182
fffffef8
0000198f
ffffe9db
00002471
fffff328
fffffe8f
0000004a
fffff2c7
ffffd9bc
fffff888
ffffefcb
fffffcab
ffffed63
0000135a
00000a01
000009e5
fffffac3
000016f0
ffffdefd
ffffff47
00001ef5
000005be
00000932
00001619
ffffe42d
ffffcd33
00000207
fffff0d2
00000630
ffffe4d3
fffff6f1
000012a4
fffff09e
00001614
fffffcb8
ffffe683
0000013c
ffffee6d
fffffd94
000017b7
ffffe856
ffffe6a5
00000716
ffffc599
ffffe3be
00000e85
ffffebf6
fffffc10
00001501
00000d55
ffffeec7
ffffd399
ffffe983
fffff2a1
00000767
00001a3e
ffffe3e7
00001ec4
ffffefb8
ffffeccd
00001ce5
000013a6
ffffd8ef
0000191b
000013e8
fffffb85
ffffe2cb
fffffd7c
fffffe61
00000c90
000020e4
fffff0c4
00000466
00000454
00000ccd
00000f95
fffff132
ffffe913
00000b81
00001171
ffffde99
ffffec1e
fffffecd
000008bb
fffffbdf
ffffed86
0000009b
fffff459
00000030
fffff95e
ffffe8b8
00001f0e
fffff297
0000060b
fffff9f4
fffffb3e
ffffd719
00001d25
fffff749
00001a33
ffffe742
000023b9
00000265
ffffd86c
ffffee2a
0000121b
fffffef4
00000428
00000bbb
0000025b
fffffc59
fffffb45
ffffdedf
ffffea29
ffffe2fc
ffffe65f
fffff88f
fffffa22
ffffe899
00000810
fffffea1
ffffeef0
000007b5
000015e9
fffff591
fffff342
ffffff23
000008ef
0000281c
000023d7
fffff4c6
ffffd624
000008df
ffffe6c3
fffffe34
ffffef73
00000ae7
ffffebcc
fffff12a
fffff504
ffffe732
000006be
ffffe565
ffffde07
000024c7
00000a90
00000080
fffff7d2
fffffc7a
ffffe3cc
00001489
000010be
000010a0
00000652
ffffe89a
ffffe69d
00001077
00000442
ffffe802
00000958
00001083
ffffd8ec
fffff2ad
fffff8c6
fffffbab
fffff21a
00000d0f
fffff848
0000019e
00000200
ffffd3bf
00001694
ffffe4d1
000012fb
00000eff
ffffe7aa
000008e3
000023d3
00000233
00000a28
00001621
00001734
00000c45
ffffdf8a
0000064a
fffffd2a
fffff16f
fffff567
fffff915
00002186
0000057d
000009da
00002f05
fffff0a3
fffff8f8
fffff492
00001070
ffffeda4
fffff2a0
00000639
0000046c
ffffe988
00001142
ffffffdd
fffff062
00000464
ffffea58
000002cd
fffff6d9
000004ce
00001ce2
fffffdea
fffffbbd
ffffda78
00000dd1
fffffba6
00000591
fffffe28
000004c8
ffffc95a
ffffe6a9
fffff9da
ffffe6df
00000e9e
00001299
ffffe162
000004f2
00000637
fffff167
0000153d
fffff5ca
00001bc0
00000e71
00001a99
000012c6
00001418
ffffda8d
ffffdff1
ffffe3c6
fffffe17
fffff3cf
000017bf
ffffde70
00000de3
00001aaa
fffffe60
00000f57
00001dfc
0000170c
000039e6
ffffe1d8
00002d88
fffff81d
ffffe7c0
00000198
ffffe21d
fffff4a3
00002357
fffff384
00000fd5
ffffef2a
ffffd449
00000918
fffff04e
ffffec0f
ffffe603
ffffede1
fffff7b9
fffff352
fffff253
ffffe9eb
fffff78d
ffffef39
000005c8
0000008e
fffffc7f
ffffed89
ffffec68
ffffe6e3
fffff465
00001aa8
00001f79
00001e6b
00001fcd
00000685
00000e3c
00000e5b
ffffed4d
000037ba
000007ab
00001825
fffff4c4
fffff194
00002315
ffffe10a
00001b82
00000010
ffffa2b1
000038f2
fffffe80
ffffe23d
00000910
ffffee99
ffffcceb
00000f8e
ffffdfe8
ffffeacb
ffffc84b
00001205
0000082c
0000017b
00000f86
fffff920
00000077
00001fd3
ffff8327
fffff450
ffffffdc
ffffed38
fffff225
000012dc
fffffdec
ffffd6bc
00001966
fffff670
0000220f
fffffe7c
000034da
0000475b
000023e2
fffffe9e
fffffbf6
ffffcf5c
fffff211
00001aa5
00000d5c
00000865
fffff16e
000016be
ffffdc2a
00001655
00002866
000012bd
00000c7a
fffffa38
fffff1ca
00000363
ffffb3a6
ffffd411
fffff884
00000daa
fffffba4
fffff94f
0000057e
fffffdee
00000a60
00000ce6
fffff62c
fffff6ed
ffffd87a
ffffca38
00000d27
00001f52
fffff2e8
000025ef
ffffef59
fffff9a3
ffffe2d4
fffffa4b
fffff578
00000168
fffffd3a
00003866
0000326d
00000ac2
ffff78ba
000013d3
00000714
000017b2
ffffc00e
000003c7
ffffcf0d
ffffe468
ffffef5d
ffffe294
ffffdac9
0000110b
fffffb05
ffffc14f
ffffe6c6
000018ca
00000390
ffffde3a
ffff9fb4
00001ace
0000311d
ffffc1ce
000015b3
00000e17
00000ccb
ffffdacd
ffffff57
fffff3fe
ffffb996
000020f2
ffffcb99
ffffec3f
ffffd9cf
fffff195
ffffe2a2
ffffff2c
00000441
00003609
00002631
ffffe27f
000001b6
00000e44
fffff1cf
ffffd611
000011c8
000004f7
ffffe98f
ffffdb2b
fffffad6
0000034c
000005f8
00003715
ffffce4e
000010a6
ffffed4f
00000dd5
00002372
000011f4
ffffe6c6
ffffddb3
ffffc891
000026e5
ffffbf75
fffff555
000012e7
0000158d
00000144
fffff2bf
0000018c
00000b61
ffffd812
ffffedc9
ffffce38
fffff760
00001976
00003659
000000db
fffff1f1
00000707
00000755
ffffd953
ffffdde4
ffffbb0e
fffffae3
000012f4
00000804
0000067f
ffffe830
000053d4
ffffe66a
00000ad4
ffffef54
0000081a
00002018
00000f19
00001b8d
00002001
ffffdc20
fffffafc
00000a9c
fffff008
00002c40
00000d18
000000e8
ffffcdd3
0000149f
000008da
fffffd91
000000ce
ffffe18d
ffffae29
000004cb
000004e3
ffffe2b9
00000979
fffff620
000002e7
fffff381
ffffba46
fffff1ec
fffff206
ffffe634
fffffc91
ffffcf71
000032cc
fffffdf9
fffffe56
ffffe577
00000694
fffffa93
000003de
000017c8
ffffe053
fffff212
fffff798
ffffebd5
00001e86
00001475
fffffae3
0000003f
00002440
00000e7f
fffff218
00001275
00000942
000003a8
fffffd04
fffffa3b
fffff31d
fffff96d
fffff21a
00001eaa
ffffe262
ffffeab6
ffffe213
ffffe740
fffff0f5
ffffdab0
ffffe30b
00000be4
00001a95
00000455
ffffc45a
ffffe4f3
fffff9d2
ffffe73c
00000438
ffffc916
000006c7
00000e58
0000065f
000015c4
fffff2e4
0000145e
00002a48
fffff6a4
0000032b
0000123b
fffffa40
000015ca
00000358
000015e5
0000061a
00000b16
00004251
ffffe51f
fffff304
00000a71
0000171e
ffffe0d7
00000235
ffffe66a
00000db0
00001114
fffff9a3
00001035
ffffe532
0000535d
0000113a
00001aaa
00000bbf
ffffe7e5
000006b7
ffffeef9
fffff2b6
ffffeec1
fffff0ec
00000e01
00001922
ffffd084
00001505
00000899
ffffffb8
ffffebe0
000001d1
fffffa5b
ffffe4e6
00002232
ffffedf6
fffff026
000011e8
000001f0
ffffee26
0000147c
00001514
ffffe10e
00002067
000013ff
ffffee97
00001129
000016f2
ffffd079
000000aa
ffffee6f
00001bd7
ffffeca0
00000c8f
ffffe57c
fffff49e
ffffd0bb
fffff14b
000012c6
fffff883
ffffd7f7
000016f0
fffff6dc
fffffa46
00000b3d
0000162d
ffffe445
fffff089
fffffe9f
ffffc808
fffff28e
ffffe763
00000832
00000621
fffff5f9
00001588
ffffecf5
00000e2c
ffffe8e1
00000f83
00002531
00000b97
0000064d
fffffb13
ffffd136
ffffdd62
fffff870
fffff487
00000638
00000630
ffffbf69
ffffe559
000012c3
ffffe0de
fffffc57
ffffe9f5
ffffdffb
ffffef8f
000006fb
0000071f
fffff4eb
ffffec41
00002148
00001f77
ffffc18f
ffffedd8
fffff149
000000de
00002cba
fffff6d0
00000b7c
0000008b
ffffe4af
0000354e
fffff6b1
0000201a
00001fe2
00001b88
ffffd67b
ffffda1c
00002e32
fffff36c
00000b82
000007a5
00000d87
fffff82e
ffffce0d
000002c5
ffffd5dd
000001c8
fffff6dc
ffffe986
ffffea53
00001be2
ffffc5ec
ffffe733
fffff831
0000044d
000003e8
000006e3
000007f7
fffff501
00000b26
0000045c
fffff127
000035d3
ffffdc50
0000030e
00000d24
00000abb
00000594
0000005f
ffffea0f
ffffd86d
fffff4ff
fffffb25
ffffe156
ffffd388
ffffeb46
fffff1da
fffff06a
00000a0a
fffff5f1
ffffe6c8
00000692
ffffc549
000017b9
fffff868
fffff0c2
00003313
000003a9
00000d7a
000016fc
ffffdf67
ffffe95d
000003da
fffff238
ffffea84
00000632
000010cf
fffff86f
fffff1db
ffffde62
ffffd210
ffffe0a4
00000ef7
fffff5d4
fffff6ef
ffffe3a7
fffff706
00001964
0000215d
fffff99a
000004b7
00000153
ffffe3a9
ffffd584
fffff13d
00000ccb
fffffac8
000005d1
fffffd24
fffff4db
00001e97
000009c1
ffffc6dc
00000cce
fffffcfd
000007b8
fffff5e7
fffffbe2
ffffe141
fffff965
00000509
00001243
00000327
ffffd679
0000032c
000007d7
0000352b
fffffc42
ffffe8ea
ffffef4d
fffff1cc
ffffdbaf
ffffea17
000005c6
ffffec76
ffffe4b9
ffffe3ed
fffffe94
00000956
fffffabf
fffffca5
fffff551
00001a0d
ffffeae6
00000617
ffffed17
00000151
000023aa
0000168c
fffff216
fffff481
ffffff0b
fffffb81
fffffe3c
00001acc
fffff967
00000b85
000008c3
ffffe78f
fffff2ce
00001637
ffffdf0e
ffffd5cf
ffffd967
ffffe6ab
fffff5b1
0000003f
00001d28
fffff181
0000011b
fffff093
0000054d
fffff914
fffff521
fffffd09
ffffe783
ffffd9cc
000013a0
fffff854
fffff46d
fffff6b0
00002061
fffff5cd
00001735
000001c1
0000071f
00000552
0000055e
00001d4b
fffff2dc
ffffebbb
0000080c
00000ee2
ffffec69
ffffe12b
fffffe37
fffff8ce
fffff20c
ffffc4dd
000003c0
00000873
000000cf
fffff340
fffff44a
ffffdcac
ffffece2
00000340
000000ff
fffff829
000009ee
ffffebce
00000774
000001bc
ffffe75c
fffff1c8
0000026c
00002027
fffffb12
0000004f
fffffa02
00000486
00002621
ffffd949
fffffe05
00001187
ffffeeae
ffffffbb
00001023
ffffeb99
ffffefe5
fffff6f1
fffffd3c
fffffd2f
00001c20
ffffefca
fffff35e
fffff220
fffffe8a
fffffe6d
ffffef63
00002d88
fffffc74
ffffd1de
ffffd89f
fffff73f
fffff672
fffffbe4
000006c7
ffffe4ca
00000245
00000252
00000003
ffffed13
fffff5df
00000514
ffffed57
000004bd
0000064f
ffffebe8
0000014f
fffffa41
0000104e
ffffd2a7
0000139c
fffffd7a
0000030e
fffffb13
ffffeb7f
0000216c
fffff5e1
ffffd7ce
0000145b
fffffec9
0000073e
fffffc6a
000032aa
000003b5
0000016b
0000067e
00000d3f
000007b4
00001db0
0000094c
fffff27c
000005c8
00001424
00001bbc
00000c13
fffff810
fffff23d
00001fc4
ffffe262
fffffe70
fffff374
fffff0ef
00001001
000005ab
000004da
ffffe576
fffffeec
0000119e
ffffff4b
000019ab
00000b10
00000680
fffff199
000008c6
00001511
00000ee3
fffffa92
fffff777
fffff993
fffff58e
ffffed9c
fffffd82
00001a9e
00000fa0
00000082
0000128f
ffffe653
fffff679
000002d0
fffff6f9
fffff40d
0000071b
00001d57
ffffef71
fffff3b9
fffff3b0
ffffe09e
0000111d
00000031
000006c8
00000019
00001233
fffff7b0
0000061d
00001161
00000909
fffff85c
00001615
fffffd28
ffffe7b1
00001303
0000058b
ffffebff
fffff761
0000006a
0000094d
fffffd33
fffff14c
00000193
ffffe565
000004f3
ffffe7b9
00001bd3
0000146d
00000380
000008e8
fffff735
fffff33f
fffff449
0000011d
fffff1b7
00001d24
ffffda83
fffffd16
0000134b
fffff8a3
fffff46f
00000ff8
0000071d
00000db1
ffffdfc3
fffffbdf
fffff13d
fffffc81
fffffed7
fffff14d
000006a5
000003b1
fffffc1e
fffff406
00001032
000037ad
00001357
00000824
fffff130
ffffe74b
ffffdf40
fffff83a
fffff6e2
fffffadc
fffff752
ffffd404
00001620
00000fd3
00001c1b
ffffed5e
00002956
00001423
000014d6
00001109
fffff77a
fffff83f
fffffede
fffff9d1
fffff217
00000b14
00000afe
00000ba0
fffffe76
fffff103
00001df4
fffffb9c
000002be
fffff20d
00000c5d
ffffeebf
000010e9
ffffe0ef
000028b3
ffffd750
000000b4
000002d4
fffff102
ffffe408
fffffa00
00001c92
00000dbd
ffffddc5
fffffcb4
00001947
ffffe01b
00000f4b
00001111
00000435
fffff1ac
000014fa
fffff722
fffff1cf
00000e84
000014a9
ffffedaf
00000dd5
00000ef3
00000f41
00000b13
ffffff82
fffff9b6
fffff11c
ffffff50
0000078a
00000116
fffff391
00000c0f
000017c0
fffff776
00002e0e
00000a7d
00001bca
000002d3
00000764
00000d87
00000861
000013a6
00000439
00000282
00000f03
00000553
000004d8
fffff692
fffff849
00001422
0000110d
0000212c
ffffdf5a
000013ea
fffff102
ffffee2f
fffffa09
fffff29a
00001dc8
ffffe9eb
fffff4d8
00000447
0000149b
fffffc57
0000339c
000003e3
0000015a
00000032
ffffe59c
ffffcc4e
000010dd
000014ff
00001cd5
fffffee2
00001ae8
fffff0ab
ffffef62
00000e3f
ffffdda4
0000259b
fffffbf8
fffffdb4
0000093f
00000edc
fffff175
00001309
000017ae
000015f0
fffff749
00002577
00000473
00001efc
fffffb87
00001f27
fffff482
0000092b
000009bc
fffff2c2
000003d3
00000a84
fffff6fc
0000122c
00000625
fffff0c0
0000016f
000011c0
0000216b
ffffdbaa
00000dcd
ffffe9c8
fffff39d
000020be
000004ac
fffff7db
000017de
ffffe099
ffffe3b8
fffff4d6
0000032d
000005fe
fffffd9b
fffffc85
000004fb
ffffd779
fffff883
ffffe609
ffffe163
fffff36e
ffffd74d
000000e0
000003b3
ffffeb84
ffffdad5
00001745
fffff4c0
0000174e
ffffefb7
00000cb0
00001785
00000593
fffffc69
fffff294
ffffe8b1
ffffe347
fffff754
fffffdbc
000003e5
ffffe5ca
000001ae
fffff409
fffff652
ffffe73a
ffffdb6f
fffffca8
000016bf
00000437
000008da
00001029
0000289c
0000041f
000007e4
fffff226
0000013a
fffff4c6
ffffee04
00000d57
ffffde93
00000677
fffff2cc
00000deb
000000a3
00000f5a
fffff5a3
fffff122
00001670
fffff660
00000a9b
0000025a
fffff25d
000003c3
fffff36b
ffffdd02
fffff7da
fffff31a
000007d4
000001fa
fffff71f
00001e94
fffff07c
ffffe905
ffffe556
fffffbbf
fffff00e
fffffe92
fffffb5f
fffff6c9
0000098e
00000b45
000004fd
fffffe0f
ffffe2bf
fffff289
fffff9ae
fffffbd2
00000595
ffffea93
fffff609
00001d34
00000503
00000637
00001a3f
00001f84
ffffff4f
000002f2
fffff469
ffffe949
000008aa
0000058b
00000f39
ffffe012
fffff951
fffff722
000003b9
ffffe211
fffffcae
000018ed
000027b0
000014f7
000003b5
fffff026
fffffd6a
0000145a
0000136b
fffff8eb
00001747
00003580
000011d4
ffffd4ad
ffffff1f
fffff5da
fffffa21
ffffcec3
00001b24
fffff756
00001eff
fffff49f
fffff6ce
fffffb06
0000042c
00001324
000008ed
ffffe28c
fffff08a
fffff9a1
ffffca7f
000006b1
fffff30a
ffffd179
fffff8bd
0000152b
ffffec01
ffffe6b8
ffffe139
000005b1
fffffa13
ffffe79a
00000dbc
000001a2
000008d3
000007e7
fffff304
fffffefe
ffffde22
ffffee5c
fffff559
fffffdf0
ffffe919
000001cf
ffffeb1e
ffffe2da
00001d48
ffffe7ca
000014aa
00000eb5
00000411
ffffe57f
000003d7
ffffdc4a
ffffefd5
ffffe2e0
00002a1b
00000d96
ffffcebc
ffffc79a
000016b7
ffffefb8
ffffe03b
000008c9
fffff83b
00001292
fffffd21
0000071c
ffffec9b
fffffadf
00000a96
ffffdd56
0000112e
ffffd32f
00001e8d
fffff747
fffff1b7
00001007
0000066e
ffffeabb
00000e8a
fffffb54
00000087
fffff9fa
ffffffc4
000005ed
ffffc3e8
0000249c
ffffe77e
000011e8
ffffe59f
0000116d
fffffb11
000012a5
00000a32
00001a5f
ffffd1e6
00000c69
00000eac
00000222
0000051c
00000a09
000008c4
ffffec71
ffffc9e7
fffff7ec
00000d9a
ffffeb16
ffffec0d
00001ee6
00000fdc
00000cf2
ffffecfb
00000734
00000378
ffffb97f
fffff634
ffffe80e
fffff879
ffffe9dc
fffffec2
000003ca
ffffdd94
ffffe63d
00000464
fffff358
ffffe775
fffff931
00002380
ffffdb9f
fffffa3a
000015c7
fffffa1a
ffffd7ab
00000423
fffff71c
fffff587
fffff43f
00000b04
000029e1
ffffff1e
00000a28
00000be1
fffff009
0000285e
00001294
00000101
000002fa
ffffdf48
fffff06a
ffffea91
fffff5df
00000376
00001890
00000286
00003702
ffffd206
000017e0
fffff258
ffffcf76
00000040
ffffe722
fffff12b
fffff80a
fffffc84
00001646
ffffd6c5
00001062
ffffec40
00000c0b
00001820
ffffe52d
00001343
00002cc0
fffff1f7
00001412
fffff96c
ffffe739
00003114
ffffd498
0000122f
fffff89f
000017fe
ffffe858
fffffc50
ffffe8d4
00001837
0000020d
000016b3
fffff950
ffffdec1
0000120c
fffffad3
fffff1c0
000004d4
fffff27a
ffffcac5
ffffbef5
ffffeb0e
ffffea23
00000de6
00000d68
ffffeba2
ffffee91
00000b31
00000444
000005d9
fffffb0f
ffffff51
00000160
fffffdf8
00000c05
0000020d
000001bd
0000068a
fffff9e7
ffffe683
ffffeebd
00000c32
fffff93d
fffffc29
000009fc
fffffbc8
fffff39b
00000180
fffff960
00000b96
fffffb13
fffff909
000003d9
00001103
00000203
00000a02
00000c77
ffffffeb
fffff084
fffffb30
00000b1b
00000923
fffff9bd
00000312
00000522
fffff57e
00000bae
fffffdfe
ffffed1d
ffffff68
fffff787
fffff8aa
fffff4cf
000007b8
00000db3
000004ba
0000058b
00000153
fffff5b3
00000205
fffffe8f
00000297
fffff66e
00000038
00000039
00000889
fffff47a
00000988
fffff327
000004ae
fffff937
0000092b
fffff9fe
fffffe13
fffff43c
fffff535
00000440
00001021
fffffb09
0000006c
ffffee5a
00000165
fffff537
fffff74a
ffffef8d
000007f6
fffffa25
fffff5fa
000008df
00000ad4
fffff9b3
00000a26
ffffed03
ffffefc5
fffffe69
fffff459
00001188
00000903
ffffeeea
fffff02f
000016b9
fffffd90
00000177
fffffe5a
000004b2
ffffffaa
fffff437
00000514
00000ede
00000745
fffff143
00000b5e
00000411
00000b4b
ffffffc6
000003f6
0000099c
00000325
fffff89f
00000649
fffff2e7
fffff8a3
fffffd09
fffff374
0000070b
00000bbb
fffff03f
00000dc4
0000076a
fffff065
fffff535
ffffff0c
fffff222
fffffbaa
fffff438
000000aa
fffff0b4
00000016
fffffc46
00000092
fffffe80
00000cab
00000481
ffffee1c
fffff3e5
00000fbb
00000777
00000219
00000ac7
fffff9d4
00000095
ffffecf1
fffff32e
fffff91e
000005ee
000009ce
00000480
ffffe665
fffffb0c
fffffdd3
000006e0
fffff312
fffffdfb
fffffdaf
fffffc1d
fffff963
fffff5ba
fffffbae
ffffff16
fffff4d4
fffffa7a
fffff7a3
0000091f
ffffe9ec
fffff043
fffff280
00000016
fffffbdf
00000281
ffffff9d
fffff2b3
00000d6a
00000e56
00000fd7
fffffb6b
0000132b
fffff038
fffff8d3
00000220
fffffa6c
fffffbac
00000024
00000953
fffff918
fffffb02
00000b00
fffff50a
ffffffde
fffffe46
fffff6ec
000010b0
000006bf
00000c67
0000049f
fffff07e
00000b60
fffff2a6
00000982
0000105e
fffffc86
fffffcb0
000024cf
00000b0d
00000c08
000003b4
00000614
00000431
000015bb
ffffdcef
00000486
fffffddd
fffff20f
00000354
fffff268
ffffef7e
fffff568
fffffadc
00000473
00000202
0000057a
000000db
ffffff19
00000e85
00001161
fffffe0c
fffff420
fffff66a
ffffebb6
ffffe6dd
fffff3be
fffff2f6
ffffe34a
000006e4
ffffd7af
000016fa
00000fd2
0000135c
000006a7
ffffd151
000008b6
00002d6a
ffffec0a
fffff191
fffffab5
0000157a
ffffded8
00002c47
0000100d
000010b7
00001bb7
0000036e
fffffec4
fffff472
00000061
fffffcd2
fffff988
fffff63b
000001af
00000a4d
fffff093
ffffde46
00001b42
fffffc9b
0000033e
ffffdf40
000001d5
0000069d
fffff762
00001451
00000acb
fffffc91
00000dd2
ffffd1a6
fffff2bd
00001899
00001a6f
00000299
000000a5
00000a92
00000c3a
00000775
00000485
00000877
fffff74d
00000f8d
fffffdec
00001975
fffff7c1
ffffe8e7
00000979
00000241
ffffffd4
fffff59b
fffff863
000023a9
ffffe295
ffffeba1
ffffd99b
00002722
ffffeca9
000003ac
fffffe14
00000c84
00002e41
ffffe9b0
ffffe47e
000017b3
00000c80
00001783
00001803
fffff57c
fffff735
fffffba2
fffffdad
ffffdfdc
00000ed0
fffff439
fffffa26
000012bf
fffffb05
fffffc9d
fffffc22
000016cd
ffffeddf
ffffe75c
fffff869
0000117e
00001f88
ffffd963
ffffff80
fffffaec
fffffc71
ffffe581
fffff206
0000084f
00001a99
00001bd6
00000e59
fffff819
000004c8
ffffd98c
0000197e
00000e85
000027ba
ffffdd91
0000105a
fffff05e
000014b7
00000053
000014cf
fffff75c
00001655
00000eed
00000e03
ffffd41e
fffffb86
fffffe97
fffffa6e
0000044b
00000810
ffffffd4
ffffe914
fffffa0f
000006fe
ffffdf57
ffffff50
000023b1
00000e11
ffffe2b5
ffffe593
000008fd
000026d5
ffffe6b8
00000e92
000011f1
ffffefb1
ffffcff2
00002539
fffff7a1
ffffeea6
00002194
fffff90a
ffffe42d
00001fe6
fffff531
fffff5f3
00002201
ffffe9be
fffff63e
00000200
0000012d
fffffa51
00001852
fffff8bd
00002508
fffff3dd
fffffaae
000011eb
fffffe18
00000086
00000d4f
000034b5
00000f21
00000f0c
ffffea1c
0000129f
fffff1ac
fffffed4
ffffff28
ffffea4f
000012e7
00002aab
fffff8f9
00001885
ffffdeb9
000030bc
fffff5a2
000022cd
fffff31c
0000469a
fffffc30
fffffab5
fffffbb7
0000034a
fffff8db
fffff5b5
ffffee70
000000f2
fffff748
ffffe1cb
000004c8
fffffade
0000134a
00001c41
00000c2b
00000bb4
0000015a
000007d4
000011c8
00000520
fffffecd
ffffe94f
0000143e
00002612
000003f0
0000167f
000003a6
ffffee10
00000f2a
fffff9d9
00000b86
000009ec
fffff702
ffffd97e
ffffdfbb
ffffe9a1
00000bef
ffffda86
ffffe09f
ffffd363
0000063a
ffffff99
ffffd044
ffffe115
ffffe3cf
00000db7
000010de
ffffef10
ffffff04
ffffe53f
ffffeaf0
ffffde65
00001b28
00000315
00000e5b
ffffecfb
fffff510
000001ef
00001d64
fffff523
000003e3
fffffa10
0000106d
00001c69
fffff6a9
fffff300
000013b4
000008ad
fffffbcc
00000605
fffff07a
ffffeaa5
000035b2
fffffeab
ffffee21
fffff4e5
fffff83d
ffffcfbc
0000168c
000018a4
000002f4
fffffed4
00000af1
00003652
ffffecab
ffffe9a1
00001189
000006b0
0000168f
fffff12e
fffff977
fffffe8c
ffffd986
0000036b
00003136
00000aab
fffff76a
ffffefe1
ffffef62
00000e17
ffffe521
fffffba4
ffffe89d
ffffd800
fffff80e
ffffe305
fffff8db
fffff8f1
00000b33
000014c3
fffff1d2
ffffe3d3
fffff504
0000174b
fffff4a9
ffffe96d
0000099b
fffff90e
ffffebac
00000090
00001be1
00001de1
0000168a
000022d3
fffffd12
ffffdfe7
00001566
000023a0
fffffdab
00003956
000006c2
00001206
ffffdacf
000017bd
00000998
ffffeccf
000010db
ffffe027
ffffe8ea
000003f2
00001d26
fffffc16
ffffc92a
00002128
00000ac8
fffffe49
ffffe854
fffff038
0000155d
ffffef6d
00002958
fffff01c
000008c3
0000093e
0000040a
00000e7c
fffff2e0
00002d8a
00001307
00000efc
00000b6d
fffffa1f
00001207
00001320
0000176b
00000775
ffffe5be
fffff4b5
00000f86
ffffff83
fffffefa
fffff41d
0000165a
fffff9d4
00000c7a
fffffdbf
000024ed
ffffe06e
fffff55d
00001a40
000007eb
ffffdf40
ffffcd27
fffffee5
fffffd5c
000001c2
00001779
fffffb22
fffff143
00000725
00000a3f
ffffe69d
000023e5
00000503
000039da
00001dd5
000015b8
000010f9
fffff685
00000c64
0000098a
fffff15a
00000511
ffffed3a
00000bc3
ffffe2d9
00000e97
ffffddfe
000000f3
000026ae
fffff2c7
00000bf2
0000025e
00003033
00000953
ffffe900
00000501
ffffdfe5
ffffe494
ffffddc4
00003733
000009c2
0000139a
000004c4
ffffff76
fffff24e
00001a1d
00003737
ffffffde
ffffff94
ffffd3ad
ffffddf5
000019e1
ffffc155
000020ed
ffffe3ad
00000163
00000f43
00000f70
0000130e
ffffe02e
ffffe9e7
ffffeda2
ffffd884
ffffcd68
ffffd425
fffff7cd
00000291
ffffe9bb
00002c4d
00000dd4
fffffb68
fffffe7e
fffffde9
000001d3
ffffe5c9
fffff752
000009ad
ffffd005
ffffe97a
000023c2
00001629
00000aef
ffffde10
fffffc10
00000523
0000131c
0000095d
ffffceb5
000025b3
00000d41
ffffda10
00000fa0
fffff7b4
00000293
fffffece
ffffeb50
00001913
fffffcd2
ffffdbcd
00000c2b
fffffb76
ffffead6
0000224f
fffff657
000015f9
00000f97
ffffcee9
fffffa67
fffff798
ffffea83
ffffef07
fffffd99
00001235
0000097d
00001246
00002c98
fffff4fc
fffffc22
ffffec2b
ffffef38
fffff29c
000003a0
fffff717
ffffe23f
fffff462
ffffd8eb
000017e6
00000514
00001cf7
ffffed73
00003dc9
ffffc1f3
000022ab
00001139
00000328
fffffdcb
00000bc9
00001956
00000210
000011a1
000009d8
ffffdd31
ffffe346
ffffe9ab
00001d07
00000f54
ffffd87c
00000612
ffffed88
ffffe685
00001621
00001b2e
ffffed4c
000003f4
000029be
000017b3
ffffe7ba
fffff0ab
000006c4
fffffad4
000019d2
ffffd3f9
00003bc7
00000b59
fffff16e
ffffe459
0000080e
00001a0f
00000b7a
00000c6a
000019c9
ffffeacc
000005f7
00000f18
000003df
fffff6d6
ffffe49e
000012de
000004ff
00000e06
00001170
fffffb27
000002fa
00000687
000009bf
fffffc58
ffffe01a
00000773
00001f82
000001a7
00000c0c
fffff189
ffffce0b
fffff081
0000008a
00001755
0000166e
ffffe9e6
0000024a
00000929
fffff7aa
ffffe91b
00001ea3
0000017e
00002429
ffffbe1d
ffffe2a5
00000cdc
000009e6
fffff777
ffffe93c
ffffdc41
00000f2f
00001125
00001de6
0000060e
ffffdf05
fffff7a7
00001d32
00001205
fffff427
fffffb43
00001ddc
00000028
ffffe92e
ffffebdf
fffff8d4
00000248
0000011c
fffff77a
ffffe36c
00001b3e
fffff47c
000007ba
00001a1a
000007e1
ffffea55
00001a28
fffff0d3
ffffe5f2
fffffdb7
ffffed31
000011e9
000005f6
ffffe978
00001213
00000549
00001cac
00001c24
ffffddef
fffff11f
ffffe59e
0000158a
ffffff94
fffff902
000007a6
ffffda7f
fffffbe0
00001c8a
00001011
00000644
000010a6
fffffb42
fffff827
000001da
00001c4c
0000008f
00001367
0000051d
ffffe906
00001ed4
ffffed16
fffffc85
00002264
fffff5f3
ffffdf3e
0000237a
00000d16
ffffea54
000003a4
fffffc30
fffffa4a
fffffc2b
ffffe978
ffffef6f
ffffcdea
00001573
fffff223
00000f7c
ffffef75
00000a4f
00000e52
fffff9e3
0000026d
fffff7ab
ffffd856
000008aa
ffffde8c
fffff579
00002251
fffff438
00001241
fffffcce
ffffeb8b
fffffc6c
000023f0
ffffe05c
fffff107
0000136f
00001643
00001478
ffffec82
00002089
000010a9
0000082b
0000051e
fffff029
ffffee97
ffffffc5
00001657
000023b2
ffffe8f3
fffff061
00000d12
00002b72
ffffebee
000003d1
0000155c
ffffe264
fffff746
ffffdfca
ffffdb3f
000003c7
00000e5b
fffff911
ffffddfb
0000015c
fffff572
0000118d
ffffe9bd
ffffffa5
fffff800
0000095c
000010ad
ffffece9
fffff92d
00000232
00001262
fffff4b4
00000e26
00001899
00001a58
0000066e
000008ca
00000a9d
ffffeffb
fffffed9
00000452
fffff3c8
000016f6
fffffd33
fffffd3d
fffff298
fffffad7
00002877
fffff729
000011ee
fffffb04
00001097
fffff9d0
fffffe72
ffffed78
0000030b
ffffe790
00000614
00001c5f
ffffdcd6
ffffffc0
fffffbb7
fffff8ce
00000b68
00002346
00000777
ffffeae9
ffffea52
00001064
00002ce9
00000ee2
fffffe12
ffffe3e6
00001628
fffff220
00000cb1
fffffada
ffffe8ea
ffffdcfc
fffff2ab
00002100
000000bc
ffffd320
00000ba9
00000389
000014b4
fffff418
00000e23
ffffe673
fffffac1
000001ab
fffff03e
fffff6cd
fffff19a
fffff9cc
ffffe07a
00000348
00002007
000019c5
00002176
fffffb62
00000628
ffffee74
00001e97
fffff058
ffffe250
0000047e
000011fd
000009e8
00000d4b
fffffdb2
ffffdddc
00001a99
00001f69
00000f5b
ffffe815
fffff329
ffffeaaf
ffffe340
fffff5fc
fffffd70
fffff1fb
000011dd
000021cf
ffffff7b
00001644
ffffea47
ffffed73
000018ef
fffff2ad
fffff423
00000e2e
000007d2
00003c1e
000018e5
000004ae
ffffedaf
ffffe3b5
000013ca
fffff43e
fffff899
ffffd056
fffffc80
00000b17
fffff458
00001094
fffff56a
0000140c
000014f0
00000b7f
fffffaec
00003181
00000df6
ffffdce4
000003c7
00001b15
fffffd41
fffff124
ffffe8cf
fffff794
fffffcd2
000012c9
fffffda0
000004f5
00000768
00000a70
fffffd95
00000676
fffff0e1
ffffec39
0000037e
fffff580
00000292
fffff282
0000123b
fffffee5
ffffd44b
00000eca
fffff69e
ffffedef
ffffea2b
ffffe59c
fffff563
fffff501
0000176f
fffff34d
00001004
000004b1
00000fd4
00000719
00000a2d
ffffe451
00001338
000008d6
fffff46b
ffffbe72
0000131c
fffffdd3
000006ce
ffffee92
00000d58
000009e5
000001a3
0000005d
fffff308
ffffed1d
ffffedba
000014f0
fffffddd
00001843
00000ab9
fffffe5a
0000191a
00001055
0000184d
ffffe5dd
fffff865
00001ebd
000000ba
fffffaca
00000610
ffffe6a1
fffff1cc
ffffe152
00000804
ffffebe4
ffffe2df
0000141f
fffffbf2
ffffd075
000017c8
ffffed2d
ffffe8c0
00002519
000000a6
ffffef15
0000102f
000009e5
0000247d
00000447
000002e5
ffffe2d5
ffffe6e6
fffff176
ffffe79e
ffffe3f6
fffff488
fffff7ff
00001ac8
000004b0
fffffdbb
00002a16
0000002e
fffff4f6
00001550
fffffc03
ffffdd5d
0000099a
ffffd986
fffff44a
00001268
ffffeb22
000004e3
ffffdce3
00003446
fffff27c
fffff18e
00000922
fffff8ba
00001149
0000148b
00000dda
ffffd70a
00000171
00000572
000006ba
ffffee80
ffffecaf
fffff0e1
0000031d
000019ca
ffffff10
fffffcbc
000008c4
00000691
fffffcb1
ffffecdc
0000066a
ffffdd46
fffff355
00000d20
00000690
ffffff7a
00000cc0
00000dc5
00000256
fffff579
00000f85
00000175
fffffc55
000009ce
00003a23
000004e2
000024c3
fffff389
fffffe71
00000aa6
00000d53
ffffeb18
fffff020
fffffc03
fffff558
fffffeb2
fffff3e8
fffff52f
fffff39a
00000991
ffffee6d
00000832
fffff8d2
ffffe688
00000fe8
0000083a
00001050
ffffedcb
ffffed95
ffffffd7
fffff03c
00001861
00001680
00000358
fffffe10
000009c4
00000d34
000018e7
00000577
ffffeb4c
ffffe1b9
fffffe1d
ffffee62
0000060c
00000546
0000273c
00000d6b
fffffaff
ffffed1c
00000ec8
fffffca0
00000c47
ffffff4e
ffffe549
00000dfa
fffff2a9
00000b4f
ffffdde7
ffffee01
00001790
fffff5c1
00000154
ffffecab
ffffdaf5
ffffed78
fffff91e
00000a3e
fffffbc9
fffff9e0
fffffed2
ffffeaf5
fffff94d
000025e3
fffff6e8
fffff7a6
fffffab8
ffffffb6
ffffe93c
fffff564
00000a1e
0000041c
00002fd5
fffff972
fffffe77
00000a76
fffffadb
ffffe569
ffffe624
ffffffdc
fffffbfe
ffffeaf3
fffffce4
00001637
fffff148
00001d81
fffff9d6
00001212
00000096
fffffd33
ffffebdd
00000442
000010b5
ffffe9bc
ffffe893
000008e6
fffffd9f
00000693
fffff8a6
00001904
0000173a
0000016a
fffff8fc
000005e4
0000004c
00001774
00000753
ffffdb59
00000bb4
000000f0
fffff02b
0000178b
ffffff17
00001e60
00000036
fffff86d
fffffdab
00000508
fffffada
00000908
ffffd238
ffffefaf
fffff4b5
00000c95
fffff533
000011ca
fffff242
000009da
fffff662
ffffff91
00002d2e
00001614
ffffe5fe
00000147
ffffff6c
fffffc94
ffffe989
ffffedcc
00001c5f
0000046b
ffffe095
ffffd616
0000126a
fffff4cd
00000071
fffff7b7
000001b4
00001084
fffffd39
00000582
fffffc7b
fffff285
000007b3
fffffa66
0000027a
fffffeec
0000053b
ffffddb1
0000196d
ffffde0a
fffffaac
00000385
00001dc2
000010bc
fffff4e9
ffffe8d5
fffff062
ffffee74
00000e68
fffff161
0000022b
fffff4b5
fffff2a3
00000902
ffffdd31
ffffd9a3
fffff6f5
ffffe418
00000173
ffffffcf
00000b54
fffff9c2
000017fb
fffff35c
00000fc8
ffffe9a4
fffff082
000013c5
00000a7d
000007e4
000009c7
fffffc12
0000077f
00000012
0000110d
ffffff38
ffffe2f6
fffff5f6
00001f09
00000ae5
000013ab
fffff36b
0000048b
fffffa68
000005d1
fffffff0
ffffef8c
00000d59
000001c5
0000048f
fffff07e
00000f95
fffffb68
00000257
000025c4
ffffef40
0000152a
fffff25d
00002865
00000c86
fffff731
00000bdc
fffffa1f
000000dc
fffff0df
ffffff02
fffff60d
fffff344
00000556
00000cba
fffffd16
ffffe830
ffffec5f
000008ea
ffffe34c
fffffbe7
fffff988
fffff772
00000a4c
000012c7
fffff9a2
00000853
000010ef
000002c8
fffff254
000010c1
fffffb40
00000b01
fffff21b
00000789
ffffde6e
ffffffd2
0000110a
fffffb1f
000006a7
00000ca1
00001165
0000128a
fffffc6b
fffff738
ffffe45c
00001603
00000916
fffffbd1
000010b3
00000e14
00000696
fffff438
ffffee78
00000359
000002f0
fffffa80
0000048c
00000a73
fffff0c2
00000df9
00000690
00000d18
00000bee
00001724
ffffd95e
fffff1df
ffffe15c
0000088a
ffffe8ab
ffffe501
fffff6aa
ffffe722
0000093c
00000074
fffff09b
ffffe8b1
00000228
fffffb5c
00000254
000003d5
00000cea
ffffef86
fffff12c
fffff4e4
00000a52
fffffc06
00000a7e
ffffde6c
00000eb0
fffff7fd
fffffe3f
0000001a
fffff775
fffff908
ffffed9c
0000035f
fffffba9
ffffff0f
00000a02
00001f0c
ffffee23
000012df
00001b78
00001783
fffff2bf
ffffea0a
00000ecb
fffffee3
fffffa48
00001613
ffffecc6
00000a2b
fffff1fc
00002fa6
fffffe79
fffffa28
fffffbd4
fffff3f7
000015c9
0000043f
0000033c
0000004a
00001876
00000609
00000269
0000218a
fffffb9e
fffffe0f
ffffe3cc
00000e0c
00000162
00000ad8
0000033b
00000269
ffffef23
00000684
00000c2e
fffff9ac
000020ea
00001037
00001151
ffffe82d
000006e5
000003d8
ffffe7db
fffff98a
00000179
fffff97b
ffffff00
fffff9de
fffff194
fffff020
000007c3
00001574
fffff471
0000134b
ffffef5e
fffff7f3
fffffceb
fffff683
ffffdf33
fffffc7d
fffff4ce
00000fd9
000000b8
00000bcd
00000b8c
00000396
00000a4f
000007d6
fffff661
fffff8a3
ffffec78
fffff39b
00000345
ffffe00e
fffffbe8
00000d32
fffff8a1
00000f5a
ffffdfe8
fffff465
0000120a
00000bfb
fffff2a7
000004e2
00000012
fffffb18
000008f4
000008ba
000023da
00000364
fffffa15
00000604
fffff254
00000a70
000019ff
00000549
000011f9
00001032
fffff077
00000d51
fffff2dd
ffffeb9c
00001b7f
000003c2
000019cb
ffffd37d
ffffdba4
fffffcae
ffffeff6
000006fd
fffff1c8
0000035e
ffffdf7a
fffffde0
00001928
fffff747
ffffdb90
fffff0d9
ffffe9ba
fffffa99
ffffe11e
ffffd067
00000152
fffffb8e
fffff9a3
00001198
000011c7
ffffe526
00001112
000010e6
00001310
00001a15
fffff886
ffffe28b
00001bec
0000031a
ffffffd4
ffffff8c
000027b0
0000044e
ffffef21
fffff623
00000e65
00002d07
00001663
00000a7b
ffffef07
0000299f
000003f9
000017d2
ffffff90
00002424
00001d16
000000be
ffffdf6f
ffffef49
0000149b
fffffb3d
fffff286
0000051e
00000ac4
00001976
fffff1cf
ffffd620
fffff71c
fffffcfc
fffffbe4
00000dfa
fffffeab
00001da4
ffffe141
0000165a
ffffefd4
fffffcd0
0000462d
0000153f
00000662
fffff982
0000011f
000018ca
0000027e
00002312
00001151
ffffc4e4
fffff262
00000737
fffff4a9
ffffffc7
00001b0a
fffff6f5
0000078c
00001173
ffffeb91
ffffeede
0000161e
ffffff2a
ffffe922
0000093b
ffffffae
00001ba4
ffffefd4
000022f9
0000364c
fffff6d0
000016bf
ffffdd25
ffffef6f
00000420
000027d7
ffffda14
fffff575
000002ff
000011ad
00002195
fffff7f3
00000b44
00000847
000005c6
00000cba
fffffc7c
fffffac9
ffffdf97
000015db
0000241e
000010ff
000028d5
00000484
fffff74e
fffff3a0
fffffab8
0000040e
00001217
fffff545
ffffe0ab
fffff4aa
fffff8ae
fffffe96
000004fd
ffffebdd
fffffdb2
000024de
fffff25b
0000197f
ffffe9f3
ffffecda
00001119
ffffe60b
fffff6c2
000020f7
ffffe70f
fffffef7
00000073
fffffc0a
ffffe21f
0000012b
0000036f
00000432
ffffe86c
ffffd448
00000ef9
00000851
00000998
fffffbd0
ffffeae4
fffff2fe
00001664
00001c22
fffff8da
00000a01
ffffff04
ffffefbf
ffffe746
ffffe8df
00000012
fffff5bc
00000174
00000212
fffff1bb
00000907
ffffefbb
ffffef19
fffffa4f
ffffd500
0000107a
fffff28c
00000e67
fffff32c
fffffe5d
fffffe85
fffff571
00001c14
000002ee
ffffd72f
fffff94e
fffffb46
ffffd8d0
fffffcb5
fffff3cb
fffffa41
ffffebcf
000013f6
000007a2
00000170
ffffe78e
000018c1
fffffb9e
ffffe16c
fffffb0b
fffff815
000000d8
fffffb48
ffffebe1
00000ce5
000001e9
000002cb
ffffea58
000022a8
00000068
00000a74
00000c0f
fffffb3e
00000929
00000e64
fffff76e
00000adc
ffffff4e
00002076
00000a31
fffff3bc
00000356
000004f2
00001cd1
fffffc65
ffffef80
00001729
fffff2d4
fffff33c
000014de
000002a7
00000879
ffffd8bf
00000e9d
00000e58
00002019
00000c99
fffff682
00001104
fffffaae
ffffd9ae
000006a2
fffff4f8
fffffbe6
000016eb
00001622
ffffceb3
ffffe894
00001385
fffffcbf
0000012c
00001c01
00001d47
00001e2d
fffff044
000011b5
00000136
fffff496
fffffff8
fffffaf3
ffffe61e
ffffe514
ffffe819
00000b16
00000501
000012d3
fffff277
ffffea52
00000e3e
0000189d
fffffa75
ffffe9a4
fffffcf7
00000cf6
00002319
fffff8c8
ffffea01
ffffe24c
fffff3b4
ffffe9ce
0000058d
ffffedd0
ffffec0c
fffff8ba
00000f36
fffffa80
00000988
ffffee21
ffffec1e
fffff13e
ffffffb8
ffffffab
0000126a
fffffad4
000004c9
ffffffbf
0000039f
0000028a
000012d4
ffffefeb
ffffd330
fffff977
00000953
0000071f
fffff5d3
fffff47f
000005f7
ffffea2d
fffff616
00001156
fffff197
00000b7f
00000f54
00000976
00003228
fffff0c9
000017d0
00001aeb
fffffa3e
00001115
fffffcd3
ffffedcb
0000056f
0000086b
fffff8e8
fffff971
fffff943
ffffe146
000002c6
fffffd1b
fffff721
ffffef5b
0000036b
ffffed00
0000013a
00001750
fffffccf
ffffe8a5
00000b83
ffffed5b
0000137c
fffff549
0000111a
ffffe48b
0000041d
fffff74f
ffffda79
fffff825
fffffc98
000006b9
ffffe6b0
ffffea4d
ffffeb01
00001395
fffffc04
0000083f
ffffedd1
00000827
ffffddea
fffffb37
00001358
ffffea06
000001dd
ffffeac9
ffffeeab
00000aa9
fffff337
00000e14
00000983
fffff7f5
fffff025
00000acd
00001741
ffffee2b
000028c0
fffffcb0
fffff5c1
fffffeb5
fffff383
fffff24e
00001154
00000792
ffffff89
00000011
