Copyright 1986-2022 Xilinx, Inc. All Rights Reserved. Copyright 2022-2024 Advanced Micro Devices, Inc. All Rights Reserved.
---------------------------------------------------------------------------------------------------------------------------------------------
| Tool Version : Vivado v.2024.2 (win64) Build 5239630 Fri Nov 08 22:35:27 MST 2024
| Date         : Sun May 10 21:39:46 2026
| Host         : DESKTOP-SVALI2U running 64-bit major release  (build 9200)
| Command      : report_control_sets -verbose -file design_1_wrapper_control_sets_placed.rpt
| Design       : design_1_wrapper
| Device       : xck26
---------------------------------------------------------------------------------------------------------------------------------------------

Control Set Information

Table of Contents
-----------------
1. Summary
2. Histogram
3. Flip-Flop Distribution
4. Detailed Control Set Information

1. Summary
----------

+----------------------------------------------------------+-------+
|                          Status                          | Count |
+----------------------------------------------------------+-------+
| Total control sets                                       |   297 |
|    Minimum number of control sets                        |   297 |
|    Addition due to synthesis replication                 |     0 |
|    Addition due to physical synthesis replication        |     0 |
| Unused register locations in slices containing registers |   268 |
+----------------------------------------------------------+-------+
* Control sets can be merged at opt_design using control_set_merge or merge_equivalent_drivers
** Run report_qor_suggestions for automated merging and remapping suggestions


2. Histogram
------------

+--------------------+-------+
|       Fanout       | Count |
+--------------------+-------+
| Total control sets |   297 |
| >= 0 to < 4        |    58 |
| >= 4 to < 6        |    20 |
| >= 6 to < 8        |    24 |
| >= 8 to < 10       |    11 |
| >= 10 to < 12      |    12 |
| >= 12 to < 14      |     4 |
| >= 14 to < 16      |    18 |
| >= 16              |   150 |
+--------------------+-------+
* Control sets can be remapped at either synth_design or opt_design


3. Flip-Flop Distribution
-------------------------

+--------------+-----------------------+------------------------+-----------------+--------------+
| Clock Enable | Synchronous Set/Reset | Asynchronous Set/Reset | Total Registers | Total Slices |
+--------------+-----------------------+------------------------+-----------------+--------------+
| No           | No                    | No                     |             263 |          132 |
| No           | No                    | Yes                    |              27 |            7 |
| No           | Yes                   | No                     |             131 |           92 |
| Yes          | No                    | No                     |             222 |           34 |
| Yes          | No                    | Yes                    |               0 |            0 |
| Yes          | Yes                   | No                     |            5161 |          950 |
+--------------+-----------------------+------------------------+-----------------+--------------+


4. Detailed Control Set Information
-----------------------------------

+--------------------------------------------------------------------------------------------+-----------------------------------------------------------------------------------------------------------------------------------------------------------------------------+----------------------------------------------------------------------------------------------------------------------------------------------------------------+------------------+----------------+--------------+
|                                        Clock Signal                                        |                                                                                Enable Signal                                                                                |                                                                        Set/Reset Signal                                                                        | Slice Load Count | Bel Load Count | Bels / Slice |
+--------------------------------------------------------------------------------------------+-----------------------------------------------------------------------------------------------------------------------------------------------------------------------------+----------------------------------------------------------------------------------------------------------------------------------------------------------------+------------------+----------------+--------------+
|  design_1_i/zynq_ultra_ps_e_0/inst/pl_clk0                                                 |                                                                                                                                                                             | design_1_i/smartconnect_0/inst/s00_nodes/s00_r_node/inst/s_sc_areset_pipe                                                                                      |                1 |              1 |         1.00 |
|  design_1_i/zynq_ultra_ps_e_0/inst/pl_clk0                                                 |                                                                                                                                                                             | design_1_i/smartconnect_0/inst/s00_nodes/s00_b_node/inst/s_sc_areset_pipe                                                                                      |                1 |              1 |         1.00 |
|  design_1_i/zynq_ultra_ps_e_0/inst/pl_clk0                                                 |                                                                                                                                                                             | design_1_i/smartconnect_0/inst/s00_nodes/s00_aw_node/inst/s_sc_areset_pipe                                                                                     |                1 |              1 |         1.00 |
|  design_1_i/zynq_ultra_ps_e_0/inst/pl_clk0                                                 |                                                                                                                                                                             | design_1_i/smartconnect_0/inst/s00_nodes/s00_w_node/inst/s_sc_areset_pipe                                                                                      |                1 |              1 |         1.00 |
|  design_1_i/zynq_ultra_ps_e_0/inst/pl_clk0                                                 |                                                                                                                                                                             | design_1_i/smartconnect_0/inst/s00_nodes/s00_ar_node/inst/s_sc_areset_pipe                                                                                     |                1 |              1 |         1.00 |
|  design_1_i/zynq_ultra_ps_e_0/inst/pl_clk0                                                 |                                                                                                                                                                             | design_1_i/smartconnect_0/inst/s00_nodes/s00_w_node/inst/inst_mi_handler/areset_r                                                                              |                1 |              2 |         2.00 |
|  design_1_i/zynq_ultra_ps_e_0/inst/pl_clk0                                                 |                                                                                                                                                                             | design_1_i/smartconnect_0/inst/s00_nodes/s00_aw_node/inst/inst_mi_handler/areset_r                                                                             |                1 |              2 |         2.00 |
|  design_1_i/zynq_ultra_ps_e_0/inst/pl_clk0                                                 |                                                                                                                                                                             | design_1_i/smartconnect_0/inst/s00_nodes/s00_ar_node/inst/inst_mi_handler/areset_r                                                                             |                1 |              2 |         2.00 |
|  design_1_i/zynq_ultra_ps_e_0/inst/pl_clk0                                                 |                                                                                                                                                                             | design_1_i/smartconnect_0/inst/s00_nodes/s00_b_node/inst/inst_mi_handler/areset_r                                                                              |                1 |              2 |         2.00 |
|  design_1_i/zynq_ultra_ps_e_0/inst/pl_clk0                                                 |                                                                                                                                                                             | design_1_i/smartconnect_0/inst/s00_nodes/s00_r_node/inst/inst_mi_handler/areset_r                                                                              |                1 |              2 |         2.00 |
|  design_1_i/zynq_ultra_ps_e_0/inst/pl_clk0                                                 | design_1_i/animalnet_axi_lite_0/inst/u_animalnet_top/u_conv12/gen_regular.u_conv/pipe_in_range_i_1__12_n_0                                                                  | design_1_i/animalnet_axi_lite_0/inst/u_animalnet_top/u_conv0/gen_regular.u_conv/SR[0]                                                                          |                2 |              2 |         1.00 |
|  design_1_i/zynq_ultra_ps_e_0/inst/pl_clk0                                                 | design_1_i/animalnet_axi_lite_0/inst/u_animalnet_top/u_conv7/gen_depthwise.u_conv/pipe_in_range_i_1__1_n_0                                                                  | design_1_i/animalnet_axi_lite_0/inst/u_animalnet_top/u_conv0/gen_regular.u_conv/SR[0]                                                                          |                2 |              2 |         1.00 |
|  design_1_i/zynq_ultra_ps_e_0/inst/pl_clk0                                                 | design_1_i/smartconnect_0/inst/s00_entry_pipeline/s00_si_converter/inst/gen_axilite_conv.axilite_conv_inst/s_axi_bresp_i                                                    | design_1_i/smartconnect_0/inst/s00_entry_pipeline/s00_si_converter/inst/gen_axilite_conv.axilite_conv_inst/s_axi_bresp_i[1]_i_1_n_0                            |                1 |              2 |         2.00 |
|  design_1_i/zynq_ultra_ps_e_0/inst/pl_clk0                                                 | design_1_i/animalnet_axi_lite_0/inst/u_animalnet_top/u_conv10/gen_regular.u_conv/pipe_in_range_i_1__7_n_0                                                                   | design_1_i/animalnet_axi_lite_0/inst/u_animalnet_top/u_conv0/gen_regular.u_conv/SR[0]                                                                          |                2 |              2 |         1.00 |
|  design_1_i/zynq_ultra_ps_e_0/inst/pl_clk0                                                 | design_1_i/animalnet_axi_lite_0/inst/u_animalnet_top/u_conv3/gen_depthwise.u_conv/pipe_in_range_i_1_n_0                                                                     | design_1_i/animalnet_axi_lite_0/inst/u_animalnet_top/u_conv0/gen_regular.u_conv/SR[0]                                                                          |                2 |              2 |         1.00 |
|  design_1_i/zynq_ultra_ps_e_0/inst/pl_clk0                                                 |                                                                                                                                                                             | design_1_i/smartconnect_0/inst/m00_exit_pipeline/m00_exit/inst/exit_inst/gen_w_cmd_reg.aresetn_d_reg_n_0_[0]                                                   |                2 |              2 |         1.00 |
|  design_1_i/zynq_ultra_ps_e_0/inst/pl_clk0                                                 |                                                                                                                                                                             | design_1_i/smartconnect_0/inst/m00_exit_pipeline/m00_exit/inst/areset                                                                                          |                1 |              2 |         2.00 |
|  design_1_i/zynq_ultra_ps_e_0/inst/pl_clk0                                                 | design_1_i/smartconnect_0/inst/s00_entry_pipeline/s00_si_converter/inst/gen_axilite_conv.axilite_conv_inst/s_axi_rresp_i[1]_i_1_n_0                                         | design_1_i/smartconnect_0/inst/s00_entry_pipeline/s00_si_converter/inst/areset                                                                                 |                1 |              2 |         2.00 |
|  design_1_i/zynq_ultra_ps_e_0/inst/pl_clk0                                                 | design_1_i/animalnet_axi_lite_0/inst/u_animalnet_top/u_conv14/gen_regular.u_conv/pipe_in_range_i_1__11_n_0                                                                  | design_1_i/animalnet_axi_lite_0/inst/u_animalnet_top/u_conv0/gen_regular.u_conv/SR[0]                                                                          |                2 |              2 |         1.00 |
|  design_1_i/zynq_ultra_ps_e_0/inst/pl_clk0                                                 | design_1_i/animalnet_axi_lite_0/inst/u_animalnet_top/u_conv4/gen_regular.u_conv/pipe_in_range_i_1__3_n_0                                                                    | design_1_i/animalnet_axi_lite_0/inst/u_animalnet_top/u_conv0/gen_regular.u_conv/SR[0]                                                                          |                2 |              2 |         1.00 |
|  design_1_i/zynq_ultra_ps_e_0/inst/pl_clk0                                                 |                                                                                                                                                                             | design_1_i/smartconnect_0/inst/s00_entry_pipeline/s00_mmu/inst/areset_d                                                                                        |                2 |              2 |         1.00 |
|  design_1_i/zynq_ultra_ps_e_0/inst/pl_clk0                                                 |                                                                                                                                                                             | design_1_i/smartconnect_0/inst/s00_entry_pipeline/s00_transaction_regulator/inst/gen_endpoint.gen_w_singleorder.w_singleorder/gen_id_reg.aresetn_d_reg_n_0_[0] |                2 |              2 |         1.00 |
|  design_1_i/zynq_ultra_ps_e_0/inst/pl_clk0                                                 |                                                                                                                                                                             | design_1_i/smartconnect_0/inst/s00_entry_pipeline/s00_transaction_regulator/inst/areset                                                                        |                1 |              2 |         2.00 |
|  design_1_i/zynq_ultra_ps_e_0/inst/pl_clk0                                                 | design_1_i/smartconnect_0/inst/s00_entry_pipeline/s00_si_converter/inst/gen_axilite_conv.axilite_conv_inst/m_r_pointer[1]_i_1_n_0                                           | design_1_i/smartconnect_0/inst/s00_entry_pipeline/s00_si_converter/inst/areset                                                                                 |                1 |              2 |         2.00 |
|  design_1_i/zynq_ultra_ps_e_0/inst/pl_clk0                                                 | design_1_i/animalnet_axi_lite_0/inst/u_animalnet_top/input_loaded_reg                                                                                                       | design_1_i/proc_sys_reset_0/U0/peripheral_aresetn[0]                                                                                                           |                1 |              2 |         2.00 |
|  design_1_i/zynq_ultra_ps_e_0/inst/pl_clk0                                                 | design_1_i/animalnet_axi_lite_0/inst/u_animalnet_top/u_conv5/gen_depthwise.u_conv/pipe_in_range_i_1__5_n_0                                                                  | design_1_i/animalnet_axi_lite_0/inst/u_animalnet_top/u_conv0/gen_regular.u_conv/SR[0]                                                                          |                2 |              2 |         1.00 |
|  design_1_i/zynq_ultra_ps_e_0/inst/pl_clk0                                                 | design_1_i/animalnet_axi_lite_0/inst/u_animalnet_top/u_conv1/gen_depthwise.u_conv/pipe_in_range_i_1__10_n_0                                                                 | design_1_i/animalnet_axi_lite_0/inst/u_animalnet_top/u_conv0/gen_regular.u_conv/SR[0]                                                                          |                2 |              2 |         1.00 |
|  design_1_i/zynq_ultra_ps_e_0/inst/pl_clk0                                                 | design_1_i/animalnet_axi_lite_0/inst/u_animalnet_top/u_conv6/gen_regular.u_conv/pipe_in_range_i_1__2_n_0                                                                    | design_1_i/animalnet_axi_lite_0/inst/u_animalnet_top/u_conv0/gen_regular.u_conv/SR[0]                                                                          |                1 |              2 |         2.00 |
|  design_1_i/zynq_ultra_ps_e_0/inst/pl_clk0                                                 | design_1_i/animalnet_axi_lite_0/inst/u_animalnet_top/u_conv9/gen_depthwise.u_conv/pipe_in_range_i_1__9_n_0                                                                  | design_1_i/animalnet_axi_lite_0/inst/u_animalnet_top/u_conv0/gen_regular.u_conv/SR[0]                                                                          |                2 |              2 |         1.00 |
|  design_1_i/zynq_ultra_ps_e_0/inst/pl_clk0                                                 | design_1_i/smartconnect_0/inst/s00_entry_pipeline/s00_si_converter/inst/gen_axilite_conv.axilite_conv_inst/r_state                                                          | design_1_i/smartconnect_0/inst/s00_entry_pipeline/s00_si_converter/inst/areset                                                                                 |                2 |              2 |         1.00 |
|  design_1_i/zynq_ultra_ps_e_0/inst/pl_clk0                                                 | design_1_i/animalnet_axi_lite_0/inst/u_animalnet_top/u_conv13/gen_depthwise.u_conv/pipe_in_range_i_1__6_n_0                                                                 | design_1_i/animalnet_axi_lite_0/inst/u_animalnet_top/u_conv0/gen_regular.u_conv/SR[0]                                                                          |                2 |              2 |         1.00 |
|  design_1_i/zynq_ultra_ps_e_0/inst/pl_clk0                                                 | design_1_i/smartconnect_0/inst/s00_entry_pipeline/s00_mmu/inst/aw_reg_stall/E[0]                                                                                            | design_1_i/smartconnect_0/inst/s00_entry_pipeline/s00_mmu/inst/areset                                                                                          |                1 |              2 |         2.00 |
|  design_1_i/zynq_ultra_ps_e_0/inst/pl_clk0                                                 | design_1_i/animalnet_axi_lite_0/inst/u_animalnet_top/u_conv11/gen_depthwise.u_conv/pipe_in_range_i_1__0_n_0                                                                 | design_1_i/animalnet_axi_lite_0/inst/u_animalnet_top/u_conv0/gen_regular.u_conv/SR[0]                                                                          |                1 |              2 |         2.00 |
|  design_1_i/zynq_ultra_ps_e_0/inst/pl_clk0                                                 | design_1_i/animalnet_axi_lite_0/inst/u_animalnet_top/u_conv2/gen_regular.u_conv/pipe_in_range_i_1__4_n_0                                                                    | design_1_i/animalnet_axi_lite_0/inst/u_animalnet_top/u_conv0/gen_regular.u_conv/SR[0]                                                                          |                1 |              2 |         2.00 |
|  design_1_i/zynq_ultra_ps_e_0/inst/pl_clk0                                                 | design_1_i/animalnet_axi_lite_0/inst/u_animalnet_top/u_conv0/gen_regular.u_conv/pipe_in_range_i_1__13_n_0                                                                   | design_1_i/animalnet_axi_lite_0/inst/u_animalnet_top/u_conv0/gen_regular.u_conv/SR[0]                                                                          |                2 |              2 |         1.00 |
|  design_1_i/zynq_ultra_ps_e_0/inst/pl_clk0                                                 | design_1_i/animalnet_axi_lite_0/inst/u_animalnet_top/u_conv8/gen_regular.u_conv/pipe_in_range_i_1__8_n_0                                                                    | design_1_i/animalnet_axi_lite_0/inst/u_animalnet_top/u_conv0/gen_regular.u_conv/SR[0]                                                                          |                2 |              2 |         1.00 |
|  design_1_i/zynq_ultra_ps_e_0/inst/pl_clk0                                                 | design_1_i/animalnet_axi_lite_0/inst/u_animalnet_top/u_conv3/gen_depthwise.u_conv/FSM_sequential_state[2]_i_2_n_0                                                           | design_1_i/animalnet_axi_lite_0/inst/u_animalnet_top/u_conv0/gen_regular.u_conv/SR[0]                                                                          |                2 |              3 |         1.50 |
|  design_1_i/zynq_ultra_ps_e_0/inst/pl_clk0                                                 | design_1_i/animalnet_axi_lite_0/inst/u_animalnet_top/u_conv5/gen_depthwise.u_conv/FSM_sequential_state[2]_i_1__5_n_0                                                        | design_1_i/animalnet_axi_lite_0/inst/u_animalnet_top/u_conv0/gen_regular.u_conv/SR[0]                                                                          |                3 |              3 |         1.00 |
|  design_1_i/zynq_ultra_ps_e_0/inst/pl_clk0                                                 | design_1_i/animalnet_axi_lite_0/inst/u_animalnet_top/u_conv12/gen_regular.u_conv/FSM_sequential_state[2]_i_1__13_n_0                                                        | design_1_i/animalnet_axi_lite_0/inst/u_animalnet_top/u_conv0/gen_regular.u_conv/SR[0]                                                                          |                2 |              3 |         1.50 |
|  design_1_i/zynq_ultra_ps_e_0/inst/pl_clk0                                                 | design_1_i/animalnet_axi_lite_0/inst/u_animalnet_top/u_conv10/gen_regular.u_conv/FSM_sequential_state[2]_i_1__8_n_0                                                         | design_1_i/animalnet_axi_lite_0/inst/u_animalnet_top/u_conv0/gen_regular.u_conv/SR[0]                                                                          |                2 |              3 |         1.50 |
|  design_1_i/zynq_ultra_ps_e_0/inst/pl_clk0                                                 | design_1_i/animalnet_axi_lite_0/inst/u_animalnet_top/u_conv6/gen_regular.u_conv/FSM_sequential_state[2]_i_1__2_n_0                                                          | design_1_i/animalnet_axi_lite_0/inst/u_animalnet_top/u_conv0/gen_regular.u_conv/SR[0]                                                                          |                2 |              3 |         1.50 |
|  design_1_i/zynq_ultra_ps_e_0/inst/pl_clk0                                                 | design_1_i/smartconnect_0/inst/s00_entry_pipeline/s00_si_converter/inst/gen_axilite_conv.axilite_conv_inst/w_state                                                          | design_1_i/smartconnect_0/inst/s00_entry_pipeline/s00_si_converter/inst/areset                                                                                 |                3 |              3 |         1.00 |
|  design_1_i/zynq_ultra_ps_e_0/inst/pl_clk0                                                 | design_1_i/smartconnect_0/inst/s00_entry_pipeline/s00_si_converter/inst/gen_axilite_conv.axilite_conv_inst/aw_incr                                                          | design_1_i/smartconnect_0/inst/s00_entry_pipeline/s00_si_converter/inst/areset                                                                                 |                2 |              3 |         1.50 |
|  design_1_i/zynq_ultra_ps_e_0/inst/pl_clk0                                                 | design_1_i/animalnet_axi_lite_0/inst/u_animalnet_top/u_conv8/gen_regular.u_conv/FSM_sequential_state[2]_i_1__9_n_0                                                          | design_1_i/animalnet_axi_lite_0/inst/u_animalnet_top/u_conv0/gen_regular.u_conv/SR[0]                                                                          |                2 |              3 |         1.50 |
|  design_1_i/zynq_ultra_ps_e_0/inst/pl_clk0                                                 | design_1_i/animalnet_axi_lite_0/inst/u_animalnet_top/u_conv11/gen_depthwise.u_conv/FSM_sequential_state[2]_i_1_n_0                                                          | design_1_i/animalnet_axi_lite_0/inst/u_animalnet_top/u_conv0/gen_regular.u_conv/SR[0]                                                                          |                2 |              3 |         1.50 |
|  design_1_i/zynq_ultra_ps_e_0/inst/pl_clk0                                                 | design_1_i/animalnet_axi_lite_0/inst/u_animalnet_top/u_conv7/gen_depthwise.u_conv/FSM_sequential_state[2]_i_1__0_n_0                                                        | design_1_i/animalnet_axi_lite_0/inst/u_animalnet_top/u_conv0/gen_regular.u_conv/SR[0]                                                                          |                1 |              3 |         3.00 |
|  design_1_i/zynq_ultra_ps_e_0/inst/pl_clk0                                                 | design_1_i/animalnet_axi_lite_0/inst/u_animalnet_top/u_conv1/gen_depthwise.u_conv/FSM_sequential_state[2]_i_1__11_n_0                                                       | design_1_i/animalnet_axi_lite_0/inst/u_animalnet_top/u_conv0/gen_regular.u_conv/SR[0]                                                                          |                2 |              3 |         1.50 |
|  design_1_i/zynq_ultra_ps_e_0/inst/pl_clk0                                                 | design_1_i/animalnet_axi_lite_0/inst/u_animalnet_top/u_conv13/gen_depthwise.u_conv/FSM_sequential_state[2]_i_1__6_n_0                                                       | design_1_i/animalnet_axi_lite_0/inst/u_animalnet_top/u_conv0/gen_regular.u_conv/SR[0]                                                                          |                2 |              3 |         1.50 |
|  design_1_i/zynq_ultra_ps_e_0/inst/pl_clk0                                                 | design_1_i/animalnet_axi_lite_0/inst/u_animalnet_top/u_conv9/gen_depthwise.u_conv/FSM_sequential_state[2]_i_1__10_n_0                                                       | design_1_i/animalnet_axi_lite_0/inst/u_animalnet_top/u_conv0/gen_regular.u_conv/SR[0]                                                                          |                2 |              3 |         1.50 |
|  design_1_i/zynq_ultra_ps_e_0/inst/pl_clk0                                                 | design_1_i/smartconnect_0/inst/s00_entry_pipeline/s00_mmu/inst/aw_reg_stall/state                                                                                           | design_1_i/smartconnect_0/inst/s00_entry_pipeline/s00_mmu/inst/areset                                                                                          |                1 |              3 |         3.00 |
|  design_1_i/zynq_ultra_ps_e_0/inst/pl_clk0                                                 |                                                                                                                                                                             | design_1_i/proc_sys_reset_0/U0/peripheral_aresetn[0]                                                                                                           |                3 |              3 |         1.00 |
|  design_1_i/zynq_ultra_ps_e_0/inst/pl_clk0                                                 | design_1_i/smartconnect_0/inst/s00_entry_pipeline/s00_mmu/inst/gen_endpoint.decerr_slave_inst/gen_axi.gen_write.write_cs                                                    | design_1_i/smartconnect_0/inst/s00_entry_pipeline/s00_mmu/inst/areset                                                                                          |                1 |              3 |         3.00 |
|  design_1_i/zynq_ultra_ps_e_0/inst/pl_clk0                                                 | design_1_i/animalnet_axi_lite_0/inst/u_animalnet_top/u_conv14/gen_regular.u_conv/FSM_sequential_state[2]_i_1__12_n_0                                                        | design_1_i/animalnet_axi_lite_0/inst/u_animalnet_top/u_conv0/gen_regular.u_conv/SR[0]                                                                          |                2 |              3 |         1.50 |
|  design_1_i/zynq_ultra_ps_e_0/inst/pl_clk0                                                 | design_1_i/animalnet_axi_lite_0/inst/u_animalnet_top/u_conv0/gen_regular.u_conv/FSM_sequential_state[2]_i_1__14_n_0                                                         | design_1_i/animalnet_axi_lite_0/inst/u_animalnet_top/u_conv0/gen_regular.u_conv/SR[0]                                                                          |                2 |              3 |         1.50 |
|  design_1_i/zynq_ultra_ps_e_0/inst/pl_clk0                                                 | design_1_i/animalnet_axi_lite_0/inst/u_animalnet_top/u_conv2/gen_regular.u_conv/FSM_sequential_state[2]_i_1__4_n_0                                                          | design_1_i/animalnet_axi_lite_0/inst/u_animalnet_top/u_conv0/gen_regular.u_conv/SR[0]                                                                          |                2 |              3 |         1.50 |
|  design_1_i/zynq_ultra_ps_e_0/inst/pl_clk0                                                 | design_1_i/animalnet_axi_lite_0/inst/u_animalnet_top/u_conv4/gen_regular.u_conv/FSM_sequential_state[2]_i_1__3_n_0                                                          | design_1_i/animalnet_axi_lite_0/inst/u_animalnet_top/u_conv0/gen_regular.u_conv/SR[0]                                                                          |                2 |              3 |         1.50 |
|  design_1_i/zynq_ultra_ps_e_0/inst/pl_clk0                                                 | design_1_i/animalnet_axi_lite_0/inst/u_animalnet_top/u_linear/FSM_sequential_state[2]_i_1__7_n_0                                                                            | design_1_i/animalnet_axi_lite_0/inst/u_animalnet_top/u_conv0/gen_regular.u_conv/SR[0]                                                                          |                2 |              3 |         1.50 |
|  design_1_i/zynq_ultra_ps_e_0/inst/pl_clk0                                                 | design_1_i/smartconnect_0/inst/s00_entry_pipeline/s00_mmu/inst/ar_reg_stall/state                                                                                           | design_1_i/smartconnect_0/inst/s00_entry_pipeline/s00_mmu/inst/areset                                                                                          |                2 |              3 |         1.50 |
|  design_1_i/zynq_ultra_ps_e_0/inst/pl_clk0                                                 | design_1_i/animalnet_axi_lite_0/inst/u_animalnet_top/u_linear/bias_addr[3]_i_1_n_0                                                                                          | design_1_i/animalnet_axi_lite_0/inst/u_animalnet_top/u_conv0/gen_regular.u_conv/SR[0]                                                                          |                2 |              4 |         2.00 |
|  design_1_i/zynq_ultra_ps_e_0/inst/pl_clk0                                                 | design_1_i/animalnet_axi_lite_0/inst/u_animalnet_top/u_linear/pipe_last_dd_i_1__8_n_0                                                                                       | design_1_i/animalnet_axi_lite_0/inst/u_animalnet_top/u_conv0/gen_regular.u_conv/SR[0]                                                                          |                2 |              4 |         2.00 |
|  design_1_i/zynq_ultra_ps_e_0/inst/pl_clk0                                                 | design_1_i/animalnet_axi_lite_0/inst/u_animalnet_top/done                                                                                                                   | design_1_i/animalnet_axi_lite_0/inst/u_animalnet_top/u_conv0/gen_regular.u_conv/SR[0]                                                                          |                3 |              4 |         1.33 |
|  design_1_i/zynq_ultra_ps_e_0/inst/pl_clk0                                                 | design_1_i/smartconnect_0/inst/s00_entry_pipeline/s00_si_converter/inst/gen_axilite_conv.axilite_conv_inst/w_size_mask[3]_i_1_n_0                                           |                                                                                                                                                                |                2 |              4 |         2.00 |
|  design_1_i/zynq_ultra_ps_e_0/inst/pl_clk0                                                 | design_1_i/animalnet_axi_lite_0/inst/u_animalnet_top/u_argmax/FSM_sequential_state_reg[1][0]                                                                                | design_1_i/animalnet_axi_lite_0/inst/u_animalnet_top/u_conv0/gen_regular.u_conv/SR[0]                                                                          |                1 |              4 |         4.00 |
|  design_1_i/zynq_ultra_ps_e_0/inst/pl_clk0                                                 | design_1_i/smartconnect_0/inst/s00_entry_pipeline/s00_si_converter/inst/gen_axilite_conv.axilite_conv_inst/s_r_pointer[3]_i_1_n_0                                           | design_1_i/smartconnect_0/inst/s00_entry_pipeline/s00_si_converter/inst/areset                                                                                 |                4 |              4 |         1.00 |
|  design_1_i/zynq_ultra_ps_e_0/inst/pl_clk0                                                 | design_1_i/smartconnect_0/inst/s00_entry_pipeline/s00_si_converter/inst/gen_axilite_conv.axilite_conv_inst/w_pointer[3]_i_1_n_0                                             | design_1_i/smartconnect_0/inst/s00_entry_pipeline/s00_si_converter/inst/areset                                                                                 |                1 |              4 |         4.00 |
|  design_1_i/zynq_ultra_ps_e_0/inst/pl_clk0                                                 | design_1_i/animalnet_axi_lite_0/inst/u_animalnet_top/u_pool/pipe_last_dd_i_1__5_n_0                                                                                         | design_1_i/animalnet_axi_lite_0/inst/u_animalnet_top/u_conv0/gen_regular.u_conv/SR[0]                                                                          |                1 |              4 |         4.00 |
|  design_1_i/zynq_ultra_ps_e_0/inst/pl_clk0                                                 | design_1_i/animalnet_axi_lite_0/inst/u_animalnet_top/u_argmax/index                                                                                                         | design_1_i/animalnet_axi_lite_0/inst/u_animalnet_top/u_conv0/gen_regular.u_conv/SR[0]                                                                          |                2 |              4 |         2.00 |
|  design_1_i/zynq_ultra_ps_e_0/inst/pl_clk0                                                 | design_1_i/animalnet_axi_lite_0/inst/u_animalnet_top/u_pool/FSM_onehot_state[3]_i_1_n_0                                                                                     | design_1_i/animalnet_axi_lite_0/inst/u_animalnet_top/u_conv0/gen_regular.u_conv/SR[0]                                                                          |                4 |              4 |         1.00 |
|  design_1_i/zynq_ultra_ps_e_0/inst/pl_clk0                                                 | design_1_i/animalnet_axi_lite_0/inst/u_animalnet_top/u_argmax/FSM_onehot_state_reg_n_0_[1]                                                                                  | design_1_i/animalnet_axi_lite_0/inst/u_animalnet_top/u_conv0/gen_regular.u_conv/SR[0]                                                                          |                4 |              4 |         1.00 |
|  design_1_i/zynq_ultra_ps_e_0/inst/pl_clk0                                                 |                                                                                                                                                                             | design_1_i/smartconnect_0/inst/clk_map/psr_aclk/U0/EXT_LPF/lpf_int                                                                                             |                2 |              4 |         2.00 |
|  design_1_i/zynq_ultra_ps_e_0/inst/pl_clk0                                                 |                                                                                                                                                                             | design_1_i/proc_sys_reset_0/U0/EXT_LPF/lpf_int                                                                                                                 |                2 |              4 |         2.00 |
|  design_1_i/zynq_ultra_ps_e_0/inst/pl_clk0                                                 | design_1_i/smartconnect_0/inst/s00_entry_pipeline/s00_mmu/inst/ar_reg_stall/E[0]                                                                                            | design_1_i/smartconnect_0/inst/s00_entry_pipeline/s00_mmu/inst/areset                                                                                          |                2 |              4 |         2.00 |
|  design_1_i/zynq_ultra_ps_e_0/inst/pl_clk0                                                 | design_1_i/animalnet_axi_lite_0/inst/u_animalnet_top/u_conv1/gen_depthwise.u_conv/bias_addr[4]_i_1_n_0                                                                      | design_1_i/animalnet_axi_lite_0/inst/u_animalnet_top/u_conv0/gen_regular.u_conv/SR[0]                                                                          |                1 |              5 |         5.00 |
|  design_1_i/zynq_ultra_ps_e_0/inst/pl_clk0                                                 | design_1_i/smartconnect_0/inst/s00_entry_pipeline/s00_si_converter/inst/gen_axilite_conv.axilite_conv_inst/ar_addr_d[4]_i_1_n_0                                             | design_1_i/smartconnect_0/inst/s00_entry_pipeline/s00_si_converter/inst/areset                                                                                 |                1 |              5 |         5.00 |
|  design_1_i/zynq_ultra_ps_e_0/inst/pl_clk0                                                 | design_1_i/smartconnect_0/inst/s00_nodes/s00_aw_node/inst/inst_mi_handler/gen_normal_area.inst_fifo_node_payld/gen_reg_fifo.inst_reg_fifo/gen_single_rank.data[152]_i_1_n_0 |                                                                                                                                                                |                2 |              5 |         2.50 |
|  design_1_i/zynq_ultra_ps_e_0/inst/pl_clk0                                                 | design_1_i/smartconnect_0/inst/s00_entry_pipeline/s00_si_converter/inst/gen_axilite_conv.axilite_conv_inst/aw_addr[4]_i_1_n_0                                               | design_1_i/smartconnect_0/inst/s00_entry_pipeline/s00_si_converter/inst/areset                                                                                 |                2 |              5 |         2.50 |
|  design_1_i/zynq_ultra_ps_e_0/inst/pl_clk0                                                 | design_1_i/smartconnect_0/inst/s00_nodes/s00_ar_node/inst/inst_mi_handler/gen_normal_area.inst_fifo_node_payld/gen_reg_fifo.inst_reg_fifo/gen_single_rank.data[152]_i_1_n_0 |                                                                                                                                                                |                1 |              5 |         5.00 |
|  design_1_i/zynq_ultra_ps_e_0/inst/pl_clk0                                                 | design_1_i/animalnet_axi_lite_0/inst/u_animalnet_top/u_conv0/gen_regular.u_conv/bias_addr[4]_i_1__0_n_0                                                                     | design_1_i/animalnet_axi_lite_0/inst/u_animalnet_top/u_conv0/gen_regular.u_conv/SR[0]                                                                          |                5 |              5 |         1.00 |
|  design_1_i/zynq_ultra_ps_e_0/inst/pl_clk0                                                 | design_1_i/animalnet_axi_lite_0/inst/u_animalnet_top/u_conv12/gen_regular.u_conv/pipe_last_dd_i_1__14_n_0                                                                   | design_1_i/animalnet_axi_lite_0/inst/u_animalnet_top/u_conv0/gen_regular.u_conv/SR[0]                                                                          |                3 |              6 |         2.00 |
|  design_1_i/zynq_ultra_ps_e_0/inst/pl_clk0                                                 | design_1_i/animalnet_axi_lite_0/inst/u_animalnet_top/u_conv1/gen_depthwise.u_conv/pipe_last_dd_i_1__12_n_0                                                                  | design_1_i/animalnet_axi_lite_0/inst/u_animalnet_top/u_conv0/gen_regular.u_conv/SR[0]                                                                          |                4 |              6 |         1.50 |
|  design_1_i/zynq_ultra_ps_e_0/inst/pl_clk0                                                 | design_1_i/animalnet_axi_lite_0/inst/u_animalnet_top/u_conv0/gen_regular.u_conv/pipe_last_dd_i_1__15_n_0                                                                    | design_1_i/animalnet_axi_lite_0/inst/u_animalnet_top/u_conv0/gen_regular.u_conv/SR[0]                                                                          |                3 |              6 |         2.00 |
|  design_1_i/zynq_ultra_ps_e_0/inst/pl_clk0                                                 | design_1_i/animalnet_axi_lite_0/inst/u_animalnet_top/u_conv7/gen_depthwise.u_conv/pipe_last_dd_i_1__1_n_0                                                                   | design_1_i/animalnet_axi_lite_0/inst/u_animalnet_top/u_conv0/gen_regular.u_conv/SR[0]                                                                          |                3 |              6 |         2.00 |
|  design_1_i/zynq_ultra_ps_e_0/inst/pl_clk0                                                 | design_1_i/animalnet_axi_lite_0/inst/u_animalnet_top/u_conv4/gen_regular.u_conv/pipe_last_dd_i_1__3_n_0                                                                     | design_1_i/animalnet_axi_lite_0/inst/u_animalnet_top/u_conv0/gen_regular.u_conv/SR[0]                                                                          |                2 |              6 |         3.00 |
|  design_1_i/zynq_ultra_ps_e_0/inst/pl_clk0                                                 | design_1_i/animalnet_axi_lite_0/inst/u_animalnet_top/u_conv5/gen_depthwise.u_conv/pipe_last_dd_i_1__6_n_0                                                                   | design_1_i/animalnet_axi_lite_0/inst/u_animalnet_top/u_conv0/gen_regular.u_conv/SR[0]                                                                          |                4 |              6 |         1.50 |
|  design_1_i/zynq_ultra_ps_e_0/inst/pl_clk0                                                 | design_1_i/animalnet_axi_lite_0/inst/u_animalnet_top/u_conv9/gen_depthwise.u_conv/pipe_last_dd_i_1__11_n_0                                                                  | design_1_i/animalnet_axi_lite_0/inst/u_animalnet_top/u_conv0/gen_regular.u_conv/SR[0]                                                                          |                4 |              6 |         1.50 |
|  design_1_i/zynq_ultra_ps_e_0/inst/pl_clk0                                                 | design_1_i/animalnet_axi_lite_0/inst/u_animalnet_top/u_conv3/gen_depthwise.u_conv/pipe_last_dd_i_1_n_0                                                                      | design_1_i/animalnet_axi_lite_0/inst/u_animalnet_top/u_conv0/gen_regular.u_conv/SR[0]                                                                          |                3 |              6 |         2.00 |
|  design_1_i/zynq_ultra_ps_e_0/inst/pl_clk0                                                 | design_1_i/animalnet_axi_lite_0/inst/u_animalnet_top/u_conv14/gen_regular.u_conv/pipe_last_dd_i_1__13_n_0                                                                   | design_1_i/animalnet_axi_lite_0/inst/u_animalnet_top/u_conv0/gen_regular.u_conv/SR[0]                                                                          |                2 |              6 |         3.00 |
|  design_1_i/zynq_ultra_ps_e_0/inst/pl_clk0                                                 | design_1_i/animalnet_axi_lite_0/inst/u_animalnet_top/u_conv13/gen_depthwise.u_conv/pipe_last_dd_i_1__7_n_0                                                                  | design_1_i/animalnet_axi_lite_0/inst/u_animalnet_top/u_conv0/gen_regular.u_conv/SR[0]                                                                          |                3 |              6 |         2.00 |
|  design_1_i/zynq_ultra_ps_e_0/inst/pl_clk0                                                 | design_1_i/animalnet_axi_lite_0/inst/u_animalnet_top/u_conv6/gen_regular.u_conv/pipe_last_dd_i_1__2_n_0                                                                     | design_1_i/animalnet_axi_lite_0/inst/u_animalnet_top/u_conv0/gen_regular.u_conv/SR[0]                                                                          |                2 |              6 |         3.00 |
|  design_1_i/zynq_ultra_ps_e_0/inst/pl_clk0                                                 | design_1_i/animalnet_axi_lite_0/inst/u_animalnet_top/u_conv11/gen_depthwise.u_conv/pipe_last_dd_i_1__0_n_0                                                                  | design_1_i/animalnet_axi_lite_0/inst/u_animalnet_top/u_conv0/gen_regular.u_conv/SR[0]                                                                          |                4 |              6 |         1.50 |
|  design_1_i/zynq_ultra_ps_e_0/inst/pl_clk0                                                 | design_1_i/animalnet_axi_lite_0/inst/u_animalnet_top/u_conv10/gen_regular.u_conv/pipe_last_dd_i_1__9_n_0                                                                    | design_1_i/animalnet_axi_lite_0/inst/u_animalnet_top/u_conv0/gen_regular.u_conv/SR[0]                                                                          |                3 |              6 |         2.00 |
|  design_1_i/zynq_ultra_ps_e_0/inst/pl_clk0                                                 | design_1_i/animalnet_axi_lite_0/inst/u_animalnet_top/u_conv3/gen_depthwise.u_conv/bias_addr[5]_i_1_n_0                                                                      | design_1_i/animalnet_axi_lite_0/inst/u_animalnet_top/u_conv0/gen_regular.u_conv/SR[0]                                                                          |                2 |              6 |         3.00 |
|  design_1_i/zynq_ultra_ps_e_0/inst/pl_clk0                                                 | design_1_i/animalnet_axi_lite_0/inst/u_animalnet_top/u_conv2/gen_regular.u_conv/pipe_last_dd_i_1__4_n_0                                                                     | design_1_i/animalnet_axi_lite_0/inst/u_animalnet_top/u_conv0/gen_regular.u_conv/SR[0]                                                                          |                2 |              6 |         3.00 |
|  design_1_i/zynq_ultra_ps_e_0/inst/pl_clk0                                                 | design_1_i/animalnet_axi_lite_0/inst/u_animalnet_top/u_conv2/gen_regular.u_conv/bias_addr[5]_i_1__0_n_0                                                                     | design_1_i/animalnet_axi_lite_0/inst/u_animalnet_top/u_conv0/gen_regular.u_conv/SR[0]                                                                          |                1 |              6 |         6.00 |
|  design_1_i/zynq_ultra_ps_e_0/inst/pl_clk0                                                 | design_1_i/proc_sys_reset_0/U0/SEQ/seq_cnt_en                                                                                                                               | design_1_i/proc_sys_reset_0/U0/SEQ/seq_clr                                                                                                                     |                1 |              6 |         6.00 |
|  design_1_i/zynq_ultra_ps_e_0/inst/pl_clk0                                                 | design_1_i/smartconnect_0/inst/clk_map/psr_aclk/U0/SEQ/seq_cnt_en                                                                                                           | design_1_i/smartconnect_0/inst/clk_map/psr_aclk/U0/SEQ/seq_clr                                                                                                 |                2 |              6 |         3.00 |
|  design_1_i/zynq_ultra_ps_e_0/inst/pl_clk0                                                 | design_1_i/animalnet_axi_lite_0/inst/u_animalnet_top/u_conv8/gen_regular.u_conv/pipe_last_dd_i_1__10_n_0                                                                    | design_1_i/animalnet_axi_lite_0/inst/u_animalnet_top/u_conv0/gen_regular.u_conv/SR[0]                                                                          |                3 |              6 |         2.00 |
|  design_1_i/zynq_ultra_ps_e_0/inst/pl_clk0                                                 | design_1_i/animalnet_axi_lite_0/inst/u_animalnet_top/u_argmax/FSM_onehot_state[6]_i_1_n_0                                                                                   | design_1_i/animalnet_axi_lite_0/inst/u_animalnet_top/u_conv0/gen_regular.u_conv/SR[0]                                                                          |                2 |              7 |         3.50 |
|  design_1_i/zynq_ultra_ps_e_0/inst/pl_clk0                                                 | design_1_i/animalnet_axi_lite_0/inst/u_animalnet_top/u_conv5/gen_depthwise.u_conv/bias_addr[6]_i_1__2_n_0                                                                   | design_1_i/animalnet_axi_lite_0/inst/u_animalnet_top/u_conv0/gen_regular.u_conv/SR[0]                                                                          |                4 |              7 |         1.75 |
|  design_1_i/zynq_ultra_ps_e_0/inst/pl_clk0                                                 | design_1_i/animalnet_axi_lite_0/inst/u_animalnet_top/u_conv6/gen_regular.u_conv/bias_addr[6]_i_1__0_n_0                                                                     | design_1_i/animalnet_axi_lite_0/inst/u_animalnet_top/u_conv0/gen_regular.u_conv/SR[0]                                                                          |                3 |              7 |         2.33 |
|  design_1_i/zynq_ultra_ps_e_0/inst/pl_clk0                                                 | design_1_i/animalnet_axi_lite_0/inst/u_animalnet_top/u_conv4/gen_regular.u_conv/bias_addr[6]_i_1__1_n_0                                                                     | design_1_i/animalnet_axi_lite_0/inst/u_animalnet_top/u_conv0/gen_regular.u_conv/SR[0]                                                                          |                5 |              7 |         1.40 |
|  design_1_i/zynq_ultra_ps_e_0/inst/pl_clk0                                                 | design_1_i/animalnet_axi_lite_0/inst/u_animalnet_top/u_conv7/gen_depthwise.u_conv/bias_addr[6]_i_1_n_0                                                                      | design_1_i/animalnet_axi_lite_0/inst/u_animalnet_top/u_conv0/gen_regular.u_conv/SR[0]                                                                          |                4 |              7 |         1.75 |
|  design_1_i/zynq_ultra_ps_e_0/inst/pl_clk0                                                 | design_1_i/animalnet_axi_lite_0/inst/u_animalnet_top/u_conv13/gen_depthwise.u_conv/bias_addr[7]_i_1__0_n_0                                                                  | design_1_i/animalnet_axi_lite_0/inst/u_animalnet_top/u_conv0/gen_regular.u_conv/SR[0]                                                                          |                4 |              8 |         2.00 |
|  design_1_i/zynq_ultra_ps_e_0/inst/pl_clk0                                                 | design_1_i/animalnet_axi_lite_0/inst/u_animalnet_top/u_conv8/gen_regular.u_conv/bias_addr[7]_i_1__2_n_0                                                                     | design_1_i/animalnet_axi_lite_0/inst/u_animalnet_top/u_conv0/gen_regular.u_conv/SR[0]                                                                          |                4 |              8 |         2.00 |
|  design_1_i/zynq_ultra_ps_e_0/inst/pl_clk0                                                 | design_1_i/animalnet_axi_lite_0/inst/u_animalnet_top/u_conv11/gen_depthwise.u_conv/bias_addr[7]_i_1_n_0                                                                     | design_1_i/animalnet_axi_lite_0/inst/u_animalnet_top/u_conv0/gen_regular.u_conv/SR[0]                                                                          |                1 |              8 |         8.00 |
|  design_1_i/zynq_ultra_ps_e_0/inst/pl_clk0                                                 | design_1_i/animalnet_axi_lite_0/inst/u_animalnet_top/u_conv1/gen_depthwise.u_conv/weight_addr[7]_i_1_n_0                                                                    | design_1_i/animalnet_axi_lite_0/inst/u_animalnet_top/u_conv0/gen_regular.u_conv/SR[0]                                                                          |                1 |              8 |         8.00 |
|  design_1_i/zynq_ultra_ps_e_0/inst/pl_clk0                                                 | design_1_i/animalnet_axi_lite_0/inst/u_animalnet_top/u_conv12/gen_regular.u_conv/bias_addr[7]_i_1__4_n_0                                                                    | design_1_i/animalnet_axi_lite_0/inst/u_animalnet_top/u_conv0/gen_regular.u_conv/SR[0]                                                                          |                3 |              8 |         2.67 |
|  design_1_i/zynq_ultra_ps_e_0/inst/pl_clk0                                                 | design_1_i/smartconnect_0/inst/s00_entry_pipeline/s00_si_converter/inst/gen_axilite_conv.axilite_conv_inst/r_beats[7]_i_1_n_0                                               | design_1_i/smartconnect_0/inst/s00_entry_pipeline/s00_si_converter/inst/areset                                                                                 |                3 |              8 |         2.67 |
|  design_1_i/zynq_ultra_ps_e_0/inst/pl_clk0                                                 | design_1_i/animalnet_axi_lite_0/inst/u_animalnet_top/u_conv10/gen_regular.u_conv/bias_addr[7]_i_1__1_n_0                                                                    | design_1_i/animalnet_axi_lite_0/inst/u_animalnet_top/u_conv0/gen_regular.u_conv/SR[0]                                                                          |                2 |              8 |         4.00 |
|  design_1_i/zynq_ultra_ps_e_0/inst/pl_clk0                                                 | design_1_i/animalnet_axi_lite_0/inst/u_animalnet_top/u_conv9/gen_depthwise.u_conv/bias_addr[7]_i_1__3_n_0                                                                   | design_1_i/animalnet_axi_lite_0/inst/u_animalnet_top/u_conv0/gen_regular.u_conv/SR[0]                                                                          |                1 |              8 |         8.00 |
|  design_1_i/zynq_ultra_ps_e_0/inst/pl_clk0                                                 | design_1_i/smartconnect_0/inst/s00_entry_pipeline/s00_mmu/inst/gen_endpoint.decerr_slave_inst/gen_axi.gen_read.read_cnt[7]_i_1_n_0                                          | design_1_i/smartconnect_0/inst/s00_entry_pipeline/s00_mmu/inst/areset                                                                                          |                3 |              8 |         2.67 |
|  design_1_i/zynq_ultra_ps_e_0/inst/pl_clk0                                                 | design_1_i/animalnet_axi_lite_0/inst/u_animalnet_top/u_conv3/gen_depthwise.u_conv/weight_addr[8]_i_1_n_0                                                                    | design_1_i/animalnet_axi_lite_0/inst/u_animalnet_top/u_conv0/gen_regular.u_conv/SR[0]                                                                          |                2 |              9 |         4.50 |
|  design_1_i/zynq_ultra_ps_e_0/inst/pl_clk0                                                 | design_1_i/animalnet_axi_lite_0/inst/u_animalnet_top/u_conv14/gen_regular.u_conv/bias_addr[8]_i_1_n_0                                                                       | design_1_i/animalnet_axi_lite_0/inst/u_animalnet_top/u_conv0/gen_regular.u_conv/SR[0]                                                                          |                3 |              9 |         3.00 |
|  design_1_i/zynq_ultra_ps_e_0/inst/pl_clk0                                                 |                                                                                                                                                                             | design_1_i/smartconnect_0/inst/s00_entry_pipeline/s00_mmu/inst/areset                                                                                          |                7 |             10 |         1.43 |
|  design_1_i/zynq_ultra_ps_e_0/inst/pl_clk0                                                 | design_1_i/animalnet_axi_lite_0/inst/u_animalnet_top/u_conv0/gen_regular.u_conv/weight_addr[9]_i_1__1_n_0                                                                   | design_1_i/animalnet_axi_lite_0/inst/u_animalnet_top/u_conv0/gen_regular.u_conv/SR[0]                                                                          |                2 |             10 |         5.00 |
|  design_1_i/zynq_ultra_ps_e_0/inst/pl_clk0                                                 | design_1_i/animalnet_axi_lite_0/inst/u_animalnet_top/u_argmax/E[0]                                                                                                          | design_1_i/animalnet_axi_lite_0/inst/u_animalnet_top/u_conv0/gen_regular.u_conv/SR[0]                                                                          |                6 |             10 |         1.67 |
|  design_1_i/zynq_ultra_ps_e_0/inst/pl_clk0                                                 | design_1_i/animalnet_axi_lite_0/inst/u_animalnet_top/u_conv5/gen_depthwise.u_conv/weight_addr[9]_i_1__0_n_0                                                                 | design_1_i/animalnet_axi_lite_0/inst/u_animalnet_top/u_conv0/gen_regular.u_conv/SR[0]                                                                          |                2 |             10 |         5.00 |
|  design_1_i/zynq_ultra_ps_e_0/inst/pl_clk0                                                 | design_1_i/smartconnect_0/inst/s00_entry_pipeline/s00_si_converter/inst/gen_axilite_conv.axilite_conv_inst/ar_cnt[9]_i_1_n_0                                                | design_1_i/smartconnect_0/inst/s00_entry_pipeline/s00_si_converter/inst/areset                                                                                 |                5 |             10 |         2.00 |
|  design_1_i/zynq_ultra_ps_e_0/inst/pl_clk0                                                 | design_1_i/animalnet_axi_lite_0/inst/u_animalnet_top/u_conv7/gen_depthwise.u_conv/weight_addr[9]_i_1_n_0                                                                    | design_1_i/animalnet_axi_lite_0/inst/u_animalnet_top/u_conv0/gen_regular.u_conv/SR[0]                                                                          |                2 |             10 |         5.00 |
|  design_1_i/zynq_ultra_ps_e_0/inst/pl_clk0                                                 | design_1_i/smartconnect_0/inst/s00_entry_pipeline/s00_si_converter/inst/gen_axilite_conv.axilite_conv_inst/r_cnt[10]_i_1_n_0                                                | design_1_i/smartconnect_0/inst/s00_entry_pipeline/s00_si_converter/inst/areset                                                                                 |                5 |             11 |         2.20 |
|  design_1_i/zynq_ultra_ps_e_0/inst/pl_clk0                                                 | design_1_i/smartconnect_0/inst/s00_entry_pipeline/s00_si_converter/inst/gen_axilite_conv.axilite_conv_inst/w_cnt[10]_i_1_n_0                                                | design_1_i/smartconnect_0/inst/s00_entry_pipeline/s00_si_converter/inst/areset                                                                                 |                3 |             11 |         3.67 |
|  design_1_i/zynq_ultra_ps_e_0/inst/pl_clk0                                                 | design_1_i/animalnet_axi_lite_0/inst/u_animalnet_top/u_conv9/gen_depthwise.u_conv/weight_addr[10]_i_1__1_n_0                                                                | design_1_i/animalnet_axi_lite_0/inst/u_animalnet_top/u_conv0/gen_regular.u_conv/SR[0]                                                                          |                2 |             11 |         5.50 |
|  design_1_i/zynq_ultra_ps_e_0/inst/pl_clk0                                                 | design_1_i/animalnet_axi_lite_0/inst/u_animalnet_top/u_conv11/gen_depthwise.u_conv/weight_addr[10]_i_1_n_0                                                                  | design_1_i/animalnet_axi_lite_0/inst/u_animalnet_top/u_conv0/gen_regular.u_conv/SR[0]                                                                          |                2 |             11 |         5.50 |
|  design_1_i/zynq_ultra_ps_e_0/inst/pl_clk0                                                 | design_1_i/smartconnect_0/inst/s00_entry_pipeline/s00_si_converter/inst/gen_axilite_conv.axilite_conv_inst/b_cnt                                                            | design_1_i/smartconnect_0/inst/s00_entry_pipeline/s00_si_converter/inst/gen_axilite_conv.axilite_conv_inst/b_cnt[10]_i_1_n_0                                   |                4 |             11 |         2.75 |
|  design_1_i/zynq_ultra_ps_e_0/inst/pl_clk0                                                 | design_1_i/animalnet_axi_lite_0/inst/u_animalnet_top/u_conv2/gen_regular.u_conv/weight_addr[10]_i_1__0_n_0                                                                  | design_1_i/animalnet_axi_lite_0/inst/u_animalnet_top/u_conv0/gen_regular.u_conv/SR[0]                                                                          |                2 |             11 |         5.50 |
|  design_1_i/zynq_ultra_ps_e_0/inst/pl_clk0                                                 |                                                                                                                                                                             | design_1_i/smartconnect_0/inst/s00_entry_pipeline/s00_si_converter/inst/areset                                                                                 |                8 |             12 |         1.50 |
|  design_1_i/zynq_ultra_ps_e_0/inst/pl_clk0                                                 | design_1_i/animalnet_axi_lite_0/inst/u_animalnet_top/u_conv13/gen_depthwise.u_conv/weight_addr[11]_i_1__0_n_0                                                               | design_1_i/animalnet_axi_lite_0/inst/u_animalnet_top/u_conv0/gen_regular.u_conv/SR[0]                                                                          |                2 |             12 |         6.00 |
|  design_1_i/zynq_ultra_ps_e_0/inst/pl_clk0                                                 | design_1_i/animalnet_axi_lite_0/inst/u_animalnet_top/u_conv4/gen_regular.u_conv/weight_addr[11]_i_1_n_0                                                                     | design_1_i/animalnet_axi_lite_0/inst/u_animalnet_top/u_conv0/gen_regular.u_conv/SR[0]                                                                          |                2 |             12 |         6.00 |
|  design_1_i/zynq_ultra_ps_e_0/inst/pl_clk0                                                 | design_1_i/animalnet_axi_lite_0/inst/u_animalnet_top/u_conv6/gen_regular.u_conv/weight_addr[12]_i_1_n_0                                                                     | design_1_i/animalnet_axi_lite_0/inst/u_animalnet_top/u_conv0/gen_regular.u_conv/SR[0]                                                                          |                2 |             13 |         6.50 |
|  design_1_i/zynq_ultra_ps_e_0/inst/pl_clk0                                                 | design_1_i/animalnet_axi_lite_0/inst/u_animalnet_top/u_conv8/gen_regular.u_conv/weight_addr[13]_i_1_n_0                                                                     | design_1_i/animalnet_axi_lite_0/inst/u_animalnet_top/u_conv0/gen_regular.u_conv/SR[0]                                                                          |                2 |             14 |         7.00 |
|  design_1_i/zynq_ultra_ps_e_0/inst/pl_clk0                                                 | design_1_i/animalnet_axi_lite_0/inst/u_animalnet_top/u_conv4/gen_regular.u_conv/output_data[14]_i_1__3_n_0                                                                  | design_1_i/animalnet_axi_lite_0/inst/u_animalnet_top/u_conv0/gen_regular.u_conv/SR[0]                                                                          |                6 |             15 |         2.50 |
|  design_1_i/zynq_ultra_ps_e_0/inst/pl_clk0                                                 | design_1_i/animalnet_axi_lite_0/inst/u_animalnet_top/u_conv7/gen_depthwise.u_conv/output_data[14]_i_1__1_n_0                                                                | design_1_i/animalnet_axi_lite_0/inst/u_animalnet_top/u_conv0/gen_regular.u_conv/SR[0]                                                                          |                5 |             15 |         3.00 |
|  design_1_i/zynq_ultra_ps_e_0/inst/pl_clk0                                                 | design_1_i/animalnet_axi_lite_0/inst/u_animalnet_top/u_conv10/gen_regular.u_conv/weight_addr[14]_i_1_n_0                                                                    | design_1_i/animalnet_axi_lite_0/inst/u_animalnet_top/u_conv0/gen_regular.u_conv/SR[0]                                                                          |                2 |             15 |         7.50 |
|  design_1_i/zynq_ultra_ps_e_0/inst/pl_clk0                                                 | design_1_i/animalnet_axi_lite_0/inst/u_animalnet_top/u_conv12/gen_regular.u_conv/output_we_i_1__13_n_0                                                                      | design_1_i/animalnet_axi_lite_0/inst/u_animalnet_top/u_conv0/gen_regular.u_conv/SR[0]                                                                          |                3 |             15 |         5.00 |
|  design_1_i/zynq_ultra_ps_e_0/inst/pl_clk0                                                 | design_1_i/animalnet_axi_lite_0/inst/u_animalnet_top/u_conv2/gen_regular.u_conv/output_data[14]_i_1__4_n_0                                                                  | design_1_i/animalnet_axi_lite_0/inst/u_animalnet_top/u_conv0/gen_regular.u_conv/SR[0]                                                                          |                4 |             15 |         3.75 |
|  design_1_i/zynq_ultra_ps_e_0/inst/pl_clk0                                                 | design_1_i/animalnet_axi_lite_0/inst/u_animalnet_top/u_conv14/gen_regular.u_conv/CEP                                                                                        | design_1_i/animalnet_axi_lite_0/inst/u_animalnet_top/u_conv0/gen_regular.u_conv/SR[0]                                                                          |                3 |             15 |         5.00 |
|  design_1_i/zynq_ultra_ps_e_0/inst/pl_clk0                                                 | design_1_i/animalnet_axi_lite_0/inst/u_animalnet_top/u_conv6/gen_regular.u_conv/output_data[14]_i_1__2_n_0                                                                  | design_1_i/animalnet_axi_lite_0/inst/u_animalnet_top/u_conv0/gen_regular.u_conv/SR[0]                                                                          |                6 |             15 |         2.50 |
|  design_1_i/zynq_ultra_ps_e_0/inst/pl_clk0                                                 | design_1_i/animalnet_axi_lite_0/inst/u_animalnet_top/u_conv10/gen_regular.u_conv/output_data[14]_i_1__8_n_0                                                                 | design_1_i/animalnet_axi_lite_0/inst/u_animalnet_top/u_conv0/gen_regular.u_conv/SR[0]                                                                          |                4 |             15 |         3.75 |
|  design_1_i/zynq_ultra_ps_e_0/inst/pl_clk0                                                 | design_1_i/animalnet_axi_lite_0/inst/u_animalnet_top/u_conv11/gen_depthwise.u_conv/output_data[14]_i_1__0_n_0                                                               | design_1_i/animalnet_axi_lite_0/inst/u_animalnet_top/u_conv0/gen_regular.u_conv/SR[0]                                                                          |                3 |             15 |         5.00 |
|  design_1_i/zynq_ultra_ps_e_0/inst/pl_clk0                                                 | design_1_i/animalnet_axi_lite_0/inst/u_animalnet_top/u_conv8/gen_regular.u_conv/output_data[14]_i_1__9_n_0                                                                  | design_1_i/animalnet_axi_lite_0/inst/u_animalnet_top/u_conv0/gen_regular.u_conv/SR[0]                                                                          |                5 |             15 |         3.00 |
|  design_1_i/zynq_ultra_ps_e_0/inst/pl_clk0                                                 | design_1_i/animalnet_axi_lite_0/inst/u_animalnet_top/u_conv3/gen_depthwise.u_conv/output_data[14]_i_1_n_0                                                                   | design_1_i/animalnet_axi_lite_0/inst/u_animalnet_top/u_conv0/gen_regular.u_conv/SR[0]                                                                          |                5 |             15 |         3.00 |
|  design_1_i/zynq_ultra_ps_e_0/inst/pl_clk0                                                 | design_1_i/animalnet_axi_lite_0/inst/u_animalnet_top/u_conv13/gen_depthwise.u_conv/CEP                                                                                      | design_1_i/animalnet_axi_lite_0/inst/u_animalnet_top/u_conv0/gen_regular.u_conv/SR[0]                                                                          |                3 |             15 |         5.00 |
|  design_1_i/zynq_ultra_ps_e_0/inst/pl_clk0                                                 | design_1_i/animalnet_axi_lite_0/inst/u_animalnet_top/u_conv14/gen_regular.u_conv/output_we_i_1__12_n_0                                                                      | design_1_i/animalnet_axi_lite_0/inst/u_animalnet_top/u_conv0/gen_regular.u_conv/SR[0]                                                                          |                4 |             15 |         3.75 |
|  design_1_i/zynq_ultra_ps_e_0/inst/pl_clk0                                                 | design_1_i/animalnet_axi_lite_0/inst/u_animalnet_top/u_conv13/gen_depthwise.u_conv/output_we_i_1__6_n_0                                                                     | design_1_i/animalnet_axi_lite_0/inst/u_animalnet_top/u_conv0/gen_regular.u_conv/SR[0]                                                                          |                3 |             15 |         5.00 |
|  design_1_i/zynq_ultra_ps_e_0/inst/pl_clk0                                                 | design_1_i/animalnet_axi_lite_0/inst/u_animalnet_top/u_conv12/gen_regular.u_conv/CEP                                                                                        | design_1_i/animalnet_axi_lite_0/inst/u_animalnet_top/u_conv0/gen_regular.u_conv/SR[0]                                                                          |                3 |             15 |         5.00 |
|  design_1_i/zynq_ultra_ps_e_0/inst/pl_clk0                                                 | design_1_i/animalnet_axi_lite_0/inst/u_animalnet_top/u_pool/input_addr[14]_i_1__0_n_0                                                                                       | design_1_i/animalnet_axi_lite_0/inst/u_animalnet_top/u_conv0/gen_regular.u_conv/SR[0]                                                                          |                3 |             15 |         5.00 |
|  design_1_i/zynq_ultra_ps_e_0/inst/pl_clk0                                                 | design_1_i/animalnet_axi_lite_0/inst/u_animalnet_top/u_conv11/gen_depthwise.u_conv/output_we_i_1__0_n_0                                                                     | design_1_i/animalnet_axi_lite_0/inst/u_animalnet_top/u_conv0/gen_regular.u_conv/SR[0]                                                                          |                3 |             15 |         5.00 |
|  design_1_i/zynq_ultra_ps_e_0/inst/pl_clk0                                                 | design_1_i/animalnet_axi_lite_0/inst/u_animalnet_top/u_conv8/gen_regular.u_conv/CEP                                                                                         | design_1_i/animalnet_axi_lite_0/inst/u_animalnet_top/u_conv0/gen_regular.u_conv/SR[0]                                                                          |                2 |             16 |         8.00 |
|  design_1_i/zynq_ultra_ps_e_0/inst/pl_clk0                                                 | design_1_i/smartconnect_0/inst/s00_entry_pipeline/s00_transaction_regulator/inst/gen_endpoint.gen_r_singleorder.r_singleorder/gen_id_reg.s_rid_i0                           |                                                                                                                                                                |                3 |             16 |         5.33 |
|  design_1_i/zynq_ultra_ps_e_0/inst/pl_clk0                                                 | design_1_i/smartconnect_0/inst/s00_entry_pipeline/s00_transaction_regulator/inst/gen_endpoint.gen_w_singleorder.w_singleorder/gen_id_reg.s_rid_i0                           |                                                                                                                                                                |                3 |             16 |         5.33 |
|  design_1_i/zynq_ultra_ps_e_0/inst/pl_clk0                                                 | design_1_i/animalnet_axi_lite_0/inst/u_animalnet_top/u_conv14/gen_regular.u_conv/output_data[15]_i_1__5_n_0                                                                 | design_1_i/animalnet_axi_lite_0/inst/u_animalnet_top/u_conv0/gen_regular.u_conv/SR[0]                                                                          |                5 |             16 |         3.20 |
|  design_1_i/zynq_ultra_ps_e_0/inst/pl_clk0                                                 | design_1_i/animalnet_axi_lite_0/inst/input_data                                                                                                                             | design_1_i/proc_sys_reset_0/U0/peripheral_aresetn[0]                                                                                                           |                6 |             16 |         2.67 |
|  design_1_i/zynq_ultra_ps_e_0/inst/pl_clk0                                                 | design_1_i/smartconnect_0/inst/s00_entry_pipeline/s00_mmu/inst/gen_endpoint.decerr_slave_inst/gen_axi.gen_write.s_axi_bid_i[15]_i_1_n_0                                     | design_1_i/smartconnect_0/inst/s00_entry_pipeline/s00_mmu/inst/areset                                                                                          |                3 |             16 |         5.33 |
|  design_1_i/zynq_ultra_ps_e_0/inst/pl_clk0                                                 | design_1_i/animalnet_axi_lite_0/inst/u_animalnet_top/u_conv5/gen_depthwise.u_conv/output_data[15]_i_1_n_0                                                                   | design_1_i/animalnet_axi_lite_0/inst/u_animalnet_top/u_conv0/gen_regular.u_conv/SR[0]                                                                          |                6 |             16 |         2.67 |
|  design_1_i/zynq_ultra_ps_e_0/inst/pl_clk0                                                 | design_1_i/smartconnect_0/inst/s00_entry_pipeline/s00_mmu/inst/gen_endpoint.decerr_slave_inst/gen_axi.gen_read.s_axi_rid_i[15]_i_1_n_0                                      | design_1_i/smartconnect_0/inst/s00_entry_pipeline/s00_mmu/inst/areset                                                                                          |                3 |             16 |         5.33 |
|  design_1_i/zynq_ultra_ps_e_0/inst/pl_clk0                                                 | design_1_i/animalnet_axi_lite_0/inst/u_animalnet_top/u_conv9/gen_depthwise.u_conv/output_we_i_1__10_n_0                                                                     | design_1_i/animalnet_axi_lite_0/inst/u_animalnet_top/u_conv0/gen_regular.u_conv/SR[0]                                                                          |                2 |             16 |         8.00 |
|  design_1_i/zynq_ultra_ps_e_0/inst/pl_clk0                                                 | design_1_i/animalnet_axi_lite_0/inst/u_animalnet_top/u_conv10/gen_regular.u_conv/CEP                                                                                        | design_1_i/animalnet_axi_lite_0/inst/u_animalnet_top/u_conv0/gen_regular.u_conv/SR[0]                                                                          |                2 |             16 |         8.00 |
|  design_1_i/zynq_ultra_ps_e_0/inst/pl_clk0                                                 | design_1_i/animalnet_axi_lite_0/inst/u_animalnet_top/u_conv9/gen_depthwise.u_conv/output_data[15]_i_1__3_n_0                                                                | design_1_i/animalnet_axi_lite_0/inst/u_animalnet_top/u_conv0/gen_regular.u_conv/SR[0]                                                                          |                6 |             16 |         2.67 |
|  design_1_i/zynq_ultra_ps_e_0/inst/pl_clk0                                                 | design_1_i/animalnet_axi_lite_0/inst/u_animalnet_top/u_argmax/sample_data                                                                                                   | design_1_i/animalnet_axi_lite_0/inst/u_animalnet_top/u_conv0/gen_regular.u_conv/SR[0]                                                                          |                5 |             16 |         3.20 |
|  design_1_i/zynq_ultra_ps_e_0/inst/pl_clk0                                                 | design_1_i/animalnet_axi_lite_0/inst/u_animalnet_top/u_conv9/gen_depthwise.u_conv/CEP                                                                                       | design_1_i/animalnet_axi_lite_0/inst/u_animalnet_top/u_conv0/gen_regular.u_conv/SR[0]                                                                          |                2 |             16 |         8.00 |
|  design_1_i/zynq_ultra_ps_e_0/inst/pl_clk0                                                 | design_1_i/animalnet_axi_lite_0/inst/u_animalnet_top/u_conv8/gen_regular.u_conv/output_we_i_1__9_n_0                                                                        | design_1_i/animalnet_axi_lite_0/inst/u_animalnet_top/u_conv0/gen_regular.u_conv/SR[0]                                                                          |                2 |             16 |         8.00 |
|  design_1_i/zynq_ultra_ps_e_0/inst/pl_clk0                                                 | design_1_i/animalnet_axi_lite_0/inst/u_animalnet_top/u_conv13/gen_depthwise.u_conv/output_data[15]_i_1__0_n_0                                                               | design_1_i/animalnet_axi_lite_0/inst/u_animalnet_top/u_conv0/gen_regular.u_conv/SR[0]                                                                          |                7 |             16 |         2.29 |
|  design_1_i/zynq_ultra_ps_e_0/inst/pl_clk0                                                 | design_1_i/animalnet_axi_lite_0/inst/u_animalnet_top/u_conv0/gen_regular.u_conv/output_data[15]_i_1__7_n_0                                                                  | design_1_i/animalnet_axi_lite_0/inst/u_animalnet_top/u_conv0/gen_regular.u_conv/SR[0]                                                                          |                7 |             16 |         2.29 |
|  design_1_i/zynq_ultra_ps_e_0/inst/pl_clk0                                                 | design_1_i/animalnet_axi_lite_0/inst/u_animalnet_top/u_conv12/gen_regular.u_conv/weight_addr[15]_i_1_n_0                                                                    | design_1_i/animalnet_axi_lite_0/inst/u_animalnet_top/u_conv0/gen_regular.u_conv/SR[0]                                                                          |                2 |             16 |         8.00 |
|  design_1_i/zynq_ultra_ps_e_0/inst/pl_clk0                                                 | design_1_i/animalnet_axi_lite_0/inst/u_animalnet_top/u_conv7/gen_depthwise.u_conv/output_we_i_1__1_n_0                                                                      | design_1_i/animalnet_axi_lite_0/inst/u_animalnet_top/u_conv0/gen_regular.u_conv/SR[0]                                                                          |                2 |             16 |         8.00 |
|  design_1_i/zynq_ultra_ps_e_0/inst/pl_clk0                                                 | design_1_i/animalnet_axi_lite_0/inst/u_animalnet_top/u_conv1/gen_depthwise.u_conv/output_data[15]_i_1__4_n_0                                                                | design_1_i/animalnet_axi_lite_0/inst/u_animalnet_top/u_conv0/gen_regular.u_conv/SR[0]                                                                          |                6 |             16 |         2.67 |
|  design_1_i/zynq_ultra_ps_e_0/inst/pl_clk0                                                 | design_1_i/animalnet_axi_lite_0/inst/u_animalnet_top/u_conv12/gen_regular.u_conv/output_data[15]_i_1__6_n_0                                                                 | design_1_i/animalnet_axi_lite_0/inst/u_animalnet_top/u_conv0/gen_regular.u_conv/SR[0]                                                                          |                4 |             16 |         4.00 |
|  design_1_i/zynq_ultra_ps_e_0/inst/pl_clk0                                                 | design_1_i/animalnet_axi_lite_0/inst/u_animalnet_top/u_conv14/gen_regular.u_conv/weight_addr[16]_i_1_n_0                                                                    | design_1_i/animalnet_axi_lite_0/inst/u_animalnet_top/u_conv0/gen_regular.u_conv/SR[0]                                                                          |                4 |             17 |         4.25 |
|  design_1_i/zynq_ultra_ps_e_0/inst/pl_clk0                                                 | design_1_i/animalnet_axi_lite_0/inst/u_animalnet_top/u_conv10/gen_regular.u_conv/output_we_i_1__8_n_0                                                                       | design_1_i/animalnet_axi_lite_0/inst/u_animalnet_top/u_conv0/gen_regular.u_conv/SR[0]                                                                          |                3 |             17 |         5.67 |
|  design_1_i/zynq_ultra_ps_e_0/inst/pl_clk0                                                 | design_1_i/animalnet_axi_lite_0/inst/u_animalnet_top/u_conv4/gen_regular.u_conv/output_we_i_1__3_n_0                                                                        | design_1_i/animalnet_axi_lite_0/inst/u_animalnet_top/u_conv0/gen_regular.u_conv/SR[0]                                                                          |                3 |             17 |         5.67 |
|  design_1_i/zynq_ultra_ps_e_0/inst/pl_clk0                                                 | design_1_i/animalnet_axi_lite_0/inst/u_animalnet_top/u_conv4/gen_regular.u_conv/CEP                                                                                         | design_1_i/animalnet_axi_lite_0/inst/u_animalnet_top/u_conv0/gen_regular.u_conv/SR[0]                                                                          |                3 |             17 |         5.67 |
|  design_1_i/zynq_ultra_ps_e_0/inst/pl_clk0                                                 | design_1_i/animalnet_axi_lite_0/inst/u_animalnet_top/u_conv0/gen_regular.u_conv/CEP                                                                                         | design_1_i/animalnet_axi_lite_0/inst/u_animalnet_top/u_conv0/gen_regular.u_conv/SR[0]                                                                          |                3 |             17 |         5.67 |
|  design_1_i/zynq_ultra_ps_e_0/inst/pl_clk0                                                 | design_1_i/animalnet_axi_lite_0/inst/u_animalnet_top/u_conv5/gen_depthwise.u_conv/output_we_i_1__5_n_0                                                                      | design_1_i/animalnet_axi_lite_0/inst/u_animalnet_top/u_conv0/gen_regular.u_conv/SR[0]                                                                          |                3 |             17 |         5.67 |
|  design_1_i/zynq_ultra_ps_e_0/inst/pl_clk0                                                 | design_1_i/animalnet_axi_lite_0/inst/u_animalnet_top/u_conv6/gen_regular.u_conv/CEP                                                                                         | design_1_i/animalnet_axi_lite_0/inst/u_animalnet_top/u_conv0/gen_regular.u_conv/SR[0]                                                                          |                3 |             17 |         5.67 |
|  design_1_i/zynq_ultra_ps_e_0/inst/pl_clk0                                                 | design_1_i/animalnet_axi_lite_0/inst/u_animalnet_top/u_conv11/gen_depthwise.u_conv/CEP                                                                                      | design_1_i/animalnet_axi_lite_0/inst/u_animalnet_top/u_conv0/gen_regular.u_conv/SR[0]                                                                          |                3 |             17 |         5.67 |
|  design_1_i/zynq_ultra_ps_e_0/inst/pl_clk0                                                 | design_1_i/animalnet_axi_lite_0/inst/u_animalnet_top/u_conv5/gen_depthwise.u_conv/CEP                                                                                       | design_1_i/animalnet_axi_lite_0/inst/u_animalnet_top/u_conv0/gen_regular.u_conv/SR[0]                                                                          |                3 |             17 |         5.67 |
|  design_1_i/zynq_ultra_ps_e_0/inst/pl_clk0                                                 | design_1_i/animalnet_axi_lite_0/inst/u_animalnet_top/u_conv3/gen_depthwise.u_conv/output_we_i_1_n_0                                                                         | design_1_i/animalnet_axi_lite_0/inst/u_animalnet_top/u_conv0/gen_regular.u_conv/SR[0]                                                                          |                3 |             17 |         5.67 |
|  design_1_i/zynq_ultra_ps_e_0/inst/pl_clk0                                                 | design_1_i/animalnet_axi_lite_0/inst/u_animalnet_top/u_conv0/gen_regular.u_conv/output_we_i_1__14_n_0                                                                       | design_1_i/animalnet_axi_lite_0/inst/u_animalnet_top/u_conv0/gen_regular.u_conv/SR[0]                                                                          |                3 |             18 |         6.00 |
|  design_1_i/zynq_ultra_ps_e_0/inst/pl_clk0                                                 | design_1_i/animalnet_axi_lite_0/inst/u_animalnet_top/u_conv6/gen_regular.u_conv/output_we_i_1__2_n_0                                                                        | design_1_i/animalnet_axi_lite_0/inst/u_animalnet_top/u_conv0/gen_regular.u_conv/SR[0]                                                                          |                3 |             18 |         6.00 |
|  design_1_i/zynq_ultra_ps_e_0/inst/pl_clk0                                                 | design_1_i/animalnet_axi_lite_0/inst/u_animalnet_top/u_conv1/gen_depthwise.u_conv/output_we_i_1__11_n_0                                                                     | design_1_i/animalnet_axi_lite_0/inst/u_animalnet_top/u_conv0/gen_regular.u_conv/SR[0]                                                                          |                3 |             18 |         6.00 |
|  design_1_i/zynq_ultra_ps_e_0/inst/pl_clk0                                                 | design_1_i/animalnet_axi_lite_0/inst/u_animalnet_top/u_conv7/gen_depthwise.u_conv/CEP                                                                                       | design_1_i/animalnet_axi_lite_0/inst/u_animalnet_top/u_conv0/gen_regular.u_conv/SR[0]                                                                          |                3 |             18 |         6.00 |
|  design_1_i/zynq_ultra_ps_e_0/inst/pl_clk0                                                 | design_1_i/animalnet_axi_lite_0/inst/u_animalnet_top/u_conv1/gen_depthwise.u_conv/CEP                                                                                       | design_1_i/animalnet_axi_lite_0/inst/u_animalnet_top/u_conv0/gen_regular.u_conv/SR[0]                                                                          |                3 |             18 |         6.00 |
|  design_1_i/zynq_ultra_ps_e_0/inst/pl_clk0                                                 | design_1_i/animalnet_axi_lite_0/inst/u_animalnet_top/u_conv2/gen_regular.u_conv/CEP                                                                                         | design_1_i/animalnet_axi_lite_0/inst/u_animalnet_top/u_conv0/gen_regular.u_conv/SR[0]                                                                          |                3 |             18 |         6.00 |
|  design_1_i/zynq_ultra_ps_e_0/inst/pl_clk0                                                 | design_1_i/animalnet_axi_lite_0/inst/u_animalnet_top/u_conv2/gen_regular.u_conv/output_we_i_1__4_n_0                                                                        | design_1_i/animalnet_axi_lite_0/inst/u_animalnet_top/u_conv0/gen_regular.u_conv/SR[0]                                                                          |                3 |             19 |         6.33 |
|  design_1_i/zynq_ultra_ps_e_0/inst/pl_clk0                                                 | design_1_i/animalnet_axi_lite_0/inst/u_animalnet_top/u_conv3/gen_depthwise.u_conv/CEP                                                                                       | design_1_i/animalnet_axi_lite_0/inst/u_animalnet_top/u_conv0/gen_regular.u_conv/SR[0]                                                                          |                3 |             19 |         6.33 |
|  design_1_i/zynq_ultra_ps_e_0/inst/pl_clk0                                                 | design_1_i/animalnet_axi_lite_0/inst/u_animalnet_top/u_linear/output_we_i_1__7_n_0                                                                                          | design_1_i/animalnet_axi_lite_0/inst/u_animalnet_top/u_conv0/gen_regular.u_conv/SR[0]                                                                          |                5 |             20 |         4.00 |
|  design_1_i/zynq_ultra_ps_e_0/inst/pl_clk0                                                 | design_1_i/animalnet_axi_lite_0/inst/u_animalnet_top/u_argmax/max_value[15]_i_1_n_0                                                                                         | design_1_i/animalnet_axi_lite_0/inst/u_animalnet_top/u_conv0/gen_regular.u_conv/SR[0]                                                                          |                4 |             20 |         5.00 |
|  design_1_i/zynq_ultra_ps_e_0/inst/pl_clk0                                                 | design_1_i/smartconnect_0/inst/s00_entry_pipeline/s00_si_converter/inst/gen_axilite_conv.axilite_conv_inst/m_aruser                                                         | design_1_i/smartconnect_0/inst/s00_entry_pipeline/s00_si_converter/inst/areset                                                                                 |               10 |             21 |         2.10 |
|  design_1_i/zynq_ultra_ps_e_0/inst/pl_clk0                                                 | design_1_i/animalnet_axi_lite_0/inst/u_animalnet_top/u_linear/input_addr[8]_i_1_n_0                                                                                         | design_1_i/animalnet_axi_lite_0/inst/u_animalnet_top/u_conv0/gen_regular.u_conv/SR[0]                                                                          |                4 |             21 |         5.25 |
|  design_1_i/zynq_ultra_ps_e_0/inst/pl_clk0                                                 | design_1_i/animalnet_axi_lite_0/inst/u_animalnet_top/u_pool/acc[23]_i_1__7_n_0                                                                                              | design_1_i/animalnet_axi_lite_0/inst/u_animalnet_top/u_conv0/gen_regular.u_conv/SR[0]                                                                          |                3 |             24 |         8.00 |
|  design_1_i/zynq_ultra_ps_e_0/inst/pl_clk0                                                 | design_1_i/smartconnect_0/inst/s00_entry_pipeline/s00_mmu/inst/aw_reg_stall/skid_buffer[1136]_i_1__0_n_0                                                                    |                                                                                                                                                                |                4 |             24 |         6.00 |
|  design_1_i/zynq_ultra_ps_e_0/inst/pl_clk0                                                 | design_1_i/smartconnect_0/inst/s00_entry_pipeline/s00_mmu/inst/aw_reg_stall/m_vector_i                                                                                      |                                                                                                                                                                |                5 |             24 |         4.80 |
|  design_1_i/zynq_ultra_ps_e_0/inst/pl_clk0                                                 | design_1_i/animalnet_axi_lite_0/inst/u_animalnet_top/u_pool/FSM_onehot_state_reg_n_0_[2]                                                                                    | design_1_i/animalnet_axi_lite_0/inst/u_animalnet_top/u_conv0/gen_regular.u_conv/SR[0]                                                                          |               14 |             25 |         1.79 |
|  design_1_i/zynq_ultra_ps_e_0/inst/pl_clk0                                                 |                                                                                                                                                                             | design_1_i/smartconnect_0/inst/clk_map/psr_aclk/U0/interconnect_aresetn[0]                                                                                     |                7 |             27 |         3.86 |
|  design_1_i/zynq_ultra_ps_e_0/inst/pl_clk0                                                 | design_1_i/animalnet_axi_lite_0/inst/u_animalnet_top/u_conv10/gen_regular.u_conv/CEC                                                                                        | design_1_i/animalnet_axi_lite_0/inst/u_animalnet_top/u_conv0/gen_regular.u_conv/SR[0]                                                                          |                4 |             32 |         8.00 |
|  design_1_i/zynq_ultra_ps_e_0/inst/pl_clk0                                                 | design_1_i/animalnet_axi_lite_0/inst/u_animalnet_top/u_conv0/gen_regular.u_conv/oy[31]_i_1__13_n_0                                                                          | design_1_i/animalnet_axi_lite_0/inst/u_animalnet_top/u_conv0/gen_regular.u_conv/SR[0]                                                                          |                6 |             32 |         5.33 |
|  design_1_i/zynq_ultra_ps_e_0/inst/pl_clk0                                                 | design_1_i/animalnet_axi_lite_0/inst/u_animalnet_top/u_conv12/gen_regular.u_conv/ic[31]_i_1__5_n_0                                                                          | design_1_i/animalnet_axi_lite_0/inst/u_animalnet_top/u_conv0/gen_regular.u_conv/SR[0]                                                                          |                8 |             32 |         4.00 |
|  design_1_i/zynq_ultra_ps_e_0/inst/pl_clk0                                                 | design_1_i/animalnet_axi_lite_0/inst/u_animalnet_top/u_conv10/gen_regular.u_conv/oc[31]_i_1__7_n_0                                                                          | design_1_i/animalnet_axi_lite_0/inst/u_animalnet_top/u_conv0/gen_regular.u_conv/SR[0]                                                                          |                7 |             32 |         4.57 |
|  design_1_i/zynq_ultra_ps_e_0/inst/pl_clk0                                                 | design_1_i/animalnet_axi_lite_0/inst/u_animalnet_top/u_conv12/gen_regular.u_conv/oc[31]_i_1__12_n_0                                                                         | design_1_i/animalnet_axi_lite_0/inst/u_animalnet_top/u_conv0/gen_regular.u_conv/SR[0]                                                                          |                9 |             32 |         3.56 |
|  design_1_i/zynq_ultra_ps_e_0/inst/pl_clk0                                                 | design_1_i/animalnet_axi_lite_0/inst/u_animalnet_top/u_conv12/gen_regular.u_conv/ox[31]_i_1__12_n_0                                                                         | design_1_i/animalnet_axi_lite_0/inst/u_animalnet_top/u_conv0/gen_regular.u_conv/SR[0]                                                                          |                9 |             32 |         3.56 |
|  design_1_i/zynq_ultra_ps_e_0/inst/pl_clk0                                                 | design_1_i/animalnet_axi_lite_0/inst/u_animalnet_top/u_conv3/gen_depthwise.u_conv/ox[31]_i_1_n_0                                                                            | design_1_i/animalnet_axi_lite_0/inst/u_animalnet_top/u_conv0/gen_regular.u_conv/SR[0]                                                                          |                7 |             32 |         4.57 |
|  design_1_i/zynq_ultra_ps_e_0/inst/pl_clk0                                                 | design_1_i/animalnet_axi_lite_0/inst/u_animalnet_top/u_conv3/gen_depthwise.u_conv/oy[31]_i_1_n_0                                                                            | design_1_i/animalnet_axi_lite_0/inst/u_animalnet_top/u_conv0/gen_regular.u_conv/SR[0]                                                                          |                5 |             32 |         6.40 |
|  design_1_i/zynq_ultra_ps_e_0/inst/pl_clk0                                                 | design_1_i/animalnet_axi_lite_0/inst/u_animalnet_top/u_conv12/gen_regular.u_conv/oy[31]_i_1__12_n_0                                                                         | design_1_i/animalnet_axi_lite_0/inst/u_animalnet_top/u_conv0/gen_regular.u_conv/SR[0]                                                                          |               12 |             32 |         2.67 |
|  design_1_i/zynq_ultra_ps_e_0/inst/pl_clk0                                                 | design_1_i/animalnet_axi_lite_0/inst/u_animalnet_top/u_conv11/gen_depthwise.u_conv/CEA2                                                                                     | design_1_i/animalnet_axi_lite_0/inst/u_animalnet_top/u_conv0/gen_regular.u_conv/SR[0]                                                                          |                5 |             32 |         6.40 |
|  design_1_i/zynq_ultra_ps_e_0/inst/pl_clk0                                                 | design_1_i/animalnet_axi_lite_0/inst/u_animalnet_top/u_linear/in_i[31]_i_1_n_0                                                                                              | design_1_i/animalnet_axi_lite_0/inst/u_animalnet_top/u_conv0/gen_regular.u_conv/SR[0]                                                                          |               10 |             32 |         3.20 |
|  design_1_i/zynq_ultra_ps_e_0/inst/pl_clk0                                                 | design_1_i/smartconnect_0/inst/s00_entry_pipeline/s00_si_converter/inst/gen_axilite_conv.axilite_conv_inst/s_axi_rdata_i[95]_i_1_n_0                                        | design_1_i/smartconnect_0/inst/s00_entry_pipeline/s00_si_converter/inst/areset                                                                                 |                8 |             32 |         4.00 |
|  design_1_i/zynq_ultra_ps_e_0/inst/pl_clk0                                                 | design_1_i/smartconnect_0/inst/s00_entry_pipeline/s00_si_converter/inst/gen_axilite_conv.axilite_conv_inst/s_axi_rdata_i[31]_i_1_n_0                                        | design_1_i/smartconnect_0/inst/s00_entry_pipeline/s00_si_converter/inst/areset                                                                                 |                9 |             32 |         3.56 |
|  design_1_i/zynq_ultra_ps_e_0/inst/pl_clk0                                                 | design_1_i/animalnet_axi_lite_0/inst/u_animalnet_top/u_conv4/gen_regular.u_conv/CEC                                                                                         | design_1_i/animalnet_axi_lite_0/inst/u_animalnet_top/u_conv0/gen_regular.u_conv/SR[0]                                                                          |                6 |             32 |         5.33 |
|  design_1_i/zynq_ultra_ps_e_0/inst/pl_clk0                                                 | design_1_i/smartconnect_0/inst/s00_entry_pipeline/s00_si_converter/inst/gen_axilite_conv.axilite_conv_inst/s_axi_rdata_i[127]_i_1_n_0                                       | design_1_i/smartconnect_0/inst/s00_entry_pipeline/s00_si_converter/inst/areset                                                                                 |                8 |             32 |         4.00 |
|  design_1_i/zynq_ultra_ps_e_0/inst/pl_clk0                                                 | design_1_i/animalnet_axi_lite_0/inst/u_animalnet_top/u_pool/x[31]_i_1_n_0                                                                                                   | design_1_i/animalnet_axi_lite_0/inst/u_animalnet_top/u_conv0/gen_regular.u_conv/SR[0]                                                                          |                7 |             32 |         4.57 |
|  design_1_i/zynq_ultra_ps_e_0/inst/pl_clk0                                                 | design_1_i/smartconnect_0/inst/s00_entry_pipeline/s00_si_converter/inst/gen_axilite_conv.axilite_conv_inst/s_axi_rdata_i[63]_i_1_n_0                                        | design_1_i/smartconnect_0/inst/s00_entry_pipeline/s00_si_converter/inst/areset                                                                                 |               12 |             32 |         2.67 |
|  design_1_i/zynq_ultra_ps_e_0/inst/pl_clk0                                                 | design_1_i/animalnet_axi_lite_0/inst/u_animalnet_top/u_conv4/gen_regular.u_conv/oc[31]_i_1__3_n_0                                                                           | design_1_i/animalnet_axi_lite_0/inst/u_animalnet_top/u_conv0/gen_regular.u_conv/SR[0]                                                                          |                6 |             32 |         5.33 |
|  design_1_i/zynq_ultra_ps_e_0/inst/pl_clk0                                                 | design_1_i/animalnet_axi_lite_0/inst/u_animalnet_top/u_pool/y[31]_i_1_n_0                                                                                                   | design_1_i/animalnet_axi_lite_0/inst/u_animalnet_top/u_conv0/gen_regular.u_conv/SR[0]                                                                          |                5 |             32 |         6.40 |
|  design_1_i/zynq_ultra_ps_e_0/inst/pl_clk0                                                 | design_1_i/animalnet_axi_lite_0/inst/u_animalnet_top/u_conv0/gen_regular.u_conv/CEA2                                                                                        | design_1_i/animalnet_axi_lite_0/inst/u_animalnet_top/u_conv0/gen_regular.u_conv/SR[0]                                                                          |                6 |             32 |         5.33 |
|  design_1_i/zynq_ultra_ps_e_0/inst/pl_clk0                                                 | design_1_i/animalnet_axi_lite_0/inst/u_animalnet_top/u_conv4/gen_regular.u_conv/ox[31]_i_1__3_n_0                                                                           | design_1_i/animalnet_axi_lite_0/inst/u_animalnet_top/u_conv0/gen_regular.u_conv/SR[0]                                                                          |                5 |             32 |         6.40 |
|  design_1_i/zynq_ultra_ps_e_0/inst/pl_clk0                                                 | design_1_i/animalnet_axi_lite_0/inst/u_animalnet_top/u_conv4/gen_regular.u_conv/oy[31]_i_1__3_n_0                                                                           | design_1_i/animalnet_axi_lite_0/inst/u_animalnet_top/u_conv0/gen_regular.u_conv/SR[0]                                                                          |                7 |             32 |         4.57 |
|  design_1_i/zynq_ultra_ps_e_0/inst/pl_clk0                                                 | design_1_i/animalnet_axi_lite_0/inst/u_animalnet_top/u_conv0/gen_regular.u_conv/ic[31]_i_1__6_n_0                                                                           | design_1_i/animalnet_axi_lite_0/inst/u_animalnet_top/u_conv0/gen_regular.u_conv/SR[0]                                                                          |                7 |             32 |         4.57 |
|  design_1_i/zynq_ultra_ps_e_0/inst/pl_clk0                                                 | design_1_i/animalnet_axi_lite_0/inst/u_animalnet_top/u_conv0/gen_regular.u_conv/kx[31]_i_1__6_n_0                                                                           | design_1_i/animalnet_axi_lite_0/inst/u_animalnet_top/u_conv0/gen_regular.u_conv/SR[0]                                                                          |                5 |             32 |         6.40 |
|  design_1_i/zynq_ultra_ps_e_0/inst/pl_clk0                                                 | design_1_i/animalnet_axi_lite_0/inst/u_animalnet_top/u_conv0/gen_regular.u_conv/oc[31]_i_1__13_n_0                                                                          | design_1_i/animalnet_axi_lite_0/inst/u_animalnet_top/u_conv0/gen_regular.u_conv/SR[0]                                                                          |                5 |             32 |         6.40 |
|  design_1_i/zynq_ultra_ps_e_0/inst/pl_clk0                                                 | design_1_i/animalnet_axi_lite_0/inst/input_addr                                                                                                                             | design_1_i/proc_sys_reset_0/U0/peripheral_aresetn[0]                                                                                                           |               12 |             32 |         2.67 |
|  design_1_i/zynq_ultra_ps_e_0/inst/pl_clk0                                                 | design_1_i/animalnet_axi_lite_0/inst/read                                                                                                                                   | design_1_i/proc_sys_reset_0/U0/peripheral_aresetn[0]                                                                                                           |               16 |             32 |         2.00 |
|  design_1_i/zynq_ultra_ps_e_0/inst/pl_clk0                                                 | design_1_i/animalnet_axi_lite_0/inst/u_animalnet_top/u_pool/c[31]_i_1_n_0                                                                                                   | design_1_i/animalnet_axi_lite_0/inst/u_animalnet_top/u_conv0/gen_regular.u_conv/SR[0]                                                                          |                9 |             32 |         3.56 |
|  design_1_i/zynq_ultra_ps_e_0/inst/pl_clk0                                                 | design_1_i/animalnet_axi_lite_0/inst/u_animalnet_top/u_conv8/gen_regular.u_conv/ox[31]_i_1__8_n_0                                                                           | design_1_i/animalnet_axi_lite_0/inst/u_animalnet_top/u_conv0/gen_regular.u_conv/SR[0]                                                                          |                5 |             32 |         6.40 |
|  design_1_i/zynq_ultra_ps_e_0/inst/pl_clk0                                                 | design_1_i/animalnet_axi_lite_0/inst/u_animalnet_top/u_conv8/gen_regular.u_conv/oy[31]_i_1__8_n_0                                                                           | design_1_i/animalnet_axi_lite_0/inst/u_animalnet_top/u_conv0/gen_regular.u_conv/SR[0]                                                                          |                7 |             32 |         4.57 |
|  design_1_i/zynq_ultra_ps_e_0/inst/pl_clk0                                                 | design_1_i/smartconnect_0/inst/s00_nodes/s00_r_node/inst/inst_mi_handler/gen_normal_area.inst_fifo_node_payld/gen_reg_fifo.inst_reg_fifo/gen_single_rank.data[50]_i_1_n_0   |                                                                                                                                                                |               13 |             32 |         2.46 |
|  design_1_i/zynq_ultra_ps_e_0/inst/pl_clk0                                                 | design_1_i/smartconnect_0/inst/s00_nodes/s00_w_node/inst/inst_mi_handler/gen_normal_area.inst_fifo_node_payld/gen_reg_fifo.inst_reg_fifo/gen_single_rank.data[51]_i_1_n_0   |                                                                                                                                                                |                8 |             32 |         4.00 |
|  design_1_i/zynq_ultra_ps_e_0/inst/pl_clk0                                                 | design_1_i/animalnet_axi_lite_0/inst/u_animalnet_top/u_conv10/gen_regular.u_conv/ox[31]_i_1__7_n_0                                                                          | design_1_i/animalnet_axi_lite_0/inst/u_animalnet_top/u_conv0/gen_regular.u_conv/SR[0]                                                                          |                7 |             32 |         4.57 |
|  design_1_i/zynq_ultra_ps_e_0/inst/pl_clk0                                                 | design_1_i/animalnet_axi_lite_0/inst/u_animalnet_top/u_conv6/gen_regular.u_conv/CEC                                                                                         | design_1_i/animalnet_axi_lite_0/inst/u_animalnet_top/u_conv0/gen_regular.u_conv/SR[0]                                                                          |                8 |             32 |         4.00 |
|  design_1_i/zynq_ultra_ps_e_0/inst/pl_clk0                                                 | design_1_i/animalnet_axi_lite_0/inst/u_animalnet_top/u_conv10/gen_regular.u_conv/oy[31]_i_1__7_n_0                                                                          | design_1_i/animalnet_axi_lite_0/inst/u_animalnet_top/u_conv0/gen_regular.u_conv/SR[0]                                                                          |               10 |             32 |         3.20 |
|  design_1_i/zynq_ultra_ps_e_0/inst/pl_clk0                                                 | design_1_i/animalnet_axi_lite_0/inst/u_animalnet_top/u_conv2/gen_regular.u_conv/CEC                                                                                         | design_1_i/animalnet_axi_lite_0/inst/u_animalnet_top/u_conv0/gen_regular.u_conv/SR[0]                                                                          |                5 |             32 |         6.40 |
|  design_1_i/zynq_ultra_ps_e_0/inst/pl_clk0                                                 | design_1_i/animalnet_axi_lite_0/inst/u_animalnet_top/u_conv6/gen_regular.u_conv/oc[31]_i_1__2_n_0                                                                           | design_1_i/animalnet_axi_lite_0/inst/u_animalnet_top/u_conv0/gen_regular.u_conv/SR[0]                                                                          |                6 |             32 |         5.33 |
|  design_1_i/zynq_ultra_ps_e_0/inst/pl_clk0                                                 | design_1_i/smartconnect_0/inst/s00_entry_pipeline/s00_mmu/inst/ar_reg_stall/m_vector_i                                                                                      |                                                                                                                                                                |                5 |             32 |         6.40 |
|  design_1_i/zynq_ultra_ps_e_0/inst/pl_clk0                                                 | design_1_i/smartconnect_0/inst/s00_entry_pipeline/s00_mmu/inst/ar_reg_stall/skid_buffer[1136]_i_1_n_0                                                                       |                                                                                                                                                                |                5 |             32 |         6.40 |
|  design_1_i/zynq_ultra_ps_e_0/inst/pl_clk0                                                 | design_1_i/animalnet_axi_lite_0/inst/u_animalnet_top/u_conv2/gen_regular.u_conv/oc[31]_i_1__4_n_0                                                                           | design_1_i/animalnet_axi_lite_0/inst/u_animalnet_top/u_conv0/gen_regular.u_conv/SR[0]                                                                          |                7 |             32 |         4.57 |
|  design_1_i/zynq_ultra_ps_e_0/inst/pl_clk0                                                 | design_1_i/animalnet_axi_lite_0/inst/u_animalnet_top/u_conv6/gen_regular.u_conv/oy[31]_i_1__2_n_0                                                                           | design_1_i/animalnet_axi_lite_0/inst/u_animalnet_top/u_conv0/gen_regular.u_conv/SR[0]                                                                          |               12 |             32 |         2.67 |
|  design_1_i/zynq_ultra_ps_e_0/inst/pl_clk0                                                 | design_1_i/animalnet_axi_lite_0/inst/u_animalnet_top/u_conv6/gen_regular.u_conv/ox[31]_i_1__2_n_0                                                                           | design_1_i/animalnet_axi_lite_0/inst/u_animalnet_top/u_conv0/gen_regular.u_conv/SR[0]                                                                          |                5 |             32 |         6.40 |
|  design_1_i/zynq_ultra_ps_e_0/inst/pl_clk0                                                 | design_1_i/animalnet_axi_lite_0/inst/u_animalnet_top/u_conv2/gen_regular.u_conv/ox[31]_i_1__4_n_0                                                                           | design_1_i/animalnet_axi_lite_0/inst/u_animalnet_top/u_conv0/gen_regular.u_conv/SR[0]                                                                          |                7 |             32 |         4.57 |
|  design_1_i/zynq_ultra_ps_e_0/inst/pl_clk0                                                 | design_1_i/animalnet_axi_lite_0/inst/u_animalnet_top/u_conv9/gen_depthwise.u_conv/CEA2                                                                                      | design_1_i/animalnet_axi_lite_0/inst/u_animalnet_top/u_conv0/gen_regular.u_conv/SR[0]                                                                          |                6 |             32 |         5.33 |
|  design_1_i/zynq_ultra_ps_e_0/inst/pl_clk0                                                 | design_1_i/animalnet_axi_lite_0/inst/u_animalnet_top/u_conv2/gen_regular.u_conv/oy[31]_i_1__4_n_0                                                                           | design_1_i/animalnet_axi_lite_0/inst/u_animalnet_top/u_conv0/gen_regular.u_conv/SR[0]                                                                          |                6 |             32 |         5.33 |
|  design_1_i/zynq_ultra_ps_e_0/inst/pl_clk0                                                 | design_1_i/animalnet_axi_lite_0/inst/u_animalnet_top/u_conv9/gen_depthwise.u_conv/kx[31]_i_1__4_n_0                                                                         | design_1_i/animalnet_axi_lite_0/inst/u_animalnet_top/u_conv0/gen_regular.u_conv/SR[0]                                                                          |                6 |             32 |         5.33 |
|  design_1_i/zynq_ultra_ps_e_0/inst/pl_clk0                                                 | design_1_i/animalnet_axi_lite_0/inst/u_animalnet_top/u_conv9/gen_depthwise.u_conv/oc[31]_i_1__9_n_0                                                                         | design_1_i/animalnet_axi_lite_0/inst/u_animalnet_top/u_conv0/gen_regular.u_conv/SR[0]                                                                          |                7 |             32 |         4.57 |
|  design_1_i/zynq_ultra_ps_e_0/inst/pl_clk0                                                 | design_1_i/animalnet_axi_lite_0/inst/u_animalnet_top/u_conv7/gen_depthwise.u_conv/kx[31]_i_1__1_n_0                                                                         | design_1_i/animalnet_axi_lite_0/inst/u_animalnet_top/u_conv0/gen_regular.u_conv/SR[0]                                                                          |                6 |             32 |         5.33 |
|  design_1_i/zynq_ultra_ps_e_0/inst/pl_clk0                                                 | design_1_i/animalnet_axi_lite_0/inst/u_animalnet_top/u_conv7/gen_depthwise.u_conv/oc[31]_i_1__1_n_0                                                                         | design_1_i/animalnet_axi_lite_0/inst/u_animalnet_top/u_conv0/gen_regular.u_conv/SR[0]                                                                          |               10 |             32 |         3.20 |
|  design_1_i/zynq_ultra_ps_e_0/inst/pl_clk0                                                 | design_1_i/animalnet_axi_lite_0/inst/u_animalnet_top/u_conv5/gen_depthwise.u_conv/CEA2                                                                                      | design_1_i/animalnet_axi_lite_0/inst/u_animalnet_top/u_conv0/gen_regular.u_conv/SR[0]                                                                          |                5 |             32 |         6.40 |
|  design_1_i/zynq_ultra_ps_e_0/inst/pl_clk0                                                 | design_1_i/animalnet_axi_lite_0/inst/u_animalnet_top/u_conv3/gen_depthwise.u_conv/CEA2                                                                                      | design_1_i/animalnet_axi_lite_0/inst/u_animalnet_top/u_conv0/gen_regular.u_conv/SR[0]                                                                          |                4 |             32 |         8.00 |
|  design_1_i/zynq_ultra_ps_e_0/inst/pl_clk0                                                 | design_1_i/animalnet_axi_lite_0/inst/u_animalnet_top/u_conv9/gen_depthwise.u_conv/ox[31]_i_1__9_n_0                                                                         | design_1_i/animalnet_axi_lite_0/inst/u_animalnet_top/u_conv0/gen_regular.u_conv/SR[0]                                                                          |                5 |             32 |         6.40 |
|  design_1_i/zynq_ultra_ps_e_0/inst/pl_clk0                                                 | design_1_i/animalnet_axi_lite_0/inst/u_animalnet_top/u_conv3/gen_depthwise.u_conv/kx[31]_i_1_n_0                                                                            | design_1_i/animalnet_axi_lite_0/inst/u_animalnet_top/u_conv0/gen_regular.u_conv/SR[0]                                                                          |                6 |             32 |         5.33 |
|  design_1_i/zynq_ultra_ps_e_0/inst/pl_clk0                                                 | design_1_i/animalnet_axi_lite_0/inst/u_animalnet_top/u_conv3/gen_depthwise.u_conv/oc[31]_i_1_n_0                                                                            | design_1_i/animalnet_axi_lite_0/inst/u_animalnet_top/u_conv0/gen_regular.u_conv/SR[0]                                                                          |                7 |             32 |         4.57 |
|  design_1_i/zynq_ultra_ps_e_0/inst/pl_clk0                                                 | design_1_i/animalnet_axi_lite_0/inst/u_animalnet_top/u_conv11/gen_depthwise.u_conv/kx[31]_i_1__0_n_0                                                                        | design_1_i/animalnet_axi_lite_0/inst/u_animalnet_top/u_conv0/gen_regular.u_conv/SR[0]                                                                          |                6 |             32 |         5.33 |
|  design_1_i/zynq_ultra_ps_e_0/inst/pl_clk0                                                 | design_1_i/animalnet_axi_lite_0/inst/u_animalnet_top/u_conv11/gen_depthwise.u_conv/oc[31]_i_1__0_n_0                                                                        | design_1_i/animalnet_axi_lite_0/inst/u_animalnet_top/u_conv0/gen_regular.u_conv/SR[0]                                                                          |                5 |             32 |         6.40 |
|  design_1_i/zynq_ultra_ps_e_0/inst/pl_clk0                                                 | design_1_i/animalnet_axi_lite_0/inst/u_animalnet_top/u_conv9/gen_depthwise.u_conv/oy[31]_i_1__9_n_0                                                                         | design_1_i/animalnet_axi_lite_0/inst/u_animalnet_top/u_conv0/gen_regular.u_conv/SR[0]                                                                          |                7 |             32 |         4.57 |
|  design_1_i/zynq_ultra_ps_e_0/inst/pl_clk0                                                 | design_1_i/animalnet_axi_lite_0/inst/u_animalnet_top/u_conv11/gen_depthwise.u_conv/ox[31]_i_1__0_n_0                                                                        | design_1_i/animalnet_axi_lite_0/inst/u_animalnet_top/u_conv0/gen_regular.u_conv/SR[0]                                                                          |                7 |             32 |         4.57 |
|  design_1_i/zynq_ultra_ps_e_0/inst/pl_clk0                                                 | design_1_i/animalnet_axi_lite_0/inst/u_animalnet_top/u_conv5/gen_depthwise.u_conv/kx[31]_i_1__2_n_0                                                                         | design_1_i/animalnet_axi_lite_0/inst/u_animalnet_top/u_conv0/gen_regular.u_conv/SR[0]                                                                          |                6 |             32 |         5.33 |
|  design_1_i/zynq_ultra_ps_e_0/inst/pl_clk0                                                 | design_1_i/animalnet_axi_lite_0/inst/u_animalnet_top/u_conv11/gen_depthwise.u_conv/oy[31]_i_1__0_n_0                                                                        | design_1_i/animalnet_axi_lite_0/inst/u_animalnet_top/u_conv0/gen_regular.u_conv/SR[0]                                                                          |                6 |             32 |         5.33 |
|  design_1_i/zynq_ultra_ps_e_0/inst/pl_clk0                                                 | design_1_i/animalnet_axi_lite_0/inst/u_animalnet_top/u_conv5/gen_depthwise.u_conv/oc[31]_i_1__5_n_0                                                                         | design_1_i/animalnet_axi_lite_0/inst/u_animalnet_top/u_conv0/gen_regular.u_conv/SR[0]                                                                          |                7 |             32 |         4.57 |
|  design_1_i/zynq_ultra_ps_e_0/inst/pl_clk0                                                 | design_1_i/animalnet_axi_lite_0/inst/u_animalnet_top/u_conv14/gen_regular.u_conv/ic[31]_i_1__4_n_0                                                                          | design_1_i/animalnet_axi_lite_0/inst/u_animalnet_top/u_conv0/gen_regular.u_conv/SR[0]                                                                          |                7 |             32 |         4.57 |
|  design_1_i/zynq_ultra_ps_e_0/inst/pl_clk0                                                 | design_1_i/animalnet_axi_lite_0/inst/u_animalnet_top/u_conv5/gen_depthwise.u_conv/ox[31]_i_1__5_n_0                                                                         | design_1_i/animalnet_axi_lite_0/inst/u_animalnet_top/u_conv0/gen_regular.u_conv/SR[0]                                                                          |                5 |             32 |         6.40 |
|  design_1_i/zynq_ultra_ps_e_0/inst/pl_clk0                                                 | design_1_i/animalnet_axi_lite_0/inst/u_animalnet_top/u_conv13/gen_depthwise.u_conv/oy[31]_i_1__6_n_0                                                                        | design_1_i/animalnet_axi_lite_0/inst/u_animalnet_top/u_conv0/gen_regular.u_conv/SR[0]                                                                          |                7 |             32 |         4.57 |
|  design_1_i/zynq_ultra_ps_e_0/inst/pl_clk0                                                 | design_1_i/animalnet_axi_lite_0/inst/u_animalnet_top/u_conv14/gen_regular.u_conv/oc[31]_i_1__11_n_0                                                                         | design_1_i/animalnet_axi_lite_0/inst/u_animalnet_top/u_conv0/gen_regular.u_conv/SR[0]                                                                          |                4 |             32 |         8.00 |
|  design_1_i/zynq_ultra_ps_e_0/inst/pl_clk0                                                 | design_1_i/animalnet_axi_lite_0/inst/u_animalnet_top/u_conv5/gen_depthwise.u_conv/oy[31]_i_1__5_n_0                                                                         | design_1_i/animalnet_axi_lite_0/inst/u_animalnet_top/u_conv0/gen_regular.u_conv/SR[0]                                                                          |               10 |             32 |         3.20 |
|  design_1_i/zynq_ultra_ps_e_0/inst/pl_clk0                                                 | design_1_i/animalnet_axi_lite_0/inst/u_animalnet_top/u_conv13/gen_depthwise.u_conv/CEA2                                                                                     | design_1_i/animalnet_axi_lite_0/inst/u_animalnet_top/u_conv0/gen_regular.u_conv/SR[0]                                                                          |                8 |             32 |         4.00 |
|  design_1_i/zynq_ultra_ps_e_0/inst/pl_clk0                                                 | design_1_i/animalnet_axi_lite_0/inst/u_animalnet_top/u_conv14/gen_regular.u_conv/ox[31]_i_1__11_n_0                                                                         | design_1_i/animalnet_axi_lite_0/inst/u_animalnet_top/u_conv0/gen_regular.u_conv/SR[0]                                                                          |                5 |             32 |         6.40 |
|  design_1_i/zynq_ultra_ps_e_0/inst/pl_clk0                                                 | design_1_i/animalnet_axi_lite_0/inst/u_animalnet_top/u_conv14/gen_regular.u_conv/oy[31]_i_1__11_n_0                                                                         | design_1_i/animalnet_axi_lite_0/inst/u_animalnet_top/u_conv0/gen_regular.u_conv/SR[0]                                                                          |                7 |             32 |         4.57 |
|  design_1_i/zynq_ultra_ps_e_0/inst/pl_clk0                                                 | design_1_i/animalnet_axi_lite_0/inst/u_animalnet_top/u_conv13/gen_depthwise.u_conv/kx[31]_i_1__3_n_0                                                                        | design_1_i/animalnet_axi_lite_0/inst/u_animalnet_top/u_conv0/gen_regular.u_conv/SR[0]                                                                          |               11 |             32 |         2.91 |
|  design_1_i/zynq_ultra_ps_e_0/inst/pl_clk0                                                 | design_1_i/animalnet_axi_lite_0/inst/u_animalnet_top/u_conv13/gen_depthwise.u_conv/oc[31]_i_1__6_n_0                                                                        | design_1_i/animalnet_axi_lite_0/inst/u_animalnet_top/u_conv0/gen_regular.u_conv/SR[0]                                                                          |                7 |             32 |         4.57 |
|  design_1_i/zynq_ultra_ps_e_0/inst/pl_clk0                                                 | design_1_i/animalnet_axi_lite_0/inst/u_animalnet_top/u_conv7/gen_depthwise.u_conv/CEA2                                                                                      | design_1_i/animalnet_axi_lite_0/inst/u_animalnet_top/u_conv0/gen_regular.u_conv/SR[0]                                                                          |                7 |             32 |         4.57 |
|  design_1_i/zynq_ultra_ps_e_0/inst/pl_clk0                                                 | design_1_i/animalnet_axi_lite_0/inst/u_animalnet_top/u_conv1/gen_depthwise.u_conv/ox[31]_i_1__10_n_0                                                                        | design_1_i/animalnet_axi_lite_0/inst/u_animalnet_top/u_conv0/gen_regular.u_conv/SR[0]                                                                          |                8 |             32 |         4.00 |
|  design_1_i/zynq_ultra_ps_e_0/inst/pl_clk0                                                 | design_1_i/animalnet_axi_lite_0/inst/u_animalnet_top/u_conv13/gen_depthwise.u_conv/ox[31]_i_1__6_n_0                                                                        | design_1_i/animalnet_axi_lite_0/inst/u_animalnet_top/u_conv0/gen_regular.u_conv/SR[0]                                                                          |                4 |             32 |         8.00 |
|  design_1_i/zynq_ultra_ps_e_0/inst/pl_clk0                                                 | design_1_i/animalnet_axi_lite_0/inst/u_animalnet_top/u_conv7/gen_depthwise.u_conv/ox[31]_i_1__1_n_0                                                                         | design_1_i/animalnet_axi_lite_0/inst/u_animalnet_top/u_conv0/gen_regular.u_conv/SR[0]                                                                          |                6 |             32 |         5.33 |
|  design_1_i/zynq_ultra_ps_e_0/inst/pl_clk0                                                 | design_1_i/animalnet_axi_lite_0/inst/u_animalnet_top/u_conv1/gen_depthwise.u_conv/oy[31]_i_1__10_n_0                                                                        | design_1_i/animalnet_axi_lite_0/inst/u_animalnet_top/u_conv0/gen_regular.u_conv/SR[0]                                                                          |                6 |             32 |         5.33 |
|  design_1_i/zynq_ultra_ps_e_0/inst/pl_clk0                                                 | design_1_i/animalnet_axi_lite_0/inst/u_animalnet_top/u_conv7/gen_depthwise.u_conv/oy[31]_i_1__1_n_0                                                                         | design_1_i/animalnet_axi_lite_0/inst/u_animalnet_top/u_conv0/gen_regular.u_conv/SR[0]                                                                          |                6 |             32 |         5.33 |
|  design_1_i/zynq_ultra_ps_e_0/inst/pl_clk0                                                 | design_1_i/animalnet_axi_lite_0/inst/u_animalnet_top/u_conv1/gen_depthwise.u_conv/CEA2                                                                                      | design_1_i/animalnet_axi_lite_0/inst/u_animalnet_top/u_conv0/gen_regular.u_conv/SR[0]                                                                          |                4 |             32 |         8.00 |
|  design_1_i/zynq_ultra_ps_e_0/inst/pl_clk0                                                 | design_1_i/animalnet_axi_lite_0/inst/u_animalnet_top/u_conv8/gen_regular.u_conv/CEC                                                                                         | design_1_i/animalnet_axi_lite_0/inst/u_animalnet_top/u_conv0/gen_regular.u_conv/SR[0]                                                                          |                8 |             32 |         4.00 |
|  design_1_i/zynq_ultra_ps_e_0/inst/pl_clk0                                                 | design_1_i/animalnet_axi_lite_0/inst/u_animalnet_top/u_conv8/gen_regular.u_conv/oc[31]_i_1__8_n_0                                                                           | design_1_i/animalnet_axi_lite_0/inst/u_animalnet_top/u_conv0/gen_regular.u_conv/SR[0]                                                                          |               13 |             32 |         2.46 |
|  design_1_i/zynq_ultra_ps_e_0/inst/pl_clk0                                                 | design_1_i/animalnet_axi_lite_0/inst/u_animalnet_top/u_conv0/gen_regular.u_conv/ox[31]_i_1__13_n_0                                                                          | design_1_i/animalnet_axi_lite_0/inst/u_animalnet_top/u_conv0/gen_regular.u_conv/SR[0]                                                                          |                5 |             32 |         6.40 |
|  design_1_i/zynq_ultra_ps_e_0/inst/pl_clk0                                                 | design_1_i/animalnet_axi_lite_0/inst/u_animalnet_top/u_conv1/gen_depthwise.u_conv/kx[31]_i_1__5_n_0                                                                         | design_1_i/animalnet_axi_lite_0/inst/u_animalnet_top/u_conv0/gen_regular.u_conv/SR[0]                                                                          |                5 |             32 |         6.40 |
|  design_1_i/zynq_ultra_ps_e_0/inst/pl_clk0                                                 | design_1_i/animalnet_axi_lite_0/inst/u_animalnet_top/u_conv1/gen_depthwise.u_conv/oc[31]_i_1__10_n_0                                                                        | design_1_i/animalnet_axi_lite_0/inst/u_animalnet_top/u_conv0/gen_regular.u_conv/SR[0]                                                                          |                7 |             32 |         4.57 |
|  design_1_i/zynq_ultra_ps_e_0/inst/pl_clk0                                                 | design_1_i/animalnet_axi_lite_0/inst/u_animalnet_top/u_linear/out_i[31]_i_1_n_0                                                                                             | design_1_i/animalnet_axi_lite_0/inst/u_animalnet_top/u_conv0/gen_regular.u_conv/SR[0]                                                                          |                5 |             44 |         8.80 |
|  design_1_i/zynq_ultra_ps_e_0/inst/pl_clk0                                                 | design_1_i/animalnet_axi_lite_0/inst/u_animalnet_top/u_conv7/gen_depthwise.u_conv/acc[63]_i_1__1_n_0                                                                        | design_1_i/animalnet_axi_lite_0/inst/u_animalnet_top/u_conv0/gen_regular.u_conv/SR[0]                                                                          |               13 |             64 |         4.92 |
|  design_1_i/zynq_ultra_ps_e_0/inst/pl_clk0                                                 | design_1_i/animalnet_axi_lite_0/inst/u_animalnet_top/u_conv3/gen_depthwise.u_conv/acc[63]_i_1_n_0                                                                           | design_1_i/animalnet_axi_lite_0/inst/u_animalnet_top/u_conv0/gen_regular.u_conv/SR[0]                                                                          |               14 |             64 |         4.57 |
|  design_1_i/zynq_ultra_ps_e_0/inst/pl_clk0                                                 | design_1_i/animalnet_axi_lite_0/inst/u_animalnet_top/u_conv13/gen_depthwise.u_conv/acc[63]_i_1__6_n_0                                                                       | design_1_i/animalnet_axi_lite_0/inst/u_animalnet_top/u_conv0/gen_regular.u_conv/SR[0]                                                                          |               10 |             64 |         6.40 |
|  design_1_i/zynq_ultra_ps_e_0/inst/pl_clk0                                                 | design_1_i/animalnet_axi_lite_0/inst/u_animalnet_top/u_conv9/gen_depthwise.u_conv/acc[63]_i_1__10_n_0                                                                       | design_1_i/animalnet_axi_lite_0/inst/u_animalnet_top/u_conv0/gen_regular.u_conv/SR[0]                                                                          |               15 |             64 |         4.27 |
|  design_1_i/zynq_ultra_ps_e_0/inst/pl_clk0                                                 | design_1_i/animalnet_axi_lite_0/inst/u_animalnet_top/u_conv14/gen_regular.u_conv/acc[63]_i_1__12_n_0                                                                        | design_1_i/animalnet_axi_lite_0/inst/u_animalnet_top/u_conv0/gen_regular.u_conv/SR[0]                                                                          |               12 |             64 |         5.33 |
|  design_1_i/zynq_ultra_ps_e_0/inst/pl_clk0                                                 | design_1_i/animalnet_axi_lite_0/inst/u_animalnet_top/u_linear/acc[63]_i_1__7_n_0                                                                                            | design_1_i/animalnet_axi_lite_0/inst/u_animalnet_top/u_conv0/gen_regular.u_conv/SR[0]                                                                          |               17 |             64 |         3.76 |
|  design_1_i/zynq_ultra_ps_e_0/inst/pl_clk0                                                 | design_1_i/animalnet_axi_lite_0/inst/u_animalnet_top/u_conv10/gen_regular.u_conv/acc[63]_i_1__8_n_0                                                                         | design_1_i/animalnet_axi_lite_0/inst/u_animalnet_top/u_conv0/gen_regular.u_conv/SR[0]                                                                          |               11 |             64 |         5.82 |
|  design_1_i/zynq_ultra_ps_e_0/inst/pl_clk0                                                 | design_1_i/animalnet_axi_lite_0/inst/u_animalnet_top/u_conv0/gen_regular.u_conv/acc[63]_i_1__14_n_0                                                                         | design_1_i/animalnet_axi_lite_0/inst/u_animalnet_top/u_conv0/gen_regular.u_conv/SR[0]                                                                          |               13 |             64 |         4.92 |
|  design_1_i/zynq_ultra_ps_e_0/inst/pl_clk0                                                 | design_1_i/animalnet_axi_lite_0/inst/u_animalnet_top/u_conv8/gen_regular.u_conv/acc[63]_i_1__9_n_0                                                                          | design_1_i/animalnet_axi_lite_0/inst/u_animalnet_top/u_conv0/gen_regular.u_conv/SR[0]                                                                          |               13 |             64 |         4.92 |
|  design_1_i/zynq_ultra_ps_e_0/inst/pl_clk0                                                 | design_1_i/animalnet_axi_lite_0/inst/u_animalnet_top/u_conv6/gen_regular.u_conv/acc[63]_i_1__2_n_0                                                                          | design_1_i/animalnet_axi_lite_0/inst/u_animalnet_top/u_conv0/gen_regular.u_conv/SR[0]                                                                          |               15 |             64 |         4.27 |
|  design_1_i/zynq_ultra_ps_e_0/inst/pl_clk0                                                 | design_1_i/animalnet_axi_lite_0/inst/u_animalnet_top/u_conv11/gen_depthwise.u_conv/acc[63]_i_1__0_n_0                                                                       | design_1_i/animalnet_axi_lite_0/inst/u_animalnet_top/u_conv0/gen_regular.u_conv/SR[0]                                                                          |               14 |             64 |         4.57 |
|  design_1_i/zynq_ultra_ps_e_0/inst/pl_clk0                                                 | design_1_i/animalnet_axi_lite_0/inst/u_animalnet_top/u_conv5/gen_depthwise.u_conv/acc[63]_i_1__5_n_0                                                                        | design_1_i/animalnet_axi_lite_0/inst/u_animalnet_top/u_conv0/gen_regular.u_conv/SR[0]                                                                          |               16 |             64 |         4.00 |
|  design_1_i/zynq_ultra_ps_e_0/inst/pl_clk0                                                 | design_1_i/animalnet_axi_lite_0/inst/u_animalnet_top/u_conv2/gen_regular.u_conv/acc[63]_i_1__4_n_0                                                                          | design_1_i/animalnet_axi_lite_0/inst/u_animalnet_top/u_conv0/gen_regular.u_conv/SR[0]                                                                          |               12 |             64 |         5.33 |
|  design_1_i/zynq_ultra_ps_e_0/inst/pl_clk0                                                 | design_1_i/animalnet_axi_lite_0/inst/u_animalnet_top/u_conv1/gen_depthwise.u_conv/acc[63]_i_1__11_n_0                                                                       | design_1_i/animalnet_axi_lite_0/inst/u_animalnet_top/u_conv0/gen_regular.u_conv/SR[0]                                                                          |               12 |             64 |         5.33 |
|  design_1_i/zynq_ultra_ps_e_0/inst/pl_clk0                                                 | design_1_i/animalnet_axi_lite_0/inst/u_animalnet_top/u_conv12/gen_regular.u_conv/acc[63]_i_1__13_n_0                                                                        | design_1_i/animalnet_axi_lite_0/inst/u_animalnet_top/u_conv0/gen_regular.u_conv/SR[0]                                                                          |               12 |             64 |         5.33 |
|  design_1_i/zynq_ultra_ps_e_0/inst/pl_clk0                                                 | design_1_i/animalnet_axi_lite_0/inst/u_animalnet_top/u_conv4/gen_regular.u_conv/acc[63]_i_1__3_n_0                                                                          | design_1_i/animalnet_axi_lite_0/inst/u_animalnet_top/u_conv0/gen_regular.u_conv/SR[0]                                                                          |               13 |             64 |         4.92 |
|  design_1_i/zynq_ultra_ps_e_0/inst/pl_clk0                                                 |                                                                                                                                                                             | design_1_i/animalnet_axi_lite_0/inst/u_animalnet_top/u_conv0/gen_regular.u_conv/SR[0]                                                                          |               57 |             73 |         1.28 |
|  design_1_i/animalnet_axi_lite_0/inst/u_animalnet_top/bias_rom_addr_reg[11]_i_2_n_0_BUFGCE |                                                                                                                                                                             |                                                                                                                                                                |               70 |             94 |         1.34 |
|  design_1_i/zynq_ultra_ps_e_0/inst/pl_clk0                                                 |                                                                                                                                                                             |                                                                                                                                                                |               63 |            171 |         2.71 |
+--------------------------------------------------------------------------------------------+-----------------------------------------------------------------------------------------------------------------------------------------------------------------------------+----------------------------------------------------------------------------------------------------------------------------------------------------------------+------------------+----------------+--------------+


