Copyright 1986-2022 Xilinx, Inc. All Rights Reserved. Copyright 2022-2024 Advanced Micro Devices, Inc. All Rights Reserved.
--------------------------------------------------------------------------------------------------------------------------------------------------------------------------------------------------------------------------------------------------
| Tool Version      : Vivado v.2024.2 (win64) Build 5239630 Fri Nov 08 22:35:27 MST 2024
| Date              : Sun May 10 21:44:58 2026
| Host              : DESKTOP-SVALI2U running 64-bit major release  (build 9200)
| Command           : report_timing_summary -max_paths 10 -report_unconstrained -file design_1_wrapper_timing_summary_routed.rpt -pb design_1_wrapper_timing_summary_routed.pb -rpx design_1_wrapper_timing_summary_routed.rpx -warn_on_violation
| Design            : design_1_wrapper
| Device            : xck26-sfvc784
| Speed File        : -2LV  PRODUCTION 1.30 05-15-2022
| Design State      : Routed
| Temperature Grade : C
--------------------------------------------------------------------------------------------------------------------------------------------------------------------------------------------------------------------------------------------------

Timing Summary Report

------------------------------------------------------------------------------------------------
| Timer Settings
| --------------
------------------------------------------------------------------------------------------------

  Enable Multi Corner Analysis               :  Yes
  Enable Pessimism Removal                   :  Yes
  Pessimism Removal Resolution               :  Nearest Common Node
  Enable Input Delay Default Clock           :  No
  Enable Preset / Clear Arcs                 :  No
  Disable Flight Delays                      :  No
  Ignore I/O Paths                           :  No
  Timing Early Launch at Borrowing Latches   :  No
  Borrow Time for Max Delay Exceptions       :  Yes
  Merge Timing Exceptions                    :  Yes
  Inter-SLR Compensation                     :  Conservative

  Corner  Analyze    Analyze    
  Name    Max Paths  Min Paths  
  ------  ---------  ---------  
  Slow    Yes        Yes        
  Fast    Yes        Yes        


------------------------------------------------------------------------------------------------
| Report Methodology
| ------------------
------------------------------------------------------------------------------------------------

Rule       Severity          Description                                             Violations  
---------  ----------------  ------------------------------------------------------  ----------  
TIMING-2   Critical Warning  Invalid primary clock source pin                        1           
TIMING-20  Warning           Non-clocked latch                                       94          
XDCC-1     Warning           Scoped Clock constraint overwritten with the same name  1           
LATCH-1    Advisory          Existing latches in the design                          1           

Note: This report is based on the most recent report_methodology run and may not be up-to-date. Run report_methodology on the current design for the latest report.



check_timing report

Table of Contents
-----------------
1. checking no_clock (470)
2. checking constant_clock (0)
3. checking pulse_width_clock (0)
4. checking unconstrained_internal_endpoints (94)
5. checking no_input_delay (0)
6. checking no_output_delay (0)
7. checking multiple_clock (0)
8. checking generated_clocks (0)
9. checking loops (0)
10. checking partial_input_delay (0)
11. checking partial_output_delay (0)
12. checking latch_loops (0)

1. checking no_clock (470)
--------------------------
 There are 94 register/latch pins with no clock driven by root clock pin: design_1_i/animalnet_axi_lite_0/inst/u_animalnet_top/FSM_sequential_state_reg[0]/Q (HIGH)

 There are 94 register/latch pins with no clock driven by root clock pin: design_1_i/animalnet_axi_lite_0/inst/u_animalnet_top/FSM_sequential_state_reg[1]/Q (HIGH)

 There are 94 register/latch pins with no clock driven by root clock pin: design_1_i/animalnet_axi_lite_0/inst/u_animalnet_top/FSM_sequential_state_reg[2]/Q (HIGH)

 There are 94 register/latch pins with no clock driven by root clock pin: design_1_i/animalnet_axi_lite_0/inst/u_animalnet_top/FSM_sequential_state_reg[3]/Q (HIGH)

 There are 94 register/latch pins with no clock driven by root clock pin: design_1_i/animalnet_axi_lite_0/inst/u_animalnet_top/FSM_sequential_state_reg[4]/Q (HIGH)


2. checking constant_clock (0)
------------------------------
 There are 0 register/latch pins with constant_clock.


3. checking pulse_width_clock (0)
---------------------------------
 There are 0 register/latch pins which need pulse_width check


4. checking unconstrained_internal_endpoints (94)
-------------------------------------------------
 There are 94 pins that are not constrained for maximum delay. (HIGH)

 There are 0 pins that are not constrained for maximum delay due to constant clock.


5. checking no_input_delay (0)
------------------------------
 There are 0 input ports with no input delay specified.

 There are 0 input ports with no input delay but user has a false path constraint.


6. checking no_output_delay (0)
-------------------------------
 There are 0 ports with no output delay specified.

 There are 0 ports with no output delay but user has a false path constraint

 There are 0 ports with no output delay but with a timing clock defined on it or propagating through it


7. checking multiple_clock (0)
------------------------------
 There are 0 register/latch pins with multiple clocks.


8. checking generated_clocks (0)
--------------------------------
 There are 0 generated clocks that are not connected to a clock source.


9. checking loops (0)
---------------------
 There are 0 combinational loops in the design.


10. checking partial_input_delay (0)
------------------------------------
 There are 0 input ports with partial input delay specified.


11. checking partial_output_delay (0)
-------------------------------------
 There are 0 ports with partial output delay specified.


12. checking latch_loops (0)
----------------------------
 There are 0 combinational latch loops in the design through latch input



------------------------------------------------------------------------------------------------
| Design Timing Summary
| ---------------------
------------------------------------------------------------------------------------------------

    WNS(ns)      TNS(ns)  TNS Failing Endpoints  TNS Total Endpoints      WHS(ns)      THS(ns)  THS Failing Endpoints  THS Total Endpoints     WPWS(ns)     TPWS(ns)  TPWS Failing Endpoints  TPWS Total Endpoints  
    -------      -------  ---------------------  -------------------      -------      -------  ---------------------  -------------------     --------     --------  ----------------------  --------------------  
      0.091        0.000                      0                23434        0.018        0.000                      0                23434        3.180        0.000                       0                  5855  


All user specified timing constraints are met.


------------------------------------------------------------------------------------------------
| Clock Summary
| -------------
------------------------------------------------------------------------------------------------

Clock     Waveform(ns)         Period(ns)      Frequency(MHz)
-----     ------------         ----------      --------------
clk_pl_0  {0.000 4.680}        9.361           106.826         


------------------------------------------------------------------------------------------------
| Intra Clock Table
| -----------------
------------------------------------------------------------------------------------------------

Clock             WNS(ns)      TNS(ns)  TNS Failing Endpoints  TNS Total Endpoints      WHS(ns)      THS(ns)  THS Failing Endpoints  THS Total Endpoints     WPWS(ns)     TPWS(ns)  TPWS Failing Endpoints  TPWS Total Endpoints  
-----             -------      -------  ---------------------  -------------------      -------      -------  ---------------------  -------------------     --------     --------  ----------------------  --------------------  
clk_pl_0            0.091        0.000                      0                23434        0.018        0.000                      0                23434        3.180        0.000                       0                  5855  


------------------------------------------------------------------------------------------------
| Inter Clock Table
| -----------------
------------------------------------------------------------------------------------------------

From Clock    To Clock          WNS(ns)      TNS(ns)  TNS Failing Endpoints  TNS Total Endpoints      WHS(ns)      THS(ns)  THS Failing Endpoints  THS Total Endpoints  
----------    --------          -------      -------  ---------------------  -------------------      -------      -------  ---------------------  -------------------  


------------------------------------------------------------------------------------------------
| Other Path Groups Table
| -----------------------
------------------------------------------------------------------------------------------------

Path Group    From Clock    To Clock          WNS(ns)      TNS(ns)  TNS Failing Endpoints  TNS Total Endpoints      WHS(ns)      THS(ns)  THS Failing Endpoints  THS Total Endpoints  
----------    ----------    --------          -------      -------  ---------------------  -------------------      -------      -------  ---------------------  -------------------  


------------------------------------------------------------------------------------------------
| User Ignored Path Table
| -----------------------
------------------------------------------------------------------------------------------------

Path Group    From Clock    To Clock    
----------    ----------    --------    
(none)                      clk_pl_0      
(none)        clk_pl_0      clk_pl_0      


------------------------------------------------------------------------------------------------
| Unconstrained Path Table
| ------------------------
------------------------------------------------------------------------------------------------

Path Group    From Clock    To Clock    
----------    ----------    --------    
(none)        clk_pl_0                    
(none)                      clk_pl_0      


------------------------------------------------------------------------------------------------
| Timing Details
| --------------
------------------------------------------------------------------------------------------------


---------------------------------------------------------------------------------------------------
From Clock:  clk_pl_0
  To Clock:  clk_pl_0

Setup :            0  Failing Endpoints,  Worst Slack        0.091ns,  Total Violation        0.000ns
Hold  :            0  Failing Endpoints,  Worst Slack        0.018ns,  Total Violation        0.000ns
PW    :            0  Failing Endpoints,  Worst Slack        3.180ns,  Total Violation        0.000ns
---------------------------------------------------------------------------------------------------


Max Delay Paths
--------------------------------------------------------------------------------------
Slack (MET) :             0.091ns  (required time - arrival time)
  Source:                 design_1_i/animalnet_axi_lite_0/inst/u_animalnet_top/u_pool/acc_reg[0]/C
                            (rising edge-triggered cell FDRE clocked by clk_pl_0  {rise@0.000ns fall@4.681ns period=9.361ns})
  Destination:            design_1_i/animalnet_axi_lite_0/inst/u_animalnet_top/u_pool/output_data_reg[14]/D
                            (rising edge-triggered cell FDRE clocked by clk_pl_0  {rise@0.000ns fall@4.681ns period=9.361ns})
  Path Group:             clk_pl_0
  Path Type:              Setup (Max at Slow Process Corner)
  Requirement:            9.361ns  (clk_pl_0 rise@9.361ns - clk_pl_0 rise@0.000ns)
  Data Path Delay:        9.067ns  (logic 3.994ns (44.051%)  route 5.073ns (55.949%))
  Logic Levels:           27  (CARRY8=14 LUT1=2 LUT3=2 LUT4=1 LUT5=2 LUT6=6)
  Clock Path Skew:        -0.087ns (DCD - SCD + CPR)
    Destination Clock Delay (DCD):    2.885ns = ( 12.246 - 9.361 ) 
    Source Clock Delay      (SCD):    3.174ns
    Clock Pessimism Removal (CPR):    0.202ns
  Clock Uncertainty:      0.160ns  ((TSJ^2 + DJ^2)^1/2) / 2 + PE
    Total System Jitter     (TSJ):    0.071ns
    Discrete Jitter          (DJ):    0.312ns
    Phase Error              (PE):    0.000ns
  Clock Net Delay (Source):      3.174ns (routing 1.681ns, distribution 1.493ns)
  Clock Net Delay (Destination): 2.885ns (routing 1.538ns, distribution 1.347ns)

    Location             Delay type                Incr(ns)  Path(ns)    Netlist Resource(s)
  -------------------------------------------------------------------    -------------------
                         (clock clk_pl_0 rise edge)
                                                      0.000     0.000 r  
    BUFG_PS_X0Y90        BUFG_PS                      0.000     0.000 r  design_1_i/zynq_ultra_ps_e_0/inst/buffer_pl_clk_0.PL_CLK_0_BUFG/O
    X1Y1 (CLOCK_ROOT)    net (fo=6239, routed)        3.174     3.174    design_1_i/animalnet_axi_lite_0/inst/u_animalnet_top/u_pool/S_AXI_ACLK
    SLICE_X48Y131        FDRE                                         r  design_1_i/animalnet_axi_lite_0/inst/u_animalnet_top/u_pool/acc_reg[0]/C
  -------------------------------------------------------------------    -------------------
    SLICE_X48Y131        FDRE (Prop_AFF_SLICEL_C_Q)
                                                      0.114     3.288 f  design_1_i/animalnet_axi_lite_0/inst/u_animalnet_top/u_pool/acc_reg[0]/Q
                         net (fo=4, routed)           0.061     3.349    design_1_i/animalnet_axi_lite_0/inst/u_animalnet_top/u_pool/acc_abs[0]
    SLICE_X48Y131        LUT1 (Prop_F6LUT_SLICEL_I0_O)
                                                      0.056     3.405 r  design_1_i/animalnet_axi_lite_0/inst/u_animalnet_top/u_pool/output_data[14]_i_50/O
                         net (fo=1, routed)           0.114     3.519    design_1_i/animalnet_axi_lite_0/inst/u_animalnet_top/u_pool/output_data[14]_i_50_n_0
    SLICE_X48Y132        CARRY8 (Prop_CARRY8_SLICEL_CI_O[4])
                                                      0.272     3.791 f  design_1_i/animalnet_axi_lite_0/inst/u_animalnet_top/u_pool/output_data_reg[14]_i_34/O[4]
                         net (fo=2, routed)           0.202     3.993    design_1_i/animalnet_axi_lite_0/inst/u_animalnet_top/u_pool/acc_abs0[5]
    SLICE_X47Y132        LUT3 (Prop_F6LUT_SLICEL_I2_O)
                                                      0.081     4.074 r  design_1_i/animalnet_axi_lite_0/inst/u_animalnet_top/u_pool/output_data[14]_i_29/O
                         net (fo=1, routed)           0.015     4.089    design_1_i/animalnet_axi_lite_0/inst/u_animalnet_top/u_pool/output_data[14]_i_29_n_0
    SLICE_X47Y132        CARRY8 (Prop_CARRY8_SLICEL_S[5]_CO[7])
                                                      0.232     4.321 r  design_1_i/animalnet_axi_lite_0/inst/u_animalnet_top/u_pool/output_data_reg[14]_i_13/CO[7]
                         net (fo=1, routed)           0.030     4.351    design_1_i/animalnet_axi_lite_0/inst/u_animalnet_top/u_pool/output_data_reg[14]_i_13_n_0
    SLICE_X47Y133        CARRY8 (Prop_CARRY8_SLICEL_CI_O[1])
                                                      0.106     4.457 f  design_1_i/animalnet_axi_lite_0/inst/u_animalnet_top/u_pool/output_data_reg[14]_i_4/O[1]
                         net (fo=25, routed)          0.284     4.741    design_1_i/animalnet_axi_lite_0/inst/u_animalnet_top/u_pool/p_1_in[9]
    SLICE_X47Y137        LUT1 (Prop_A6LUT_SLICEL_I0_O)
                                                      0.082     4.823 r  design_1_i/animalnet_axi_lite_0/inst/u_animalnet_top/u_pool/output_data[0]_i_94/O
                         net (fo=1, routed)           0.014     4.837    design_1_i/animalnet_axi_lite_0/inst/u_animalnet_top/u_pool/output_data[0]_i_94_n_0
    SLICE_X47Y137        CARRY8 (Prop_CARRY8_SLICEL_S[0]_O[4])
                                                      0.285     5.122 f  design_1_i/animalnet_axi_lite_0/inst/u_animalnet_top/u_pool/output_data_reg[0]_i_40/O[4]
                         net (fo=16, routed)          0.363     5.484    design_1_i/animalnet_axi_lite_0/inst/u_animalnet_top/u_pool/avg_abs2[13]
    SLICE_X46Y138        LUT3 (Prop_D6LUT_SLICEL_I2_O)
                                                      0.057     5.541 f  design_1_i/animalnet_axi_lite_0/inst/u_animalnet_top/u_pool/output_data[11]_i_107/O
                         net (fo=9, routed)           0.130     5.671    design_1_i/animalnet_axi_lite_0/inst/u_animalnet_top/u_pool/output_data[11]_i_107_n_0
    SLICE_X46Y139        LUT6 (Prop_F6LUT_SLICEL_I3_O)
                                                      0.187     5.858 r  design_1_i/animalnet_axi_lite_0/inst/u_animalnet_top/u_pool/output_data[3]_i_122/O
                         net (fo=2, routed)           0.204     6.062    design_1_i/animalnet_axi_lite_0/inst/u_animalnet_top/u_pool/output_data[3]_i_122_n_0
    SLICE_X48Y139        LUT6 (Prop_G6LUT_SLICEL_I0_O)
                                                      0.137     6.199 r  design_1_i/animalnet_axi_lite_0/inst/u_animalnet_top/u_pool/output_data[3]_i_130/O
                         net (fo=1, routed)           0.012     6.211    design_1_i/animalnet_axi_lite_0/inst/u_animalnet_top/u_pool/output_data[3]_i_130_n_0
    SLICE_X48Y139        CARRY8 (Prop_CARRY8_SLICEL_S[6]_CO[7])
                                                      0.171     6.382 r  design_1_i/animalnet_axi_lite_0/inst/u_animalnet_top/u_pool/output_data_reg[3]_i_47/CO[7]
                         net (fo=1, routed)           0.030     6.412    design_1_i/animalnet_axi_lite_0/inst/u_animalnet_top/u_pool/output_data_reg[3]_i_47_n_0
    SLICE_X48Y140        CARRY8 (Prop_CARRY8_SLICEL_CI_CO[7])
                                                      0.065     6.477 r  design_1_i/animalnet_axi_lite_0/inst/u_animalnet_top/u_pool/output_data_reg[11]_i_31/CO[7]
                         net (fo=1, routed)           0.030     6.507    design_1_i/animalnet_axi_lite_0/inst/u_animalnet_top/u_pool/output_data_reg[11]_i_31_n_0
    SLICE_X48Y141        CARRY8 (Prop_CARRY8_SLICEL_CI_CO[6])
                                                      0.129     6.636 r  design_1_i/animalnet_axi_lite_0/inst/u_animalnet_top/u_pool/output_data_reg[15]_i_32/CO[6]
                         net (fo=8, routed)           0.322     6.958    design_1_i/animalnet_axi_lite_0/inst/u_animalnet_top/u_pool/output_data_reg[15]_i_32_n_1
    SLICE_X46Y141        CARRY8 (Prop_CARRY8_SLICEL_CI_CO[2])
                                                      0.153     7.111 r  design_1_i/animalnet_axi_lite_0/inst/u_animalnet_top/u_pool/output_data_reg[15]_i_31/CO[2]
                         net (fo=5, routed)           0.680     7.791    design_1_i/animalnet_axi_lite_0/inst/u_animalnet_top/u_pool/output_data_reg[15]_i_31_n_5
    SLICE_X49Y145        CARRY8 (Prop_CARRY8_SLICEL_CI_O[2])
                                                      0.181     7.972 r  design_1_i/animalnet_axi_lite_0/inst/u_animalnet_top/u_pool/output_data_reg[15]_i_28/O[2]
                         net (fo=4, routed)           0.211     8.183    design_1_i/animalnet_axi_lite_0/inst/u_animalnet_top/u_pool/output_data_reg[15]_i_28_n_13
    SLICE_X50Y144        LUT5 (Prop_H6LUT_SLICEL_I1_O)
                                                      0.083     8.266 r  design_1_i/animalnet_axi_lite_0/inst/u_animalnet_top/u_pool/output_data[15]_i_11__1/O
                         net (fo=2, routed)           0.439     8.705    design_1_i/animalnet_axi_lite_0/inst/u_animalnet_top/u_pool/output_data[15]_i_11__1_n_0
    SLICE_X51Y141        CARRY8 (Prop_CARRY8_SLICEL_DI[4]_CO[7])
                                                      0.133     8.838 r  design_1_i/animalnet_axi_lite_0/inst/u_animalnet_top/u_pool/output_data_reg[15]_i_4__1/CO[7]
                         net (fo=1, routed)           0.030     8.868    design_1_i/animalnet_axi_lite_0/inst/u_animalnet_top/u_pool/output_data_reg[15]_i_4__1_n_0
    SLICE_X51Y142        CARRY8 (Prop_CARRY8_SLICEL_CI_O[5])
                                                      0.161     9.029 r  design_1_i/animalnet_axi_lite_0/inst/u_animalnet_top/u_pool/output_data_reg[0]_i_65/O[5]
                         net (fo=5, routed)           0.364     9.393    design_1_i/animalnet_axi_lite_0/inst/u_animalnet_top/u_pool/output_data_reg[0]_i_65_n_10
    SLICE_X50Y143        LUT5 (Prop_H6LUT_SLICEL_I0_O)
                                                      0.227     9.620 r  design_1_i/animalnet_axi_lite_0/inst/u_animalnet_top/u_pool/output_data[0]_i_57/O
                         net (fo=1, routed)           0.015     9.635    design_1_i/animalnet_axi_lite_0/inst/u_animalnet_top/u_pool/output_data[0]_i_57_n_0
    SLICE_X50Y143        CARRY8 (Prop_CARRY8_SLICEL_S[7]_CO[7])
                                                      0.172     9.807 r  design_1_i/animalnet_axi_lite_0/inst/u_animalnet_top/u_pool/output_data_reg[0]_i_17/CO[7]
                         net (fo=1, routed)           0.030     9.837    design_1_i/animalnet_axi_lite_0/inst/u_animalnet_top/u_pool/output_data_reg[0]_i_17_n_0
    SLICE_X50Y144        CARRY8 (Prop_CARRY8_SLICEL_CI_O[0])
                                                      0.078     9.915 r  design_1_i/animalnet_axi_lite_0/inst/u_animalnet_top/u_pool/output_data_reg[0]_i_4/O[0]
                         net (fo=3, routed)           0.560    10.475    design_1_i/animalnet_axi_lite_0/inst/u_animalnet_top/u_pool/output_data_reg[0]_i_4_n_15
    SLICE_X47Y145        LUT4 (Prop_C6LUT_SLICEL_I3_O)
                                                      0.136    10.611 r  design_1_i/animalnet_axi_lite_0/inst/u_animalnet_top/u_pool/output_data[0]_i_13__7/O
                         net (fo=1, routed)           0.015    10.626    design_1_i/animalnet_axi_lite_0/inst/u_animalnet_top/u_pool/output_data[0]_i_13__7_n_0
    SLICE_X47Y145        CARRY8 (Prop_CARRY8_SLICEL_S[2]_CO[4])
                                                      0.244    10.870 r  design_1_i/animalnet_axi_lite_0/inst/u_animalnet_top/u_pool/output_data_reg[0]_i_2__7/CO[4]
                         net (fo=15, routed)          0.194    11.064    design_1_i/animalnet_axi_lite_0/inst/u_animalnet_top/u_pool/output_data_reg[0]_i_2__7_n_3
    SLICE_X48Y145        LUT6 (Prop_G6LUT_SLICEL_I1_O)
                                                      0.057    11.121 r  design_1_i/animalnet_axi_lite_0/inst/u_animalnet_top/u_pool/output_data[11]_i_22/O
                         net (fo=6, routed)           0.546    11.667    design_1_i/animalnet_axi_lite_0/inst/u_animalnet_top/u_pool/output_data[11]_i_22_n_0
    SLICE_X49Y148        LUT6 (Prop_G6LUT_SLICEL_I3_O)
                                                      0.186    11.853 r  design_1_i/animalnet_axi_lite_0/inst/u_animalnet_top/u_pool/output_data[11]_i_3_comp_3/O
                         net (fo=1, routed)           0.057    11.910    design_1_i/animalnet_axi_lite_0/inst/u_animalnet_top/u_pool/output_data[11]_i_3_n_0_repN_3
    SLICE_X49Y148        LUT6 (Prop_E6LUT_SLICEL_I5_O)
                                                      0.152    12.062 r  design_1_i/animalnet_axi_lite_0/inst/u_animalnet_top/u_pool/output_data[15]_i_6_comp/O
                         net (fo=2, routed)           0.055    12.117    design_1_i/animalnet_axi_lite_0/inst/u_animalnet_top/u_pool/output_data[15]_i_6_n_0
    SLICE_X49Y148        LUT6 (Prop_D6LUT_SLICEL_I5_O)
                                                      0.057    12.174 r  design_1_i/animalnet_axi_lite_0/inst/u_animalnet_top/u_pool/output_data[14]_i_1__7/O
                         net (fo=1, routed)           0.067    12.241    design_1_i/animalnet_axi_lite_0/inst/u_animalnet_top/u_pool/avg_value[14]
    SLICE_X49Y148        FDRE                                         r  design_1_i/animalnet_axi_lite_0/inst/u_animalnet_top/u_pool/output_data_reg[14]/D
  -------------------------------------------------------------------    -------------------

                         (clock clk_pl_0 rise edge)
                                                      9.361     9.361 r  
    BUFG_PS_X0Y90        BUFG_PS                      0.000     9.361 r  design_1_i/zynq_ultra_ps_e_0/inst/buffer_pl_clk_0.PL_CLK_0_BUFG/O
    X1Y1 (CLOCK_ROOT)    net (fo=6239, routed)        2.885    12.246    design_1_i/animalnet_axi_lite_0/inst/u_animalnet_top/u_pool/S_AXI_ACLK
    SLICE_X49Y148        FDRE                                         r  design_1_i/animalnet_axi_lite_0/inst/u_animalnet_top/u_pool/output_data_reg[14]/C
                         clock pessimism              0.202    12.448    
                         clock uncertainty           -0.160    12.287    
    SLICE_X49Y148        FDRE (Setup_DFF_SLICEL_C_D)
                                                      0.044    12.331    design_1_i/animalnet_axi_lite_0/inst/u_animalnet_top/u_pool/output_data_reg[14]
  -------------------------------------------------------------------
                         required time                         12.331    
                         arrival time                         -12.241    
  -------------------------------------------------------------------
                         slack                                  0.091    

Slack (MET) :             0.092ns  (required time - arrival time)
  Source:                 design_1_i/animalnet_axi_lite_0/inst/u_animalnet_top/u_pool/acc_reg[0]/C
                            (rising edge-triggered cell FDRE clocked by clk_pl_0  {rise@0.000ns fall@4.681ns period=9.361ns})
  Destination:            design_1_i/animalnet_axi_lite_0/inst/u_animalnet_top/u_pool/output_data_reg[15]/D
                            (rising edge-triggered cell FDRE clocked by clk_pl_0  {rise@0.000ns fall@4.681ns period=9.361ns})
  Path Group:             clk_pl_0
  Path Type:              Setup (Max at Slow Process Corner)
  Requirement:            9.361ns  (clk_pl_0 rise@9.361ns - clk_pl_0 rise@0.000ns)
  Data Path Delay:        9.066ns  (logic 3.993ns (44.044%)  route 5.073ns (55.956%))
  Logic Levels:           27  (CARRY8=14 LUT1=2 LUT3=2 LUT4=1 LUT5=2 LUT6=6)
  Clock Path Skew:        -0.087ns (DCD - SCD + CPR)
    Destination Clock Delay (DCD):    2.885ns = ( 12.246 - 9.361 ) 
    Source Clock Delay      (SCD):    3.174ns
    Clock Pessimism Removal (CPR):    0.202ns
  Clock Uncertainty:      0.160ns  ((TSJ^2 + DJ^2)^1/2) / 2 + PE
    Total System Jitter     (TSJ):    0.071ns
    Discrete Jitter          (DJ):    0.312ns
    Phase Error              (PE):    0.000ns
  Clock Net Delay (Source):      3.174ns (routing 1.681ns, distribution 1.493ns)
  Clock Net Delay (Destination): 2.885ns (routing 1.538ns, distribution 1.347ns)

    Location             Delay type                Incr(ns)  Path(ns)    Netlist Resource(s)
  -------------------------------------------------------------------    -------------------
                         (clock clk_pl_0 rise edge)
                                                      0.000     0.000 r  
    BUFG_PS_X0Y90        BUFG_PS                      0.000     0.000 r  design_1_i/zynq_ultra_ps_e_0/inst/buffer_pl_clk_0.PL_CLK_0_BUFG/O
    X1Y1 (CLOCK_ROOT)    net (fo=6239, routed)        3.174     3.174    design_1_i/animalnet_axi_lite_0/inst/u_animalnet_top/u_pool/S_AXI_ACLK
    SLICE_X48Y131        FDRE                                         r  design_1_i/animalnet_axi_lite_0/inst/u_animalnet_top/u_pool/acc_reg[0]/C
  -------------------------------------------------------------------    -------------------
    SLICE_X48Y131        FDRE (Prop_AFF_SLICEL_C_Q)
                                                      0.114     3.288 f  design_1_i/animalnet_axi_lite_0/inst/u_animalnet_top/u_pool/acc_reg[0]/Q
                         net (fo=4, routed)           0.061     3.349    design_1_i/animalnet_axi_lite_0/inst/u_animalnet_top/u_pool/acc_abs[0]
    SLICE_X48Y131        LUT1 (Prop_F6LUT_SLICEL_I0_O)
                                                      0.056     3.405 r  design_1_i/animalnet_axi_lite_0/inst/u_animalnet_top/u_pool/output_data[14]_i_50/O
                         net (fo=1, routed)           0.114     3.519    design_1_i/animalnet_axi_lite_0/inst/u_animalnet_top/u_pool/output_data[14]_i_50_n_0
    SLICE_X48Y132        CARRY8 (Prop_CARRY8_SLICEL_CI_O[4])
                                                      0.272     3.791 f  design_1_i/animalnet_axi_lite_0/inst/u_animalnet_top/u_pool/output_data_reg[14]_i_34/O[4]
                         net (fo=2, routed)           0.202     3.993    design_1_i/animalnet_axi_lite_0/inst/u_animalnet_top/u_pool/acc_abs0[5]
    SLICE_X47Y132        LUT3 (Prop_F6LUT_SLICEL_I2_O)
                                                      0.081     4.074 r  design_1_i/animalnet_axi_lite_0/inst/u_animalnet_top/u_pool/output_data[14]_i_29/O
                         net (fo=1, routed)           0.015     4.089    design_1_i/animalnet_axi_lite_0/inst/u_animalnet_top/u_pool/output_data[14]_i_29_n_0
    SLICE_X47Y132        CARRY8 (Prop_CARRY8_SLICEL_S[5]_CO[7])
                                                      0.232     4.321 r  design_1_i/animalnet_axi_lite_0/inst/u_animalnet_top/u_pool/output_data_reg[14]_i_13/CO[7]
                         net (fo=1, routed)           0.030     4.351    design_1_i/animalnet_axi_lite_0/inst/u_animalnet_top/u_pool/output_data_reg[14]_i_13_n_0
    SLICE_X47Y133        CARRY8 (Prop_CARRY8_SLICEL_CI_O[1])
                                                      0.106     4.457 f  design_1_i/animalnet_axi_lite_0/inst/u_animalnet_top/u_pool/output_data_reg[14]_i_4/O[1]
                         net (fo=25, routed)          0.284     4.741    design_1_i/animalnet_axi_lite_0/inst/u_animalnet_top/u_pool/p_1_in[9]
    SLICE_X47Y137        LUT1 (Prop_A6LUT_SLICEL_I0_O)
                                                      0.082     4.823 r  design_1_i/animalnet_axi_lite_0/inst/u_animalnet_top/u_pool/output_data[0]_i_94/O
                         net (fo=1, routed)           0.014     4.837    design_1_i/animalnet_axi_lite_0/inst/u_animalnet_top/u_pool/output_data[0]_i_94_n_0
    SLICE_X47Y137        CARRY8 (Prop_CARRY8_SLICEL_S[0]_O[4])
                                                      0.285     5.122 f  design_1_i/animalnet_axi_lite_0/inst/u_animalnet_top/u_pool/output_data_reg[0]_i_40/O[4]
                         net (fo=16, routed)          0.363     5.484    design_1_i/animalnet_axi_lite_0/inst/u_animalnet_top/u_pool/avg_abs2[13]
    SLICE_X46Y138        LUT3 (Prop_D6LUT_SLICEL_I2_O)
                                                      0.057     5.541 f  design_1_i/animalnet_axi_lite_0/inst/u_animalnet_top/u_pool/output_data[11]_i_107/O
                         net (fo=9, routed)           0.130     5.671    design_1_i/animalnet_axi_lite_0/inst/u_animalnet_top/u_pool/output_data[11]_i_107_n_0
    SLICE_X46Y139        LUT6 (Prop_F6LUT_SLICEL_I3_O)
                                                      0.187     5.858 r  design_1_i/animalnet_axi_lite_0/inst/u_animalnet_top/u_pool/output_data[3]_i_122/O
                         net (fo=2, routed)           0.204     6.062    design_1_i/animalnet_axi_lite_0/inst/u_animalnet_top/u_pool/output_data[3]_i_122_n_0
    SLICE_X48Y139        LUT6 (Prop_G6LUT_SLICEL_I0_O)
                                                      0.137     6.199 r  design_1_i/animalnet_axi_lite_0/inst/u_animalnet_top/u_pool/output_data[3]_i_130/O
                         net (fo=1, routed)           0.012     6.211    design_1_i/animalnet_axi_lite_0/inst/u_animalnet_top/u_pool/output_data[3]_i_130_n_0
    SLICE_X48Y139        CARRY8 (Prop_CARRY8_SLICEL_S[6]_CO[7])
                                                      0.171     6.382 r  design_1_i/animalnet_axi_lite_0/inst/u_animalnet_top/u_pool/output_data_reg[3]_i_47/CO[7]
                         net (fo=1, routed)           0.030     6.412    design_1_i/animalnet_axi_lite_0/inst/u_animalnet_top/u_pool/output_data_reg[3]_i_47_n_0
    SLICE_X48Y140        CARRY8 (Prop_CARRY8_SLICEL_CI_CO[7])
                                                      0.065     6.477 r  design_1_i/animalnet_axi_lite_0/inst/u_animalnet_top/u_pool/output_data_reg[11]_i_31/CO[7]
                         net (fo=1, routed)           0.030     6.507    design_1_i/animalnet_axi_lite_0/inst/u_animalnet_top/u_pool/output_data_reg[11]_i_31_n_0
    SLICE_X48Y141        CARRY8 (Prop_CARRY8_SLICEL_CI_CO[6])
                                                      0.129     6.636 r  design_1_i/animalnet_axi_lite_0/inst/u_animalnet_top/u_pool/output_data_reg[15]_i_32/CO[6]
                         net (fo=8, routed)           0.322     6.958    design_1_i/animalnet_axi_lite_0/inst/u_animalnet_top/u_pool/output_data_reg[15]_i_32_n_1
    SLICE_X46Y141        CARRY8 (Prop_CARRY8_SLICEL_CI_CO[2])
                                                      0.153     7.111 r  design_1_i/animalnet_axi_lite_0/inst/u_animalnet_top/u_pool/output_data_reg[15]_i_31/CO[2]
                         net (fo=5, routed)           0.680     7.791    design_1_i/animalnet_axi_lite_0/inst/u_animalnet_top/u_pool/output_data_reg[15]_i_31_n_5
    SLICE_X49Y145        CARRY8 (Prop_CARRY8_SLICEL_CI_O[2])
                                                      0.181     7.972 r  design_1_i/animalnet_axi_lite_0/inst/u_animalnet_top/u_pool/output_data_reg[15]_i_28/O[2]
                         net (fo=4, routed)           0.211     8.183    design_1_i/animalnet_axi_lite_0/inst/u_animalnet_top/u_pool/output_data_reg[15]_i_28_n_13
    SLICE_X50Y144        LUT5 (Prop_H6LUT_SLICEL_I1_O)
                                                      0.083     8.266 r  design_1_i/animalnet_axi_lite_0/inst/u_animalnet_top/u_pool/output_data[15]_i_11__1/O
                         net (fo=2, routed)           0.439     8.705    design_1_i/animalnet_axi_lite_0/inst/u_animalnet_top/u_pool/output_data[15]_i_11__1_n_0
    SLICE_X51Y141        CARRY8 (Prop_CARRY8_SLICEL_DI[4]_CO[7])
                                                      0.133     8.838 r  design_1_i/animalnet_axi_lite_0/inst/u_animalnet_top/u_pool/output_data_reg[15]_i_4__1/CO[7]
                         net (fo=1, routed)           0.030     8.868    design_1_i/animalnet_axi_lite_0/inst/u_animalnet_top/u_pool/output_data_reg[15]_i_4__1_n_0
    SLICE_X51Y142        CARRY8 (Prop_CARRY8_SLICEL_CI_O[5])
                                                      0.161     9.029 r  design_1_i/animalnet_axi_lite_0/inst/u_animalnet_top/u_pool/output_data_reg[0]_i_65/O[5]
                         net (fo=5, routed)           0.364     9.393    design_1_i/animalnet_axi_lite_0/inst/u_animalnet_top/u_pool/output_data_reg[0]_i_65_n_10
    SLICE_X50Y143        LUT5 (Prop_H6LUT_SLICEL_I0_O)
                                                      0.227     9.620 r  design_1_i/animalnet_axi_lite_0/inst/u_animalnet_top/u_pool/output_data[0]_i_57/O
                         net (fo=1, routed)           0.015     9.635    design_1_i/animalnet_axi_lite_0/inst/u_animalnet_top/u_pool/output_data[0]_i_57_n_0
    SLICE_X50Y143        CARRY8 (Prop_CARRY8_SLICEL_S[7]_CO[7])
                                                      0.172     9.807 r  design_1_i/animalnet_axi_lite_0/inst/u_animalnet_top/u_pool/output_data_reg[0]_i_17/CO[7]
                         net (fo=1, routed)           0.030     9.837    design_1_i/animalnet_axi_lite_0/inst/u_animalnet_top/u_pool/output_data_reg[0]_i_17_n_0
    SLICE_X50Y144        CARRY8 (Prop_CARRY8_SLICEL_CI_O[0])
                                                      0.078     9.915 r  design_1_i/animalnet_axi_lite_0/inst/u_animalnet_top/u_pool/output_data_reg[0]_i_4/O[0]
                         net (fo=3, routed)           0.560    10.475    design_1_i/animalnet_axi_lite_0/inst/u_animalnet_top/u_pool/output_data_reg[0]_i_4_n_15
    SLICE_X47Y145        LUT4 (Prop_C6LUT_SLICEL_I3_O)
                                                      0.136    10.611 r  design_1_i/animalnet_axi_lite_0/inst/u_animalnet_top/u_pool/output_data[0]_i_13__7/O
                         net (fo=1, routed)           0.015    10.626    design_1_i/animalnet_axi_lite_0/inst/u_animalnet_top/u_pool/output_data[0]_i_13__7_n_0
    SLICE_X47Y145        CARRY8 (Prop_CARRY8_SLICEL_S[2]_CO[4])
                                                      0.244    10.870 r  design_1_i/animalnet_axi_lite_0/inst/u_animalnet_top/u_pool/output_data_reg[0]_i_2__7/CO[4]
                         net (fo=15, routed)          0.194    11.064    design_1_i/animalnet_axi_lite_0/inst/u_animalnet_top/u_pool/output_data_reg[0]_i_2__7_n_3
    SLICE_X48Y145        LUT6 (Prop_G6LUT_SLICEL_I1_O)
                                                      0.057    11.121 r  design_1_i/animalnet_axi_lite_0/inst/u_animalnet_top/u_pool/output_data[11]_i_22/O
                         net (fo=6, routed)           0.546    11.667    design_1_i/animalnet_axi_lite_0/inst/u_animalnet_top/u_pool/output_data[11]_i_22_n_0
    SLICE_X49Y148        LUT6 (Prop_G6LUT_SLICEL_I3_O)
                                                      0.186    11.853 r  design_1_i/animalnet_axi_lite_0/inst/u_animalnet_top/u_pool/output_data[11]_i_3_comp_3/O
                         net (fo=1, routed)           0.057    11.910    design_1_i/animalnet_axi_lite_0/inst/u_animalnet_top/u_pool/output_data[11]_i_3_n_0_repN_3
    SLICE_X49Y148        LUT6 (Prop_E6LUT_SLICEL_I5_O)
                                                      0.152    12.062 r  design_1_i/animalnet_axi_lite_0/inst/u_animalnet_top/u_pool/output_data[15]_i_6_comp/O
                         net (fo=2, routed)           0.053    12.115    design_1_i/animalnet_axi_lite_0/inst/u_animalnet_top/u_pool/output_data[15]_i_6_n_0
    SLICE_X49Y148        LUT6 (Prop_C6LUT_SLICEL_I4_O)
                                                      0.056    12.171 r  design_1_i/animalnet_axi_lite_0/inst/u_animalnet_top/u_pool/output_data[15]_i_1__1/O
                         net (fo=1, routed)           0.069    12.240    design_1_i/animalnet_axi_lite_0/inst/u_animalnet_top/u_pool/avg_value[15]
    SLICE_X49Y148        FDRE                                         r  design_1_i/animalnet_axi_lite_0/inst/u_animalnet_top/u_pool/output_data_reg[15]/D
  -------------------------------------------------------------------    -------------------

                         (clock clk_pl_0 rise edge)
                                                      9.361     9.361 r  
    BUFG_PS_X0Y90        BUFG_PS                      0.000     9.361 r  design_1_i/zynq_ultra_ps_e_0/inst/buffer_pl_clk_0.PL_CLK_0_BUFG/O
    X1Y1 (CLOCK_ROOT)    net (fo=6239, routed)        2.885    12.246    design_1_i/animalnet_axi_lite_0/inst/u_animalnet_top/u_pool/S_AXI_ACLK
    SLICE_X49Y148        FDRE                                         r  design_1_i/animalnet_axi_lite_0/inst/u_animalnet_top/u_pool/output_data_reg[15]/C
                         clock pessimism              0.202    12.448    
                         clock uncertainty           -0.160    12.287    
    SLICE_X49Y148        FDRE (Setup_CFF_SLICEL_C_D)
                                                      0.044    12.331    design_1_i/animalnet_axi_lite_0/inst/u_animalnet_top/u_pool/output_data_reg[15]
  -------------------------------------------------------------------
                         required time                         12.331    
                         arrival time                         -12.240    
  -------------------------------------------------------------------
                         slack                                  0.092    

Slack (MET) :             0.103ns  (required time - arrival time)
  Source:                 design_1_i/animalnet_axi_lite_0/inst/u_animalnet_top/u_pool/acc_reg[0]/C
                            (rising edge-triggered cell FDRE clocked by clk_pl_0  {rise@0.000ns fall@4.681ns period=9.361ns})
  Destination:            design_1_i/animalnet_axi_lite_0/inst/u_animalnet_top/u_pool/output_data_reg[13]/D
                            (rising edge-triggered cell FDRE clocked by clk_pl_0  {rise@0.000ns fall@4.681ns period=9.361ns})
  Path Group:             clk_pl_0
  Path Type:              Setup (Max at Slow Process Corner)
  Requirement:            9.361ns  (clk_pl_0 rise@9.361ns - clk_pl_0 rise@0.000ns)
  Data Path Delay:        9.056ns  (logic 3.945ns (43.564%)  route 5.111ns (56.436%))
  Logic Levels:           27  (CARRY8=14 LUT1=2 LUT3=2 LUT4=1 LUT5=3 LUT6=5)
  Clock Path Skew:        -0.086ns (DCD - SCD + CPR)
    Destination Clock Delay (DCD):    2.886ns = ( 12.247 - 9.361 ) 
    Source Clock Delay      (SCD):    3.174ns
    Clock Pessimism Removal (CPR):    0.202ns
  Clock Uncertainty:      0.160ns  ((TSJ^2 + DJ^2)^1/2) / 2 + PE
    Total System Jitter     (TSJ):    0.071ns
    Discrete Jitter          (DJ):    0.312ns
    Phase Error              (PE):    0.000ns
  Clock Net Delay (Source):      3.174ns (routing 1.681ns, distribution 1.493ns)
  Clock Net Delay (Destination): 2.886ns (routing 1.538ns, distribution 1.348ns)

    Location             Delay type                Incr(ns)  Path(ns)    Netlist Resource(s)
  -------------------------------------------------------------------    -------------------
                         (clock clk_pl_0 rise edge)
                                                      0.000     0.000 r  
    BUFG_PS_X0Y90        BUFG_PS                      0.000     0.000 r  design_1_i/zynq_ultra_ps_e_0/inst/buffer_pl_clk_0.PL_CLK_0_BUFG/O
    X1Y1 (CLOCK_ROOT)    net (fo=6239, routed)        3.174     3.174    design_1_i/animalnet_axi_lite_0/inst/u_animalnet_top/u_pool/S_AXI_ACLK
    SLICE_X48Y131        FDRE                                         r  design_1_i/animalnet_axi_lite_0/inst/u_animalnet_top/u_pool/acc_reg[0]/C
  -------------------------------------------------------------------    -------------------
    SLICE_X48Y131        FDRE (Prop_AFF_SLICEL_C_Q)
                                                      0.114     3.288 f  design_1_i/animalnet_axi_lite_0/inst/u_animalnet_top/u_pool/acc_reg[0]/Q
                         net (fo=4, routed)           0.061     3.349    design_1_i/animalnet_axi_lite_0/inst/u_animalnet_top/u_pool/acc_abs[0]
    SLICE_X48Y131        LUT1 (Prop_F6LUT_SLICEL_I0_O)
                                                      0.056     3.405 r  design_1_i/animalnet_axi_lite_0/inst/u_animalnet_top/u_pool/output_data[14]_i_50/O
                         net (fo=1, routed)           0.114     3.519    design_1_i/animalnet_axi_lite_0/inst/u_animalnet_top/u_pool/output_data[14]_i_50_n_0
    SLICE_X48Y132        CARRY8 (Prop_CARRY8_SLICEL_CI_O[4])
                                                      0.272     3.791 f  design_1_i/animalnet_axi_lite_0/inst/u_animalnet_top/u_pool/output_data_reg[14]_i_34/O[4]
                         net (fo=2, routed)           0.202     3.993    design_1_i/animalnet_axi_lite_0/inst/u_animalnet_top/u_pool/acc_abs0[5]
    SLICE_X47Y132        LUT3 (Prop_F6LUT_SLICEL_I2_O)
                                                      0.081     4.074 r  design_1_i/animalnet_axi_lite_0/inst/u_animalnet_top/u_pool/output_data[14]_i_29/O
                         net (fo=1, routed)           0.015     4.089    design_1_i/animalnet_axi_lite_0/inst/u_animalnet_top/u_pool/output_data[14]_i_29_n_0
    SLICE_X47Y132        CARRY8 (Prop_CARRY8_SLICEL_S[5]_CO[7])
                                                      0.232     4.321 r  design_1_i/animalnet_axi_lite_0/inst/u_animalnet_top/u_pool/output_data_reg[14]_i_13/CO[7]
                         net (fo=1, routed)           0.030     4.351    design_1_i/animalnet_axi_lite_0/inst/u_animalnet_top/u_pool/output_data_reg[14]_i_13_n_0
    SLICE_X47Y133        CARRY8 (Prop_CARRY8_SLICEL_CI_O[1])
                                                      0.106     4.457 f  design_1_i/animalnet_axi_lite_0/inst/u_animalnet_top/u_pool/output_data_reg[14]_i_4/O[1]
                         net (fo=25, routed)          0.284     4.741    design_1_i/animalnet_axi_lite_0/inst/u_animalnet_top/u_pool/p_1_in[9]
    SLICE_X47Y137        LUT1 (Prop_A6LUT_SLICEL_I0_O)
                                                      0.082     4.823 r  design_1_i/animalnet_axi_lite_0/inst/u_animalnet_top/u_pool/output_data[0]_i_94/O
                         net (fo=1, routed)           0.014     4.837    design_1_i/animalnet_axi_lite_0/inst/u_animalnet_top/u_pool/output_data[0]_i_94_n_0
    SLICE_X47Y137        CARRY8 (Prop_CARRY8_SLICEL_S[0]_O[4])
                                                      0.285     5.122 f  design_1_i/animalnet_axi_lite_0/inst/u_animalnet_top/u_pool/output_data_reg[0]_i_40/O[4]
                         net (fo=16, routed)          0.363     5.484    design_1_i/animalnet_axi_lite_0/inst/u_animalnet_top/u_pool/avg_abs2[13]
    SLICE_X46Y138        LUT3 (Prop_D6LUT_SLICEL_I2_O)
                                                      0.057     5.541 f  design_1_i/animalnet_axi_lite_0/inst/u_animalnet_top/u_pool/output_data[11]_i_107/O
                         net (fo=9, routed)           0.130     5.671    design_1_i/animalnet_axi_lite_0/inst/u_animalnet_top/u_pool/output_data[11]_i_107_n_0
    SLICE_X46Y139        LUT6 (Prop_F6LUT_SLICEL_I3_O)
                                                      0.187     5.858 r  design_1_i/animalnet_axi_lite_0/inst/u_animalnet_top/u_pool/output_data[3]_i_122/O
                         net (fo=2, routed)           0.204     6.062    design_1_i/animalnet_axi_lite_0/inst/u_animalnet_top/u_pool/output_data[3]_i_122_n_0
    SLICE_X48Y139        LUT6 (Prop_G6LUT_SLICEL_I0_O)
                                                      0.137     6.199 r  design_1_i/animalnet_axi_lite_0/inst/u_animalnet_top/u_pool/output_data[3]_i_130/O
                         net (fo=1, routed)           0.012     6.211    design_1_i/animalnet_axi_lite_0/inst/u_animalnet_top/u_pool/output_data[3]_i_130_n_0
    SLICE_X48Y139        CARRY8 (Prop_CARRY8_SLICEL_S[6]_CO[7])
                                                      0.171     6.382 r  design_1_i/animalnet_axi_lite_0/inst/u_animalnet_top/u_pool/output_data_reg[3]_i_47/CO[7]
                         net (fo=1, routed)           0.030     6.412    design_1_i/animalnet_axi_lite_0/inst/u_animalnet_top/u_pool/output_data_reg[3]_i_47_n_0
    SLICE_X48Y140        CARRY8 (Prop_CARRY8_SLICEL_CI_CO[7])
                                                      0.065     6.477 r  design_1_i/animalnet_axi_lite_0/inst/u_animalnet_top/u_pool/output_data_reg[11]_i_31/CO[7]
                         net (fo=1, routed)           0.030     6.507    design_1_i/animalnet_axi_lite_0/inst/u_animalnet_top/u_pool/output_data_reg[11]_i_31_n_0
    SLICE_X48Y141        CARRY8 (Prop_CARRY8_SLICEL_CI_CO[6])
                                                      0.129     6.636 r  design_1_i/animalnet_axi_lite_0/inst/u_animalnet_top/u_pool/output_data_reg[15]_i_32/CO[6]
                         net (fo=8, routed)           0.322     6.958    design_1_i/animalnet_axi_lite_0/inst/u_animalnet_top/u_pool/output_data_reg[15]_i_32_n_1
    SLICE_X46Y141        CARRY8 (Prop_CARRY8_SLICEL_CI_CO[2])
                                                      0.153     7.111 r  design_1_i/animalnet_axi_lite_0/inst/u_animalnet_top/u_pool/output_data_reg[15]_i_31/CO[2]
                         net (fo=5, routed)           0.680     7.791    design_1_i/animalnet_axi_lite_0/inst/u_animalnet_top/u_pool/output_data_reg[15]_i_31_n_5
    SLICE_X49Y145        CARRY8 (Prop_CARRY8_SLICEL_CI_O[2])
                                                      0.181     7.972 r  design_1_i/animalnet_axi_lite_0/inst/u_animalnet_top/u_pool/output_data_reg[15]_i_28/O[2]
                         net (fo=4, routed)           0.211     8.183    design_1_i/animalnet_axi_lite_0/inst/u_animalnet_top/u_pool/output_data_reg[15]_i_28_n_13
    SLICE_X50Y144        LUT5 (Prop_H6LUT_SLICEL_I1_O)
                                                      0.083     8.266 r  design_1_i/animalnet_axi_lite_0/inst/u_animalnet_top/u_pool/output_data[15]_i_11__1/O
                         net (fo=2, routed)           0.439     8.705    design_1_i/animalnet_axi_lite_0/inst/u_animalnet_top/u_pool/output_data[15]_i_11__1_n_0
    SLICE_X51Y141        CARRY8 (Prop_CARRY8_SLICEL_DI[4]_CO[7])
                                                      0.133     8.838 r  design_1_i/animalnet_axi_lite_0/inst/u_animalnet_top/u_pool/output_data_reg[15]_i_4__1/CO[7]
                         net (fo=1, routed)           0.030     8.868    design_1_i/animalnet_axi_lite_0/inst/u_animalnet_top/u_pool/output_data_reg[15]_i_4__1_n_0
    SLICE_X51Y142        CARRY8 (Prop_CARRY8_SLICEL_CI_O[5])
                                                      0.161     9.029 r  design_1_i/animalnet_axi_lite_0/inst/u_animalnet_top/u_pool/output_data_reg[0]_i_65/O[5]
                         net (fo=5, routed)           0.364     9.393    design_1_i/animalnet_axi_lite_0/inst/u_animalnet_top/u_pool/output_data_reg[0]_i_65_n_10
    SLICE_X50Y143        LUT5 (Prop_H6LUT_SLICEL_I0_O)
                                                      0.227     9.620 r  design_1_i/animalnet_axi_lite_0/inst/u_animalnet_top/u_pool/output_data[0]_i_57/O
                         net (fo=1, routed)           0.015     9.635    design_1_i/animalnet_axi_lite_0/inst/u_animalnet_top/u_pool/output_data[0]_i_57_n_0
    SLICE_X50Y143        CARRY8 (Prop_CARRY8_SLICEL_S[7]_CO[7])
                                                      0.172     9.807 r  design_1_i/animalnet_axi_lite_0/inst/u_animalnet_top/u_pool/output_data_reg[0]_i_17/CO[7]
                         net (fo=1, routed)           0.030     9.837    design_1_i/animalnet_axi_lite_0/inst/u_animalnet_top/u_pool/output_data_reg[0]_i_17_n_0
    SLICE_X50Y144        CARRY8 (Prop_CARRY8_SLICEL_CI_O[0])
                                                      0.078     9.915 r  design_1_i/animalnet_axi_lite_0/inst/u_animalnet_top/u_pool/output_data_reg[0]_i_4/O[0]
                         net (fo=3, routed)           0.560    10.475    design_1_i/animalnet_axi_lite_0/inst/u_animalnet_top/u_pool/output_data_reg[0]_i_4_n_15
    SLICE_X47Y145        LUT4 (Prop_C6LUT_SLICEL_I3_O)
                                                      0.136    10.611 r  design_1_i/animalnet_axi_lite_0/inst/u_animalnet_top/u_pool/output_data[0]_i_13__7/O
                         net (fo=1, routed)           0.015    10.626    design_1_i/animalnet_axi_lite_0/inst/u_animalnet_top/u_pool/output_data[0]_i_13__7_n_0
    SLICE_X47Y145        CARRY8 (Prop_CARRY8_SLICEL_S[2]_CO[4])
                                                      0.244    10.870 r  design_1_i/animalnet_axi_lite_0/inst/u_animalnet_top/u_pool/output_data_reg[0]_i_2__7/CO[4]
                         net (fo=15, routed)          0.194    11.064    design_1_i/animalnet_axi_lite_0/inst/u_animalnet_top/u_pool/output_data_reg[0]_i_2__7_n_3
    SLICE_X48Y145        LUT6 (Prop_G6LUT_SLICEL_I1_O)
                                                      0.057    11.121 r  design_1_i/animalnet_axi_lite_0/inst/u_animalnet_top/u_pool/output_data[11]_i_22/O
                         net (fo=6, routed)           0.548    11.669    design_1_i/animalnet_axi_lite_0/inst/u_animalnet_top/u_pool/output_data[11]_i_22_n_0
    SLICE_X49Y148        LUT5 (Prop_H6LUT_SLICEL_I4_O)
                                                      0.137    11.806 r  design_1_i/animalnet_axi_lite_0/inst/u_animalnet_top/u_pool/output_data[11]_i_3_comp/O
                         net (fo=1, routed)           0.101    11.907    design_1_i/animalnet_axi_lite_0/inst/u_animalnet_top/u_pool/output_data[11]_i_3_n_0_repN
    SLICE_X49Y147        LUT6 (Prop_E6LUT_SLICEL_I4_O)
                                                      0.152    12.059 r  design_1_i/animalnet_axi_lite_0/inst/u_animalnet_top/u_pool/output_data[13]_i_2_comp/O
                         net (fo=1, routed)           0.047    12.106    design_1_i/animalnet_axi_lite_0/inst/u_animalnet_top/u_pool/output_data[13]_i_2_n_0
    SLICE_X49Y147        LUT6 (Prop_D6LUT_SLICEL_I5_O)
                                                      0.057    12.163 r  design_1_i/animalnet_axi_lite_0/inst/u_animalnet_top/u_pool/output_data[13]_i_1__7/O
                         net (fo=1, routed)           0.067    12.230    design_1_i/animalnet_axi_lite_0/inst/u_animalnet_top/u_pool/avg_value[13]
    SLICE_X49Y147        FDRE                                         r  design_1_i/animalnet_axi_lite_0/inst/u_animalnet_top/u_pool/output_data_reg[13]/D
  -------------------------------------------------------------------    -------------------

                         (clock clk_pl_0 rise edge)
                                                      9.361     9.361 r  
    BUFG_PS_X0Y90        BUFG_PS                      0.000     9.361 r  design_1_i/zynq_ultra_ps_e_0/inst/buffer_pl_clk_0.PL_CLK_0_BUFG/O
    X1Y1 (CLOCK_ROOT)    net (fo=6239, routed)        2.886    12.247    design_1_i/animalnet_axi_lite_0/inst/u_animalnet_top/u_pool/S_AXI_ACLK
    SLICE_X49Y147        FDRE                                         r  design_1_i/animalnet_axi_lite_0/inst/u_animalnet_top/u_pool/output_data_reg[13]/C
                         clock pessimism              0.202    12.449    
                         clock uncertainty           -0.160    12.288    
    SLICE_X49Y147        FDRE (Setup_DFF_SLICEL_C_D)
                                                      0.044    12.332    design_1_i/animalnet_axi_lite_0/inst/u_animalnet_top/u_pool/output_data_reg[13]
  -------------------------------------------------------------------
                         required time                         12.332    
                         arrival time                         -12.230    
  -------------------------------------------------------------------
                         slack                                  0.103    

Slack (MET) :             0.269ns  (required time - arrival time)
  Source:                 design_1_i/animalnet_axi_lite_0/inst/u_animalnet_top/u_pool/acc_reg[0]/C
                            (rising edge-triggered cell FDRE clocked by clk_pl_0  {rise@0.000ns fall@4.681ns period=9.361ns})
  Destination:            design_1_i/animalnet_axi_lite_0/inst/u_animalnet_top/u_pool/output_data_reg[12]/D
                            (rising edge-triggered cell FDRE clocked by clk_pl_0  {rise@0.000ns fall@4.681ns period=9.361ns})
  Path Group:             clk_pl_0
  Path Type:              Setup (Max at Slow Process Corner)
  Requirement:            9.361ns  (clk_pl_0 rise@9.361ns - clk_pl_0 rise@0.000ns)
  Data Path Delay:        8.926ns  (logic 3.994ns (44.745%)  route 4.932ns (55.255%))
  Logic Levels:           28  (CARRY8=14 LUT1=2 LUT3=2 LUT4=1 LUT5=3 LUT6=6)
  Clock Path Skew:        -0.049ns (DCD - SCD + CPR)
    Destination Clock Delay (DCD):    2.865ns = ( 12.226 - 9.361 ) 
    Source Clock Delay      (SCD):    3.174ns
    Clock Pessimism Removal (CPR):    0.259ns
  Clock Uncertainty:      0.160ns  ((TSJ^2 + DJ^2)^1/2) / 2 + PE
    Total System Jitter     (TSJ):    0.071ns
    Discrete Jitter          (DJ):    0.312ns
    Phase Error              (PE):    0.000ns
  Clock Net Delay (Source):      3.174ns (routing 1.681ns, distribution 1.493ns)
  Clock Net Delay (Destination): 2.865ns (routing 1.538ns, distribution 1.327ns)

    Location             Delay type                Incr(ns)  Path(ns)    Netlist Resource(s)
  -------------------------------------------------------------------    -------------------
                         (clock clk_pl_0 rise edge)
                                                      0.000     0.000 r  
    BUFG_PS_X0Y90        BUFG_PS                      0.000     0.000 r  design_1_i/zynq_ultra_ps_e_0/inst/buffer_pl_clk_0.PL_CLK_0_BUFG/O
    X1Y1 (CLOCK_ROOT)    net (fo=6239, routed)        3.174     3.174    design_1_i/animalnet_axi_lite_0/inst/u_animalnet_top/u_pool/S_AXI_ACLK
    SLICE_X48Y131        FDRE                                         r  design_1_i/animalnet_axi_lite_0/inst/u_animalnet_top/u_pool/acc_reg[0]/C
  -------------------------------------------------------------------    -------------------
    SLICE_X48Y131        FDRE (Prop_AFF_SLICEL_C_Q)
                                                      0.114     3.288 f  design_1_i/animalnet_axi_lite_0/inst/u_animalnet_top/u_pool/acc_reg[0]/Q
                         net (fo=4, routed)           0.061     3.349    design_1_i/animalnet_axi_lite_0/inst/u_animalnet_top/u_pool/acc_abs[0]
    SLICE_X48Y131        LUT1 (Prop_F6LUT_SLICEL_I0_O)
                                                      0.056     3.405 r  design_1_i/animalnet_axi_lite_0/inst/u_animalnet_top/u_pool/output_data[14]_i_50/O
                         net (fo=1, routed)           0.114     3.519    design_1_i/animalnet_axi_lite_0/inst/u_animalnet_top/u_pool/output_data[14]_i_50_n_0
    SLICE_X48Y132        CARRY8 (Prop_CARRY8_SLICEL_CI_O[4])
                                                      0.272     3.791 f  design_1_i/animalnet_axi_lite_0/inst/u_animalnet_top/u_pool/output_data_reg[14]_i_34/O[4]
                         net (fo=2, routed)           0.202     3.993    design_1_i/animalnet_axi_lite_0/inst/u_animalnet_top/u_pool/acc_abs0[5]
    SLICE_X47Y132        LUT3 (Prop_F6LUT_SLICEL_I2_O)
                                                      0.081     4.074 r  design_1_i/animalnet_axi_lite_0/inst/u_animalnet_top/u_pool/output_data[14]_i_29/O
                         net (fo=1, routed)           0.015     4.089    design_1_i/animalnet_axi_lite_0/inst/u_animalnet_top/u_pool/output_data[14]_i_29_n_0
    SLICE_X47Y132        CARRY8 (Prop_CARRY8_SLICEL_S[5]_CO[7])
                                                      0.232     4.321 r  design_1_i/animalnet_axi_lite_0/inst/u_animalnet_top/u_pool/output_data_reg[14]_i_13/CO[7]
                         net (fo=1, routed)           0.030     4.351    design_1_i/animalnet_axi_lite_0/inst/u_animalnet_top/u_pool/output_data_reg[14]_i_13_n_0
    SLICE_X47Y133        CARRY8 (Prop_CARRY8_SLICEL_CI_O[1])
                                                      0.106     4.457 f  design_1_i/animalnet_axi_lite_0/inst/u_animalnet_top/u_pool/output_data_reg[14]_i_4/O[1]
                         net (fo=25, routed)          0.284     4.741    design_1_i/animalnet_axi_lite_0/inst/u_animalnet_top/u_pool/p_1_in[9]
    SLICE_X47Y137        LUT1 (Prop_A6LUT_SLICEL_I0_O)
                                                      0.082     4.823 r  design_1_i/animalnet_axi_lite_0/inst/u_animalnet_top/u_pool/output_data[0]_i_94/O
                         net (fo=1, routed)           0.014     4.837    design_1_i/animalnet_axi_lite_0/inst/u_animalnet_top/u_pool/output_data[0]_i_94_n_0
    SLICE_X47Y137        CARRY8 (Prop_CARRY8_SLICEL_S[0]_O[4])
                                                      0.285     5.122 f  design_1_i/animalnet_axi_lite_0/inst/u_animalnet_top/u_pool/output_data_reg[0]_i_40/O[4]
                         net (fo=16, routed)          0.363     5.484    design_1_i/animalnet_axi_lite_0/inst/u_animalnet_top/u_pool/avg_abs2[13]
    SLICE_X46Y138        LUT3 (Prop_D6LUT_SLICEL_I2_O)
                                                      0.057     5.541 f  design_1_i/animalnet_axi_lite_0/inst/u_animalnet_top/u_pool/output_data[11]_i_107/O
                         net (fo=9, routed)           0.130     5.671    design_1_i/animalnet_axi_lite_0/inst/u_animalnet_top/u_pool/output_data[11]_i_107_n_0
    SLICE_X46Y139        LUT6 (Prop_F6LUT_SLICEL_I3_O)
                                                      0.187     5.858 r  design_1_i/animalnet_axi_lite_0/inst/u_animalnet_top/u_pool/output_data[3]_i_122/O
                         net (fo=2, routed)           0.204     6.062    design_1_i/animalnet_axi_lite_0/inst/u_animalnet_top/u_pool/output_data[3]_i_122_n_0
    SLICE_X48Y139        LUT6 (Prop_G6LUT_SLICEL_I0_O)
                                                      0.137     6.199 r  design_1_i/animalnet_axi_lite_0/inst/u_animalnet_top/u_pool/output_data[3]_i_130/O
                         net (fo=1, routed)           0.012     6.211    design_1_i/animalnet_axi_lite_0/inst/u_animalnet_top/u_pool/output_data[3]_i_130_n_0
    SLICE_X48Y139        CARRY8 (Prop_CARRY8_SLICEL_S[6]_CO[7])
                                                      0.171     6.382 r  design_1_i/animalnet_axi_lite_0/inst/u_animalnet_top/u_pool/output_data_reg[3]_i_47/CO[7]
                         net (fo=1, routed)           0.030     6.412    design_1_i/animalnet_axi_lite_0/inst/u_animalnet_top/u_pool/output_data_reg[3]_i_47_n_0
    SLICE_X48Y140        CARRY8 (Prop_CARRY8_SLICEL_CI_CO[7])
                                                      0.065     6.477 r  design_1_i/animalnet_axi_lite_0/inst/u_animalnet_top/u_pool/output_data_reg[11]_i_31/CO[7]
                         net (fo=1, routed)           0.030     6.507    design_1_i/animalnet_axi_lite_0/inst/u_animalnet_top/u_pool/output_data_reg[11]_i_31_n_0
    SLICE_X48Y141        CARRY8 (Prop_CARRY8_SLICEL_CI_CO[6])
                                                      0.129     6.636 r  design_1_i/animalnet_axi_lite_0/inst/u_animalnet_top/u_pool/output_data_reg[15]_i_32/CO[6]
                         net (fo=8, routed)           0.322     6.958    design_1_i/animalnet_axi_lite_0/inst/u_animalnet_top/u_pool/output_data_reg[15]_i_32_n_1
    SLICE_X46Y141        CARRY8 (Prop_CARRY8_SLICEL_CI_CO[2])
                                                      0.153     7.111 r  design_1_i/animalnet_axi_lite_0/inst/u_animalnet_top/u_pool/output_data_reg[15]_i_31/CO[2]
                         net (fo=5, routed)           0.680     7.791    design_1_i/animalnet_axi_lite_0/inst/u_animalnet_top/u_pool/output_data_reg[15]_i_31_n_5
    SLICE_X49Y145        CARRY8 (Prop_CARRY8_SLICEL_CI_O[2])
                                                      0.181     7.972 r  design_1_i/animalnet_axi_lite_0/inst/u_animalnet_top/u_pool/output_data_reg[15]_i_28/O[2]
                         net (fo=4, routed)           0.211     8.183    design_1_i/animalnet_axi_lite_0/inst/u_animalnet_top/u_pool/output_data_reg[15]_i_28_n_13
    SLICE_X50Y144        LUT5 (Prop_H6LUT_SLICEL_I1_O)
                                                      0.083     8.266 r  design_1_i/animalnet_axi_lite_0/inst/u_animalnet_top/u_pool/output_data[15]_i_11__1/O
                         net (fo=2, routed)           0.439     8.705    design_1_i/animalnet_axi_lite_0/inst/u_animalnet_top/u_pool/output_data[15]_i_11__1_n_0
    SLICE_X51Y141        CARRY8 (Prop_CARRY8_SLICEL_DI[4]_CO[7])
                                                      0.133     8.838 r  design_1_i/animalnet_axi_lite_0/inst/u_animalnet_top/u_pool/output_data_reg[15]_i_4__1/CO[7]
                         net (fo=1, routed)           0.030     8.868    design_1_i/animalnet_axi_lite_0/inst/u_animalnet_top/u_pool/output_data_reg[15]_i_4__1_n_0
    SLICE_X51Y142        CARRY8 (Prop_CARRY8_SLICEL_CI_O[5])
                                                      0.161     9.029 r  design_1_i/animalnet_axi_lite_0/inst/u_animalnet_top/u_pool/output_data_reg[0]_i_65/O[5]
                         net (fo=5, routed)           0.364     9.393    design_1_i/animalnet_axi_lite_0/inst/u_animalnet_top/u_pool/output_data_reg[0]_i_65_n_10
    SLICE_X50Y143        LUT5 (Prop_H6LUT_SLICEL_I0_O)
                                                      0.227     9.620 r  design_1_i/animalnet_axi_lite_0/inst/u_animalnet_top/u_pool/output_data[0]_i_57/O
                         net (fo=1, routed)           0.015     9.635    design_1_i/animalnet_axi_lite_0/inst/u_animalnet_top/u_pool/output_data[0]_i_57_n_0
    SLICE_X50Y143        CARRY8 (Prop_CARRY8_SLICEL_S[7]_CO[7])
                                                      0.172     9.807 r  design_1_i/animalnet_axi_lite_0/inst/u_animalnet_top/u_pool/output_data_reg[0]_i_17/CO[7]
                         net (fo=1, routed)           0.030     9.837    design_1_i/animalnet_axi_lite_0/inst/u_animalnet_top/u_pool/output_data_reg[0]_i_17_n_0
    SLICE_X50Y144        CARRY8 (Prop_CARRY8_SLICEL_CI_O[0])
                                                      0.078     9.915 r  design_1_i/animalnet_axi_lite_0/inst/u_animalnet_top/u_pool/output_data_reg[0]_i_4/O[0]
                         net (fo=3, routed)           0.560    10.475    design_1_i/animalnet_axi_lite_0/inst/u_animalnet_top/u_pool/output_data_reg[0]_i_4_n_15
    SLICE_X47Y145        LUT4 (Prop_C6LUT_SLICEL_I3_O)
                                                      0.136    10.611 r  design_1_i/animalnet_axi_lite_0/inst/u_animalnet_top/u_pool/output_data[0]_i_13__7/O
                         net (fo=1, routed)           0.015    10.626    design_1_i/animalnet_axi_lite_0/inst/u_animalnet_top/u_pool/output_data[0]_i_13__7_n_0
    SLICE_X47Y145        CARRY8 (Prop_CARRY8_SLICEL_S[2]_CO[4])
                                                      0.244    10.870 r  design_1_i/animalnet_axi_lite_0/inst/u_animalnet_top/u_pool/output_data_reg[0]_i_2__7/CO[4]
                         net (fo=15, routed)          0.183    11.052    design_1_i/animalnet_axi_lite_0/inst/u_animalnet_top/u_pool/output_data_reg[0]_i_2__7_n_3
    SLICE_X47Y146        LUT6 (Prop_E6LUT_SLICEL_I1_O)
                                                      0.057    11.109 r  design_1_i/animalnet_axi_lite_0/inst/u_animalnet_top/u_pool/output_data[6]_i_5/O
                         net (fo=2, routed)           0.127    11.237    design_1_i/animalnet_axi_lite_0/inst/u_animalnet_top/u_pool/output_data[6]_i_5_n_0
    SLICE_X47Y148        LUT6 (Prop_F6LUT_SLICEL_I3_O)
                                                      0.224    11.461 r  design_1_i/animalnet_axi_lite_0/inst/u_animalnet_top/u_pool/output_data[6]_i_2/O
                         net (fo=7, routed)           0.235    11.696    design_1_i/animalnet_axi_lite_0/inst/u_animalnet_top/u_pool/output_data[6]_i_2_n_0
    SLICE_X48Y145        LUT5 (Prop_A6LUT_SLICEL_I2_O)
                                                      0.058    11.754 r  design_1_i/animalnet_axi_lite_0/inst/u_animalnet_top/u_pool/output_data[10]_i_2/O
                         net (fo=2, routed)           0.069    11.823    design_1_i/animalnet_axi_lite_0/inst/u_animalnet_top/u_pool/output_data[10]_i_2_n_0
    SLICE_X48Y144        LUT6 (Prop_G6LUT_SLICEL_I2_O)
                                                      0.057    11.880 r  design_1_i/animalnet_axi_lite_0/inst/u_animalnet_top/u_pool/output_data[12]_i_2/O
                         net (fo=1, routed)           0.095    11.975    design_1_i/animalnet_axi_lite_0/inst/u_animalnet_top/u_pool/output_data[12]_i_2_n_0
    SLICE_X48Y144        LUT6 (Prop_C6LUT_SLICEL_I5_O)
                                                      0.056    12.031 r  design_1_i/animalnet_axi_lite_0/inst/u_animalnet_top/u_pool/output_data[12]_i_1__7/O
                         net (fo=1, routed)           0.069    12.100    design_1_i/animalnet_axi_lite_0/inst/u_animalnet_top/u_pool/avg_value[12]
    SLICE_X48Y144        FDRE                                         r  design_1_i/animalnet_axi_lite_0/inst/u_animalnet_top/u_pool/output_data_reg[12]/D
  -------------------------------------------------------------------    -------------------

                         (clock clk_pl_0 rise edge)
                                                      9.361     9.361 r  
    BUFG_PS_X0Y90        BUFG_PS                      0.000     9.361 r  design_1_i/zynq_ultra_ps_e_0/inst/buffer_pl_clk_0.PL_CLK_0_BUFG/O
    X1Y1 (CLOCK_ROOT)    net (fo=6239, routed)        2.865    12.226    design_1_i/animalnet_axi_lite_0/inst/u_animalnet_top/u_pool/S_AXI_ACLK
    SLICE_X48Y144        FDRE                                         r  design_1_i/animalnet_axi_lite_0/inst/u_animalnet_top/u_pool/output_data_reg[12]/C
                         clock pessimism              0.259    12.485    
                         clock uncertainty           -0.160    12.325    
    SLICE_X48Y144        FDRE (Setup_CFF_SLICEL_C_D)
                                                      0.044    12.369    design_1_i/animalnet_axi_lite_0/inst/u_animalnet_top/u_pool/output_data_reg[12]
  -------------------------------------------------------------------
                         required time                         12.369    
                         arrival time                         -12.100    
  -------------------------------------------------------------------
                         slack                                  0.269    

Slack (MET) :             0.334ns  (required time - arrival time)
  Source:                 design_1_i/animalnet_axi_lite_0/inst/u_animalnet_top/u_pool/acc_reg[0]/C
                            (rising edge-triggered cell FDRE clocked by clk_pl_0  {rise@0.000ns fall@4.681ns period=9.361ns})
  Destination:            design_1_i/animalnet_axi_lite_0/inst/u_animalnet_top/u_pool/output_data_reg[9]/D
                            (rising edge-triggered cell FDRE clocked by clk_pl_0  {rise@0.000ns fall@4.681ns period=9.361ns})
  Path Group:             clk_pl_0
  Path Type:              Setup (Max at Slow Process Corner)
  Requirement:            9.361ns  (clk_pl_0 rise@9.361ns - clk_pl_0 rise@0.000ns)
  Data Path Delay:        8.803ns  (logic 3.962ns (45.008%)  route 4.841ns (54.992%))
  Logic Levels:           27  (CARRY8=14 LUT1=2 LUT3=2 LUT4=1 LUT5=2 LUT6=6)
  Clock Path Skew:        -0.108ns (DCD - SCD + CPR)
    Destination Clock Delay (DCD):    2.864ns = ( 12.225 - 9.361 ) 
    Source Clock Delay      (SCD):    3.174ns
    Clock Pessimism Removal (CPR):    0.202ns
  Clock Uncertainty:      0.160ns  ((TSJ^2 + DJ^2)^1/2) / 2 + PE
    Total System Jitter     (TSJ):    0.071ns
    Discrete Jitter          (DJ):    0.312ns
    Phase Error              (PE):    0.000ns
  Clock Net Delay (Source):      3.174ns (routing 1.681ns, distribution 1.493ns)
  Clock Net Delay (Destination): 2.864ns (routing 1.538ns, distribution 1.326ns)

    Location             Delay type                Incr(ns)  Path(ns)    Netlist Resource(s)
  -------------------------------------------------------------------    -------------------
                         (clock clk_pl_0 rise edge)
                                                      0.000     0.000 r  
    BUFG_PS_X0Y90        BUFG_PS                      0.000     0.000 r  design_1_i/zynq_ultra_ps_e_0/inst/buffer_pl_clk_0.PL_CLK_0_BUFG/O
    X1Y1 (CLOCK_ROOT)    net (fo=6239, routed)        3.174     3.174    design_1_i/animalnet_axi_lite_0/inst/u_animalnet_top/u_pool/S_AXI_ACLK
    SLICE_X48Y131        FDRE                                         r  design_1_i/animalnet_axi_lite_0/inst/u_animalnet_top/u_pool/acc_reg[0]/C
  -------------------------------------------------------------------    -------------------
    SLICE_X48Y131        FDRE (Prop_AFF_SLICEL_C_Q)
                                                      0.114     3.288 f  design_1_i/animalnet_axi_lite_0/inst/u_animalnet_top/u_pool/acc_reg[0]/Q
                         net (fo=4, routed)           0.061     3.349    design_1_i/animalnet_axi_lite_0/inst/u_animalnet_top/u_pool/acc_abs[0]
    SLICE_X48Y131        LUT1 (Prop_F6LUT_SLICEL_I0_O)
                                                      0.056     3.405 r  design_1_i/animalnet_axi_lite_0/inst/u_animalnet_top/u_pool/output_data[14]_i_50/O
                         net (fo=1, routed)           0.114     3.519    design_1_i/animalnet_axi_lite_0/inst/u_animalnet_top/u_pool/output_data[14]_i_50_n_0
    SLICE_X48Y132        CARRY8 (Prop_CARRY8_SLICEL_CI_O[4])
                                                      0.272     3.791 f  design_1_i/animalnet_axi_lite_0/inst/u_animalnet_top/u_pool/output_data_reg[14]_i_34/O[4]
                         net (fo=2, routed)           0.202     3.993    design_1_i/animalnet_axi_lite_0/inst/u_animalnet_top/u_pool/acc_abs0[5]
    SLICE_X47Y132        LUT3 (Prop_F6LUT_SLICEL_I2_O)
                                                      0.081     4.074 r  design_1_i/animalnet_axi_lite_0/inst/u_animalnet_top/u_pool/output_data[14]_i_29/O
                         net (fo=1, routed)           0.015     4.089    design_1_i/animalnet_axi_lite_0/inst/u_animalnet_top/u_pool/output_data[14]_i_29_n_0
    SLICE_X47Y132        CARRY8 (Prop_CARRY8_SLICEL_S[5]_CO[7])
                                                      0.232     4.321 r  design_1_i/animalnet_axi_lite_0/inst/u_animalnet_top/u_pool/output_data_reg[14]_i_13/CO[7]
                         net (fo=1, routed)           0.030     4.351    design_1_i/animalnet_axi_lite_0/inst/u_animalnet_top/u_pool/output_data_reg[14]_i_13_n_0
    SLICE_X47Y133        CARRY8 (Prop_CARRY8_SLICEL_CI_O[1])
                                                      0.106     4.457 f  design_1_i/animalnet_axi_lite_0/inst/u_animalnet_top/u_pool/output_data_reg[14]_i_4/O[1]
                         net (fo=25, routed)          0.284     4.741    design_1_i/animalnet_axi_lite_0/inst/u_animalnet_top/u_pool/p_1_in[9]
    SLICE_X47Y137        LUT1 (Prop_A6LUT_SLICEL_I0_O)
                                                      0.082     4.823 r  design_1_i/animalnet_axi_lite_0/inst/u_animalnet_top/u_pool/output_data[0]_i_94/O
                         net (fo=1, routed)           0.014     4.837    design_1_i/animalnet_axi_lite_0/inst/u_animalnet_top/u_pool/output_data[0]_i_94_n_0
    SLICE_X47Y137        CARRY8 (Prop_CARRY8_SLICEL_S[0]_O[4])
                                                      0.285     5.122 f  design_1_i/animalnet_axi_lite_0/inst/u_animalnet_top/u_pool/output_data_reg[0]_i_40/O[4]
                         net (fo=16, routed)          0.363     5.484    design_1_i/animalnet_axi_lite_0/inst/u_animalnet_top/u_pool/avg_abs2[13]
    SLICE_X46Y138        LUT3 (Prop_D6LUT_SLICEL_I2_O)
                                                      0.057     5.541 f  design_1_i/animalnet_axi_lite_0/inst/u_animalnet_top/u_pool/output_data[11]_i_107/O
                         net (fo=9, routed)           0.130     5.671    design_1_i/animalnet_axi_lite_0/inst/u_animalnet_top/u_pool/output_data[11]_i_107_n_0
    SLICE_X46Y139        LUT6 (Prop_F6LUT_SLICEL_I3_O)
                                                      0.187     5.858 r  design_1_i/animalnet_axi_lite_0/inst/u_animalnet_top/u_pool/output_data[3]_i_122/O
                         net (fo=2, routed)           0.204     6.062    design_1_i/animalnet_axi_lite_0/inst/u_animalnet_top/u_pool/output_data[3]_i_122_n_0
    SLICE_X48Y139        LUT6 (Prop_G6LUT_SLICEL_I0_O)
                                                      0.137     6.199 r  design_1_i/animalnet_axi_lite_0/inst/u_animalnet_top/u_pool/output_data[3]_i_130/O
                         net (fo=1, routed)           0.012     6.211    design_1_i/animalnet_axi_lite_0/inst/u_animalnet_top/u_pool/output_data[3]_i_130_n_0
    SLICE_X48Y139        CARRY8 (Prop_CARRY8_SLICEL_S[6]_CO[7])
                                                      0.171     6.382 r  design_1_i/animalnet_axi_lite_0/inst/u_animalnet_top/u_pool/output_data_reg[3]_i_47/CO[7]
                         net (fo=1, routed)           0.030     6.412    design_1_i/animalnet_axi_lite_0/inst/u_animalnet_top/u_pool/output_data_reg[3]_i_47_n_0
    SLICE_X48Y140        CARRY8 (Prop_CARRY8_SLICEL_CI_CO[7])
                                                      0.065     6.477 r  design_1_i/animalnet_axi_lite_0/inst/u_animalnet_top/u_pool/output_data_reg[11]_i_31/CO[7]
                         net (fo=1, routed)           0.030     6.507    design_1_i/animalnet_axi_lite_0/inst/u_animalnet_top/u_pool/output_data_reg[11]_i_31_n_0
    SLICE_X48Y141        CARRY8 (Prop_CARRY8_SLICEL_CI_CO[6])
                                                      0.129     6.636 r  design_1_i/animalnet_axi_lite_0/inst/u_animalnet_top/u_pool/output_data_reg[15]_i_32/CO[6]
                         net (fo=8, routed)           0.322     6.958    design_1_i/animalnet_axi_lite_0/inst/u_animalnet_top/u_pool/output_data_reg[15]_i_32_n_1
    SLICE_X46Y141        CARRY8 (Prop_CARRY8_SLICEL_CI_CO[2])
                                                      0.153     7.111 r  design_1_i/animalnet_axi_lite_0/inst/u_animalnet_top/u_pool/output_data_reg[15]_i_31/CO[2]
                         net (fo=5, routed)           0.680     7.791    design_1_i/animalnet_axi_lite_0/inst/u_animalnet_top/u_pool/output_data_reg[15]_i_31_n_5
    SLICE_X49Y145        CARRY8 (Prop_CARRY8_SLICEL_CI_O[2])
                                                      0.181     7.972 r  design_1_i/animalnet_axi_lite_0/inst/u_animalnet_top/u_pool/output_data_reg[15]_i_28/O[2]
                         net (fo=4, routed)           0.211     8.183    design_1_i/animalnet_axi_lite_0/inst/u_animalnet_top/u_pool/output_data_reg[15]_i_28_n_13
    SLICE_X50Y144        LUT5 (Prop_H6LUT_SLICEL_I1_O)
                                                      0.083     8.266 r  design_1_i/animalnet_axi_lite_0/inst/u_animalnet_top/u_pool/output_data[15]_i_11__1/O
                         net (fo=2, routed)           0.439     8.705    design_1_i/animalnet_axi_lite_0/inst/u_animalnet_top/u_pool/output_data[15]_i_11__1_n_0
    SLICE_X51Y141        CARRY8 (Prop_CARRY8_SLICEL_DI[4]_CO[7])
                                                      0.133     8.838 r  design_1_i/animalnet_axi_lite_0/inst/u_animalnet_top/u_pool/output_data_reg[15]_i_4__1/CO[7]
                         net (fo=1, routed)           0.030     8.868    design_1_i/animalnet_axi_lite_0/inst/u_animalnet_top/u_pool/output_data_reg[15]_i_4__1_n_0
    SLICE_X51Y142        CARRY8 (Prop_CARRY8_SLICEL_CI_O[5])
                                                      0.161     9.029 r  design_1_i/animalnet_axi_lite_0/inst/u_animalnet_top/u_pool/output_data_reg[0]_i_65/O[5]
                         net (fo=5, routed)           0.364     9.393    design_1_i/animalnet_axi_lite_0/inst/u_animalnet_top/u_pool/output_data_reg[0]_i_65_n_10
    SLICE_X50Y143        LUT5 (Prop_H6LUT_SLICEL_I0_O)
                                                      0.227     9.620 r  design_1_i/animalnet_axi_lite_0/inst/u_animalnet_top/u_pool/output_data[0]_i_57/O
                         net (fo=1, routed)           0.015     9.635    design_1_i/animalnet_axi_lite_0/inst/u_animalnet_top/u_pool/output_data[0]_i_57_n_0
    SLICE_X50Y143        CARRY8 (Prop_CARRY8_SLICEL_S[7]_CO[7])
                                                      0.172     9.807 r  design_1_i/animalnet_axi_lite_0/inst/u_animalnet_top/u_pool/output_data_reg[0]_i_17/CO[7]
                         net (fo=1, routed)           0.030     9.837    design_1_i/animalnet_axi_lite_0/inst/u_animalnet_top/u_pool/output_data_reg[0]_i_17_n_0
    SLICE_X50Y144        CARRY8 (Prop_CARRY8_SLICEL_CI_O[0])
                                                      0.078     9.915 r  design_1_i/animalnet_axi_lite_0/inst/u_animalnet_top/u_pool/output_data_reg[0]_i_4/O[0]
                         net (fo=3, routed)           0.560    10.475    design_1_i/animalnet_axi_lite_0/inst/u_animalnet_top/u_pool/output_data_reg[0]_i_4_n_15
    SLICE_X47Y145        LUT4 (Prop_C6LUT_SLICEL_I3_O)
                                                      0.136    10.611 r  design_1_i/animalnet_axi_lite_0/inst/u_animalnet_top/u_pool/output_data[0]_i_13__7/O
                         net (fo=1, routed)           0.015    10.626    design_1_i/animalnet_axi_lite_0/inst/u_animalnet_top/u_pool/output_data[0]_i_13__7_n_0
    SLICE_X47Y145        CARRY8 (Prop_CARRY8_SLICEL_S[2]_CO[4])
                                                      0.244    10.870 r  design_1_i/animalnet_axi_lite_0/inst/u_animalnet_top/u_pool/output_data_reg[0]_i_2__7/CO[4]
                         net (fo=15, routed)          0.183    11.052    design_1_i/animalnet_axi_lite_0/inst/u_animalnet_top/u_pool/output_data_reg[0]_i_2__7_n_3
    SLICE_X47Y146        LUT6 (Prop_E6LUT_SLICEL_I1_O)
                                                      0.057    11.109 r  design_1_i/animalnet_axi_lite_0/inst/u_animalnet_top/u_pool/output_data[6]_i_5/O
                         net (fo=2, routed)           0.127    11.237    design_1_i/animalnet_axi_lite_0/inst/u_animalnet_top/u_pool/output_data[6]_i_5_n_0
    SLICE_X47Y148        LUT6 (Prop_F6LUT_SLICEL_I3_O)
                                                      0.224    11.461 r  design_1_i/animalnet_axi_lite_0/inst/u_animalnet_top/u_pool/output_data[6]_i_2/O
                         net (fo=7, routed)           0.205    11.666    design_1_i/animalnet_axi_lite_0/inst/u_animalnet_top/u_pool/output_data[6]_i_2_n_0
    SLICE_X47Y146        LUT6 (Prop_B6LUT_SLICEL_I1_O)
                                                      0.058    11.724 r  design_1_i/animalnet_axi_lite_0/inst/u_animalnet_top/u_pool/output_data[9]_i_2/O
                         net (fo=1, routed)           0.105    11.829    design_1_i/animalnet_axi_lite_0/inst/u_animalnet_top/u_pool/output_data[9]_i_2_n_0
    SLICE_X47Y146        LUT6 (Prop_D6LUT_SLICEL_I5_O)
                                                      0.081    11.910 r  design_1_i/animalnet_axi_lite_0/inst/u_animalnet_top/u_pool/output_data[9]_i_1__7/O
                         net (fo=1, routed)           0.067    11.977    design_1_i/animalnet_axi_lite_0/inst/u_animalnet_top/u_pool/avg_value[9]
    SLICE_X47Y146        FDRE                                         r  design_1_i/animalnet_axi_lite_0/inst/u_animalnet_top/u_pool/output_data_reg[9]/D
  -------------------------------------------------------------------    -------------------

                         (clock clk_pl_0 rise edge)
                                                      9.361     9.361 r  
    BUFG_PS_X0Y90        BUFG_PS                      0.000     9.361 r  design_1_i/zynq_ultra_ps_e_0/inst/buffer_pl_clk_0.PL_CLK_0_BUFG/O
    X1Y1 (CLOCK_ROOT)    net (fo=6239, routed)        2.864    12.225    design_1_i/animalnet_axi_lite_0/inst/u_animalnet_top/u_pool/S_AXI_ACLK
    SLICE_X47Y146        FDRE                                         r  design_1_i/animalnet_axi_lite_0/inst/u_animalnet_top/u_pool/output_data_reg[9]/C
                         clock pessimism              0.202    12.427    
                         clock uncertainty           -0.160    12.267    
    SLICE_X47Y146        FDRE (Setup_DFF_SLICEL_C_D)
                                                      0.044    12.311    design_1_i/animalnet_axi_lite_0/inst/u_animalnet_top/u_pool/output_data_reg[9]
  -------------------------------------------------------------------
                         required time                         12.311    
                         arrival time                         -11.977    
  -------------------------------------------------------------------
                         slack                                  0.334    

Slack (MET) :             0.377ns  (required time - arrival time)
  Source:                 design_1_i/animalnet_axi_lite_0/inst/u_animalnet_top/u_pool/acc_reg[0]/C
                            (rising edge-triggered cell FDRE clocked by clk_pl_0  {rise@0.000ns fall@4.681ns period=9.361ns})
  Destination:            design_1_i/animalnet_axi_lite_0/inst/u_animalnet_top/u_pool/output_data_reg[11]/D
                            (rising edge-triggered cell FDRE clocked by clk_pl_0  {rise@0.000ns fall@4.681ns period=9.361ns})
  Path Group:             clk_pl_0
  Path Type:              Setup (Max at Slow Process Corner)
  Requirement:            9.361ns  (clk_pl_0 rise@9.361ns - clk_pl_0 rise@0.000ns)
  Data Path Delay:        8.817ns  (logic 4.068ns (46.139%)  route 4.749ns (53.861%))
  Logic Levels:           27  (CARRY8=14 LUT1=2 LUT3=2 LUT4=1 LUT5=2 LUT6=6)
  Clock Path Skew:        -0.051ns (DCD - SCD + CPR)
    Destination Clock Delay (DCD):    2.863ns = ( 12.224 - 9.361 ) 
    Source Clock Delay      (SCD):    3.174ns
    Clock Pessimism Removal (CPR):    0.259ns
  Clock Uncertainty:      0.160ns  ((TSJ^2 + DJ^2)^1/2) / 2 + PE
    Total System Jitter     (TSJ):    0.071ns
    Discrete Jitter          (DJ):    0.312ns
    Phase Error              (PE):    0.000ns
  Clock Net Delay (Source):      3.174ns (routing 1.681ns, distribution 1.493ns)
  Clock Net Delay (Destination): 2.863ns (routing 1.538ns, distribution 1.325ns)

    Location             Delay type                Incr(ns)  Path(ns)    Netlist Resource(s)
  -------------------------------------------------------------------    -------------------
                         (clock clk_pl_0 rise edge)
                                                      0.000     0.000 r  
    BUFG_PS_X0Y90        BUFG_PS                      0.000     0.000 r  design_1_i/zynq_ultra_ps_e_0/inst/buffer_pl_clk_0.PL_CLK_0_BUFG/O
    X1Y1 (CLOCK_ROOT)    net (fo=6239, routed)        3.174     3.174    design_1_i/animalnet_axi_lite_0/inst/u_animalnet_top/u_pool/S_AXI_ACLK
    SLICE_X48Y131        FDRE                                         r  design_1_i/animalnet_axi_lite_0/inst/u_animalnet_top/u_pool/acc_reg[0]/C
  -------------------------------------------------------------------    -------------------
    SLICE_X48Y131        FDRE (Prop_AFF_SLICEL_C_Q)
                                                      0.114     3.288 f  design_1_i/animalnet_axi_lite_0/inst/u_animalnet_top/u_pool/acc_reg[0]/Q
                         net (fo=4, routed)           0.061     3.349    design_1_i/animalnet_axi_lite_0/inst/u_animalnet_top/u_pool/acc_abs[0]
    SLICE_X48Y131        LUT1 (Prop_F6LUT_SLICEL_I0_O)
                                                      0.056     3.405 r  design_1_i/animalnet_axi_lite_0/inst/u_animalnet_top/u_pool/output_data[14]_i_50/O
                         net (fo=1, routed)           0.114     3.519    design_1_i/animalnet_axi_lite_0/inst/u_animalnet_top/u_pool/output_data[14]_i_50_n_0
    SLICE_X48Y132        CARRY8 (Prop_CARRY8_SLICEL_CI_O[4])
                                                      0.272     3.791 f  design_1_i/animalnet_axi_lite_0/inst/u_animalnet_top/u_pool/output_data_reg[14]_i_34/O[4]
                         net (fo=2, routed)           0.202     3.993    design_1_i/animalnet_axi_lite_0/inst/u_animalnet_top/u_pool/acc_abs0[5]
    SLICE_X47Y132        LUT3 (Prop_F6LUT_SLICEL_I2_O)
                                                      0.081     4.074 r  design_1_i/animalnet_axi_lite_0/inst/u_animalnet_top/u_pool/output_data[14]_i_29/O
                         net (fo=1, routed)           0.015     4.089    design_1_i/animalnet_axi_lite_0/inst/u_animalnet_top/u_pool/output_data[14]_i_29_n_0
    SLICE_X47Y132        CARRY8 (Prop_CARRY8_SLICEL_S[5]_CO[7])
                                                      0.232     4.321 r  design_1_i/animalnet_axi_lite_0/inst/u_animalnet_top/u_pool/output_data_reg[14]_i_13/CO[7]
                         net (fo=1, routed)           0.030     4.351    design_1_i/animalnet_axi_lite_0/inst/u_animalnet_top/u_pool/output_data_reg[14]_i_13_n_0
    SLICE_X47Y133        CARRY8 (Prop_CARRY8_SLICEL_CI_O[1])
                                                      0.106     4.457 f  design_1_i/animalnet_axi_lite_0/inst/u_animalnet_top/u_pool/output_data_reg[14]_i_4/O[1]
                         net (fo=25, routed)          0.284     4.741    design_1_i/animalnet_axi_lite_0/inst/u_animalnet_top/u_pool/p_1_in[9]
    SLICE_X47Y137        LUT1 (Prop_A6LUT_SLICEL_I0_O)
                                                      0.082     4.823 r  design_1_i/animalnet_axi_lite_0/inst/u_animalnet_top/u_pool/output_data[0]_i_94/O
                         net (fo=1, routed)           0.014     4.837    design_1_i/animalnet_axi_lite_0/inst/u_animalnet_top/u_pool/output_data[0]_i_94_n_0
    SLICE_X47Y137        CARRY8 (Prop_CARRY8_SLICEL_S[0]_O[4])
                                                      0.285     5.122 f  design_1_i/animalnet_axi_lite_0/inst/u_animalnet_top/u_pool/output_data_reg[0]_i_40/O[4]
                         net (fo=16, routed)          0.363     5.484    design_1_i/animalnet_axi_lite_0/inst/u_animalnet_top/u_pool/avg_abs2[13]
    SLICE_X46Y138        LUT3 (Prop_D6LUT_SLICEL_I2_O)
                                                      0.057     5.541 f  design_1_i/animalnet_axi_lite_0/inst/u_animalnet_top/u_pool/output_data[11]_i_107/O
                         net (fo=9, routed)           0.130     5.671    design_1_i/animalnet_axi_lite_0/inst/u_animalnet_top/u_pool/output_data[11]_i_107_n_0
    SLICE_X46Y139        LUT6 (Prop_F6LUT_SLICEL_I3_O)
                                                      0.187     5.858 r  design_1_i/animalnet_axi_lite_0/inst/u_animalnet_top/u_pool/output_data[3]_i_122/O
                         net (fo=2, routed)           0.204     6.062    design_1_i/animalnet_axi_lite_0/inst/u_animalnet_top/u_pool/output_data[3]_i_122_n_0
    SLICE_X48Y139        LUT6 (Prop_G6LUT_SLICEL_I0_O)
                                                      0.137     6.199 r  design_1_i/animalnet_axi_lite_0/inst/u_animalnet_top/u_pool/output_data[3]_i_130/O
                         net (fo=1, routed)           0.012     6.211    design_1_i/animalnet_axi_lite_0/inst/u_animalnet_top/u_pool/output_data[3]_i_130_n_0
    SLICE_X48Y139        CARRY8 (Prop_CARRY8_SLICEL_S[6]_CO[7])
                                                      0.171     6.382 r  design_1_i/animalnet_axi_lite_0/inst/u_animalnet_top/u_pool/output_data_reg[3]_i_47/CO[7]
                         net (fo=1, routed)           0.030     6.412    design_1_i/animalnet_axi_lite_0/inst/u_animalnet_top/u_pool/output_data_reg[3]_i_47_n_0
    SLICE_X48Y140        CARRY8 (Prop_CARRY8_SLICEL_CI_CO[7])
                                                      0.065     6.477 r  design_1_i/animalnet_axi_lite_0/inst/u_animalnet_top/u_pool/output_data_reg[11]_i_31/CO[7]
                         net (fo=1, routed)           0.030     6.507    design_1_i/animalnet_axi_lite_0/inst/u_animalnet_top/u_pool/output_data_reg[11]_i_31_n_0
    SLICE_X48Y141        CARRY8 (Prop_CARRY8_SLICEL_CI_CO[6])
                                                      0.129     6.636 r  design_1_i/animalnet_axi_lite_0/inst/u_animalnet_top/u_pool/output_data_reg[15]_i_32/CO[6]
                         net (fo=8, routed)           0.322     6.958    design_1_i/animalnet_axi_lite_0/inst/u_animalnet_top/u_pool/output_data_reg[15]_i_32_n_1
    SLICE_X46Y141        CARRY8 (Prop_CARRY8_SLICEL_CI_CO[2])
                                                      0.153     7.111 r  design_1_i/animalnet_axi_lite_0/inst/u_animalnet_top/u_pool/output_data_reg[15]_i_31/CO[2]
                         net (fo=5, routed)           0.680     7.791    design_1_i/animalnet_axi_lite_0/inst/u_animalnet_top/u_pool/output_data_reg[15]_i_31_n_5
    SLICE_X49Y145        CARRY8 (Prop_CARRY8_SLICEL_CI_O[2])
                                                      0.181     7.972 r  design_1_i/animalnet_axi_lite_0/inst/u_animalnet_top/u_pool/output_data_reg[15]_i_28/O[2]
                         net (fo=4, routed)           0.211     8.183    design_1_i/animalnet_axi_lite_0/inst/u_animalnet_top/u_pool/output_data_reg[15]_i_28_n_13
    SLICE_X50Y144        LUT5 (Prop_H6LUT_SLICEL_I1_O)
                                                      0.083     8.266 r  design_1_i/animalnet_axi_lite_0/inst/u_animalnet_top/u_pool/output_data[15]_i_11__1/O
                         net (fo=2, routed)           0.439     8.705    design_1_i/animalnet_axi_lite_0/inst/u_animalnet_top/u_pool/output_data[15]_i_11__1_n_0
    SLICE_X51Y141        CARRY8 (Prop_CARRY8_SLICEL_DI[4]_CO[7])
                                                      0.133     8.838 r  design_1_i/animalnet_axi_lite_0/inst/u_animalnet_top/u_pool/output_data_reg[15]_i_4__1/CO[7]
                         net (fo=1, routed)           0.030     8.868    design_1_i/animalnet_axi_lite_0/inst/u_animalnet_top/u_pool/output_data_reg[15]_i_4__1_n_0
    SLICE_X51Y142        CARRY8 (Prop_CARRY8_SLICEL_CI_O[5])
                                                      0.161     9.029 r  design_1_i/animalnet_axi_lite_0/inst/u_animalnet_top/u_pool/output_data_reg[0]_i_65/O[5]
                         net (fo=5, routed)           0.364     9.393    design_1_i/animalnet_axi_lite_0/inst/u_animalnet_top/u_pool/output_data_reg[0]_i_65_n_10
    SLICE_X50Y143        LUT5 (Prop_H6LUT_SLICEL_I0_O)
                                                      0.227     9.620 r  design_1_i/animalnet_axi_lite_0/inst/u_animalnet_top/u_pool/output_data[0]_i_57/O
                         net (fo=1, routed)           0.015     9.635    design_1_i/animalnet_axi_lite_0/inst/u_animalnet_top/u_pool/output_data[0]_i_57_n_0
    SLICE_X50Y143        CARRY8 (Prop_CARRY8_SLICEL_S[7]_CO[7])
                                                      0.172     9.807 r  design_1_i/animalnet_axi_lite_0/inst/u_animalnet_top/u_pool/output_data_reg[0]_i_17/CO[7]
                         net (fo=1, routed)           0.030     9.837    design_1_i/animalnet_axi_lite_0/inst/u_animalnet_top/u_pool/output_data_reg[0]_i_17_n_0
    SLICE_X50Y144        CARRY8 (Prop_CARRY8_SLICEL_CI_O[0])
                                                      0.078     9.915 r  design_1_i/animalnet_axi_lite_0/inst/u_animalnet_top/u_pool/output_data_reg[0]_i_4/O[0]
                         net (fo=3, routed)           0.560    10.475    design_1_i/animalnet_axi_lite_0/inst/u_animalnet_top/u_pool/output_data_reg[0]_i_4_n_15
    SLICE_X47Y145        LUT4 (Prop_C6LUT_SLICEL_I3_O)
                                                      0.136    10.611 r  design_1_i/animalnet_axi_lite_0/inst/u_animalnet_top/u_pool/output_data[0]_i_13__7/O
                         net (fo=1, routed)           0.015    10.626    design_1_i/animalnet_axi_lite_0/inst/u_animalnet_top/u_pool/output_data[0]_i_13__7_n_0
    SLICE_X47Y145        CARRY8 (Prop_CARRY8_SLICEL_S[2]_CO[4])
                                                      0.244    10.870 r  design_1_i/animalnet_axi_lite_0/inst/u_animalnet_top/u_pool/output_data_reg[0]_i_2__7/CO[4]
                         net (fo=15, routed)          0.183    11.052    design_1_i/animalnet_axi_lite_0/inst/u_animalnet_top/u_pool/output_data_reg[0]_i_2__7_n_3
    SLICE_X47Y146        LUT6 (Prop_E6LUT_SLICEL_I1_O)
                                                      0.057    11.109 r  design_1_i/animalnet_axi_lite_0/inst/u_animalnet_top/u_pool/output_data[6]_i_5/O
                         net (fo=2, routed)           0.127    11.237    design_1_i/animalnet_axi_lite_0/inst/u_animalnet_top/u_pool/output_data[6]_i_5_n_0
    SLICE_X47Y148        LUT6 (Prop_F6LUT_SLICEL_I3_O)
                                                      0.224    11.461 r  design_1_i/animalnet_axi_lite_0/inst/u_animalnet_top/u_pool/output_data[6]_i_2/O
                         net (fo=7, routed)           0.118    11.579    design_1_i/animalnet_axi_lite_0/inst/u_animalnet_top/u_pool/output_data[6]_i_2_n_0
    SLICE_X48Y148        LUT6 (Prop_B6LUT_SLICEL_I2_O)
                                                      0.188    11.767 r  design_1_i/animalnet_axi_lite_0/inst/u_animalnet_top/u_pool/output_data[11]_i_3/O
                         net (fo=1, routed)           0.101    11.868    design_1_i/animalnet_axi_lite_0/inst/u_animalnet_top/u_pool/output_data[11]_i_3_n_0
    SLICE_X48Y148        LUT6 (Prop_G6LUT_SLICEL_I5_O)
                                                      0.057    11.925 r  design_1_i/animalnet_axi_lite_0/inst/u_animalnet_top/u_pool/output_data[11]_i_1__7/O
                         net (fo=1, routed)           0.066    11.991    design_1_i/animalnet_axi_lite_0/inst/u_animalnet_top/u_pool/avg_value[11]
    SLICE_X48Y148        FDRE                                         r  design_1_i/animalnet_axi_lite_0/inst/u_animalnet_top/u_pool/output_data_reg[11]/D
  -------------------------------------------------------------------    -------------------

                         (clock clk_pl_0 rise edge)
                                                      9.361     9.361 r  
    BUFG_PS_X0Y90        BUFG_PS                      0.000     9.361 r  design_1_i/zynq_ultra_ps_e_0/inst/buffer_pl_clk_0.PL_CLK_0_BUFG/O
    X1Y1 (CLOCK_ROOT)    net (fo=6239, routed)        2.863    12.224    design_1_i/animalnet_axi_lite_0/inst/u_animalnet_top/u_pool/S_AXI_ACLK
    SLICE_X48Y148        FDRE                                         r  design_1_i/animalnet_axi_lite_0/inst/u_animalnet_top/u_pool/output_data_reg[11]/C
                         clock pessimism              0.259    12.483    
                         clock uncertainty           -0.160    12.323    
    SLICE_X48Y148        FDRE (Setup_GFF_SLICEL_C_D)
                                                      0.044    12.367    design_1_i/animalnet_axi_lite_0/inst/u_animalnet_top/u_pool/output_data_reg[11]
  -------------------------------------------------------------------
                         required time                         12.367    
                         arrival time                         -11.991    
  -------------------------------------------------------------------
                         slack                                  0.377    

Slack (MET) :             0.417ns  (required time - arrival time)
  Source:                 design_1_i/animalnet_axi_lite_0/inst/u_animalnet_top/u_pool/acc_reg[0]/C
                            (rising edge-triggered cell FDRE clocked by clk_pl_0  {rise@0.000ns fall@4.681ns period=9.361ns})
  Destination:            design_1_i/animalnet_axi_lite_0/inst/u_animalnet_top/u_pool/output_data_reg[8]/D
                            (rising edge-triggered cell FDRE clocked by clk_pl_0  {rise@0.000ns fall@4.681ns period=9.361ns})
  Path Group:             clk_pl_0
  Path Type:              Setup (Max at Slow Process Corner)
  Requirement:            9.361ns  (clk_pl_0 rise@9.361ns - clk_pl_0 rise@0.000ns)
  Data Path Delay:        8.712ns  (logic 3.962ns (45.480%)  route 4.750ns (54.520%))
  Logic Levels:           27  (CARRY8=14 LUT1=2 LUT3=2 LUT4=1 LUT5=2 LUT6=6)
  Clock Path Skew:        -0.116ns (DCD - SCD + CPR)
    Destination Clock Delay (DCD):    2.856ns = ( 12.217 - 9.361 ) 
    Source Clock Delay      (SCD):    3.174ns
    Clock Pessimism Removal (CPR):    0.202ns
  Clock Uncertainty:      0.160ns  ((TSJ^2 + DJ^2)^1/2) / 2 + PE
    Total System Jitter     (TSJ):    0.071ns
    Discrete Jitter          (DJ):    0.312ns
    Phase Error              (PE):    0.000ns
  Clock Net Delay (Source):      3.174ns (routing 1.681ns, distribution 1.493ns)
  Clock Net Delay (Destination): 2.856ns (routing 1.538ns, distribution 1.318ns)

    Location             Delay type                Incr(ns)  Path(ns)    Netlist Resource(s)
  -------------------------------------------------------------------    -------------------
                         (clock clk_pl_0 rise edge)
                                                      0.000     0.000 r  
    BUFG_PS_X0Y90        BUFG_PS                      0.000     0.000 r  design_1_i/zynq_ultra_ps_e_0/inst/buffer_pl_clk_0.PL_CLK_0_BUFG/O
    X1Y1 (CLOCK_ROOT)    net (fo=6239, routed)        3.174     3.174    design_1_i/animalnet_axi_lite_0/inst/u_animalnet_top/u_pool/S_AXI_ACLK
    SLICE_X48Y131        FDRE                                         r  design_1_i/animalnet_axi_lite_0/inst/u_animalnet_top/u_pool/acc_reg[0]/C
  -------------------------------------------------------------------    -------------------
    SLICE_X48Y131        FDRE (Prop_AFF_SLICEL_C_Q)
                                                      0.114     3.288 f  design_1_i/animalnet_axi_lite_0/inst/u_animalnet_top/u_pool/acc_reg[0]/Q
                         net (fo=4, routed)           0.061     3.349    design_1_i/animalnet_axi_lite_0/inst/u_animalnet_top/u_pool/acc_abs[0]
    SLICE_X48Y131        LUT1 (Prop_F6LUT_SLICEL_I0_O)
                                                      0.056     3.405 r  design_1_i/animalnet_axi_lite_0/inst/u_animalnet_top/u_pool/output_data[14]_i_50/O
                         net (fo=1, routed)           0.114     3.519    design_1_i/animalnet_axi_lite_0/inst/u_animalnet_top/u_pool/output_data[14]_i_50_n_0
    SLICE_X48Y132        CARRY8 (Prop_CARRY8_SLICEL_CI_O[4])
                                                      0.272     3.791 f  design_1_i/animalnet_axi_lite_0/inst/u_animalnet_top/u_pool/output_data_reg[14]_i_34/O[4]
                         net (fo=2, routed)           0.202     3.993    design_1_i/animalnet_axi_lite_0/inst/u_animalnet_top/u_pool/acc_abs0[5]
    SLICE_X47Y132        LUT3 (Prop_F6LUT_SLICEL_I2_O)
                                                      0.081     4.074 r  design_1_i/animalnet_axi_lite_0/inst/u_animalnet_top/u_pool/output_data[14]_i_29/O
                         net (fo=1, routed)           0.015     4.089    design_1_i/animalnet_axi_lite_0/inst/u_animalnet_top/u_pool/output_data[14]_i_29_n_0
    SLICE_X47Y132        CARRY8 (Prop_CARRY8_SLICEL_S[5]_CO[7])
                                                      0.232     4.321 r  design_1_i/animalnet_axi_lite_0/inst/u_animalnet_top/u_pool/output_data_reg[14]_i_13/CO[7]
                         net (fo=1, routed)           0.030     4.351    design_1_i/animalnet_axi_lite_0/inst/u_animalnet_top/u_pool/output_data_reg[14]_i_13_n_0
    SLICE_X47Y133        CARRY8 (Prop_CARRY8_SLICEL_CI_O[1])
                                                      0.106     4.457 f  design_1_i/animalnet_axi_lite_0/inst/u_animalnet_top/u_pool/output_data_reg[14]_i_4/O[1]
                         net (fo=25, routed)          0.284     4.741    design_1_i/animalnet_axi_lite_0/inst/u_animalnet_top/u_pool/p_1_in[9]
    SLICE_X47Y137        LUT1 (Prop_A6LUT_SLICEL_I0_O)
                                                      0.082     4.823 r  design_1_i/animalnet_axi_lite_0/inst/u_animalnet_top/u_pool/output_data[0]_i_94/O
                         net (fo=1, routed)           0.014     4.837    design_1_i/animalnet_axi_lite_0/inst/u_animalnet_top/u_pool/output_data[0]_i_94_n_0
    SLICE_X47Y137        CARRY8 (Prop_CARRY8_SLICEL_S[0]_O[4])
                                                      0.285     5.122 f  design_1_i/animalnet_axi_lite_0/inst/u_animalnet_top/u_pool/output_data_reg[0]_i_40/O[4]
                         net (fo=16, routed)          0.363     5.484    design_1_i/animalnet_axi_lite_0/inst/u_animalnet_top/u_pool/avg_abs2[13]
    SLICE_X46Y138        LUT3 (Prop_D6LUT_SLICEL_I2_O)
                                                      0.057     5.541 f  design_1_i/animalnet_axi_lite_0/inst/u_animalnet_top/u_pool/output_data[11]_i_107/O
                         net (fo=9, routed)           0.130     5.671    design_1_i/animalnet_axi_lite_0/inst/u_animalnet_top/u_pool/output_data[11]_i_107_n_0
    SLICE_X46Y139        LUT6 (Prop_F6LUT_SLICEL_I3_O)
                                                      0.187     5.858 r  design_1_i/animalnet_axi_lite_0/inst/u_animalnet_top/u_pool/output_data[3]_i_122/O
                         net (fo=2, routed)           0.204     6.062    design_1_i/animalnet_axi_lite_0/inst/u_animalnet_top/u_pool/output_data[3]_i_122_n_0
    SLICE_X48Y139        LUT6 (Prop_G6LUT_SLICEL_I0_O)
                                                      0.137     6.199 r  design_1_i/animalnet_axi_lite_0/inst/u_animalnet_top/u_pool/output_data[3]_i_130/O
                         net (fo=1, routed)           0.012     6.211    design_1_i/animalnet_axi_lite_0/inst/u_animalnet_top/u_pool/output_data[3]_i_130_n_0
    SLICE_X48Y139        CARRY8 (Prop_CARRY8_SLICEL_S[6]_CO[7])
                                                      0.171     6.382 r  design_1_i/animalnet_axi_lite_0/inst/u_animalnet_top/u_pool/output_data_reg[3]_i_47/CO[7]
                         net (fo=1, routed)           0.030     6.412    design_1_i/animalnet_axi_lite_0/inst/u_animalnet_top/u_pool/output_data_reg[3]_i_47_n_0
    SLICE_X48Y140        CARRY8 (Prop_CARRY8_SLICEL_CI_CO[7])
                                                      0.065     6.477 r  design_1_i/animalnet_axi_lite_0/inst/u_animalnet_top/u_pool/output_data_reg[11]_i_31/CO[7]
                         net (fo=1, routed)           0.030     6.507    design_1_i/animalnet_axi_lite_0/inst/u_animalnet_top/u_pool/output_data_reg[11]_i_31_n_0
    SLICE_X48Y141        CARRY8 (Prop_CARRY8_SLICEL_CI_CO[6])
                                                      0.129     6.636 r  design_1_i/animalnet_axi_lite_0/inst/u_animalnet_top/u_pool/output_data_reg[15]_i_32/CO[6]
                         net (fo=8, routed)           0.322     6.958    design_1_i/animalnet_axi_lite_0/inst/u_animalnet_top/u_pool/output_data_reg[15]_i_32_n_1
    SLICE_X46Y141        CARRY8 (Prop_CARRY8_SLICEL_CI_CO[2])
                                                      0.153     7.111 r  design_1_i/animalnet_axi_lite_0/inst/u_animalnet_top/u_pool/output_data_reg[15]_i_31/CO[2]
                         net (fo=5, routed)           0.680     7.791    design_1_i/animalnet_axi_lite_0/inst/u_animalnet_top/u_pool/output_data_reg[15]_i_31_n_5
    SLICE_X49Y145        CARRY8 (Prop_CARRY8_SLICEL_CI_O[2])
                                                      0.181     7.972 r  design_1_i/animalnet_axi_lite_0/inst/u_animalnet_top/u_pool/output_data_reg[15]_i_28/O[2]
                         net (fo=4, routed)           0.211     8.183    design_1_i/animalnet_axi_lite_0/inst/u_animalnet_top/u_pool/output_data_reg[15]_i_28_n_13
    SLICE_X50Y144        LUT5 (Prop_H6LUT_SLICEL_I1_O)
                                                      0.083     8.266 r  design_1_i/animalnet_axi_lite_0/inst/u_animalnet_top/u_pool/output_data[15]_i_11__1/O
                         net (fo=2, routed)           0.439     8.705    design_1_i/animalnet_axi_lite_0/inst/u_animalnet_top/u_pool/output_data[15]_i_11__1_n_0
    SLICE_X51Y141        CARRY8 (Prop_CARRY8_SLICEL_DI[4]_CO[7])
                                                      0.133     8.838 r  design_1_i/animalnet_axi_lite_0/inst/u_animalnet_top/u_pool/output_data_reg[15]_i_4__1/CO[7]
                         net (fo=1, routed)           0.030     8.868    design_1_i/animalnet_axi_lite_0/inst/u_animalnet_top/u_pool/output_data_reg[15]_i_4__1_n_0
    SLICE_X51Y142        CARRY8 (Prop_CARRY8_SLICEL_CI_O[5])
                                                      0.161     9.029 r  design_1_i/animalnet_axi_lite_0/inst/u_animalnet_top/u_pool/output_data_reg[0]_i_65/O[5]
                         net (fo=5, routed)           0.364     9.393    design_1_i/animalnet_axi_lite_0/inst/u_animalnet_top/u_pool/output_data_reg[0]_i_65_n_10
    SLICE_X50Y143        LUT5 (Prop_H6LUT_SLICEL_I0_O)
                                                      0.227     9.620 r  design_1_i/animalnet_axi_lite_0/inst/u_animalnet_top/u_pool/output_data[0]_i_57/O
                         net (fo=1, routed)           0.015     9.635    design_1_i/animalnet_axi_lite_0/inst/u_animalnet_top/u_pool/output_data[0]_i_57_n_0
    SLICE_X50Y143        CARRY8 (Prop_CARRY8_SLICEL_S[7]_CO[7])
                                                      0.172     9.807 r  design_1_i/animalnet_axi_lite_0/inst/u_animalnet_top/u_pool/output_data_reg[0]_i_17/CO[7]
                         net (fo=1, routed)           0.030     9.837    design_1_i/animalnet_axi_lite_0/inst/u_animalnet_top/u_pool/output_data_reg[0]_i_17_n_0
    SLICE_X50Y144        CARRY8 (Prop_CARRY8_SLICEL_CI_O[0])
                                                      0.078     9.915 r  design_1_i/animalnet_axi_lite_0/inst/u_animalnet_top/u_pool/output_data_reg[0]_i_4/O[0]
                         net (fo=3, routed)           0.560    10.475    design_1_i/animalnet_axi_lite_0/inst/u_animalnet_top/u_pool/output_data_reg[0]_i_4_n_15
    SLICE_X47Y145        LUT4 (Prop_C6LUT_SLICEL_I3_O)
                                                      0.136    10.611 r  design_1_i/animalnet_axi_lite_0/inst/u_animalnet_top/u_pool/output_data[0]_i_13__7/O
                         net (fo=1, routed)           0.015    10.626    design_1_i/animalnet_axi_lite_0/inst/u_animalnet_top/u_pool/output_data[0]_i_13__7_n_0
    SLICE_X47Y145        CARRY8 (Prop_CARRY8_SLICEL_S[2]_CO[4])
                                                      0.244    10.870 r  design_1_i/animalnet_axi_lite_0/inst/u_animalnet_top/u_pool/output_data_reg[0]_i_2__7/CO[4]
                         net (fo=15, routed)          0.183    11.052    design_1_i/animalnet_axi_lite_0/inst/u_animalnet_top/u_pool/output_data_reg[0]_i_2__7_n_3
    SLICE_X47Y146        LUT6 (Prop_E6LUT_SLICEL_I1_O)
                                                      0.057    11.109 r  design_1_i/animalnet_axi_lite_0/inst/u_animalnet_top/u_pool/output_data[6]_i_5/O
                         net (fo=2, routed)           0.127    11.237    design_1_i/animalnet_axi_lite_0/inst/u_animalnet_top/u_pool/output_data[6]_i_5_n_0
    SLICE_X47Y148        LUT6 (Prop_F6LUT_SLICEL_I3_O)
                                                      0.224    11.461 r  design_1_i/animalnet_axi_lite_0/inst/u_animalnet_top/u_pool/output_data[6]_i_2/O
                         net (fo=7, routed)           0.170    11.630    design_1_i/animalnet_axi_lite_0/inst/u_animalnet_top/u_pool/output_data[6]_i_2_n_0
    SLICE_X47Y148        LUT6 (Prop_A6LUT_SLICEL_I2_O)
                                                      0.082    11.712 r  design_1_i/animalnet_axi_lite_0/inst/u_animalnet_top/u_pool/output_data[8]_i_2/O
                         net (fo=1, routed)           0.049    11.761    design_1_i/animalnet_axi_lite_0/inst/u_animalnet_top/u_pool/output_data[8]_i_2_n_0
    SLICE_X47Y148        LUT6 (Prop_D6LUT_SLICEL_I5_O)
                                                      0.057    11.818 r  design_1_i/animalnet_axi_lite_0/inst/u_animalnet_top/u_pool/output_data[8]_i_1__7/O
                         net (fo=1, routed)           0.067    11.885    design_1_i/animalnet_axi_lite_0/inst/u_animalnet_top/u_pool/avg_value[8]
    SLICE_X47Y148        FDRE                                         r  design_1_i/animalnet_axi_lite_0/inst/u_animalnet_top/u_pool/output_data_reg[8]/D
  -------------------------------------------------------------------    -------------------

                         (clock clk_pl_0 rise edge)
                                                      9.361     9.361 r  
    BUFG_PS_X0Y90        BUFG_PS                      0.000     9.361 r  design_1_i/zynq_ultra_ps_e_0/inst/buffer_pl_clk_0.PL_CLK_0_BUFG/O
    X1Y1 (CLOCK_ROOT)    net (fo=6239, routed)        2.856    12.217    design_1_i/animalnet_axi_lite_0/inst/u_animalnet_top/u_pool/S_AXI_ACLK
    SLICE_X47Y148        FDRE                                         r  design_1_i/animalnet_axi_lite_0/inst/u_animalnet_top/u_pool/output_data_reg[8]/C
                         clock pessimism              0.202    12.419    
                         clock uncertainty           -0.160    12.259    
    SLICE_X47Y148        FDRE (Setup_DFF_SLICEL_C_D)
                                                      0.044    12.303    design_1_i/animalnet_axi_lite_0/inst/u_animalnet_top/u_pool/output_data_reg[8]
  -------------------------------------------------------------------
                         required time                         12.303    
                         arrival time                         -11.885    
  -------------------------------------------------------------------
                         slack                                  0.417    

Slack (MET) :             0.421ns  (required time - arrival time)
  Source:                 design_1_i/animalnet_axi_lite_0/inst/u_animalnet_top/u_pool/acc_reg[0]/C
                            (rising edge-triggered cell FDRE clocked by clk_pl_0  {rise@0.000ns fall@4.681ns period=9.361ns})
  Destination:            design_1_i/animalnet_axi_lite_0/inst/u_animalnet_top/u_pool/output_data_reg[10]/D
                            (rising edge-triggered cell FDRE clocked by clk_pl_0  {rise@0.000ns fall@4.681ns period=9.361ns})
  Path Group:             clk_pl_0
  Path Type:              Setup (Max at Slow Process Corner)
  Requirement:            9.361ns  (clk_pl_0 rise@9.361ns - clk_pl_0 rise@0.000ns)
  Data Path Delay:        8.777ns  (logic 3.939ns (44.878%)  route 4.838ns (55.122%))
  Logic Levels:           27  (CARRY8=14 LUT1=2 LUT3=2 LUT4=1 LUT5=3 LUT6=5)
  Clock Path Skew:        -0.046ns (DCD - SCD + CPR)
    Destination Clock Delay (DCD):    2.868ns = ( 12.229 - 9.361 ) 
    Source Clock Delay      (SCD):    3.174ns
    Clock Pessimism Removal (CPR):    0.259ns
  Clock Uncertainty:      0.160ns  ((TSJ^2 + DJ^2)^1/2) / 2 + PE
    Total System Jitter     (TSJ):    0.071ns
    Discrete Jitter          (DJ):    0.312ns
    Phase Error              (PE):    0.000ns
  Clock Net Delay (Source):      3.174ns (routing 1.681ns, distribution 1.493ns)
  Clock Net Delay (Destination): 2.868ns (routing 1.538ns, distribution 1.330ns)

    Location             Delay type                Incr(ns)  Path(ns)    Netlist Resource(s)
  -------------------------------------------------------------------    -------------------
                         (clock clk_pl_0 rise edge)
                                                      0.000     0.000 r  
    BUFG_PS_X0Y90        BUFG_PS                      0.000     0.000 r  design_1_i/zynq_ultra_ps_e_0/inst/buffer_pl_clk_0.PL_CLK_0_BUFG/O
    X1Y1 (CLOCK_ROOT)    net (fo=6239, routed)        3.174     3.174    design_1_i/animalnet_axi_lite_0/inst/u_animalnet_top/u_pool/S_AXI_ACLK
    SLICE_X48Y131        FDRE                                         r  design_1_i/animalnet_axi_lite_0/inst/u_animalnet_top/u_pool/acc_reg[0]/C
  -------------------------------------------------------------------    -------------------
    SLICE_X48Y131        FDRE (Prop_AFF_SLICEL_C_Q)
                                                      0.114     3.288 f  design_1_i/animalnet_axi_lite_0/inst/u_animalnet_top/u_pool/acc_reg[0]/Q
                         net (fo=4, routed)           0.061     3.349    design_1_i/animalnet_axi_lite_0/inst/u_animalnet_top/u_pool/acc_abs[0]
    SLICE_X48Y131        LUT1 (Prop_F6LUT_SLICEL_I0_O)
                                                      0.056     3.405 r  design_1_i/animalnet_axi_lite_0/inst/u_animalnet_top/u_pool/output_data[14]_i_50/O
                         net (fo=1, routed)           0.114     3.519    design_1_i/animalnet_axi_lite_0/inst/u_animalnet_top/u_pool/output_data[14]_i_50_n_0
    SLICE_X48Y132        CARRY8 (Prop_CARRY8_SLICEL_CI_O[4])
                                                      0.272     3.791 f  design_1_i/animalnet_axi_lite_0/inst/u_animalnet_top/u_pool/output_data_reg[14]_i_34/O[4]
                         net (fo=2, routed)           0.202     3.993    design_1_i/animalnet_axi_lite_0/inst/u_animalnet_top/u_pool/acc_abs0[5]
    SLICE_X47Y132        LUT3 (Prop_F6LUT_SLICEL_I2_O)
                                                      0.081     4.074 r  design_1_i/animalnet_axi_lite_0/inst/u_animalnet_top/u_pool/output_data[14]_i_29/O
                         net (fo=1, routed)           0.015     4.089    design_1_i/animalnet_axi_lite_0/inst/u_animalnet_top/u_pool/output_data[14]_i_29_n_0
    SLICE_X47Y132        CARRY8 (Prop_CARRY8_SLICEL_S[5]_CO[7])
                                                      0.232     4.321 r  design_1_i/animalnet_axi_lite_0/inst/u_animalnet_top/u_pool/output_data_reg[14]_i_13/CO[7]
                         net (fo=1, routed)           0.030     4.351    design_1_i/animalnet_axi_lite_0/inst/u_animalnet_top/u_pool/output_data_reg[14]_i_13_n_0
    SLICE_X47Y133        CARRY8 (Prop_CARRY8_SLICEL_CI_O[1])
                                                      0.106     4.457 f  design_1_i/animalnet_axi_lite_0/inst/u_animalnet_top/u_pool/output_data_reg[14]_i_4/O[1]
                         net (fo=25, routed)          0.284     4.741    design_1_i/animalnet_axi_lite_0/inst/u_animalnet_top/u_pool/p_1_in[9]
    SLICE_X47Y137        LUT1 (Prop_A6LUT_SLICEL_I0_O)
                                                      0.082     4.823 r  design_1_i/animalnet_axi_lite_0/inst/u_animalnet_top/u_pool/output_data[0]_i_94/O
                         net (fo=1, routed)           0.014     4.837    design_1_i/animalnet_axi_lite_0/inst/u_animalnet_top/u_pool/output_data[0]_i_94_n_0
    SLICE_X47Y137        CARRY8 (Prop_CARRY8_SLICEL_S[0]_O[4])
                                                      0.285     5.122 f  design_1_i/animalnet_axi_lite_0/inst/u_animalnet_top/u_pool/output_data_reg[0]_i_40/O[4]
                         net (fo=16, routed)          0.363     5.484    design_1_i/animalnet_axi_lite_0/inst/u_animalnet_top/u_pool/avg_abs2[13]
    SLICE_X46Y138        LUT3 (Prop_D6LUT_SLICEL_I2_O)
                                                      0.057     5.541 f  design_1_i/animalnet_axi_lite_0/inst/u_animalnet_top/u_pool/output_data[11]_i_107/O
                         net (fo=9, routed)           0.130     5.671    design_1_i/animalnet_axi_lite_0/inst/u_animalnet_top/u_pool/output_data[11]_i_107_n_0
    SLICE_X46Y139        LUT6 (Prop_F6LUT_SLICEL_I3_O)
                                                      0.187     5.858 r  design_1_i/animalnet_axi_lite_0/inst/u_animalnet_top/u_pool/output_data[3]_i_122/O
                         net (fo=2, routed)           0.204     6.062    design_1_i/animalnet_axi_lite_0/inst/u_animalnet_top/u_pool/output_data[3]_i_122_n_0
    SLICE_X48Y139        LUT6 (Prop_G6LUT_SLICEL_I0_O)
                                                      0.137     6.199 r  design_1_i/animalnet_axi_lite_0/inst/u_animalnet_top/u_pool/output_data[3]_i_130/O
                         net (fo=1, routed)           0.012     6.211    design_1_i/animalnet_axi_lite_0/inst/u_animalnet_top/u_pool/output_data[3]_i_130_n_0
    SLICE_X48Y139        CARRY8 (Prop_CARRY8_SLICEL_S[6]_CO[7])
                                                      0.171     6.382 r  design_1_i/animalnet_axi_lite_0/inst/u_animalnet_top/u_pool/output_data_reg[3]_i_47/CO[7]
                         net (fo=1, routed)           0.030     6.412    design_1_i/animalnet_axi_lite_0/inst/u_animalnet_top/u_pool/output_data_reg[3]_i_47_n_0
    SLICE_X48Y140        CARRY8 (Prop_CARRY8_SLICEL_CI_CO[7])
                                                      0.065     6.477 r  design_1_i/animalnet_axi_lite_0/inst/u_animalnet_top/u_pool/output_data_reg[11]_i_31/CO[7]
                         net (fo=1, routed)           0.030     6.507    design_1_i/animalnet_axi_lite_0/inst/u_animalnet_top/u_pool/output_data_reg[11]_i_31_n_0
    SLICE_X48Y141        CARRY8 (Prop_CARRY8_SLICEL_CI_CO[6])
                                                      0.129     6.636 r  design_1_i/animalnet_axi_lite_0/inst/u_animalnet_top/u_pool/output_data_reg[15]_i_32/CO[6]
                         net (fo=8, routed)           0.322     6.958    design_1_i/animalnet_axi_lite_0/inst/u_animalnet_top/u_pool/output_data_reg[15]_i_32_n_1
    SLICE_X46Y141        CARRY8 (Prop_CARRY8_SLICEL_CI_CO[2])
                                                      0.153     7.111 r  design_1_i/animalnet_axi_lite_0/inst/u_animalnet_top/u_pool/output_data_reg[15]_i_31/CO[2]
                         net (fo=5, routed)           0.680     7.791    design_1_i/animalnet_axi_lite_0/inst/u_animalnet_top/u_pool/output_data_reg[15]_i_31_n_5
    SLICE_X49Y145        CARRY8 (Prop_CARRY8_SLICEL_CI_O[2])
                                                      0.181     7.972 r  design_1_i/animalnet_axi_lite_0/inst/u_animalnet_top/u_pool/output_data_reg[15]_i_28/O[2]
                         net (fo=4, routed)           0.211     8.183    design_1_i/animalnet_axi_lite_0/inst/u_animalnet_top/u_pool/output_data_reg[15]_i_28_n_13
    SLICE_X50Y144        LUT5 (Prop_H6LUT_SLICEL_I1_O)
                                                      0.083     8.266 r  design_1_i/animalnet_axi_lite_0/inst/u_animalnet_top/u_pool/output_data[15]_i_11__1/O
                         net (fo=2, routed)           0.439     8.705    design_1_i/animalnet_axi_lite_0/inst/u_animalnet_top/u_pool/output_data[15]_i_11__1_n_0
    SLICE_X51Y141        CARRY8 (Prop_CARRY8_SLICEL_DI[4]_CO[7])
                                                      0.133     8.838 r  design_1_i/animalnet_axi_lite_0/inst/u_animalnet_top/u_pool/output_data_reg[15]_i_4__1/CO[7]
                         net (fo=1, routed)           0.030     8.868    design_1_i/animalnet_axi_lite_0/inst/u_animalnet_top/u_pool/output_data_reg[15]_i_4__1_n_0
    SLICE_X51Y142        CARRY8 (Prop_CARRY8_SLICEL_CI_O[5])
                                                      0.161     9.029 r  design_1_i/animalnet_axi_lite_0/inst/u_animalnet_top/u_pool/output_data_reg[0]_i_65/O[5]
                         net (fo=5, routed)           0.364     9.393    design_1_i/animalnet_axi_lite_0/inst/u_animalnet_top/u_pool/output_data_reg[0]_i_65_n_10
    SLICE_X50Y143        LUT5 (Prop_H6LUT_SLICEL_I0_O)
                                                      0.227     9.620 r  design_1_i/animalnet_axi_lite_0/inst/u_animalnet_top/u_pool/output_data[0]_i_57/O
                         net (fo=1, routed)           0.015     9.635    design_1_i/animalnet_axi_lite_0/inst/u_animalnet_top/u_pool/output_data[0]_i_57_n_0
    SLICE_X50Y143        CARRY8 (Prop_CARRY8_SLICEL_S[7]_CO[7])
                                                      0.172     9.807 r  design_1_i/animalnet_axi_lite_0/inst/u_animalnet_top/u_pool/output_data_reg[0]_i_17/CO[7]
                         net (fo=1, routed)           0.030     9.837    design_1_i/animalnet_axi_lite_0/inst/u_animalnet_top/u_pool/output_data_reg[0]_i_17_n_0
    SLICE_X50Y144        CARRY8 (Prop_CARRY8_SLICEL_CI_O[0])
                                                      0.078     9.915 r  design_1_i/animalnet_axi_lite_0/inst/u_animalnet_top/u_pool/output_data_reg[0]_i_4/O[0]
                         net (fo=3, routed)           0.560    10.475    design_1_i/animalnet_axi_lite_0/inst/u_animalnet_top/u_pool/output_data_reg[0]_i_4_n_15
    SLICE_X47Y145        LUT4 (Prop_C6LUT_SLICEL_I3_O)
                                                      0.136    10.611 r  design_1_i/animalnet_axi_lite_0/inst/u_animalnet_top/u_pool/output_data[0]_i_13__7/O
                         net (fo=1, routed)           0.015    10.626    design_1_i/animalnet_axi_lite_0/inst/u_animalnet_top/u_pool/output_data[0]_i_13__7_n_0
    SLICE_X47Y145        CARRY8 (Prop_CARRY8_SLICEL_S[2]_CO[4])
                                                      0.244    10.870 r  design_1_i/animalnet_axi_lite_0/inst/u_animalnet_top/u_pool/output_data_reg[0]_i_2__7/CO[4]
                         net (fo=15, routed)          0.183    11.052    design_1_i/animalnet_axi_lite_0/inst/u_animalnet_top/u_pool/output_data_reg[0]_i_2__7_n_3
    SLICE_X47Y146        LUT6 (Prop_E6LUT_SLICEL_I1_O)
                                                      0.057    11.109 r  design_1_i/animalnet_axi_lite_0/inst/u_animalnet_top/u_pool/output_data[6]_i_5/O
                         net (fo=2, routed)           0.127    11.237    design_1_i/animalnet_axi_lite_0/inst/u_animalnet_top/u_pool/output_data[6]_i_5_n_0
    SLICE_X47Y148        LUT6 (Prop_F6LUT_SLICEL_I3_O)
                                                      0.224    11.461 r  design_1_i/animalnet_axi_lite_0/inst/u_animalnet_top/u_pool/output_data[6]_i_2/O
                         net (fo=7, routed)           0.235    11.696    design_1_i/animalnet_axi_lite_0/inst/u_animalnet_top/u_pool/output_data[6]_i_2_n_0
    SLICE_X48Y145        LUT5 (Prop_A6LUT_SLICEL_I2_O)
                                                      0.058    11.754 r  design_1_i/animalnet_axi_lite_0/inst/u_animalnet_top/u_pool/output_data[10]_i_2/O
                         net (fo=2, routed)           0.069    11.823    design_1_i/animalnet_axi_lite_0/inst/u_animalnet_top/u_pool/output_data[10]_i_2_n_0
    SLICE_X48Y144        LUT6 (Prop_H6LUT_SLICEL_I5_O)
                                                      0.058    11.881 r  design_1_i/animalnet_axi_lite_0/inst/u_animalnet_top/u_pool/output_data[10]_i_1__7/O
                         net (fo=1, routed)           0.070    11.951    design_1_i/animalnet_axi_lite_0/inst/u_animalnet_top/u_pool/avg_value[10]
    SLICE_X48Y144        FDRE                                         r  design_1_i/animalnet_axi_lite_0/inst/u_animalnet_top/u_pool/output_data_reg[10]/D
  -------------------------------------------------------------------    -------------------

                         (clock clk_pl_0 rise edge)
                                                      9.361     9.361 r  
    BUFG_PS_X0Y90        BUFG_PS                      0.000     9.361 r  design_1_i/zynq_ultra_ps_e_0/inst/buffer_pl_clk_0.PL_CLK_0_BUFG/O
    X1Y1 (CLOCK_ROOT)    net (fo=6239, routed)        2.868    12.229    design_1_i/animalnet_axi_lite_0/inst/u_animalnet_top/u_pool/S_AXI_ACLK
    SLICE_X48Y144        FDRE                                         r  design_1_i/animalnet_axi_lite_0/inst/u_animalnet_top/u_pool/output_data_reg[10]/C
                         clock pessimism              0.259    12.488    
                         clock uncertainty           -0.160    12.328    
    SLICE_X48Y144        FDRE (Setup_HFF_SLICEL_C_D)
                                                      0.044    12.372    design_1_i/animalnet_axi_lite_0/inst/u_animalnet_top/u_pool/output_data_reg[10]
  -------------------------------------------------------------------
                         required time                         12.372    
                         arrival time                         -11.951    
  -------------------------------------------------------------------
                         slack                                  0.421    

Slack (MET) :             0.471ns  (required time - arrival time)
  Source:                 design_1_i/animalnet_axi_lite_0/inst/u_animalnet_top/u_pool/acc_reg[0]/C
                            (rising edge-triggered cell FDRE clocked by clk_pl_0  {rise@0.000ns fall@4.681ns period=9.361ns})
  Destination:            design_1_i/animalnet_axi_lite_0/inst/u_animalnet_top/u_pool/output_data_reg[1]/D
                            (rising edge-triggered cell FDRE clocked by clk_pl_0  {rise@0.000ns fall@4.681ns period=9.361ns})
  Path Group:             clk_pl_0
  Path Type:              Setup (Max at Slow Process Corner)
  Requirement:            9.361ns  (clk_pl_0 rise@9.361ns - clk_pl_0 rise@0.000ns)
  Data Path Delay:        8.689ns  (logic 3.759ns (43.264%)  route 4.930ns (56.736%))
  Logic Levels:           25  (CARRY8=14 LUT1=2 LUT3=2 LUT4=2 LUT5=2 LUT6=3)
  Clock Path Skew:        -0.085ns (DCD - SCD + CPR)
    Destination Clock Delay (DCD):    2.887ns = ( 12.248 - 9.361 ) 
    Source Clock Delay      (SCD):    3.174ns
    Clock Pessimism Removal (CPR):    0.202ns
  Clock Uncertainty:      0.160ns  ((TSJ^2 + DJ^2)^1/2) / 2 + PE
    Total System Jitter     (TSJ):    0.071ns
    Discrete Jitter          (DJ):    0.312ns
    Phase Error              (PE):    0.000ns
  Clock Net Delay (Source):      3.174ns (routing 1.681ns, distribution 1.493ns)
  Clock Net Delay (Destination): 2.887ns (routing 1.538ns, distribution 1.349ns)

    Location             Delay type                Incr(ns)  Path(ns)    Netlist Resource(s)
  -------------------------------------------------------------------    -------------------
                         (clock clk_pl_0 rise edge)
                                                      0.000     0.000 r  
    BUFG_PS_X0Y90        BUFG_PS                      0.000     0.000 r  design_1_i/zynq_ultra_ps_e_0/inst/buffer_pl_clk_0.PL_CLK_0_BUFG/O
    X1Y1 (CLOCK_ROOT)    net (fo=6239, routed)        3.174     3.174    design_1_i/animalnet_axi_lite_0/inst/u_animalnet_top/u_pool/S_AXI_ACLK
    SLICE_X48Y131        FDRE                                         r  design_1_i/animalnet_axi_lite_0/inst/u_animalnet_top/u_pool/acc_reg[0]/C
  -------------------------------------------------------------------    -------------------
    SLICE_X48Y131        FDRE (Prop_AFF_SLICEL_C_Q)
                                                      0.114     3.288 f  design_1_i/animalnet_axi_lite_0/inst/u_animalnet_top/u_pool/acc_reg[0]/Q
                         net (fo=4, routed)           0.061     3.349    design_1_i/animalnet_axi_lite_0/inst/u_animalnet_top/u_pool/acc_abs[0]
    SLICE_X48Y131        LUT1 (Prop_F6LUT_SLICEL_I0_O)
                                                      0.056     3.405 r  design_1_i/animalnet_axi_lite_0/inst/u_animalnet_top/u_pool/output_data[14]_i_50/O
                         net (fo=1, routed)           0.114     3.519    design_1_i/animalnet_axi_lite_0/inst/u_animalnet_top/u_pool/output_data[14]_i_50_n_0
    SLICE_X48Y132        CARRY8 (Prop_CARRY8_SLICEL_CI_O[4])
                                                      0.272     3.791 f  design_1_i/animalnet_axi_lite_0/inst/u_animalnet_top/u_pool/output_data_reg[14]_i_34/O[4]
                         net (fo=2, routed)           0.202     3.993    design_1_i/animalnet_axi_lite_0/inst/u_animalnet_top/u_pool/acc_abs0[5]
    SLICE_X47Y132        LUT3 (Prop_F6LUT_SLICEL_I2_O)
                                                      0.081     4.074 r  design_1_i/animalnet_axi_lite_0/inst/u_animalnet_top/u_pool/output_data[14]_i_29/O
                         net (fo=1, routed)           0.015     4.089    design_1_i/animalnet_axi_lite_0/inst/u_animalnet_top/u_pool/output_data[14]_i_29_n_0
    SLICE_X47Y132        CARRY8 (Prop_CARRY8_SLICEL_S[5]_CO[7])
                                                      0.232     4.321 r  design_1_i/animalnet_axi_lite_0/inst/u_animalnet_top/u_pool/output_data_reg[14]_i_13/CO[7]
                         net (fo=1, routed)           0.030     4.351    design_1_i/animalnet_axi_lite_0/inst/u_animalnet_top/u_pool/output_data_reg[14]_i_13_n_0
    SLICE_X47Y133        CARRY8 (Prop_CARRY8_SLICEL_CI_O[1])
                                                      0.106     4.457 f  design_1_i/animalnet_axi_lite_0/inst/u_animalnet_top/u_pool/output_data_reg[14]_i_4/O[1]
                         net (fo=25, routed)          0.284     4.741    design_1_i/animalnet_axi_lite_0/inst/u_animalnet_top/u_pool/p_1_in[9]
    SLICE_X47Y137        LUT1 (Prop_A6LUT_SLICEL_I0_O)
                                                      0.082     4.823 r  design_1_i/animalnet_axi_lite_0/inst/u_animalnet_top/u_pool/output_data[0]_i_94/O
                         net (fo=1, routed)           0.014     4.837    design_1_i/animalnet_axi_lite_0/inst/u_animalnet_top/u_pool/output_data[0]_i_94_n_0
    SLICE_X47Y137        CARRY8 (Prop_CARRY8_SLICEL_S[0]_O[4])
                                                      0.285     5.122 f  design_1_i/animalnet_axi_lite_0/inst/u_animalnet_top/u_pool/output_data_reg[0]_i_40/O[4]
                         net (fo=16, routed)          0.363     5.484    design_1_i/animalnet_axi_lite_0/inst/u_animalnet_top/u_pool/avg_abs2[13]
    SLICE_X46Y138        LUT3 (Prop_D6LUT_SLICEL_I2_O)
                                                      0.057     5.541 f  design_1_i/animalnet_axi_lite_0/inst/u_animalnet_top/u_pool/output_data[11]_i_107/O
                         net (fo=9, routed)           0.130     5.671    design_1_i/animalnet_axi_lite_0/inst/u_animalnet_top/u_pool/output_data[11]_i_107_n_0
    SLICE_X46Y139        LUT6 (Prop_F6LUT_SLICEL_I3_O)
                                                      0.187     5.858 r  design_1_i/animalnet_axi_lite_0/inst/u_animalnet_top/u_pool/output_data[3]_i_122/O
                         net (fo=2, routed)           0.204     6.062    design_1_i/animalnet_axi_lite_0/inst/u_animalnet_top/u_pool/output_data[3]_i_122_n_0
    SLICE_X48Y139        LUT6 (Prop_G6LUT_SLICEL_I0_O)
                                                      0.137     6.199 r  design_1_i/animalnet_axi_lite_0/inst/u_animalnet_top/u_pool/output_data[3]_i_130/O
                         net (fo=1, routed)           0.012     6.211    design_1_i/animalnet_axi_lite_0/inst/u_animalnet_top/u_pool/output_data[3]_i_130_n_0
    SLICE_X48Y139        CARRY8 (Prop_CARRY8_SLICEL_S[6]_CO[7])
                                                      0.171     6.382 r  design_1_i/animalnet_axi_lite_0/inst/u_animalnet_top/u_pool/output_data_reg[3]_i_47/CO[7]
                         net (fo=1, routed)           0.030     6.412    design_1_i/animalnet_axi_lite_0/inst/u_animalnet_top/u_pool/output_data_reg[3]_i_47_n_0
    SLICE_X48Y140        CARRY8 (Prop_CARRY8_SLICEL_CI_CO[7])
                                                      0.065     6.477 r  design_1_i/animalnet_axi_lite_0/inst/u_animalnet_top/u_pool/output_data_reg[11]_i_31/CO[7]
                         net (fo=1, routed)           0.030     6.507    design_1_i/animalnet_axi_lite_0/inst/u_animalnet_top/u_pool/output_data_reg[11]_i_31_n_0
    SLICE_X48Y141        CARRY8 (Prop_CARRY8_SLICEL_CI_CO[6])
                                                      0.129     6.636 r  design_1_i/animalnet_axi_lite_0/inst/u_animalnet_top/u_pool/output_data_reg[15]_i_32/CO[6]
                         net (fo=8, routed)           0.322     6.958    design_1_i/animalnet_axi_lite_0/inst/u_animalnet_top/u_pool/output_data_reg[15]_i_32_n_1
    SLICE_X46Y141        CARRY8 (Prop_CARRY8_SLICEL_CI_CO[2])
                                                      0.153     7.111 r  design_1_i/animalnet_axi_lite_0/inst/u_animalnet_top/u_pool/output_data_reg[15]_i_31/CO[2]
                         net (fo=5, routed)           0.680     7.791    design_1_i/animalnet_axi_lite_0/inst/u_animalnet_top/u_pool/output_data_reg[15]_i_31_n_5
    SLICE_X49Y145        CARRY8 (Prop_CARRY8_SLICEL_CI_O[2])
                                                      0.181     7.972 r  design_1_i/animalnet_axi_lite_0/inst/u_animalnet_top/u_pool/output_data_reg[15]_i_28/O[2]
                         net (fo=4, routed)           0.211     8.183    design_1_i/animalnet_axi_lite_0/inst/u_animalnet_top/u_pool/output_data_reg[15]_i_28_n_13
    SLICE_X50Y144        LUT5 (Prop_H6LUT_SLICEL_I1_O)
                                                      0.083     8.266 r  design_1_i/animalnet_axi_lite_0/inst/u_animalnet_top/u_pool/output_data[15]_i_11__1/O
                         net (fo=2, routed)           0.439     8.705    design_1_i/animalnet_axi_lite_0/inst/u_animalnet_top/u_pool/output_data[15]_i_11__1_n_0
    SLICE_X51Y141        CARRY8 (Prop_CARRY8_SLICEL_DI[4]_CO[7])
                                                      0.133     8.838 r  design_1_i/animalnet_axi_lite_0/inst/u_animalnet_top/u_pool/output_data_reg[15]_i_4__1/CO[7]
                         net (fo=1, routed)           0.030     8.868    design_1_i/animalnet_axi_lite_0/inst/u_animalnet_top/u_pool/output_data_reg[15]_i_4__1_n_0
    SLICE_X51Y142        CARRY8 (Prop_CARRY8_SLICEL_CI_O[5])
                                                      0.161     9.029 r  design_1_i/animalnet_axi_lite_0/inst/u_animalnet_top/u_pool/output_data_reg[0]_i_65/O[5]
                         net (fo=5, routed)           0.364     9.393    design_1_i/animalnet_axi_lite_0/inst/u_animalnet_top/u_pool/output_data_reg[0]_i_65_n_10
    SLICE_X50Y143        LUT5 (Prop_H6LUT_SLICEL_I0_O)
                                                      0.227     9.620 r  design_1_i/animalnet_axi_lite_0/inst/u_animalnet_top/u_pool/output_data[0]_i_57/O
                         net (fo=1, routed)           0.015     9.635    design_1_i/animalnet_axi_lite_0/inst/u_animalnet_top/u_pool/output_data[0]_i_57_n_0
    SLICE_X50Y143        CARRY8 (Prop_CARRY8_SLICEL_S[7]_CO[7])
                                                      0.172     9.807 r  design_1_i/animalnet_axi_lite_0/inst/u_animalnet_top/u_pool/output_data_reg[0]_i_17/CO[7]
                         net (fo=1, routed)           0.030     9.837    design_1_i/animalnet_axi_lite_0/inst/u_animalnet_top/u_pool/output_data_reg[0]_i_17_n_0
    SLICE_X50Y144        CARRY8 (Prop_CARRY8_SLICEL_CI_O[0])
                                                      0.078     9.915 r  design_1_i/animalnet_axi_lite_0/inst/u_animalnet_top/u_pool/output_data_reg[0]_i_4/O[0]
                         net (fo=3, routed)           0.560    10.475    design_1_i/animalnet_axi_lite_0/inst/u_animalnet_top/u_pool/output_data_reg[0]_i_4_n_15
    SLICE_X47Y145        LUT4 (Prop_C6LUT_SLICEL_I3_O)
                                                      0.136    10.611 r  design_1_i/animalnet_axi_lite_0/inst/u_animalnet_top/u_pool/output_data[0]_i_13__7/O
                         net (fo=1, routed)           0.015    10.626    design_1_i/animalnet_axi_lite_0/inst/u_animalnet_top/u_pool/output_data[0]_i_13__7_n_0
    SLICE_X47Y145        CARRY8 (Prop_CARRY8_SLICEL_S[2]_CO[4])
                                                      0.244    10.870 r  design_1_i/animalnet_axi_lite_0/inst/u_animalnet_top/u_pool/output_data_reg[0]_i_2__7/CO[4]
                         net (fo=15, routed)          0.193    11.063    design_1_i/animalnet_axi_lite_0/inst/u_animalnet_top/u_pool/output_data_reg[0]_i_2__7_n_3
    SLICE_X48Y145        LUT4 (Prop_F6LUT_SLICEL_I0_O)
                                                      0.136    11.199 r  design_1_i/animalnet_axi_lite_0/inst/u_animalnet_top/u_pool/output_data[15]_i_3/O
                         net (fo=24, routed)          0.516    11.714    design_1_i/animalnet_axi_lite_0/inst/u_animalnet_top/u_pool/output_data[15]_i_3_n_0
    SLICE_X49Y146        LUT6 (Prop_D6LUT_SLICEL_I4_O)
                                                      0.081    11.795 r  design_1_i/animalnet_axi_lite_0/inst/u_animalnet_top/u_pool/output_data[1]_i_1__7/O
                         net (fo=1, routed)           0.067    11.862    design_1_i/animalnet_axi_lite_0/inst/u_animalnet_top/u_pool/avg_value[1]
    SLICE_X49Y146        FDRE                                         r  design_1_i/animalnet_axi_lite_0/inst/u_animalnet_top/u_pool/output_data_reg[1]/D
  -------------------------------------------------------------------    -------------------

                         (clock clk_pl_0 rise edge)
                                                      9.361     9.361 r  
    BUFG_PS_X0Y90        BUFG_PS                      0.000     9.361 r  design_1_i/zynq_ultra_ps_e_0/inst/buffer_pl_clk_0.PL_CLK_0_BUFG/O
    X1Y1 (CLOCK_ROOT)    net (fo=6239, routed)        2.887    12.248    design_1_i/animalnet_axi_lite_0/inst/u_animalnet_top/u_pool/S_AXI_ACLK
    SLICE_X49Y146        FDRE                                         r  design_1_i/animalnet_axi_lite_0/inst/u_animalnet_top/u_pool/output_data_reg[1]/C
                         clock pessimism              0.202    12.450    
                         clock uncertainty           -0.160    12.289    
    SLICE_X49Y146        FDRE (Setup_DFF_SLICEL_C_D)
                                                      0.044    12.333    design_1_i/animalnet_axi_lite_0/inst/u_animalnet_top/u_pool/output_data_reg[1]
  -------------------------------------------------------------------
                         required time                         12.333    
                         arrival time                         -11.862    
  -------------------------------------------------------------------
                         slack                                  0.471    

Slack (MET) :             0.513ns  (required time - arrival time)
  Source:                 design_1_i/animalnet_axi_lite_0/inst/u_animalnet_top/u_pool/acc_reg[0]/C
                            (rising edge-triggered cell FDRE clocked by clk_pl_0  {rise@0.000ns fall@4.681ns period=9.361ns})
  Destination:            design_1_i/animalnet_axi_lite_0/inst/u_animalnet_top/u_pool/output_data_reg[7]/D
                            (rising edge-triggered cell FDRE clocked by clk_pl_0  {rise@0.000ns fall@4.681ns period=9.361ns})
  Path Group:             clk_pl_0
  Path Type:              Setup (Max at Slow Process Corner)
  Requirement:            9.361ns  (clk_pl_0 rise@9.361ns - clk_pl_0 rise@0.000ns)
  Data Path Delay:        8.619ns  (logic 3.954ns (45.873%)  route 4.665ns (54.127%))
  Logic Levels:           27  (CARRY8=14 LUT1=2 LUT3=2 LUT4=1 LUT5=3 LUT6=5)
  Clock Path Skew:        -0.112ns (DCD - SCD + CPR)
    Destination Clock Delay (DCD):    2.860ns = ( 12.221 - 9.361 ) 
    Source Clock Delay      (SCD):    3.174ns
    Clock Pessimism Removal (CPR):    0.202ns
  Clock Uncertainty:      0.160ns  ((TSJ^2 + DJ^2)^1/2) / 2 + PE
    Total System Jitter     (TSJ):    0.071ns
    Discrete Jitter          (DJ):    0.312ns
    Phase Error              (PE):    0.000ns
  Clock Net Delay (Source):      3.174ns (routing 1.681ns, distribution 1.493ns)
  Clock Net Delay (Destination): 2.860ns (routing 1.538ns, distribution 1.322ns)

    Location             Delay type                Incr(ns)  Path(ns)    Netlist Resource(s)
  -------------------------------------------------------------------    -------------------
                         (clock clk_pl_0 rise edge)
                                                      0.000     0.000 r  
    BUFG_PS_X0Y90        BUFG_PS                      0.000     0.000 r  design_1_i/zynq_ultra_ps_e_0/inst/buffer_pl_clk_0.PL_CLK_0_BUFG/O
    X1Y1 (CLOCK_ROOT)    net (fo=6239, routed)        3.174     3.174    design_1_i/animalnet_axi_lite_0/inst/u_animalnet_top/u_pool/S_AXI_ACLK
    SLICE_X48Y131        FDRE                                         r  design_1_i/animalnet_axi_lite_0/inst/u_animalnet_top/u_pool/acc_reg[0]/C
  -------------------------------------------------------------------    -------------------
    SLICE_X48Y131        FDRE (Prop_AFF_SLICEL_C_Q)
                                                      0.114     3.288 f  design_1_i/animalnet_axi_lite_0/inst/u_animalnet_top/u_pool/acc_reg[0]/Q
                         net (fo=4, routed)           0.061     3.349    design_1_i/animalnet_axi_lite_0/inst/u_animalnet_top/u_pool/acc_abs[0]
    SLICE_X48Y131        LUT1 (Prop_F6LUT_SLICEL_I0_O)
                                                      0.056     3.405 r  design_1_i/animalnet_axi_lite_0/inst/u_animalnet_top/u_pool/output_data[14]_i_50/O
                         net (fo=1, routed)           0.114     3.519    design_1_i/animalnet_axi_lite_0/inst/u_animalnet_top/u_pool/output_data[14]_i_50_n_0
    SLICE_X48Y132        CARRY8 (Prop_CARRY8_SLICEL_CI_O[4])
                                                      0.272     3.791 f  design_1_i/animalnet_axi_lite_0/inst/u_animalnet_top/u_pool/output_data_reg[14]_i_34/O[4]
                         net (fo=2, routed)           0.202     3.993    design_1_i/animalnet_axi_lite_0/inst/u_animalnet_top/u_pool/acc_abs0[5]
    SLICE_X47Y132        LUT3 (Prop_F6LUT_SLICEL_I2_O)
                                                      0.081     4.074 r  design_1_i/animalnet_axi_lite_0/inst/u_animalnet_top/u_pool/output_data[14]_i_29/O
                         net (fo=1, routed)           0.015     4.089    design_1_i/animalnet_axi_lite_0/inst/u_animalnet_top/u_pool/output_data[14]_i_29_n_0
    SLICE_X47Y132        CARRY8 (Prop_CARRY8_SLICEL_S[5]_CO[7])
                                                      0.232     4.321 r  design_1_i/animalnet_axi_lite_0/inst/u_animalnet_top/u_pool/output_data_reg[14]_i_13/CO[7]
                         net (fo=1, routed)           0.030     4.351    design_1_i/animalnet_axi_lite_0/inst/u_animalnet_top/u_pool/output_data_reg[14]_i_13_n_0
    SLICE_X47Y133        CARRY8 (Prop_CARRY8_SLICEL_CI_O[1])
                                                      0.106     4.457 f  design_1_i/animalnet_axi_lite_0/inst/u_animalnet_top/u_pool/output_data_reg[14]_i_4/O[1]
                         net (fo=25, routed)          0.284     4.741    design_1_i/animalnet_axi_lite_0/inst/u_animalnet_top/u_pool/p_1_in[9]
    SLICE_X47Y137        LUT1 (Prop_A6LUT_SLICEL_I0_O)
                                                      0.082     4.823 r  design_1_i/animalnet_axi_lite_0/inst/u_animalnet_top/u_pool/output_data[0]_i_94/O
                         net (fo=1, routed)           0.014     4.837    design_1_i/animalnet_axi_lite_0/inst/u_animalnet_top/u_pool/output_data[0]_i_94_n_0
    SLICE_X47Y137        CARRY8 (Prop_CARRY8_SLICEL_S[0]_O[4])
                                                      0.285     5.122 f  design_1_i/animalnet_axi_lite_0/inst/u_animalnet_top/u_pool/output_data_reg[0]_i_40/O[4]
                         net (fo=16, routed)          0.363     5.484    design_1_i/animalnet_axi_lite_0/inst/u_animalnet_top/u_pool/avg_abs2[13]
    SLICE_X46Y138        LUT3 (Prop_D6LUT_SLICEL_I2_O)
                                                      0.057     5.541 f  design_1_i/animalnet_axi_lite_0/inst/u_animalnet_top/u_pool/output_data[11]_i_107/O
                         net (fo=9, routed)           0.130     5.671    design_1_i/animalnet_axi_lite_0/inst/u_animalnet_top/u_pool/output_data[11]_i_107_n_0
    SLICE_X46Y139        LUT6 (Prop_F6LUT_SLICEL_I3_O)
                                                      0.187     5.858 r  design_1_i/animalnet_axi_lite_0/inst/u_animalnet_top/u_pool/output_data[3]_i_122/O
                         net (fo=2, routed)           0.204     6.062    design_1_i/animalnet_axi_lite_0/inst/u_animalnet_top/u_pool/output_data[3]_i_122_n_0
    SLICE_X48Y139        LUT6 (Prop_G6LUT_SLICEL_I0_O)
                                                      0.137     6.199 r  design_1_i/animalnet_axi_lite_0/inst/u_animalnet_top/u_pool/output_data[3]_i_130/O
                         net (fo=1, routed)           0.012     6.211    design_1_i/animalnet_axi_lite_0/inst/u_animalnet_top/u_pool/output_data[3]_i_130_n_0
    SLICE_X48Y139        CARRY8 (Prop_CARRY8_SLICEL_S[6]_CO[7])
                                                      0.171     6.382 r  design_1_i/animalnet_axi_lite_0/inst/u_animalnet_top/u_pool/output_data_reg[3]_i_47/CO[7]
                         net (fo=1, routed)           0.030     6.412    design_1_i/animalnet_axi_lite_0/inst/u_animalnet_top/u_pool/output_data_reg[3]_i_47_n_0
    SLICE_X48Y140        CARRY8 (Prop_CARRY8_SLICEL_CI_CO[7])
                                                      0.065     6.477 r  design_1_i/animalnet_axi_lite_0/inst/u_animalnet_top/u_pool/output_data_reg[11]_i_31/CO[7]
                         net (fo=1, routed)           0.030     6.507    design_1_i/animalnet_axi_lite_0/inst/u_animalnet_top/u_pool/output_data_reg[11]_i_31_n_0
    SLICE_X48Y141        CARRY8 (Prop_CARRY8_SLICEL_CI_CO[6])
                                                      0.129     6.636 r  design_1_i/animalnet_axi_lite_0/inst/u_animalnet_top/u_pool/output_data_reg[15]_i_32/CO[6]
                         net (fo=8, routed)           0.322     6.958    design_1_i/animalnet_axi_lite_0/inst/u_animalnet_top/u_pool/output_data_reg[15]_i_32_n_1
    SLICE_X46Y141        CARRY8 (Prop_CARRY8_SLICEL_CI_CO[2])
                                                      0.153     7.111 r  design_1_i/animalnet_axi_lite_0/inst/u_animalnet_top/u_pool/output_data_reg[15]_i_31/CO[2]
                         net (fo=5, routed)           0.680     7.791    design_1_i/animalnet_axi_lite_0/inst/u_animalnet_top/u_pool/output_data_reg[15]_i_31_n_5
    SLICE_X49Y145        CARRY8 (Prop_CARRY8_SLICEL_CI_O[2])
                                                      0.181     7.972 r  design_1_i/animalnet_axi_lite_0/inst/u_animalnet_top/u_pool/output_data_reg[15]_i_28/O[2]
                         net (fo=4, routed)           0.211     8.183    design_1_i/animalnet_axi_lite_0/inst/u_animalnet_top/u_pool/output_data_reg[15]_i_28_n_13
    SLICE_X50Y144        LUT5 (Prop_H6LUT_SLICEL_I1_O)
                                                      0.083     8.266 r  design_1_i/animalnet_axi_lite_0/inst/u_animalnet_top/u_pool/output_data[15]_i_11__1/O
                         net (fo=2, routed)           0.439     8.705    design_1_i/animalnet_axi_lite_0/inst/u_animalnet_top/u_pool/output_data[15]_i_11__1_n_0
    SLICE_X51Y141        CARRY8 (Prop_CARRY8_SLICEL_DI[4]_CO[7])
                                                      0.133     8.838 r  design_1_i/animalnet_axi_lite_0/inst/u_animalnet_top/u_pool/output_data_reg[15]_i_4__1/CO[7]
                         net (fo=1, routed)           0.030     8.868    design_1_i/animalnet_axi_lite_0/inst/u_animalnet_top/u_pool/output_data_reg[15]_i_4__1_n_0
    SLICE_X51Y142        CARRY8 (Prop_CARRY8_SLICEL_CI_O[5])
                                                      0.161     9.029 r  design_1_i/animalnet_axi_lite_0/inst/u_animalnet_top/u_pool/output_data_reg[0]_i_65/O[5]
                         net (fo=5, routed)           0.364     9.393    design_1_i/animalnet_axi_lite_0/inst/u_animalnet_top/u_pool/output_data_reg[0]_i_65_n_10
    SLICE_X50Y143        LUT5 (Prop_H6LUT_SLICEL_I0_O)
                                                      0.227     9.620 r  design_1_i/animalnet_axi_lite_0/inst/u_animalnet_top/u_pool/output_data[0]_i_57/O
                         net (fo=1, routed)           0.015     9.635    design_1_i/animalnet_axi_lite_0/inst/u_animalnet_top/u_pool/output_data[0]_i_57_n_0
    SLICE_X50Y143        CARRY8 (Prop_CARRY8_SLICEL_S[7]_CO[7])
                                                      0.172     9.807 r  design_1_i/animalnet_axi_lite_0/inst/u_animalnet_top/u_pool/output_data_reg[0]_i_17/CO[7]
                         net (fo=1, routed)           0.030     9.837    design_1_i/animalnet_axi_lite_0/inst/u_animalnet_top/u_pool/output_data_reg[0]_i_17_n_0
    SLICE_X50Y144        CARRY8 (Prop_CARRY8_SLICEL_CI_O[0])
                                                      0.078     9.915 r  design_1_i/animalnet_axi_lite_0/inst/u_animalnet_top/u_pool/output_data_reg[0]_i_4/O[0]
                         net (fo=3, routed)           0.560    10.475    design_1_i/animalnet_axi_lite_0/inst/u_animalnet_top/u_pool/output_data_reg[0]_i_4_n_15
    SLICE_X47Y145        LUT4 (Prop_C6LUT_SLICEL_I3_O)
                                                      0.136    10.611 r  design_1_i/animalnet_axi_lite_0/inst/u_animalnet_top/u_pool/output_data[0]_i_13__7/O
                         net (fo=1, routed)           0.015    10.626    design_1_i/animalnet_axi_lite_0/inst/u_animalnet_top/u_pool/output_data[0]_i_13__7_n_0
    SLICE_X47Y145        CARRY8 (Prop_CARRY8_SLICEL_S[2]_CO[4])
                                                      0.244    10.870 r  design_1_i/animalnet_axi_lite_0/inst/u_animalnet_top/u_pool/output_data_reg[0]_i_2__7/CO[4]
                         net (fo=15, routed)          0.231    11.100    design_1_i/animalnet_axi_lite_0/inst/u_animalnet_top/u_pool/output_data_reg[0]_i_2__7_n_3
    SLICE_X47Y146        LUT6 (Prop_C6LUT_SLICEL_I1_O)
                                                      0.081    11.181 r  design_1_i/animalnet_axi_lite_0/inst/u_animalnet_top/u_pool/output_data[6]_i_3/O
                         net (fo=2, routed)           0.057    11.238    design_1_i/animalnet_axi_lite_0/inst/u_animalnet_top/u_pool/output_data[6]_i_3_n_0
    SLICE_X47Y146        LUT5 (Prop_A6LUT_SLICEL_I4_O)
                                                      0.137    11.375 r  design_1_i/animalnet_axi_lite_0/inst/u_animalnet_top/u_pool/output_data[5]_i_2/O
                         net (fo=2, routed)           0.107    11.482    design_1_i/animalnet_axi_lite_0/inst/u_animalnet_top/u_pool/output_data[5]_i_2_n_0
    SLICE_X47Y147        LUT6 (Prop_F6LUT_SLICEL_I2_O)
                                                      0.136    11.618 r  design_1_i/animalnet_axi_lite_0/inst/u_animalnet_top/u_pool/output_data[7]_i_3/O
                         net (fo=1, routed)           0.047    11.665    design_1_i/animalnet_axi_lite_0/inst/u_animalnet_top/u_pool/output_data[7]_i_3_n_0
    SLICE_X47Y147        LUT6 (Prop_H6LUT_SLICEL_I5_O)
                                                      0.058    11.723 r  design_1_i/animalnet_axi_lite_0/inst/u_animalnet_top/u_pool/output_data[7]_i_1__7/O
                         net (fo=1, routed)           0.070    11.793    design_1_i/animalnet_axi_lite_0/inst/u_animalnet_top/u_pool/avg_value[7]
    SLICE_X47Y147        FDRE                                         r  design_1_i/animalnet_axi_lite_0/inst/u_animalnet_top/u_pool/output_data_reg[7]/D
  -------------------------------------------------------------------    -------------------

                         (clock clk_pl_0 rise edge)
                                                      9.361     9.361 r  
    BUFG_PS_X0Y90        BUFG_PS                      0.000     9.361 r  design_1_i/zynq_ultra_ps_e_0/inst/buffer_pl_clk_0.PL_CLK_0_BUFG/O
    X1Y1 (CLOCK_ROOT)    net (fo=6239, routed)        2.860    12.221    design_1_i/animalnet_axi_lite_0/inst/u_animalnet_top/u_pool/S_AXI_ACLK
    SLICE_X47Y147        FDRE                                         r  design_1_i/animalnet_axi_lite_0/inst/u_animalnet_top/u_pool/output_data_reg[7]/C
                         clock pessimism              0.202    12.423    
                         clock uncertainty           -0.160    12.263    
    SLICE_X47Y147        FDRE (Setup_HFF_SLICEL_C_D)
                                                      0.044    12.307    design_1_i/animalnet_axi_lite_0/inst/u_animalnet_top/u_pool/output_data_reg[7]
  -------------------------------------------------------------------
                         required time                         12.307    
                         arrival time                         -11.793    
  -------------------------------------------------------------------
                         slack                                  0.513    





Min Delay Paths
--------------------------------------------------------------------------------------
Slack (MET) :             0.018ns  (arrival time - required time)
  Source:                 design_1_i/animalnet_axi_lite_0/inst/u_animalnet_top/u_conv7/gen_depthwise.u_conv/FSM_sequential_state_reg[2]/C
                            (rising edge-triggered cell FDRE clocked by clk_pl_0  {rise@0.000ns fall@4.681ns period=9.361ns})
  Destination:            design_1_i/animalnet_axi_lite_0/inst/u_animalnet_top/u_conv7/gen_depthwise.u_conv/pipe_valid_reg/D
                            (rising edge-triggered cell FDRE clocked by clk_pl_0  {rise@0.000ns fall@4.681ns period=9.361ns})
  Path Group:             clk_pl_0
  Path Type:              Hold (Min at Slow Process Corner)
  Requirement:            0.000ns  (clk_pl_0 rise@0.000ns - clk_pl_0 rise@0.000ns)
  Data Path Delay:        0.332ns  (logic 0.202ns (60.791%)  route 0.130ns (39.209%))
  Logic Levels:           1  (LUT6=1)
  Clock Path Skew:        0.214ns (DCD - SCD - CPR)
    Destination Clock Delay (DCD):    3.059ns
    Source Clock Delay      (SCD):    2.702ns
    Clock Pessimism Removal (CPR):    0.143ns
  Clock Net Delay (Source):      2.702ns (routing 1.538ns, distribution 1.164ns)
  Clock Net Delay (Destination): 3.059ns (routing 1.681ns, distribution 1.378ns)

    Location             Delay type                Incr(ns)  Path(ns)    Netlist Resource(s)
  -------------------------------------------------------------------    -------------------
                         (clock clk_pl_0 rise edge)
                                                      0.000     0.000 r  
    BUFG_PS_X0Y90        BUFG_PS                      0.000     0.000 r  design_1_i/zynq_ultra_ps_e_0/inst/buffer_pl_clk_0.PL_CLK_0_BUFG/O
    X1Y1 (CLOCK_ROOT)    net (fo=6239, routed)        2.702     2.702    design_1_i/animalnet_axi_lite_0/inst/u_animalnet_top/u_conv7/gen_depthwise.u_conv/S_AXI_ACLK
    SLICE_X35Y119        FDRE                                         r  design_1_i/animalnet_axi_lite_0/inst/u_animalnet_top/u_conv7/gen_depthwise.u_conv/FSM_sequential_state_reg[2]/C
  -------------------------------------------------------------------    -------------------
    SLICE_X35Y119        FDRE (Prop_DFF2_SLICEM_C_Q)
                                                      0.115     2.817 r  design_1_i/animalnet_axi_lite_0/inst/u_animalnet_top/u_conv7/gen_depthwise.u_conv/FSM_sequential_state_reg[2]/Q
                         net (fo=117, routed)         0.092     2.909    design_1_i/animalnet_axi_lite_0/inst/u_animalnet_top/u_conv7/gen_depthwise.u_conv/state[2]
    SLICE_X35Y120        LUT6 (Prop_H6LUT_SLICEM_I3_O)
                                                      0.087     2.996 r  design_1_i/animalnet_axi_lite_0/inst/u_animalnet_top/u_conv7/gen_depthwise.u_conv/pipe_valid_i_1__1/O
                         net (fo=1, routed)           0.038     3.034    design_1_i/animalnet_axi_lite_0/inst/u_animalnet_top/u_conv7/gen_depthwise.u_conv/pipe_valid_i_1__1_n_0
    SLICE_X35Y120        FDRE                                         r  design_1_i/animalnet_axi_lite_0/inst/u_animalnet_top/u_conv7/gen_depthwise.u_conv/pipe_valid_reg/D
  -------------------------------------------------------------------    -------------------

                         (clock clk_pl_0 rise edge)
                                                      0.000     0.000 r  
    BUFG_PS_X0Y90        BUFG_PS                      0.000     0.000 r  design_1_i/zynq_ultra_ps_e_0/inst/buffer_pl_clk_0.PL_CLK_0_BUFG/O
    X1Y1 (CLOCK_ROOT)    net (fo=6239, routed)        3.059     3.059    design_1_i/animalnet_axi_lite_0/inst/u_animalnet_top/u_conv7/gen_depthwise.u_conv/S_AXI_ACLK
    SLICE_X35Y120        FDRE                                         r  design_1_i/animalnet_axi_lite_0/inst/u_animalnet_top/u_conv7/gen_depthwise.u_conv/pipe_valid_reg/C
                         clock pessimism             -0.143     2.916    
    SLICE_X35Y120        FDRE (Hold_HFF_SLICEM_C_D)
                                                      0.101     3.017    design_1_i/animalnet_axi_lite_0/inst/u_animalnet_top/u_conv7/gen_depthwise.u_conv/pipe_valid_reg
  -------------------------------------------------------------------
                         required time                         -3.017    
                         arrival time                           3.034    
  -------------------------------------------------------------------
                         slack                                  0.018    

Slack (MET) :             0.018ns  (arrival time - required time)
  Source:                 design_1_i/animalnet_axi_lite_0/inst/S_AXI_RDATA_reg[26]/C
                            (rising edge-triggered cell FDRE clocked by clk_pl_0  {rise@0.000ns fall@4.681ns period=9.361ns})
  Destination:            <hidden>
                            (rising edge-triggered cell FDRE clocked by clk_pl_0  {rise@0.000ns fall@4.681ns period=9.361ns})
  Path Group:             clk_pl_0
  Path Type:              Hold (Min at Slow Process Corner)
  Requirement:            0.000ns  (clk_pl_0 rise@0.000ns - clk_pl_0 rise@0.000ns)
  Data Path Delay:        0.253ns  (logic 0.112ns (44.269%)  route 0.141ns (55.731%))
  Logic Levels:           0  
  Clock Path Skew:        0.133ns (DCD - SCD - CPR)
    Destination Clock Delay (DCD):    3.253ns
    Source Clock Delay      (SCD):    2.920ns
    Clock Pessimism Removal (CPR):    0.200ns
  Clock Net Delay (Source):      2.920ns (routing 1.538ns, distribution 1.382ns)
  Clock Net Delay (Destination): 3.253ns (routing 1.681ns, distribution 1.572ns)

    Location             Delay type                Incr(ns)  Path(ns)    Netlist Resource(s)
  -------------------------------------------------------------------    -------------------
                         (clock clk_pl_0 rise edge)
                                                      0.000     0.000 r  
    BUFG_PS_X0Y90        BUFG_PS                      0.000     0.000 r  design_1_i/zynq_ultra_ps_e_0/inst/buffer_pl_clk_0.PL_CLK_0_BUFG/O
    X1Y1 (CLOCK_ROOT)    net (fo=6239, routed)        2.920     2.920    design_1_i/animalnet_axi_lite_0/inst/S_AXI_ACLK
    SLICE_X7Y96          FDRE                                         r  design_1_i/animalnet_axi_lite_0/inst/S_AXI_RDATA_reg[26]/C
  -------------------------------------------------------------------    -------------------
    SLICE_X7Y96          FDRE (Prop_CFF_SLICEM_C_Q)
                                                      0.112     3.032 r  design_1_i/animalnet_axi_lite_0/inst/S_AXI_RDATA_reg[26]/Q
                         net (fo=1, routed)           0.141     3.173    <hidden>
    SLICE_X5Y96          FDRE                                         r  <hidden>
  -------------------------------------------------------------------    -------------------

                         (clock clk_pl_0 rise edge)
                                                      0.000     0.000 r  
    BUFG_PS_X0Y90        BUFG_PS                      0.000     0.000 r  design_1_i/zynq_ultra_ps_e_0/inst/buffer_pl_clk_0.PL_CLK_0_BUFG/O
    X1Y1 (CLOCK_ROOT)    net (fo=6239, routed)        3.253     3.253    <hidden>
    SLICE_X5Y96          FDRE                                         r  <hidden>
                         clock pessimism             -0.200     3.053    
    SLICE_X5Y96          FDRE (Hold_FFF2_SLICEM_C_D)
                                                      0.102     3.155    <hidden>
  -------------------------------------------------------------------
                         required time                         -3.155    
                         arrival time                           3.173    
  -------------------------------------------------------------------
                         slack                                  0.018    

Slack (MET) :             0.027ns  (arrival time - required time)
  Source:                 <hidden>
                            (rising edge-triggered cell FDRE clocked by clk_pl_0  {rise@0.000ns fall@4.681ns period=9.361ns})
  Destination:            <hidden>
                            (rising edge-triggered cell FDRE clocked by clk_pl_0  {rise@0.000ns fall@4.681ns period=9.361ns})
  Path Group:             clk_pl_0
  Path Type:              Hold (Min at Slow Process Corner)
  Requirement:            0.000ns  (clk_pl_0 rise@0.000ns - clk_pl_0 rise@0.000ns)
  Data Path Delay:        0.231ns  (logic 0.112ns (48.495%)  route 0.119ns (51.505%))
  Logic Levels:           0  
  Clock Path Skew:        0.102ns (DCD - SCD - CPR)
    Destination Clock Delay (DCD):    3.235ns
    Source Clock Delay      (SCD):    2.933ns
    Clock Pessimism Removal (CPR):    0.200ns
  Clock Net Delay (Source):      2.933ns (routing 1.538ns, distribution 1.395ns)
  Clock Net Delay (Destination): 3.235ns (routing 1.681ns, distribution 1.554ns)

    Location             Delay type                Incr(ns)  Path(ns)    Netlist Resource(s)
  -------------------------------------------------------------------    -------------------
                         (clock clk_pl_0 rise edge)
                                                      0.000     0.000 r  
    BUFG_PS_X0Y90        BUFG_PS                      0.000     0.000 r  design_1_i/zynq_ultra_ps_e_0/inst/buffer_pl_clk_0.PL_CLK_0_BUFG/O
    X1Y1 (CLOCK_ROOT)    net (fo=6239, routed)        2.933     2.933    <hidden>
    SLICE_X1Y107         FDRE                                         r  <hidden>
  -------------------------------------------------------------------    -------------------
    SLICE_X1Y107         FDRE (Prop_CFF_SLICEM_C_Q)
                                                      0.112     3.045 r  <hidden>
                         net (fo=2, routed)           0.119     3.164    <hidden>
    SLICE_X2Y106         FDRE                                         r  <hidden>
  -------------------------------------------------------------------    -------------------

                         (clock clk_pl_0 rise edge)
                                                      0.000     0.000 r  
    BUFG_PS_X0Y90        BUFG_PS                      0.000     0.000 r  design_1_i/zynq_ultra_ps_e_0/inst/buffer_pl_clk_0.PL_CLK_0_BUFG/O
    X1Y1 (CLOCK_ROOT)    net (fo=6239, routed)        3.235     3.235    <hidden>
    SLICE_X2Y106         FDRE                                         r  <hidden>
                         clock pessimism             -0.200     3.035    
    SLICE_X2Y106         FDRE (Hold_GFF2_SLICEM_C_D)
                                                      0.102     3.137    <hidden>
  -------------------------------------------------------------------
                         required time                         -3.137    
                         arrival time                           3.164    
  -------------------------------------------------------------------
                         slack                                  0.027    

Slack (MET) :             0.029ns  (arrival time - required time)
  Source:                 <hidden>
                            (rising edge-triggered cell FDRE clocked by clk_pl_0  {rise@0.000ns fall@4.681ns period=9.361ns})
  Destination:            <hidden>
                            (rising edge-triggered cell FDRE clocked by clk_pl_0  {rise@0.000ns fall@4.681ns period=9.361ns})
  Path Group:             clk_pl_0
  Path Type:              Hold (Min at Slow Process Corner)
  Requirement:            0.000ns  (clk_pl_0 rise@0.000ns - clk_pl_0 rise@0.000ns)
  Data Path Delay:        0.244ns  (logic 0.112ns (45.827%)  route 0.132ns (54.173%))
  Logic Levels:           0  
  Clock Path Skew:        0.113ns (DCD - SCD - CPR)
    Destination Clock Delay (DCD):    3.231ns
    Source Clock Delay      (SCD):    2.918ns
    Clock Pessimism Removal (CPR):    0.200ns
  Clock Net Delay (Source):      2.918ns (routing 1.538ns, distribution 1.380ns)
  Clock Net Delay (Destination): 3.231ns (routing 1.681ns, distribution 1.550ns)

    Location             Delay type                Incr(ns)  Path(ns)    Netlist Resource(s)
  -------------------------------------------------------------------    -------------------
                         (clock clk_pl_0 rise edge)
                                                      0.000     0.000 r  
    BUFG_PS_X0Y90        BUFG_PS                      0.000     0.000 r  design_1_i/zynq_ultra_ps_e_0/inst/buffer_pl_clk_0.PL_CLK_0_BUFG/O
    X1Y1 (CLOCK_ROOT)    net (fo=6239, routed)        2.918     2.918    <hidden>
    SLICE_X0Y88          FDRE                                         r  <hidden>
  -------------------------------------------------------------------    -------------------
    SLICE_X0Y88          FDRE (Prop_BFF_SLICEL_C_Q)
                                                      0.112     3.030 r  <hidden>
                         net (fo=2, routed)           0.132     3.163    <hidden>
    SLICE_X1Y89          FDRE                                         r  <hidden>
  -------------------------------------------------------------------    -------------------

                         (clock clk_pl_0 rise edge)
                                                      0.000     0.000 r  
    BUFG_PS_X0Y90        BUFG_PS                      0.000     0.000 r  design_1_i/zynq_ultra_ps_e_0/inst/buffer_pl_clk_0.PL_CLK_0_BUFG/O
    X1Y1 (CLOCK_ROOT)    net (fo=6239, routed)        3.231     3.231    <hidden>
    SLICE_X1Y89          FDRE                                         r  <hidden>
                         clock pessimism             -0.200     3.031    
    SLICE_X1Y89          FDRE (Hold_AFF2_SLICEM_C_D)
                                                      0.102     3.133    <hidden>
  -------------------------------------------------------------------
                         required time                         -3.133    
                         arrival time                           3.163    
  -------------------------------------------------------------------
                         slack                                  0.029    

Slack (MET) :             0.030ns  (arrival time - required time)
  Source:                 <hidden>
                            (rising edge-triggered cell FDRE clocked by clk_pl_0  {rise@0.000ns fall@4.681ns period=9.361ns})
  Destination:            <hidden>
                            (rising edge-triggered cell FDRE clocked by clk_pl_0  {rise@0.000ns fall@4.681ns period=9.361ns})
  Path Group:             clk_pl_0
  Path Type:              Hold (Min at Slow Process Corner)
  Requirement:            0.000ns  (clk_pl_0 rise@0.000ns - clk_pl_0 rise@0.000ns)
  Data Path Delay:        0.244ns  (logic 0.115ns (47.096%)  route 0.129ns (52.904%))
  Logic Levels:           0  
  Clock Path Skew:        0.111ns (DCD - SCD - CPR)
    Destination Clock Delay (DCD):    3.230ns
    Source Clock Delay      (SCD):    2.919ns
    Clock Pessimism Removal (CPR):    0.200ns
  Clock Net Delay (Source):      2.919ns (routing 1.538ns, distribution 1.381ns)
  Clock Net Delay (Destination): 3.230ns (routing 1.681ns, distribution 1.549ns)

    Location             Delay type                Incr(ns)  Path(ns)    Netlist Resource(s)
  -------------------------------------------------------------------    -------------------
                         (clock clk_pl_0 rise edge)
                                                      0.000     0.000 r  
    BUFG_PS_X0Y90        BUFG_PS                      0.000     0.000 r  design_1_i/zynq_ultra_ps_e_0/inst/buffer_pl_clk_0.PL_CLK_0_BUFG/O
    X1Y1 (CLOCK_ROOT)    net (fo=6239, routed)        2.919     2.919    <hidden>
    SLICE_X0Y87          FDRE                                         r  <hidden>
  -------------------------------------------------------------------    -------------------
    SLICE_X0Y87          FDRE (Prop_DFF2_SLICEL_C_Q)
                                                      0.115     3.034 r  <hidden>
                         net (fo=2, routed)           0.129     3.163    <hidden>
    SLICE_X1Y89          FDRE                                         r  <hidden>
  -------------------------------------------------------------------    -------------------

                         (clock clk_pl_0 rise edge)
                                                      0.000     0.000 r  
    BUFG_PS_X0Y90        BUFG_PS                      0.000     0.000 r  design_1_i/zynq_ultra_ps_e_0/inst/buffer_pl_clk_0.PL_CLK_0_BUFG/O
    X1Y1 (CLOCK_ROOT)    net (fo=6239, routed)        3.230     3.230    <hidden>
    SLICE_X1Y89          FDRE                                         r  <hidden>
                         clock pessimism             -0.200     3.030    
    SLICE_X1Y89          FDRE (Hold_HFF2_SLICEM_C_D)
                                                      0.103     3.133    <hidden>
  -------------------------------------------------------------------
                         required time                         -3.133    
                         arrival time                           3.163    
  -------------------------------------------------------------------
                         slack                                  0.030    

Slack (MET) :             0.037ns  (arrival time - required time)
  Source:                 <hidden>
                            (rising edge-triggered cell FDRE clocked by clk_pl_0  {rise@0.000ns fall@4.681ns period=9.361ns})
  Destination:            <hidden>
                            (rising edge-triggered cell FDRE clocked by clk_pl_0  {rise@0.000ns fall@4.681ns period=9.361ns})
  Path Group:             clk_pl_0
  Path Type:              Hold (Min at Slow Process Corner)
  Requirement:            0.000ns  (clk_pl_0 rise@0.000ns - clk_pl_0 rise@0.000ns)
  Data Path Delay:        0.242ns  (logic 0.114ns (47.060%)  route 0.128ns (52.941%))
  Logic Levels:           0  
  Clock Path Skew:        0.103ns (DCD - SCD - CPR)
    Destination Clock Delay (DCD):    3.236ns
    Source Clock Delay      (SCD):    2.933ns
    Clock Pessimism Removal (CPR):    0.200ns
  Clock Net Delay (Source):      2.933ns (routing 1.538ns, distribution 1.395ns)
  Clock Net Delay (Destination): 3.236ns (routing 1.681ns, distribution 1.555ns)

    Location             Delay type                Incr(ns)  Path(ns)    Netlist Resource(s)
  -------------------------------------------------------------------    -------------------
                         (clock clk_pl_0 rise edge)
                                                      0.000     0.000 r  
    BUFG_PS_X0Y90        BUFG_PS                      0.000     0.000 r  design_1_i/zynq_ultra_ps_e_0/inst/buffer_pl_clk_0.PL_CLK_0_BUFG/O
    X1Y1 (CLOCK_ROOT)    net (fo=6239, routed)        2.933     2.933    <hidden>
    SLICE_X1Y107         FDRE                                         r  <hidden>
  -------------------------------------------------------------------    -------------------
    SLICE_X1Y107         FDRE (Prop_AFF2_SLICEM_C_Q)
                                                      0.114     3.047 r  <hidden>
                         net (fo=2, routed)           0.128     3.175    <hidden>
    SLICE_X0Y106         FDRE                                         r  <hidden>
  -------------------------------------------------------------------    -------------------

                         (clock clk_pl_0 rise edge)
                                                      0.000     0.000 r  
    BUFG_PS_X0Y90        BUFG_PS                      0.000     0.000 r  design_1_i/zynq_ultra_ps_e_0/inst/buffer_pl_clk_0.PL_CLK_0_BUFG/O
    X1Y1 (CLOCK_ROOT)    net (fo=6239, routed)        3.236     3.236    <hidden>
    SLICE_X0Y106         FDRE                                         r  <hidden>
                         clock pessimism             -0.200     3.036    
    SLICE_X0Y106         FDRE (Hold_EFF2_SLICEL_C_D)
                                                      0.102     3.138    <hidden>
  -------------------------------------------------------------------
                         required time                         -3.138    
                         arrival time                           3.175    
  -------------------------------------------------------------------
                         slack                                  0.037    

Slack (MET) :             0.040ns  (arrival time - required time)
  Source:                 <hidden>
                            (rising edge-triggered cell FDRE clocked by clk_pl_0  {rise@0.000ns fall@4.681ns period=9.361ns})
  Destination:            <hidden>
                            (rising edge-triggered cell FDRE clocked by clk_pl_0  {rise@0.000ns fall@4.681ns period=9.361ns})
  Path Group:             clk_pl_0
  Path Type:              Hold (Min at Slow Process Corner)
  Requirement:            0.000ns  (clk_pl_0 rise@0.000ns - clk_pl_0 rise@0.000ns)
  Data Path Delay:        0.233ns  (logic 0.114ns (48.864%)  route 0.119ns (51.137%))
  Logic Levels:           0  
  Clock Path Skew:        0.092ns (DCD - SCD - CPR)
    Destination Clock Delay (DCD):    3.235ns
    Source Clock Delay      (SCD):    2.943ns
    Clock Pessimism Removal (CPR):    0.200ns
  Clock Net Delay (Source):      2.943ns (routing 1.538ns, distribution 1.405ns)
  Clock Net Delay (Destination): 3.235ns (routing 1.681ns, distribution 1.554ns)

    Location             Delay type                Incr(ns)  Path(ns)    Netlist Resource(s)
  -------------------------------------------------------------------    -------------------
                         (clock clk_pl_0 rise edge)
                                                      0.000     0.000 r  
    BUFG_PS_X0Y90        BUFG_PS                      0.000     0.000 r  design_1_i/zynq_ultra_ps_e_0/inst/buffer_pl_clk_0.PL_CLK_0_BUFG/O
    X1Y1 (CLOCK_ROOT)    net (fo=6239, routed)        2.943     2.943    <hidden>
    SLICE_X2Y105         FDRE                                         r  <hidden>
  -------------------------------------------------------------------    -------------------
    SLICE_X2Y105         FDRE (Prop_BFF2_SLICEM_C_Q)
                                                      0.114     3.057 r  <hidden>
                         net (fo=2, routed)           0.119     3.177    <hidden>
    SLICE_X1Y105         FDRE                                         r  <hidden>
  -------------------------------------------------------------------    -------------------

                         (clock clk_pl_0 rise edge)
                                                      0.000     0.000 r  
    BUFG_PS_X0Y90        BUFG_PS                      0.000     0.000 r  design_1_i/zynq_ultra_ps_e_0/inst/buffer_pl_clk_0.PL_CLK_0_BUFG/O
    X1Y1 (CLOCK_ROOT)    net (fo=6239, routed)        3.235     3.235    <hidden>
    SLICE_X1Y105         FDRE                                         r  <hidden>
                         clock pessimism             -0.200     3.035    
    SLICE_X1Y105         FDRE (Hold_GFF2_SLICEM_C_D)
                                                      0.102     3.137    <hidden>
  -------------------------------------------------------------------
                         required time                         -3.137    
                         arrival time                           3.177    
  -------------------------------------------------------------------
                         slack                                  0.040    

Slack (MET) :             0.041ns  (arrival time - required time)
  Source:                 design_1_i/smartconnect_0/inst/clk_map/psr_aclk/U0/SEQ/SEQ_COUNTER/q_int_reg[2]/C
                            (rising edge-triggered cell FDRE clocked by clk_pl_0  {rise@0.000ns fall@4.681ns period=9.361ns})
  Destination:            design_1_i/smartconnect_0/inst/clk_map/psr_aclk/U0/SEQ/SEQ_COUNTER/q_int_reg[4]/D
                            (rising edge-triggered cell FDRE clocked by clk_pl_0  {rise@0.000ns fall@4.681ns period=9.361ns})
  Path Group:             clk_pl_0
  Path Type:              Hold (Min at Slow Process Corner)
  Requirement:            0.000ns  (clk_pl_0 rise@0.000ns - clk_pl_0 rise@0.000ns)
  Data Path Delay:        0.262ns  (logic 0.165ns (63.089%)  route 0.097ns (36.911%))
  Logic Levels:           1  (LUT5=1)
  Clock Path Skew:        0.117ns (DCD - SCD - CPR)
    Destination Clock Delay (DCD):    3.226ns
    Source Clock Delay      (SCD):    2.909ns
    Clock Pessimism Removal (CPR):    0.200ns
  Clock Net Delay (Source):      2.909ns (routing 1.538ns, distribution 1.371ns)
  Clock Net Delay (Destination): 3.226ns (routing 1.681ns, distribution 1.545ns)

    Location             Delay type                Incr(ns)  Path(ns)    Netlist Resource(s)
  -------------------------------------------------------------------    -------------------
                         (clock clk_pl_0 rise edge)
                                                      0.000     0.000 r  
    BUFG_PS_X0Y90        BUFG_PS                      0.000     0.000 r  design_1_i/zynq_ultra_ps_e_0/inst/buffer_pl_clk_0.PL_CLK_0_BUFG/O
    X1Y1 (CLOCK_ROOT)    net (fo=6239, routed)        2.909     2.909    design_1_i/smartconnect_0/inst/clk_map/psr_aclk/U0/SEQ/SEQ_COUNTER/aclk
    SLICE_X6Y89          FDRE                                         r  design_1_i/smartconnect_0/inst/clk_map/psr_aclk/U0/SEQ/SEQ_COUNTER/q_int_reg[2]/C
  -------------------------------------------------------------------    -------------------
    SLICE_X6Y89          FDRE (Prop_DFF2_SLICEL_C_Q)
                                                      0.115     3.024 r  design_1_i/smartconnect_0/inst/clk_map/psr_aclk/U0/SEQ/SEQ_COUNTER/q_int_reg[2]/Q
                         net (fo=5, routed)           0.086     3.110    design_1_i/smartconnect_0/inst/clk_map/psr_aclk/U0/SEQ/SEQ_COUNTER/Q[2]
    SLICE_X7Y89          LUT5 (Prop_H5LUT_SLICEM_I0_O)
                                                      0.050     3.160 r  design_1_i/smartconnect_0/inst/clk_map/psr_aclk/U0/SEQ/SEQ_COUNTER/q_int[4]_i_1/O
                         net (fo=1, routed)           0.011     3.171    design_1_i/smartconnect_0/inst/clk_map/psr_aclk/U0/SEQ/SEQ_COUNTER/q_int0[4]
    SLICE_X7Y89          FDRE                                         r  design_1_i/smartconnect_0/inst/clk_map/psr_aclk/U0/SEQ/SEQ_COUNTER/q_int_reg[4]/D
  -------------------------------------------------------------------    -------------------

                         (clock clk_pl_0 rise edge)
                                                      0.000     0.000 r  
    BUFG_PS_X0Y90        BUFG_PS                      0.000     0.000 r  design_1_i/zynq_ultra_ps_e_0/inst/buffer_pl_clk_0.PL_CLK_0_BUFG/O
    X1Y1 (CLOCK_ROOT)    net (fo=6239, routed)        3.226     3.226    design_1_i/smartconnect_0/inst/clk_map/psr_aclk/U0/SEQ/SEQ_COUNTER/aclk
    SLICE_X7Y89          FDRE                                         r  design_1_i/smartconnect_0/inst/clk_map/psr_aclk/U0/SEQ/SEQ_COUNTER/q_int_reg[4]/C
                         clock pessimism             -0.200     3.026    
    SLICE_X7Y89          FDRE (Hold_HFF2_SLICEM_C_D)
                                                      0.103     3.129    design_1_i/smartconnect_0/inst/clk_map/psr_aclk/U0/SEQ/SEQ_COUNTER/q_int_reg[4]
  -------------------------------------------------------------------
                         required time                         -3.129    
                         arrival time                           3.171    
  -------------------------------------------------------------------
                         slack                                  0.041    

Slack (MET) :             0.043ns  (arrival time - required time)
  Source:                 <hidden>
                            (rising edge-triggered cell FDRE clocked by clk_pl_0  {rise@0.000ns fall@4.681ns period=9.361ns})
  Destination:            <hidden>
                            (rising edge-triggered cell FDRE clocked by clk_pl_0  {rise@0.000ns fall@4.681ns period=9.361ns})
  Path Group:             clk_pl_0
  Path Type:              Hold (Min at Slow Process Corner)
  Requirement:            0.000ns  (clk_pl_0 rise@0.000ns - clk_pl_0 rise@0.000ns)
  Data Path Delay:        0.249ns  (logic 0.112ns (44.989%)  route 0.137ns (55.011%))
  Logic Levels:           0  
  Clock Path Skew:        0.103ns (DCD - SCD - CPR)
    Destination Clock Delay (DCD):    3.236ns
    Source Clock Delay      (SCD):    2.933ns
    Clock Pessimism Removal (CPR):    0.200ns
  Clock Net Delay (Source):      2.933ns (routing 1.538ns, distribution 1.395ns)
  Clock Net Delay (Destination): 3.236ns (routing 1.681ns, distribution 1.555ns)

    Location             Delay type                Incr(ns)  Path(ns)    Netlist Resource(s)
  -------------------------------------------------------------------    -------------------
                         (clock clk_pl_0 rise edge)
                                                      0.000     0.000 r  
    BUFG_PS_X0Y90        BUFG_PS                      0.000     0.000 r  design_1_i/zynq_ultra_ps_e_0/inst/buffer_pl_clk_0.PL_CLK_0_BUFG/O
    X1Y1 (CLOCK_ROOT)    net (fo=6239, routed)        2.933     2.933    <hidden>
    SLICE_X1Y107         FDRE                                         r  <hidden>
  -------------------------------------------------------------------    -------------------
    SLICE_X1Y107         FDRE (Prop_DFF_SLICEM_C_Q)
                                                      0.112     3.045 r  <hidden>
                         net (fo=2, routed)           0.137     3.182    <hidden>
    SLICE_X0Y106         FDRE                                         r  <hidden>
  -------------------------------------------------------------------    -------------------

                         (clock clk_pl_0 rise edge)
                                                      0.000     0.000 r  
    BUFG_PS_X0Y90        BUFG_PS                      0.000     0.000 r  design_1_i/zynq_ultra_ps_e_0/inst/buffer_pl_clk_0.PL_CLK_0_BUFG/O
    X1Y1 (CLOCK_ROOT)    net (fo=6239, routed)        3.236     3.236    <hidden>
    SLICE_X0Y106         FDRE                                         r  <hidden>
                         clock pessimism             -0.200     3.036    
    SLICE_X0Y106         FDRE (Hold_FFF2_SLICEL_C_D)
                                                      0.103     3.139    <hidden>
  -------------------------------------------------------------------
                         required time                         -3.139    
                         arrival time                           3.182    
  -------------------------------------------------------------------
                         slack                                  0.043    

Slack (MET) :             0.046ns  (arrival time - required time)
  Source:                 design_1_i/animalnet_axi_lite_0/inst/u_animalnet_top/u_conv2/gen_regular.u_conv/oc_reg[1]/C
                            (rising edge-triggered cell FDRE clocked by clk_pl_0  {rise@0.000ns fall@4.681ns period=9.361ns})
  Destination:            design_1_i/animalnet_axi_lite_0/inst/u_animalnet_top/u_conv2/gen_regular.u_conv/bias_addr_reg[1]/D
                            (rising edge-triggered cell FDRE clocked by clk_pl_0  {rise@0.000ns fall@4.681ns period=9.361ns})
  Path Group:             clk_pl_0
  Path Type:              Hold (Min at Slow Process Corner)
  Requirement:            0.000ns  (clk_pl_0 rise@0.000ns - clk_pl_0 rise@0.000ns)
  Data Path Delay:        0.214ns  (logic 0.112ns (52.239%)  route 0.102ns (47.761%))
  Logic Levels:           0  
  Clock Path Skew:        0.066ns (DCD - SCD - CPR)
    Destination Clock Delay (DCD):    3.023ns
    Source Clock Delay      (SCD):    2.717ns
    Clock Pessimism Removal (CPR):    0.239ns
  Clock Net Delay (Source):      2.717ns (routing 1.538ns, distribution 1.179ns)
  Clock Net Delay (Destination): 3.023ns (routing 1.681ns, distribution 1.342ns)

    Location             Delay type                Incr(ns)  Path(ns)    Netlist Resource(s)
  -------------------------------------------------------------------    -------------------
                         (clock clk_pl_0 rise edge)
                                                      0.000     0.000 r  
    BUFG_PS_X0Y90        BUFG_PS                      0.000     0.000 r  design_1_i/zynq_ultra_ps_e_0/inst/buffer_pl_clk_0.PL_CLK_0_BUFG/O
    X1Y1 (CLOCK_ROOT)    net (fo=6239, routed)        2.717     2.717    design_1_i/animalnet_axi_lite_0/inst/u_animalnet_top/u_conv2/gen_regular.u_conv/S_AXI_ACLK
    SLICE_X36Y56         FDRE                                         r  design_1_i/animalnet_axi_lite_0/inst/u_animalnet_top/u_conv2/gen_regular.u_conv/oc_reg[1]/C
  -------------------------------------------------------------------    -------------------
    SLICE_X36Y56         FDRE (Prop_EFF_SLICEL_C_Q)
                                                      0.112     2.829 r  design_1_i/animalnet_axi_lite_0/inst/u_animalnet_top/u_conv2/gen_regular.u_conv/oc_reg[1]/Q
                         net (fo=3, routed)           0.102     2.932    design_1_i/animalnet_axi_lite_0/inst/u_animalnet_top/u_conv2/gen_regular.u_conv/oc[1]
    SLICE_X36Y55         FDRE                                         r  design_1_i/animalnet_axi_lite_0/inst/u_animalnet_top/u_conv2/gen_regular.u_conv/bias_addr_reg[1]/D
  -------------------------------------------------------------------    -------------------

                         (clock clk_pl_0 rise edge)
                                                      0.000     0.000 r  
    BUFG_PS_X0Y90        BUFG_PS                      0.000     0.000 r  design_1_i/zynq_ultra_ps_e_0/inst/buffer_pl_clk_0.PL_CLK_0_BUFG/O
    X1Y1 (CLOCK_ROOT)    net (fo=6239, routed)        3.023     3.023    design_1_i/animalnet_axi_lite_0/inst/u_animalnet_top/u_conv2/gen_regular.u_conv/S_AXI_ACLK
    SLICE_X36Y55         FDRE                                         r  design_1_i/animalnet_axi_lite_0/inst/u_animalnet_top/u_conv2/gen_regular.u_conv/bias_addr_reg[1]/C
                         clock pessimism             -0.239     2.783    
    SLICE_X36Y55         FDRE (Hold_EFF2_SLICEL_C_D)
                                                      0.102     2.885    design_1_i/animalnet_axi_lite_0/inst/u_animalnet_top/u_conv2/gen_regular.u_conv/bias_addr_reg[1]
  -------------------------------------------------------------------
                         required time                         -2.885    
                         arrival time                           2.932    
  -------------------------------------------------------------------
                         slack                                  0.046    





Pulse Width Checks
--------------------------------------------------------------------------------------
Clock Name:         clk_pl_0
Waveform(ns):       { 0.000 4.681 }
Period(ns):         9.361
Sources:            { design_1_i/zynq_ultra_ps_e_0/pl_clk0 }

Check Type        Corner  Lib Pin          Reference Pin  Required(ns)  Actual(ns)  Slack(ns)  Location       Pin
Min Period        n/a     PS8/MAXIGP0ACLK  n/a            3.000         9.361       6.361      PS8_X0Y0       design_1_i/zynq_ultra_ps_e_0/inst/PS8_i/MAXIGP0ACLK
Min Period        n/a     URAM288/CLK      n/a            2.471         9.361       6.890      URAM288_X0Y52  design_1_i/animalnet_axi_lite_0/inst/u_animalnet_top/u_act_a/gen_inferred_ultra.mem_reg_uram_0/CLK
Min Period        n/a     URAM288/CLK      n/a            2.471         9.361       6.890      URAM288_X0Y53  design_1_i/animalnet_axi_lite_0/inst/u_animalnet_top/u_act_a/gen_inferred_ultra.mem_reg_uram_1/CLK
Min Period        n/a     URAM288/CLK      n/a            2.471         9.361       6.890      URAM288_X0Y44  design_1_i/animalnet_axi_lite_0/inst/u_animalnet_top/u_act_a/gen_inferred_ultra.mem_reg_uram_10/CLK
Min Period        n/a     URAM288/CLK      n/a            2.471         9.361       6.890      URAM288_X0Y45  design_1_i/animalnet_axi_lite_0/inst/u_animalnet_top/u_act_a/gen_inferred_ultra.mem_reg_uram_11/CLK
Min Period        n/a     URAM288/CLK      n/a            2.471         9.361       6.890      URAM288_X0Y40  design_1_i/animalnet_axi_lite_0/inst/u_animalnet_top/u_act_a/gen_inferred_ultra.mem_reg_uram_12/CLK
Min Period        n/a     URAM288/CLK      n/a            2.471         9.361       6.890      URAM288_X0Y41  design_1_i/animalnet_axi_lite_0/inst/u_animalnet_top/u_act_a/gen_inferred_ultra.mem_reg_uram_13/CLK
Min Period        n/a     URAM288/CLK      n/a            2.471         9.361       6.890      URAM288_X0Y42  design_1_i/animalnet_axi_lite_0/inst/u_animalnet_top/u_act_a/gen_inferred_ultra.mem_reg_uram_14/CLK
Min Period        n/a     URAM288/CLK      n/a            2.471         9.361       6.890      URAM288_X0Y43  design_1_i/animalnet_axi_lite_0/inst/u_animalnet_top/u_act_a/gen_inferred_ultra.mem_reg_uram_15/CLK
Min Period        n/a     URAM288/CLK      n/a            2.471         9.361       6.890      URAM288_X0Y36  design_1_i/animalnet_axi_lite_0/inst/u_animalnet_top/u_act_a/gen_inferred_ultra.mem_reg_uram_16/CLK
Low Pulse Width   Slow    PS8/MAXIGP0ACLK  n/a            1.500         4.680       3.180      PS8_X0Y0       design_1_i/zynq_ultra_ps_e_0/inst/PS8_i/MAXIGP0ACLK
Low Pulse Width   Fast    PS8/MAXIGP0ACLK  n/a            1.500         4.680       3.180      PS8_X0Y0       design_1_i/zynq_ultra_ps_e_0/inst/PS8_i/MAXIGP0ACLK
Low Pulse Width   Slow    URAM288/CLK      n/a            0.800         4.680       3.880      URAM288_X0Y52  design_1_i/animalnet_axi_lite_0/inst/u_animalnet_top/u_act_a/gen_inferred_ultra.mem_reg_uram_0/CLK
Low Pulse Width   Fast    URAM288/CLK      n/a            0.800         4.680       3.880      URAM288_X0Y52  design_1_i/animalnet_axi_lite_0/inst/u_animalnet_top/u_act_a/gen_inferred_ultra.mem_reg_uram_0/CLK
Low Pulse Width   Slow    URAM288/CLK      n/a            0.800         4.680       3.880      URAM288_X0Y53  design_1_i/animalnet_axi_lite_0/inst/u_animalnet_top/u_act_a/gen_inferred_ultra.mem_reg_uram_1/CLK
Low Pulse Width   Fast    URAM288/CLK      n/a            0.800         4.681       3.881      URAM288_X0Y53  design_1_i/animalnet_axi_lite_0/inst/u_animalnet_top/u_act_a/gen_inferred_ultra.mem_reg_uram_1/CLK
Low Pulse Width   Slow    URAM288/CLK      n/a            0.800         4.681       3.881      URAM288_X0Y44  design_1_i/animalnet_axi_lite_0/inst/u_animalnet_top/u_act_a/gen_inferred_ultra.mem_reg_uram_10/CLK
Low Pulse Width   Fast    URAM288/CLK      n/a            0.800         4.680       3.880      URAM288_X0Y44  design_1_i/animalnet_axi_lite_0/inst/u_animalnet_top/u_act_a/gen_inferred_ultra.mem_reg_uram_10/CLK
Low Pulse Width   Slow    URAM288/CLK      n/a            0.800         4.681       3.881      URAM288_X0Y45  design_1_i/animalnet_axi_lite_0/inst/u_animalnet_top/u_act_a/gen_inferred_ultra.mem_reg_uram_11/CLK
Low Pulse Width   Fast    URAM288/CLK      n/a            0.800         4.680       3.880      URAM288_X0Y45  design_1_i/animalnet_axi_lite_0/inst/u_animalnet_top/u_act_a/gen_inferred_ultra.mem_reg_uram_11/CLK
High Pulse Width  Slow    PS8/MAXIGP0ACLK  n/a            1.500         4.681       3.181      PS8_X0Y0       design_1_i/zynq_ultra_ps_e_0/inst/PS8_i/MAXIGP0ACLK
High Pulse Width  Fast    PS8/MAXIGP0ACLK  n/a            1.500         4.680       3.180      PS8_X0Y0       design_1_i/zynq_ultra_ps_e_0/inst/PS8_i/MAXIGP0ACLK
High Pulse Width  Slow    URAM288/CLK      n/a            0.800         4.680       3.880      URAM288_X0Y52  design_1_i/animalnet_axi_lite_0/inst/u_animalnet_top/u_act_a/gen_inferred_ultra.mem_reg_uram_0/CLK
High Pulse Width  Fast    URAM288/CLK      n/a            0.800         4.680       3.880      URAM288_X0Y52  design_1_i/animalnet_axi_lite_0/inst/u_animalnet_top/u_act_a/gen_inferred_ultra.mem_reg_uram_0/CLK
High Pulse Width  Slow    URAM288/CLK      n/a            0.800         4.681       3.881      URAM288_X0Y53  design_1_i/animalnet_axi_lite_0/inst/u_animalnet_top/u_act_a/gen_inferred_ultra.mem_reg_uram_1/CLK
High Pulse Width  Fast    URAM288/CLK      n/a            0.800         4.680       3.880      URAM288_X0Y53  design_1_i/animalnet_axi_lite_0/inst/u_animalnet_top/u_act_a/gen_inferred_ultra.mem_reg_uram_1/CLK
High Pulse Width  Slow    URAM288/CLK      n/a            0.800         4.680       3.880      URAM288_X0Y44  design_1_i/animalnet_axi_lite_0/inst/u_animalnet_top/u_act_a/gen_inferred_ultra.mem_reg_uram_10/CLK
High Pulse Width  Fast    URAM288/CLK      n/a            0.800         4.680       3.880      URAM288_X0Y44  design_1_i/animalnet_axi_lite_0/inst/u_animalnet_top/u_act_a/gen_inferred_ultra.mem_reg_uram_10/CLK
High Pulse Width  Slow    URAM288/CLK      n/a            0.800         4.681       3.881      URAM288_X0Y45  design_1_i/animalnet_axi_lite_0/inst/u_animalnet_top/u_act_a/gen_inferred_ultra.mem_reg_uram_11/CLK
High Pulse Width  Fast    URAM288/CLK      n/a            0.800         4.680       3.880      URAM288_X0Y45  design_1_i/animalnet_axi_lite_0/inst/u_animalnet_top/u_act_a/gen_inferred_ultra.mem_reg_uram_11/CLK



--------------------------------------------------------------------------------------
Path Group:  (none)
From Clock:  
  To Clock:  clk_pl_0

Max Delay             1 Endpoint
Min Delay             1 Endpoint
--------------------------------------------------------------------------------------


Max Delay Paths
--------------------------------------------------------------------------------------
Slack:                    inf
  Source:                 design_1_i/zynq_ultra_ps_e_0/inst/PS8_i/EMIOGPIOO[95]
                            (internal pin)
  Destination:            design_1_i/proc_sys_reset_0/U0/EXT_LPF/ACTIVE_LOW_EXT.ACT_LO_EXT/GENERATE_LEVEL_P_S_CDC.SINGLE_BIT.CROSS_PLEVEL_IN2SCNDRY_IN_cdc_to/D
                            (rising edge-triggered cell FDRE clocked by clk_pl_0  {rise@0.000ns fall@4.681ns period=9.361ns})
  Path Group:             (none)
  Path Type:              Setup (Max at Slow Process Corner)
  Data Path Delay:        2.708ns  (logic 0.084ns (3.102%)  route 2.624ns (96.898%))
  Logic Levels:           1  (LUT1=1)
  Clock Uncertainty:      0.158ns  ((TSJ^2 + DJ^2)^1/2) / 2 + PE
    Total System Jitter     (TSJ):    0.050ns
    Discrete Jitter          (DJ):    0.312ns
    Phase Error              (PE):    0.000ns
  Clock Net Delay (Destination): 2.735ns (routing 1.538ns, distribution 1.197ns)
  Timing Exception:       False Path

    Location             Delay type                Incr(ns)  Path(ns)    Netlist Resource(s)
  -------------------------------------------------------------------    -------------------
    PS8_X0Y0             PS8                          0.000     0.000 f  design_1_i/zynq_ultra_ps_e_0/inst/PS8_i/EMIOGPIOO[95]
                         net (fo=1, routed)           2.249     2.249    design_1_i/proc_sys_reset_0/U0/EXT_LPF/ACTIVE_LOW_EXT.ACT_LO_EXT/ext_reset_in
    SLICE_X24Y115        LUT1 (Prop_H6LUT_SLICEM_I0_O)
                                                      0.084     2.333 r  design_1_i/proc_sys_reset_0/U0/EXT_LPF/ACTIVE_LOW_EXT.ACT_LO_EXT/GENERATE_LEVEL_P_S_CDC.SINGLE_BIT.CROSS_PLEVEL_IN2SCNDRY_IN_cdc_to_i_1/O
                         net (fo=1, routed)           0.375     2.708    design_1_i/proc_sys_reset_0/U0/EXT_LPF/ACTIVE_LOW_EXT.ACT_LO_EXT/exr_d1
    SLICE_X24Y115        FDRE                                         r  design_1_i/proc_sys_reset_0/U0/EXT_LPF/ACTIVE_LOW_EXT.ACT_LO_EXT/GENERATE_LEVEL_P_S_CDC.SINGLE_BIT.CROSS_PLEVEL_IN2SCNDRY_IN_cdc_to/D
  -------------------------------------------------------------------    -------------------

                         (clock clk_pl_0 rise edge)
                                                      0.000     0.000 r  
    BUFG_PS_X0Y90        BUFG_PS                      0.000     0.000 r  design_1_i/zynq_ultra_ps_e_0/inst/buffer_pl_clk_0.PL_CLK_0_BUFG/O
    X1Y1 (CLOCK_ROOT)    net (fo=6239, routed)        2.735     2.735    design_1_i/proc_sys_reset_0/U0/EXT_LPF/ACTIVE_LOW_EXT.ACT_LO_EXT/slowest_sync_clk
    SLICE_X24Y115        FDRE                                         r  design_1_i/proc_sys_reset_0/U0/EXT_LPF/ACTIVE_LOW_EXT.ACT_LO_EXT/GENERATE_LEVEL_P_S_CDC.SINGLE_BIT.CROSS_PLEVEL_IN2SCNDRY_IN_cdc_to/C





Min Delay Paths
--------------------------------------------------------------------------------------
Slack:                    inf
  Source:                 design_1_i/zynq_ultra_ps_e_0/inst/PS8_i/EMIOGPIOO[95]
                            (internal pin)
  Destination:            design_1_i/proc_sys_reset_0/U0/EXT_LPF/ACTIVE_LOW_EXT.ACT_LO_EXT/GENERATE_LEVEL_P_S_CDC.SINGLE_BIT.CROSS_PLEVEL_IN2SCNDRY_IN_cdc_to/D
                            (rising edge-triggered cell FDRE clocked by clk_pl_0  {rise@0.000ns fall@4.681ns period=9.361ns})
  Path Group:             (none)
  Path Type:              Hold (Min at Fast Process Corner)
  Data Path Delay:        1.097ns  (logic 0.038ns (3.464%)  route 1.059ns (96.536%))
  Logic Levels:           1  (LUT1=1)
  Clock Uncertainty:      0.158ns  ((TSJ^2 + DJ^2)^1/2) / 2 + PE
    Total System Jitter     (TSJ):    0.050ns
    Discrete Jitter          (DJ):    0.312ns
    Phase Error              (PE):    0.000ns
  Clock Net Delay (Destination): 1.829ns (routing 1.033ns, distribution 0.796ns)
  Timing Exception:       False Path

    Location             Delay type                Incr(ns)  Path(ns)    Netlist Resource(s)
  -------------------------------------------------------------------    -------------------
    PS8_X0Y0             PS8                          0.000     0.000 f  design_1_i/zynq_ultra_ps_e_0/inst/PS8_i/EMIOGPIOO[95]
                         net (fo=1, routed)           0.942     0.942    design_1_i/proc_sys_reset_0/U0/EXT_LPF/ACTIVE_LOW_EXT.ACT_LO_EXT/ext_reset_in
    SLICE_X24Y115        LUT1 (Prop_H6LUT_SLICEM_I0_O)
                                                      0.038     0.980 r  design_1_i/proc_sys_reset_0/U0/EXT_LPF/ACTIVE_LOW_EXT.ACT_LO_EXT/GENERATE_LEVEL_P_S_CDC.SINGLE_BIT.CROSS_PLEVEL_IN2SCNDRY_IN_cdc_to_i_1/O
                         net (fo=1, routed)           0.117     1.097    design_1_i/proc_sys_reset_0/U0/EXT_LPF/ACTIVE_LOW_EXT.ACT_LO_EXT/exr_d1
    SLICE_X24Y115        FDRE                                         r  design_1_i/proc_sys_reset_0/U0/EXT_LPF/ACTIVE_LOW_EXT.ACT_LO_EXT/GENERATE_LEVEL_P_S_CDC.SINGLE_BIT.CROSS_PLEVEL_IN2SCNDRY_IN_cdc_to/D
  -------------------------------------------------------------------    -------------------

                         (clock clk_pl_0 rise edge)
                                                      0.000     0.000 r  
    BUFG_PS_X0Y90        BUFG_PS                      0.000     0.000 r  design_1_i/zynq_ultra_ps_e_0/inst/buffer_pl_clk_0.PL_CLK_0_BUFG/O
    X1Y1 (CLOCK_ROOT)    net (fo=6239, routed)        1.829     1.829    design_1_i/proc_sys_reset_0/U0/EXT_LPF/ACTIVE_LOW_EXT.ACT_LO_EXT/slowest_sync_clk
    SLICE_X24Y115        FDRE                                         r  design_1_i/proc_sys_reset_0/U0/EXT_LPF/ACTIVE_LOW_EXT.ACT_LO_EXT/GENERATE_LEVEL_P_S_CDC.SINGLE_BIT.CROSS_PLEVEL_IN2SCNDRY_IN_cdc_to/C





--------------------------------------------------------------------------------------
Path Group:  (none)
From Clock:  clk_pl_0
  To Clock:  clk_pl_0

Max Delay            28 Endpoints
Min Delay            28 Endpoints
--------------------------------------------------------------------------------------


Max Delay Paths
--------------------------------------------------------------------------------------
Slack:                    inf
  Source:                 design_1_i/proc_sys_reset_0/U0/ACTIVE_LOW_PR_OUT_DFF[0].FDRE_PER_N/C
                            (rising edge-triggered cell FDRE clocked by clk_pl_0  {rise@0.000ns fall@4.681ns period=9.361ns})
  Destination:            design_1_i/smartconnect_0/inst/clk_map/psr_aclk/U0/EXT_LPF/ACTIVE_LOW_AUX.ACT_LO_AUX/GENERATE_LEVEL_P_S_CDC.SINGLE_BIT.CROSS_PLEVEL_IN2SCNDRY_IN_cdc_to/D
                            (rising edge-triggered cell FDRE clocked by clk_pl_0  {rise@0.000ns fall@4.681ns period=9.361ns})
  Path Group:             (none)
  Path Type:              Setup (Max at Slow Process Corner)
  Data Path Delay:        1.942ns  (logic 0.250ns (12.874%)  route 1.692ns (87.126%))
  Logic Levels:           1  (LUT1=1)
  Clock Path Skew:        -0.094ns (DCD - SCD + CPR)
    Destination Clock Delay (DCD):    2.915ns
    Source Clock Delay      (SCD):    3.009ns
    Clock Pessimism Removal (CPR):    0.000ns
  Clock Uncertainty:      0.160ns  ((TSJ^2 + DJ^2)^1/2) / 2 + PE
    Total System Jitter     (TSJ):    0.071ns
    Discrete Jitter          (DJ):    0.312ns
    Phase Error              (PE):    0.000ns
  Clock Net Delay (Source):      3.009ns (routing 1.681ns, distribution 1.328ns)
  Clock Net Delay (Destination): 2.915ns (routing 1.538ns, distribution 1.377ns)
  Timing Exception:       False Path

    Location             Delay type                Incr(ns)  Path(ns)    Netlist Resource(s)
  -------------------------------------------------------------------    -------------------
                         (clock clk_pl_0 rise edge)
                                                      0.000     0.000 r  
    BUFG_PS_X0Y90        BUFG_PS                      0.000     0.000 r  design_1_i/zynq_ultra_ps_e_0/inst/buffer_pl_clk_0.PL_CLK_0_BUFG/O
    X1Y1 (CLOCK_ROOT)    net (fo=6239, routed)        3.009     3.009    design_1_i/proc_sys_reset_0/U0/slowest_sync_clk
    SLICE_X24Y110        FDRE                                         r  design_1_i/proc_sys_reset_0/U0/ACTIVE_LOW_PR_OUT_DFF[0].FDRE_PER_N/C
  -------------------------------------------------------------------    -------------------
    SLICE_X24Y110        FDRE (Prop_DFF_SLICEM_C_Q)
                                                      0.116     3.125 f  design_1_i/proc_sys_reset_0/U0/ACTIVE_LOW_PR_OUT_DFF[0].FDRE_PER_N/Q
                         net (fo=91, routed)          1.415     4.540    design_1_i/smartconnect_0/inst/clk_map/psr_aclk/U0/EXT_LPF/ACTIVE_LOW_AUX.ACT_LO_AUX/aresetn
    SLICE_X7Y93          LUT1 (Prop_D6LUT_SLICEM_I0_O)
                                                      0.134     4.674 r  design_1_i/smartconnect_0/inst/clk_map/psr_aclk/U0/EXT_LPF/ACTIVE_LOW_AUX.ACT_LO_AUX/GENERATE_LEVEL_P_S_CDC.SINGLE_BIT.CROSS_PLEVEL_IN2SCNDRY_IN_cdc_to_i_1/O
                         net (fo=1, routed)           0.277     4.951    design_1_i/smartconnect_0/inst/clk_map/psr_aclk/U0/EXT_LPF/ACTIVE_LOW_AUX.ACT_LO_AUX/asr_d1
    SLICE_X7Y92          FDRE                                         r  design_1_i/smartconnect_0/inst/clk_map/psr_aclk/U0/EXT_LPF/ACTIVE_LOW_AUX.ACT_LO_AUX/GENERATE_LEVEL_P_S_CDC.SINGLE_BIT.CROSS_PLEVEL_IN2SCNDRY_IN_cdc_to/D
  -------------------------------------------------------------------    -------------------

                         (clock clk_pl_0 rise edge)
                                                      0.000     0.000 r  
    BUFG_PS_X0Y90        BUFG_PS                      0.000     0.000 r  design_1_i/zynq_ultra_ps_e_0/inst/buffer_pl_clk_0.PL_CLK_0_BUFG/O
    X1Y1 (CLOCK_ROOT)    net (fo=6239, routed)        2.915     2.915    design_1_i/smartconnect_0/inst/clk_map/psr_aclk/U0/EXT_LPF/ACTIVE_LOW_AUX.ACT_LO_AUX/aclk
    SLICE_X7Y92          FDRE                                         r  design_1_i/smartconnect_0/inst/clk_map/psr_aclk/U0/EXT_LPF/ACTIVE_LOW_AUX.ACT_LO_AUX/GENERATE_LEVEL_P_S_CDC.SINGLE_BIT.CROSS_PLEVEL_IN2SCNDRY_IN_cdc_to/C

Slack:                    inf
  Source:                 design_1_i/smartconnect_0/inst/clk_map/psr_aclk/U0/ACTIVE_LOW_BSR_OUT_DFF[0].FDRE_BSR_N/C
                            (rising edge-triggered cell FDRE clocked by clk_pl_0  {rise@0.000ns fall@4.681ns period=9.361ns})
  Destination:            <hidden>
                            (recovery check against rising-edge clock clk_pl_0  {rise@0.000ns fall@4.681ns period=9.361ns})
  Path Group:             (none)
  Path Type:              Recovery (Max at Slow Process Corner)
  Data Path Delay:        0.791ns  (logic 0.116ns (14.659%)  route 0.675ns (85.341%))
  Logic Levels:           0  
  Clock Path Skew:        -0.326ns (DCD - SCD + CPR)
    Destination Clock Delay (DCD):    2.917ns
    Source Clock Delay      (SCD):    3.243ns
    Clock Pessimism Removal (CPR):    0.000ns
  Clock Uncertainty:      0.160ns  ((TSJ^2 + DJ^2)^1/2) / 2 + PE
    Total System Jitter     (TSJ):    0.071ns
    Discrete Jitter          (DJ):    0.312ns
    Phase Error              (PE):    0.000ns
  Clock Net Delay (Source):      3.243ns (routing 1.681ns, distribution 1.562ns)
  Clock Net Delay (Destination): 2.917ns (routing 1.538ns, distribution 1.379ns)
  Timing Exception:       False Path

    Location             Delay type                Incr(ns)  Path(ns)    Netlist Resource(s)
  -------------------------------------------------------------------    -------------------
                         (clock clk_pl_0 rise edge)
                                                      0.000     0.000 r  
    BUFG_PS_X0Y90        BUFG_PS                      0.000     0.000 r  design_1_i/zynq_ultra_ps_e_0/inst/buffer_pl_clk_0.PL_CLK_0_BUFG/O
    X1Y1 (CLOCK_ROOT)    net (fo=6239, routed)        3.243     3.243    design_1_i/smartconnect_0/inst/clk_map/psr_aclk/U0/aclk
    SLICE_X7Y88          FDRE                                         r  design_1_i/smartconnect_0/inst/clk_map/psr_aclk/U0/ACTIVE_LOW_BSR_OUT_DFF[0].FDRE_BSR_N/C
  -------------------------------------------------------------------    -------------------
    SLICE_X7Y88          FDRE (Prop_DFF_SLICEM_C_Q)
                                                      0.116     3.359 r  design_1_i/smartconnect_0/inst/clk_map/psr_aclk/U0/ACTIVE_LOW_BSR_OUT_DFF[0].FDRE_BSR_N/Q
                         net (fo=27, routed)          0.675     4.035    <hidden>
    SLICE_X4Y97          FDCE                                         f  <hidden>  (IS_INVERTED)
  -------------------------------------------------------------------    -------------------

                         (clock clk_pl_0 rise edge)
                                                      0.000     0.000 r  
    BUFG_PS_X0Y90        BUFG_PS                      0.000     0.000 r  design_1_i/zynq_ultra_ps_e_0/inst/buffer_pl_clk_0.PL_CLK_0_BUFG/O
    X1Y1 (CLOCK_ROOT)    net (fo=6239, routed)        2.917     2.917    <hidden>
    SLICE_X4Y97          FDCE                                         r  <hidden>

Slack:                    inf
  Source:                 design_1_i/smartconnect_0/inst/clk_map/psr_aclk/U0/ACTIVE_LOW_BSR_OUT_DFF[0].FDRE_BSR_N/C
                            (rising edge-triggered cell FDRE clocked by clk_pl_0  {rise@0.000ns fall@4.681ns period=9.361ns})
  Destination:            <hidden>
                            (recovery check against rising-edge clock clk_pl_0  {rise@0.000ns fall@4.681ns period=9.361ns})
  Path Group:             (none)
  Path Type:              Recovery (Max at Slow Process Corner)
  Data Path Delay:        0.791ns  (logic 0.116ns (14.659%)  route 0.675ns (85.341%))
  Logic Levels:           0  
  Clock Path Skew:        -0.326ns (DCD - SCD + CPR)
    Destination Clock Delay (DCD):    2.917ns
    Source Clock Delay      (SCD):    3.243ns
    Clock Pessimism Removal (CPR):    0.000ns
  Clock Uncertainty:      0.160ns  ((TSJ^2 + DJ^2)^1/2) / 2 + PE
    Total System Jitter     (TSJ):    0.071ns
    Discrete Jitter          (DJ):    0.312ns
    Phase Error              (PE):    0.000ns
  Clock Net Delay (Source):      3.243ns (routing 1.681ns, distribution 1.562ns)
  Clock Net Delay (Destination): 2.917ns (routing 1.538ns, distribution 1.379ns)
  Timing Exception:       False Path

    Location             Delay type                Incr(ns)  Path(ns)    Netlist Resource(s)
  -------------------------------------------------------------------    -------------------
                         (clock clk_pl_0 rise edge)
                                                      0.000     0.000 r  
    BUFG_PS_X0Y90        BUFG_PS                      0.000     0.000 r  design_1_i/zynq_ultra_ps_e_0/inst/buffer_pl_clk_0.PL_CLK_0_BUFG/O
    X1Y1 (CLOCK_ROOT)    net (fo=6239, routed)        3.243     3.243    design_1_i/smartconnect_0/inst/clk_map/psr_aclk/U0/aclk
    SLICE_X7Y88          FDRE                                         r  design_1_i/smartconnect_0/inst/clk_map/psr_aclk/U0/ACTIVE_LOW_BSR_OUT_DFF[0].FDRE_BSR_N/C
  -------------------------------------------------------------------    -------------------
    SLICE_X7Y88          FDRE (Prop_DFF_SLICEM_C_Q)
                                                      0.116     3.359 r  design_1_i/smartconnect_0/inst/clk_map/psr_aclk/U0/ACTIVE_LOW_BSR_OUT_DFF[0].FDRE_BSR_N/Q
                         net (fo=27, routed)          0.675     4.035    <hidden>
    SLICE_X4Y97          FDCE                                         f  <hidden>  (IS_INVERTED)
  -------------------------------------------------------------------    -------------------

                         (clock clk_pl_0 rise edge)
                                                      0.000     0.000 r  
    BUFG_PS_X0Y90        BUFG_PS                      0.000     0.000 r  design_1_i/zynq_ultra_ps_e_0/inst/buffer_pl_clk_0.PL_CLK_0_BUFG/O
    X1Y1 (CLOCK_ROOT)    net (fo=6239, routed)        2.917     2.917    <hidden>
    SLICE_X4Y97          FDCE                                         r  <hidden>

Slack:                    inf
  Source:                 design_1_i/smartconnect_0/inst/clk_map/psr_aclk/U0/ACTIVE_LOW_BSR_OUT_DFF[0].FDRE_BSR_N/C
                            (rising edge-triggered cell FDRE clocked by clk_pl_0  {rise@0.000ns fall@4.681ns period=9.361ns})
  Destination:            <hidden>
                            (recovery check against rising-edge clock clk_pl_0  {rise@0.000ns fall@4.681ns period=9.361ns})
  Path Group:             (none)
  Path Type:              Recovery (Max at Slow Process Corner)
  Data Path Delay:        0.791ns  (logic 0.116ns (14.659%)  route 0.675ns (85.341%))
  Logic Levels:           0  
  Clock Path Skew:        -0.326ns (DCD - SCD + CPR)
    Destination Clock Delay (DCD):    2.917ns
    Source Clock Delay      (SCD):    3.243ns
    Clock Pessimism Removal (CPR):    0.000ns
  Clock Uncertainty:      0.160ns  ((TSJ^2 + DJ^2)^1/2) / 2 + PE
    Total System Jitter     (TSJ):    0.071ns
    Discrete Jitter          (DJ):    0.312ns
    Phase Error              (PE):    0.000ns
  Clock Net Delay (Source):      3.243ns (routing 1.681ns, distribution 1.562ns)
  Clock Net Delay (Destination): 2.917ns (routing 1.538ns, distribution 1.379ns)
  Timing Exception:       False Path

    Location             Delay type                Incr(ns)  Path(ns)    Netlist Resource(s)
  -------------------------------------------------------------------    -------------------
                         (clock clk_pl_0 rise edge)
                                                      0.000     0.000 r  
    BUFG_PS_X0Y90        BUFG_PS                      0.000     0.000 r  design_1_i/zynq_ultra_ps_e_0/inst/buffer_pl_clk_0.PL_CLK_0_BUFG/O
    X1Y1 (CLOCK_ROOT)    net (fo=6239, routed)        3.243     3.243    design_1_i/smartconnect_0/inst/clk_map/psr_aclk/U0/aclk
    SLICE_X7Y88          FDRE                                         r  design_1_i/smartconnect_0/inst/clk_map/psr_aclk/U0/ACTIVE_LOW_BSR_OUT_DFF[0].FDRE_BSR_N/C
  -------------------------------------------------------------------    -------------------
    SLICE_X7Y88          FDRE (Prop_DFF_SLICEM_C_Q)
                                                      0.116     3.359 r  design_1_i/smartconnect_0/inst/clk_map/psr_aclk/U0/ACTIVE_LOW_BSR_OUT_DFF[0].FDRE_BSR_N/Q
                         net (fo=27, routed)          0.675     4.035    <hidden>
    SLICE_X4Y97          FDCE                                         f  <hidden>  (IS_INVERTED)
  -------------------------------------------------------------------    -------------------

                         (clock clk_pl_0 rise edge)
                                                      0.000     0.000 r  
    BUFG_PS_X0Y90        BUFG_PS                      0.000     0.000 r  design_1_i/zynq_ultra_ps_e_0/inst/buffer_pl_clk_0.PL_CLK_0_BUFG/O
    X1Y1 (CLOCK_ROOT)    net (fo=6239, routed)        2.917     2.917    <hidden>
    SLICE_X4Y97          FDCE                                         r  <hidden>

Slack:                    inf
  Source:                 design_1_i/smartconnect_0/inst/clk_map/psr_aclk/U0/ACTIVE_LOW_BSR_OUT_DFF[0].FDRE_BSR_N/C
                            (rising edge-triggered cell FDRE clocked by clk_pl_0  {rise@0.000ns fall@4.681ns period=9.361ns})
  Destination:            <hidden>
                            (recovery check against rising-edge clock clk_pl_0  {rise@0.000ns fall@4.681ns period=9.361ns})
  Path Group:             (none)
  Path Type:              Recovery (Max at Slow Process Corner)
  Data Path Delay:        0.756ns  (logic 0.116ns (15.347%)  route 0.640ns (84.653%))
  Logic Levels:           0  
  Clock Path Skew:        -0.317ns (DCD - SCD + CPR)
    Destination Clock Delay (DCD):    2.926ns
    Source Clock Delay      (SCD):    3.243ns
    Clock Pessimism Removal (CPR):    0.000ns
  Clock Uncertainty:      0.160ns  ((TSJ^2 + DJ^2)^1/2) / 2 + PE
    Total System Jitter     (TSJ):    0.071ns
    Discrete Jitter          (DJ):    0.312ns
    Phase Error              (PE):    0.000ns
  Clock Net Delay (Source):      3.243ns (routing 1.681ns, distribution 1.562ns)
  Clock Net Delay (Destination): 2.926ns (routing 1.538ns, distribution 1.388ns)
  Timing Exception:       False Path

    Location             Delay type                Incr(ns)  Path(ns)    Netlist Resource(s)
  -------------------------------------------------------------------    -------------------
                         (clock clk_pl_0 rise edge)
                                                      0.000     0.000 r  
    BUFG_PS_X0Y90        BUFG_PS                      0.000     0.000 r  design_1_i/zynq_ultra_ps_e_0/inst/buffer_pl_clk_0.PL_CLK_0_BUFG/O
    X1Y1 (CLOCK_ROOT)    net (fo=6239, routed)        3.243     3.243    design_1_i/smartconnect_0/inst/clk_map/psr_aclk/U0/aclk
    SLICE_X7Y88          FDRE                                         r  design_1_i/smartconnect_0/inst/clk_map/psr_aclk/U0/ACTIVE_LOW_BSR_OUT_DFF[0].FDRE_BSR_N/C
  -------------------------------------------------------------------    -------------------
    SLICE_X7Y88          FDRE (Prop_DFF_SLICEM_C_Q)
                                                      0.116     3.359 r  design_1_i/smartconnect_0/inst/clk_map/psr_aclk/U0/ACTIVE_LOW_BSR_OUT_DFF[0].FDRE_BSR_N/Q
                         net (fo=27, routed)          0.640     3.999    <hidden>
    SLICE_X3Y97          FDCE                                         f  <hidden>  (IS_INVERTED)
  -------------------------------------------------------------------    -------------------

                         (clock clk_pl_0 rise edge)
                                                      0.000     0.000 r  
    BUFG_PS_X0Y90        BUFG_PS                      0.000     0.000 r  design_1_i/zynq_ultra_ps_e_0/inst/buffer_pl_clk_0.PL_CLK_0_BUFG/O
    X1Y1 (CLOCK_ROOT)    net (fo=6239, routed)        2.926     2.926    <hidden>
    SLICE_X3Y97          FDCE                                         r  <hidden>

Slack:                    inf
  Source:                 design_1_i/smartconnect_0/inst/clk_map/psr_aclk/U0/ACTIVE_LOW_BSR_OUT_DFF[0].FDRE_BSR_N/C
                            (rising edge-triggered cell FDRE clocked by clk_pl_0  {rise@0.000ns fall@4.681ns period=9.361ns})
  Destination:            <hidden>
                            (recovery check against rising-edge clock clk_pl_0  {rise@0.000ns fall@4.681ns period=9.361ns})
  Path Group:             (none)
  Path Type:              Recovery (Max at Slow Process Corner)
  Data Path Delay:        0.756ns  (logic 0.116ns (15.347%)  route 0.640ns (84.653%))
  Logic Levels:           0  
  Clock Path Skew:        -0.317ns (DCD - SCD + CPR)
    Destination Clock Delay (DCD):    2.926ns
    Source Clock Delay      (SCD):    3.243ns
    Clock Pessimism Removal (CPR):    0.000ns
  Clock Uncertainty:      0.160ns  ((TSJ^2 + DJ^2)^1/2) / 2 + PE
    Total System Jitter     (TSJ):    0.071ns
    Discrete Jitter          (DJ):    0.312ns
    Phase Error              (PE):    0.000ns
  Clock Net Delay (Source):      3.243ns (routing 1.681ns, distribution 1.562ns)
  Clock Net Delay (Destination): 2.926ns (routing 1.538ns, distribution 1.388ns)
  Timing Exception:       False Path

    Location             Delay type                Incr(ns)  Path(ns)    Netlist Resource(s)
  -------------------------------------------------------------------    -------------------
                         (clock clk_pl_0 rise edge)
                                                      0.000     0.000 r  
    BUFG_PS_X0Y90        BUFG_PS                      0.000     0.000 r  design_1_i/zynq_ultra_ps_e_0/inst/buffer_pl_clk_0.PL_CLK_0_BUFG/O
    X1Y1 (CLOCK_ROOT)    net (fo=6239, routed)        3.243     3.243    design_1_i/smartconnect_0/inst/clk_map/psr_aclk/U0/aclk
    SLICE_X7Y88          FDRE                                         r  design_1_i/smartconnect_0/inst/clk_map/psr_aclk/U0/ACTIVE_LOW_BSR_OUT_DFF[0].FDRE_BSR_N/C
  -------------------------------------------------------------------    -------------------
    SLICE_X7Y88          FDRE (Prop_DFF_SLICEM_C_Q)
                                                      0.116     3.359 r  design_1_i/smartconnect_0/inst/clk_map/psr_aclk/U0/ACTIVE_LOW_BSR_OUT_DFF[0].FDRE_BSR_N/Q
                         net (fo=27, routed)          0.640     3.999    <hidden>
    SLICE_X3Y97          FDCE                                         f  <hidden>  (IS_INVERTED)
  -------------------------------------------------------------------    -------------------

                         (clock clk_pl_0 rise edge)
                                                      0.000     0.000 r  
    BUFG_PS_X0Y90        BUFG_PS                      0.000     0.000 r  design_1_i/zynq_ultra_ps_e_0/inst/buffer_pl_clk_0.PL_CLK_0_BUFG/O
    X1Y1 (CLOCK_ROOT)    net (fo=6239, routed)        2.926     2.926    <hidden>
    SLICE_X3Y97          FDCE                                         r  <hidden>

Slack:                    inf
  Source:                 design_1_i/smartconnect_0/inst/clk_map/psr_aclk/U0/ACTIVE_LOW_BSR_OUT_DFF[0].FDRE_BSR_N/C
                            (rising edge-triggered cell FDRE clocked by clk_pl_0  {rise@0.000ns fall@4.681ns period=9.361ns})
  Destination:            <hidden>
                            (recovery check against rising-edge clock clk_pl_0  {rise@0.000ns fall@4.681ns period=9.361ns})
  Path Group:             (none)
  Path Type:              Recovery (Max at Slow Process Corner)
  Data Path Delay:        0.756ns  (logic 0.116ns (15.347%)  route 0.640ns (84.653%))
  Logic Levels:           0  
  Clock Path Skew:        -0.317ns (DCD - SCD + CPR)
    Destination Clock Delay (DCD):    2.926ns
    Source Clock Delay      (SCD):    3.243ns
    Clock Pessimism Removal (CPR):    0.000ns
  Clock Uncertainty:      0.160ns  ((TSJ^2 + DJ^2)^1/2) / 2 + PE
    Total System Jitter     (TSJ):    0.071ns
    Discrete Jitter          (DJ):    0.312ns
    Phase Error              (PE):    0.000ns
  Clock Net Delay (Source):      3.243ns (routing 1.681ns, distribution 1.562ns)
  Clock Net Delay (Destination): 2.926ns (routing 1.538ns, distribution 1.388ns)
  Timing Exception:       False Path

    Location             Delay type                Incr(ns)  Path(ns)    Netlist Resource(s)
  -------------------------------------------------------------------    -------------------
                         (clock clk_pl_0 rise edge)
                                                      0.000     0.000 r  
    BUFG_PS_X0Y90        BUFG_PS                      0.000     0.000 r  design_1_i/zynq_ultra_ps_e_0/inst/buffer_pl_clk_0.PL_CLK_0_BUFG/O
    X1Y1 (CLOCK_ROOT)    net (fo=6239, routed)        3.243     3.243    design_1_i/smartconnect_0/inst/clk_map/psr_aclk/U0/aclk
    SLICE_X7Y88          FDRE                                         r  design_1_i/smartconnect_0/inst/clk_map/psr_aclk/U0/ACTIVE_LOW_BSR_OUT_DFF[0].FDRE_BSR_N/C
  -------------------------------------------------------------------    -------------------
    SLICE_X7Y88          FDRE (Prop_DFF_SLICEM_C_Q)
                                                      0.116     3.359 r  design_1_i/smartconnect_0/inst/clk_map/psr_aclk/U0/ACTIVE_LOW_BSR_OUT_DFF[0].FDRE_BSR_N/Q
                         net (fo=27, routed)          0.640     3.999    <hidden>
    SLICE_X3Y97          FDCE                                         f  <hidden>  (IS_INVERTED)
  -------------------------------------------------------------------    -------------------

                         (clock clk_pl_0 rise edge)
                                                      0.000     0.000 r  
    BUFG_PS_X0Y90        BUFG_PS                      0.000     0.000 r  design_1_i/zynq_ultra_ps_e_0/inst/buffer_pl_clk_0.PL_CLK_0_BUFG/O
    X1Y1 (CLOCK_ROOT)    net (fo=6239, routed)        2.926     2.926    <hidden>
    SLICE_X3Y97          FDCE                                         r  <hidden>

Slack:                    inf
  Source:                 design_1_i/smartconnect_0/inst/clk_map/psr_aclk/U0/ACTIVE_LOW_BSR_OUT_DFF[0].FDRE_BSR_N/C
                            (rising edge-triggered cell FDRE clocked by clk_pl_0  {rise@0.000ns fall@4.681ns period=9.361ns})
  Destination:            <hidden>
                            (recovery check against rising-edge clock clk_pl_0  {rise@0.000ns fall@4.681ns period=9.361ns})
  Path Group:             (none)
  Path Type:              Recovery (Max at Slow Process Corner)
  Data Path Delay:        0.720ns  (logic 0.116ns (16.101%)  route 0.604ns (83.899%))
  Logic Levels:           0  
  Clock Path Skew:        -0.324ns (DCD - SCD + CPR)
    Destination Clock Delay (DCD):    2.919ns
    Source Clock Delay      (SCD):    3.243ns
    Clock Pessimism Removal (CPR):    0.000ns
  Clock Uncertainty:      0.160ns  ((TSJ^2 + DJ^2)^1/2) / 2 + PE
    Total System Jitter     (TSJ):    0.071ns
    Discrete Jitter          (DJ):    0.312ns
    Phase Error              (PE):    0.000ns
  Clock Net Delay (Source):      3.243ns (routing 1.681ns, distribution 1.562ns)
  Clock Net Delay (Destination): 2.919ns (routing 1.538ns, distribution 1.381ns)
  Timing Exception:       False Path

    Location             Delay type                Incr(ns)  Path(ns)    Netlist Resource(s)
  -------------------------------------------------------------------    -------------------
                         (clock clk_pl_0 rise edge)
                                                      0.000     0.000 r  
    BUFG_PS_X0Y90        BUFG_PS                      0.000     0.000 r  design_1_i/zynq_ultra_ps_e_0/inst/buffer_pl_clk_0.PL_CLK_0_BUFG/O
    X1Y1 (CLOCK_ROOT)    net (fo=6239, routed)        3.243     3.243    design_1_i/smartconnect_0/inst/clk_map/psr_aclk/U0/aclk
    SLICE_X7Y88          FDRE                                         r  design_1_i/smartconnect_0/inst/clk_map/psr_aclk/U0/ACTIVE_LOW_BSR_OUT_DFF[0].FDRE_BSR_N/C
  -------------------------------------------------------------------    -------------------
    SLICE_X7Y88          FDRE (Prop_DFF_SLICEM_C_Q)
                                                      0.116     3.359 r  design_1_i/smartconnect_0/inst/clk_map/psr_aclk/U0/ACTIVE_LOW_BSR_OUT_DFF[0].FDRE_BSR_N/Q
                         net (fo=27, routed)          0.604     3.964    <hidden>
    SLICE_X3Y91          FDCE                                         f  <hidden>  (IS_INVERTED)
  -------------------------------------------------------------------    -------------------

                         (clock clk_pl_0 rise edge)
                                                      0.000     0.000 r  
    BUFG_PS_X0Y90        BUFG_PS                      0.000     0.000 r  design_1_i/zynq_ultra_ps_e_0/inst/buffer_pl_clk_0.PL_CLK_0_BUFG/O
    X1Y1 (CLOCK_ROOT)    net (fo=6239, routed)        2.919     2.919    <hidden>
    SLICE_X3Y91          FDCE                                         r  <hidden>

Slack:                    inf
  Source:                 design_1_i/smartconnect_0/inst/clk_map/psr_aclk/U0/ACTIVE_LOW_BSR_OUT_DFF[0].FDRE_BSR_N/C
                            (rising edge-triggered cell FDRE clocked by clk_pl_0  {rise@0.000ns fall@4.681ns period=9.361ns})
  Destination:            <hidden>
                            (recovery check against rising-edge clock clk_pl_0  {rise@0.000ns fall@4.681ns period=9.361ns})
  Path Group:             (none)
  Path Type:              Recovery (Max at Slow Process Corner)
  Data Path Delay:        0.720ns  (logic 0.116ns (16.101%)  route 0.604ns (83.899%))
  Logic Levels:           0  
  Clock Path Skew:        -0.324ns (DCD - SCD + CPR)
    Destination Clock Delay (DCD):    2.919ns
    Source Clock Delay      (SCD):    3.243ns
    Clock Pessimism Removal (CPR):    0.000ns
  Clock Uncertainty:      0.160ns  ((TSJ^2 + DJ^2)^1/2) / 2 + PE
    Total System Jitter     (TSJ):    0.071ns
    Discrete Jitter          (DJ):    0.312ns
    Phase Error              (PE):    0.000ns
  Clock Net Delay (Source):      3.243ns (routing 1.681ns, distribution 1.562ns)
  Clock Net Delay (Destination): 2.919ns (routing 1.538ns, distribution 1.381ns)
  Timing Exception:       False Path

    Location             Delay type                Incr(ns)  Path(ns)    Netlist Resource(s)
  -------------------------------------------------------------------    -------------------
                         (clock clk_pl_0 rise edge)
                                                      0.000     0.000 r  
    BUFG_PS_X0Y90        BUFG_PS                      0.000     0.000 r  design_1_i/zynq_ultra_ps_e_0/inst/buffer_pl_clk_0.PL_CLK_0_BUFG/O
    X1Y1 (CLOCK_ROOT)    net (fo=6239, routed)        3.243     3.243    design_1_i/smartconnect_0/inst/clk_map/psr_aclk/U0/aclk
    SLICE_X7Y88          FDRE                                         r  design_1_i/smartconnect_0/inst/clk_map/psr_aclk/U0/ACTIVE_LOW_BSR_OUT_DFF[0].FDRE_BSR_N/C
  -------------------------------------------------------------------    -------------------
    SLICE_X7Y88          FDRE (Prop_DFF_SLICEM_C_Q)
                                                      0.116     3.359 r  design_1_i/smartconnect_0/inst/clk_map/psr_aclk/U0/ACTIVE_LOW_BSR_OUT_DFF[0].FDRE_BSR_N/Q
                         net (fo=27, routed)          0.604     3.964    <hidden>
    SLICE_X3Y91          FDCE                                         f  <hidden>  (IS_INVERTED)
  -------------------------------------------------------------------    -------------------

                         (clock clk_pl_0 rise edge)
                                                      0.000     0.000 r  
    BUFG_PS_X0Y90        BUFG_PS                      0.000     0.000 r  design_1_i/zynq_ultra_ps_e_0/inst/buffer_pl_clk_0.PL_CLK_0_BUFG/O
    X1Y1 (CLOCK_ROOT)    net (fo=6239, routed)        2.919     2.919    <hidden>
    SLICE_X3Y91          FDCE                                         r  <hidden>

Slack:                    inf
  Source:                 design_1_i/smartconnect_0/inst/clk_map/psr_aclk/U0/ACTIVE_LOW_BSR_OUT_DFF[0].FDRE_BSR_N/C
                            (rising edge-triggered cell FDRE clocked by clk_pl_0  {rise@0.000ns fall@4.681ns period=9.361ns})
  Destination:            <hidden>
                            (recovery check against rising-edge clock clk_pl_0  {rise@0.000ns fall@4.681ns period=9.361ns})
  Path Group:             (none)
  Path Type:              Recovery (Max at Slow Process Corner)
  Data Path Delay:        0.720ns  (logic 0.116ns (16.101%)  route 0.604ns (83.899%))
  Logic Levels:           0  
  Clock Path Skew:        -0.324ns (DCD - SCD + CPR)
    Destination Clock Delay (DCD):    2.919ns
    Source Clock Delay      (SCD):    3.243ns
    Clock Pessimism Removal (CPR):    0.000ns
  Clock Uncertainty:      0.160ns  ((TSJ^2 + DJ^2)^1/2) / 2 + PE
    Total System Jitter     (TSJ):    0.071ns
    Discrete Jitter          (DJ):    0.312ns
    Phase Error              (PE):    0.000ns
  Clock Net Delay (Source):      3.243ns (routing 1.681ns, distribution 1.562ns)
  Clock Net Delay (Destination): 2.919ns (routing 1.538ns, distribution 1.381ns)
  Timing Exception:       False Path

    Location             Delay type                Incr(ns)  Path(ns)    Netlist Resource(s)
  -------------------------------------------------------------------    -------------------
                         (clock clk_pl_0 rise edge)
                                                      0.000     0.000 r  
    BUFG_PS_X0Y90        BUFG_PS                      0.000     0.000 r  design_1_i/zynq_ultra_ps_e_0/inst/buffer_pl_clk_0.PL_CLK_0_BUFG/O
    X1Y1 (CLOCK_ROOT)    net (fo=6239, routed)        3.243     3.243    design_1_i/smartconnect_0/inst/clk_map/psr_aclk/U0/aclk
    SLICE_X7Y88          FDRE                                         r  design_1_i/smartconnect_0/inst/clk_map/psr_aclk/U0/ACTIVE_LOW_BSR_OUT_DFF[0].FDRE_BSR_N/C
  -------------------------------------------------------------------    -------------------
    SLICE_X7Y88          FDRE (Prop_DFF_SLICEM_C_Q)
                                                      0.116     3.359 r  design_1_i/smartconnect_0/inst/clk_map/psr_aclk/U0/ACTIVE_LOW_BSR_OUT_DFF[0].FDRE_BSR_N/Q
                         net (fo=27, routed)          0.604     3.964    <hidden>
    SLICE_X3Y91          FDCE                                         f  <hidden>  (IS_INVERTED)
  -------------------------------------------------------------------    -------------------

                         (clock clk_pl_0 rise edge)
                                                      0.000     0.000 r  
    BUFG_PS_X0Y90        BUFG_PS                      0.000     0.000 r  design_1_i/zynq_ultra_ps_e_0/inst/buffer_pl_clk_0.PL_CLK_0_BUFG/O
    X1Y1 (CLOCK_ROOT)    net (fo=6239, routed)        2.919     2.919    <hidden>
    SLICE_X3Y91          FDCE                                         r  <hidden>





Min Delay Paths
--------------------------------------------------------------------------------------
Slack:                    inf
  Source:                 design_1_i/smartconnect_0/inst/clk_map/psr_aclk/U0/ACTIVE_LOW_BSR_OUT_DFF[0].FDRE_BSR_N/C
                            (rising edge-triggered cell FDRE clocked by clk_pl_0  {rise@0.000ns fall@4.681ns period=9.361ns})
  Destination:            <hidden>
                            (removal check against rising-edge clock clk_pl_0  {rise@0.000ns fall@4.681ns period=9.361ns})
  Path Group:             (none)
  Path Type:              Removal (Min at Fast Process Corner)
  Data Path Delay:        0.177ns  (logic 0.083ns (46.825%)  route 0.094ns (53.175%))
  Logic Levels:           0  
  Clock Path Skew:        0.163ns (DCD - SCD - CPR)
    Destination Clock Delay (DCD):    1.943ns
    Source Clock Delay      (SCD):    1.780ns
    Clock Pessimism Removal (CPR):    -0.000ns
  Clock Uncertainty:      0.160ns  ((TSJ^2 + DJ^2)^1/2) / 2 + PE
    Total System Jitter     (TSJ):    0.071ns
    Discrete Jitter          (DJ):    0.312ns
    Phase Error              (PE):    0.000ns
  Clock Net Delay (Source):      1.780ns (routing 0.940ns, distribution 0.840ns)
  Clock Net Delay (Destination): 1.943ns (routing 1.033ns, distribution 0.910ns)
  Timing Exception:       False Path

    Location             Delay type                Incr(ns)  Path(ns)    Netlist Resource(s)
  -------------------------------------------------------------------    -------------------
                         (clock clk_pl_0 rise edge)
                                                      0.000     0.000 r  
    BUFG_PS_X0Y90        BUFG_PS                      0.000     0.000 r  design_1_i/zynq_ultra_ps_e_0/inst/buffer_pl_clk_0.PL_CLK_0_BUFG/O
    X1Y1 (CLOCK_ROOT)    net (fo=6239, routed)        1.780     1.780    design_1_i/smartconnect_0/inst/clk_map/psr_aclk/U0/aclk
    SLICE_X7Y88          FDRE                                         r  design_1_i/smartconnect_0/inst/clk_map/psr_aclk/U0/ACTIVE_LOW_BSR_OUT_DFF[0].FDRE_BSR_N/C
  -------------------------------------------------------------------    -------------------
    SLICE_X7Y88          FDRE (Prop_DFF_SLICEM_C_Q)
                                                      0.083     1.863 r  design_1_i/smartconnect_0/inst/clk_map/psr_aclk/U0/ACTIVE_LOW_BSR_OUT_DFF[0].FDRE_BSR_N/Q
                         net (fo=27, routed)          0.094     1.957    <hidden>
    SLICE_X6Y88          FDCE                                         f  <hidden>  (IS_INVERTED)
  -------------------------------------------------------------------    -------------------

                         (clock clk_pl_0 rise edge)
                                                      0.000     0.000 r  
    BUFG_PS_X0Y90        BUFG_PS                      0.000     0.000 r  design_1_i/zynq_ultra_ps_e_0/inst/buffer_pl_clk_0.PL_CLK_0_BUFG/O
    X1Y1 (CLOCK_ROOT)    net (fo=6239, routed)        1.943     1.943    <hidden>
    SLICE_X6Y88          FDCE                                         r  <hidden>

Slack:                    inf
  Source:                 design_1_i/smartconnect_0/inst/clk_map/psr_aclk/U0/ACTIVE_LOW_BSR_OUT_DFF[0].FDRE_BSR_N/C
                            (rising edge-triggered cell FDRE clocked by clk_pl_0  {rise@0.000ns fall@4.681ns period=9.361ns})
  Destination:            <hidden>
                            (removal check against rising-edge clock clk_pl_0  {rise@0.000ns fall@4.681ns period=9.361ns})
  Path Group:             (none)
  Path Type:              Removal (Min at Fast Process Corner)
  Data Path Delay:        0.177ns  (logic 0.083ns (46.825%)  route 0.094ns (53.175%))
  Logic Levels:           0  
  Clock Path Skew:        0.163ns (DCD - SCD - CPR)
    Destination Clock Delay (DCD):    1.943ns
    Source Clock Delay      (SCD):    1.780ns
    Clock Pessimism Removal (CPR):    -0.000ns
  Clock Uncertainty:      0.160ns  ((TSJ^2 + DJ^2)^1/2) / 2 + PE
    Total System Jitter     (TSJ):    0.071ns
    Discrete Jitter          (DJ):    0.312ns
    Phase Error              (PE):    0.000ns
  Clock Net Delay (Source):      1.780ns (routing 0.940ns, distribution 0.840ns)
  Clock Net Delay (Destination): 1.943ns (routing 1.033ns, distribution 0.910ns)
  Timing Exception:       False Path

    Location             Delay type                Incr(ns)  Path(ns)    Netlist Resource(s)
  -------------------------------------------------------------------    -------------------
                         (clock clk_pl_0 rise edge)
                                                      0.000     0.000 r  
    BUFG_PS_X0Y90        BUFG_PS                      0.000     0.000 r  design_1_i/zynq_ultra_ps_e_0/inst/buffer_pl_clk_0.PL_CLK_0_BUFG/O
    X1Y1 (CLOCK_ROOT)    net (fo=6239, routed)        1.780     1.780    design_1_i/smartconnect_0/inst/clk_map/psr_aclk/U0/aclk
    SLICE_X7Y88          FDRE                                         r  design_1_i/smartconnect_0/inst/clk_map/psr_aclk/U0/ACTIVE_LOW_BSR_OUT_DFF[0].FDRE_BSR_N/C
  -------------------------------------------------------------------    -------------------
    SLICE_X7Y88          FDRE (Prop_DFF_SLICEM_C_Q)
                                                      0.083     1.863 r  design_1_i/smartconnect_0/inst/clk_map/psr_aclk/U0/ACTIVE_LOW_BSR_OUT_DFF[0].FDRE_BSR_N/Q
                         net (fo=27, routed)          0.094     1.957    <hidden>
    SLICE_X6Y88          FDCE                                         f  <hidden>  (IS_INVERTED)
  -------------------------------------------------------------------    -------------------

                         (clock clk_pl_0 rise edge)
                                                      0.000     0.000 r  
    BUFG_PS_X0Y90        BUFG_PS                      0.000     0.000 r  design_1_i/zynq_ultra_ps_e_0/inst/buffer_pl_clk_0.PL_CLK_0_BUFG/O
    X1Y1 (CLOCK_ROOT)    net (fo=6239, routed)        1.943     1.943    <hidden>
    SLICE_X6Y88          FDCE                                         r  <hidden>

Slack:                    inf
  Source:                 design_1_i/smartconnect_0/inst/clk_map/psr_aclk/U0/ACTIVE_LOW_BSR_OUT_DFF[0].FDRE_BSR_N/C
                            (rising edge-triggered cell FDRE clocked by clk_pl_0  {rise@0.000ns fall@4.681ns period=9.361ns})
  Destination:            <hidden>
                            (removal check against rising-edge clock clk_pl_0  {rise@0.000ns fall@4.681ns period=9.361ns})
  Path Group:             (none)
  Path Type:              Removal (Min at Fast Process Corner)
  Data Path Delay:        0.177ns  (logic 0.083ns (46.825%)  route 0.094ns (53.175%))
  Logic Levels:           0  
  Clock Path Skew:        0.163ns (DCD - SCD - CPR)
    Destination Clock Delay (DCD):    1.943ns
    Source Clock Delay      (SCD):    1.780ns
    Clock Pessimism Removal (CPR):    -0.000ns
  Clock Uncertainty:      0.160ns  ((TSJ^2 + DJ^2)^1/2) / 2 + PE
    Total System Jitter     (TSJ):    0.071ns
    Discrete Jitter          (DJ):    0.312ns
    Phase Error              (PE):    0.000ns
  Clock Net Delay (Source):      1.780ns (routing 0.940ns, distribution 0.840ns)
  Clock Net Delay (Destination): 1.943ns (routing 1.033ns, distribution 0.910ns)
  Timing Exception:       False Path

    Location             Delay type                Incr(ns)  Path(ns)    Netlist Resource(s)
  -------------------------------------------------------------------    -------------------
                         (clock clk_pl_0 rise edge)
                                                      0.000     0.000 r  
    BUFG_PS_X0Y90        BUFG_PS                      0.000     0.000 r  design_1_i/zynq_ultra_ps_e_0/inst/buffer_pl_clk_0.PL_CLK_0_BUFG/O
    X1Y1 (CLOCK_ROOT)    net (fo=6239, routed)        1.780     1.780    design_1_i/smartconnect_0/inst/clk_map/psr_aclk/U0/aclk
    SLICE_X7Y88          FDRE                                         r  design_1_i/smartconnect_0/inst/clk_map/psr_aclk/U0/ACTIVE_LOW_BSR_OUT_DFF[0].FDRE_BSR_N/C
  -------------------------------------------------------------------    -------------------
    SLICE_X7Y88          FDRE (Prop_DFF_SLICEM_C_Q)
                                                      0.083     1.863 r  design_1_i/smartconnect_0/inst/clk_map/psr_aclk/U0/ACTIVE_LOW_BSR_OUT_DFF[0].FDRE_BSR_N/Q
                         net (fo=27, routed)          0.094     1.957    <hidden>
    SLICE_X6Y88          FDCE                                         f  <hidden>  (IS_INVERTED)
  -------------------------------------------------------------------    -------------------

                         (clock clk_pl_0 rise edge)
                                                      0.000     0.000 r  
    BUFG_PS_X0Y90        BUFG_PS                      0.000     0.000 r  design_1_i/zynq_ultra_ps_e_0/inst/buffer_pl_clk_0.PL_CLK_0_BUFG/O
    X1Y1 (CLOCK_ROOT)    net (fo=6239, routed)        1.943     1.943    <hidden>
    SLICE_X6Y88          FDCE                                         r  <hidden>

Slack:                    inf
  Source:                 design_1_i/smartconnect_0/inst/clk_map/psr_aclk/U0/ACTIVE_LOW_BSR_OUT_DFF[0].FDRE_BSR_N/C
                            (rising edge-triggered cell FDRE clocked by clk_pl_0  {rise@0.000ns fall@4.681ns period=9.361ns})
  Destination:            <hidden>
                            (removal check against rising-edge clock clk_pl_0  {rise@0.000ns fall@4.681ns period=9.361ns})
  Path Group:             (none)
  Path Type:              Removal (Min at Fast Process Corner)
  Data Path Delay:        0.184ns  (logic 0.083ns (45.046%)  route 0.101ns (54.954%))
  Logic Levels:           0  
  Clock Path Skew:        0.172ns (DCD - SCD - CPR)
    Destination Clock Delay (DCD):    1.952ns
    Source Clock Delay      (SCD):    1.780ns
    Clock Pessimism Removal (CPR):    -0.000ns
  Clock Uncertainty:      0.160ns  ((TSJ^2 + DJ^2)^1/2) / 2 + PE
    Total System Jitter     (TSJ):    0.071ns
    Discrete Jitter          (DJ):    0.312ns
    Phase Error              (PE):    0.000ns
  Clock Net Delay (Source):      1.780ns (routing 0.940ns, distribution 0.840ns)
  Clock Net Delay (Destination): 1.952ns (routing 1.033ns, distribution 0.919ns)
  Timing Exception:       False Path

    Location             Delay type                Incr(ns)  Path(ns)    Netlist Resource(s)
  -------------------------------------------------------------------    -------------------
                         (clock clk_pl_0 rise edge)
                                                      0.000     0.000 r  
    BUFG_PS_X0Y90        BUFG_PS                      0.000     0.000 r  design_1_i/zynq_ultra_ps_e_0/inst/buffer_pl_clk_0.PL_CLK_0_BUFG/O
    X1Y1 (CLOCK_ROOT)    net (fo=6239, routed)        1.780     1.780    design_1_i/smartconnect_0/inst/clk_map/psr_aclk/U0/aclk
    SLICE_X7Y88          FDRE                                         r  design_1_i/smartconnect_0/inst/clk_map/psr_aclk/U0/ACTIVE_LOW_BSR_OUT_DFF[0].FDRE_BSR_N/C
  -------------------------------------------------------------------    -------------------
    SLICE_X7Y88          FDRE (Prop_DFF_SLICEM_C_Q)
                                                      0.083     1.863 r  design_1_i/smartconnect_0/inst/clk_map/psr_aclk/U0/ACTIVE_LOW_BSR_OUT_DFF[0].FDRE_BSR_N/Q
                         net (fo=27, routed)          0.101     1.964    <hidden>
    SLICE_X5Y88          FDCE                                         f  <hidden>  (IS_INVERTED)
  -------------------------------------------------------------------    -------------------

                         (clock clk_pl_0 rise edge)
                                                      0.000     0.000 r  
    BUFG_PS_X0Y90        BUFG_PS                      0.000     0.000 r  design_1_i/zynq_ultra_ps_e_0/inst/buffer_pl_clk_0.PL_CLK_0_BUFG/O
    X1Y1 (CLOCK_ROOT)    net (fo=6239, routed)        1.952     1.952    <hidden>
    SLICE_X5Y88          FDCE                                         r  <hidden>

Slack:                    inf
  Source:                 design_1_i/smartconnect_0/inst/clk_map/psr_aclk/U0/ACTIVE_LOW_BSR_OUT_DFF[0].FDRE_BSR_N/C
                            (rising edge-triggered cell FDRE clocked by clk_pl_0  {rise@0.000ns fall@4.681ns period=9.361ns})
  Destination:            <hidden>
                            (removal check against rising-edge clock clk_pl_0  {rise@0.000ns fall@4.681ns period=9.361ns})
  Path Group:             (none)
  Path Type:              Removal (Min at Fast Process Corner)
  Data Path Delay:        0.184ns  (logic 0.083ns (45.046%)  route 0.101ns (54.954%))
  Logic Levels:           0  
  Clock Path Skew:        0.172ns (DCD - SCD - CPR)
    Destination Clock Delay (DCD):    1.952ns
    Source Clock Delay      (SCD):    1.780ns
    Clock Pessimism Removal (CPR):    -0.000ns
  Clock Uncertainty:      0.160ns  ((TSJ^2 + DJ^2)^1/2) / 2 + PE
    Total System Jitter     (TSJ):    0.071ns
    Discrete Jitter          (DJ):    0.312ns
    Phase Error              (PE):    0.000ns
  Clock Net Delay (Source):      1.780ns (routing 0.940ns, distribution 0.840ns)
  Clock Net Delay (Destination): 1.952ns (routing 1.033ns, distribution 0.919ns)
  Timing Exception:       False Path

    Location             Delay type                Incr(ns)  Path(ns)    Netlist Resource(s)
  -------------------------------------------------------------------    -------------------
                         (clock clk_pl_0 rise edge)
                                                      0.000     0.000 r  
    BUFG_PS_X0Y90        BUFG_PS                      0.000     0.000 r  design_1_i/zynq_ultra_ps_e_0/inst/buffer_pl_clk_0.PL_CLK_0_BUFG/O
    X1Y1 (CLOCK_ROOT)    net (fo=6239, routed)        1.780     1.780    design_1_i/smartconnect_0/inst/clk_map/psr_aclk/U0/aclk
    SLICE_X7Y88          FDRE                                         r  design_1_i/smartconnect_0/inst/clk_map/psr_aclk/U0/ACTIVE_LOW_BSR_OUT_DFF[0].FDRE_BSR_N/C
  -------------------------------------------------------------------    -------------------
    SLICE_X7Y88          FDRE (Prop_DFF_SLICEM_C_Q)
                                                      0.083     1.863 r  design_1_i/smartconnect_0/inst/clk_map/psr_aclk/U0/ACTIVE_LOW_BSR_OUT_DFF[0].FDRE_BSR_N/Q
                         net (fo=27, routed)          0.101     1.964    <hidden>
    SLICE_X5Y88          FDCE                                         f  <hidden>  (IS_INVERTED)
  -------------------------------------------------------------------    -------------------

                         (clock clk_pl_0 rise edge)
                                                      0.000     0.000 r  
    BUFG_PS_X0Y90        BUFG_PS                      0.000     0.000 r  design_1_i/zynq_ultra_ps_e_0/inst/buffer_pl_clk_0.PL_CLK_0_BUFG/O
    X1Y1 (CLOCK_ROOT)    net (fo=6239, routed)        1.952     1.952    <hidden>
    SLICE_X5Y88          FDCE                                         r  <hidden>

Slack:                    inf
  Source:                 design_1_i/smartconnect_0/inst/clk_map/psr_aclk/U0/ACTIVE_LOW_BSR_OUT_DFF[0].FDRE_BSR_N/C
                            (rising edge-triggered cell FDRE clocked by clk_pl_0  {rise@0.000ns fall@4.681ns period=9.361ns})
  Destination:            <hidden>
                            (removal check against rising-edge clock clk_pl_0  {rise@0.000ns fall@4.681ns period=9.361ns})
  Path Group:             (none)
  Path Type:              Removal (Min at Fast Process Corner)
  Data Path Delay:        0.184ns  (logic 0.083ns (45.046%)  route 0.101ns (54.954%))
  Logic Levels:           0  
  Clock Path Skew:        0.172ns (DCD - SCD - CPR)
    Destination Clock Delay (DCD):    1.952ns
    Source Clock Delay      (SCD):    1.780ns
    Clock Pessimism Removal (CPR):    -0.000ns
  Clock Uncertainty:      0.160ns  ((TSJ^2 + DJ^2)^1/2) / 2 + PE
    Total System Jitter     (TSJ):    0.071ns
    Discrete Jitter          (DJ):    0.312ns
    Phase Error              (PE):    0.000ns
  Clock Net Delay (Source):      1.780ns (routing 0.940ns, distribution 0.840ns)
  Clock Net Delay (Destination): 1.952ns (routing 1.033ns, distribution 0.919ns)
  Timing Exception:       False Path

    Location             Delay type                Incr(ns)  Path(ns)    Netlist Resource(s)
  -------------------------------------------------------------------    -------------------
                         (clock clk_pl_0 rise edge)
                                                      0.000     0.000 r  
    BUFG_PS_X0Y90        BUFG_PS                      0.000     0.000 r  design_1_i/zynq_ultra_ps_e_0/inst/buffer_pl_clk_0.PL_CLK_0_BUFG/O
    X1Y1 (CLOCK_ROOT)    net (fo=6239, routed)        1.780     1.780    design_1_i/smartconnect_0/inst/clk_map/psr_aclk/U0/aclk
    SLICE_X7Y88          FDRE                                         r  design_1_i/smartconnect_0/inst/clk_map/psr_aclk/U0/ACTIVE_LOW_BSR_OUT_DFF[0].FDRE_BSR_N/C
  -------------------------------------------------------------------    -------------------
    SLICE_X7Y88          FDRE (Prop_DFF_SLICEM_C_Q)
                                                      0.083     1.863 r  design_1_i/smartconnect_0/inst/clk_map/psr_aclk/U0/ACTIVE_LOW_BSR_OUT_DFF[0].FDRE_BSR_N/Q
                         net (fo=27, routed)          0.101     1.964    <hidden>
    SLICE_X5Y88          FDCE                                         f  <hidden>  (IS_INVERTED)
  -------------------------------------------------------------------    -------------------

                         (clock clk_pl_0 rise edge)
                                                      0.000     0.000 r  
    BUFG_PS_X0Y90        BUFG_PS                      0.000     0.000 r  design_1_i/zynq_ultra_ps_e_0/inst/buffer_pl_clk_0.PL_CLK_0_BUFG/O
    X1Y1 (CLOCK_ROOT)    net (fo=6239, routed)        1.952     1.952    <hidden>
    SLICE_X5Y88          FDCE                                         r  <hidden>

Slack:                    inf
  Source:                 design_1_i/smartconnect_0/inst/clk_map/psr_aclk/U0/ACTIVE_LOW_BSR_OUT_DFF[0].FDRE_BSR_N/C
                            (rising edge-triggered cell FDRE clocked by clk_pl_0  {rise@0.000ns fall@4.681ns period=9.361ns})
  Destination:            <hidden>
                            (removal check against rising-edge clock clk_pl_0  {rise@0.000ns fall@4.681ns period=9.361ns})
  Path Group:             (none)
  Path Type:              Removal (Min at Fast Process Corner)
  Data Path Delay:        0.231ns  (logic 0.083ns (36.003%)  route 0.148ns (63.997%))
  Logic Levels:           0  
  Clock Path Skew:        0.160ns (DCD - SCD - CPR)
    Destination Clock Delay (DCD):    1.940ns
    Source Clock Delay      (SCD):    1.780ns
    Clock Pessimism Removal (CPR):    -0.000ns
  Clock Uncertainty:      0.160ns  ((TSJ^2 + DJ^2)^1/2) / 2 + PE
    Total System Jitter     (TSJ):    0.071ns
    Discrete Jitter          (DJ):    0.312ns
    Phase Error              (PE):    0.000ns
  Clock Net Delay (Source):      1.780ns (routing 0.940ns, distribution 0.840ns)
  Clock Net Delay (Destination): 1.940ns (routing 1.033ns, distribution 0.907ns)
  Timing Exception:       False Path

    Location             Delay type                Incr(ns)  Path(ns)    Netlist Resource(s)
  -------------------------------------------------------------------    -------------------
                         (clock clk_pl_0 rise edge)
                                                      0.000     0.000 r  
    BUFG_PS_X0Y90        BUFG_PS                      0.000     0.000 r  design_1_i/zynq_ultra_ps_e_0/inst/buffer_pl_clk_0.PL_CLK_0_BUFG/O
    X1Y1 (CLOCK_ROOT)    net (fo=6239, routed)        1.780     1.780    design_1_i/smartconnect_0/inst/clk_map/psr_aclk/U0/aclk
    SLICE_X7Y88          FDRE                                         r  design_1_i/smartconnect_0/inst/clk_map/psr_aclk/U0/ACTIVE_LOW_BSR_OUT_DFF[0].FDRE_BSR_N/C
  -------------------------------------------------------------------    -------------------
    SLICE_X7Y88          FDRE (Prop_DFF_SLICEM_C_Q)
                                                      0.083     1.863 r  design_1_i/smartconnect_0/inst/clk_map/psr_aclk/U0/ACTIVE_LOW_BSR_OUT_DFF[0].FDRE_BSR_N/Q
                         net (fo=27, routed)          0.148     2.011    <hidden>
    SLICE_X7Y93          FDCE                                         f  <hidden>  (IS_INVERTED)
  -------------------------------------------------------------------    -------------------

                         (clock clk_pl_0 rise edge)
                                                      0.000     0.000 r  
    BUFG_PS_X0Y90        BUFG_PS                      0.000     0.000 r  design_1_i/zynq_ultra_ps_e_0/inst/buffer_pl_clk_0.PL_CLK_0_BUFG/O
    X1Y1 (CLOCK_ROOT)    net (fo=6239, routed)        1.940     1.940    <hidden>
    SLICE_X7Y93          FDCE                                         r  <hidden>

Slack:                    inf
  Source:                 design_1_i/smartconnect_0/inst/clk_map/psr_aclk/U0/ACTIVE_LOW_BSR_OUT_DFF[0].FDRE_BSR_N/C
                            (rising edge-triggered cell FDRE clocked by clk_pl_0  {rise@0.000ns fall@4.681ns period=9.361ns})
  Destination:            <hidden>
                            (removal check against rising-edge clock clk_pl_0  {rise@0.000ns fall@4.681ns period=9.361ns})
  Path Group:             (none)
  Path Type:              Removal (Min at Fast Process Corner)
  Data Path Delay:        0.231ns  (logic 0.083ns (36.003%)  route 0.148ns (63.997%))
  Logic Levels:           0  
  Clock Path Skew:        0.160ns (DCD - SCD - CPR)
    Destination Clock Delay (DCD):    1.940ns
    Source Clock Delay      (SCD):    1.780ns
    Clock Pessimism Removal (CPR):    -0.000ns
  Clock Uncertainty:      0.160ns  ((TSJ^2 + DJ^2)^1/2) / 2 + PE
    Total System Jitter     (TSJ):    0.071ns
    Discrete Jitter          (DJ):    0.312ns
    Phase Error              (PE):    0.000ns
  Clock Net Delay (Source):      1.780ns (routing 0.940ns, distribution 0.840ns)
  Clock Net Delay (Destination): 1.940ns (routing 1.033ns, distribution 0.907ns)
  Timing Exception:       False Path

    Location             Delay type                Incr(ns)  Path(ns)    Netlist Resource(s)
  -------------------------------------------------------------------    -------------------
                         (clock clk_pl_0 rise edge)
                                                      0.000     0.000 r  
    BUFG_PS_X0Y90        BUFG_PS                      0.000     0.000 r  design_1_i/zynq_ultra_ps_e_0/inst/buffer_pl_clk_0.PL_CLK_0_BUFG/O
    X1Y1 (CLOCK_ROOT)    net (fo=6239, routed)        1.780     1.780    design_1_i/smartconnect_0/inst/clk_map/psr_aclk/U0/aclk
    SLICE_X7Y88          FDRE                                         r  design_1_i/smartconnect_0/inst/clk_map/psr_aclk/U0/ACTIVE_LOW_BSR_OUT_DFF[0].FDRE_BSR_N/C
  -------------------------------------------------------------------    -------------------
    SLICE_X7Y88          FDRE (Prop_DFF_SLICEM_C_Q)
                                                      0.083     1.863 r  design_1_i/smartconnect_0/inst/clk_map/psr_aclk/U0/ACTIVE_LOW_BSR_OUT_DFF[0].FDRE_BSR_N/Q
                         net (fo=27, routed)          0.148     2.011    <hidden>
    SLICE_X7Y93          FDCE                                         f  <hidden>  (IS_INVERTED)
  -------------------------------------------------------------------    -------------------

                         (clock clk_pl_0 rise edge)
                                                      0.000     0.000 r  
    BUFG_PS_X0Y90        BUFG_PS                      0.000     0.000 r  design_1_i/zynq_ultra_ps_e_0/inst/buffer_pl_clk_0.PL_CLK_0_BUFG/O
    X1Y1 (CLOCK_ROOT)    net (fo=6239, routed)        1.940     1.940    <hidden>
    SLICE_X7Y93          FDCE                                         r  <hidden>

Slack:                    inf
  Source:                 design_1_i/smartconnect_0/inst/clk_map/psr_aclk/U0/ACTIVE_LOW_BSR_OUT_DFF[0].FDRE_BSR_N/C
                            (rising edge-triggered cell FDRE clocked by clk_pl_0  {rise@0.000ns fall@4.681ns period=9.361ns})
  Destination:            <hidden>
                            (removal check against rising-edge clock clk_pl_0  {rise@0.000ns fall@4.681ns period=9.361ns})
  Path Group:             (none)
  Path Type:              Removal (Min at Fast Process Corner)
  Data Path Delay:        0.231ns  (logic 0.083ns (36.003%)  route 0.148ns (63.997%))
  Logic Levels:           0  
  Clock Path Skew:        0.160ns (DCD - SCD - CPR)
    Destination Clock Delay (DCD):    1.940ns
    Source Clock Delay      (SCD):    1.780ns
    Clock Pessimism Removal (CPR):    -0.000ns
  Clock Uncertainty:      0.160ns  ((TSJ^2 + DJ^2)^1/2) / 2 + PE
    Total System Jitter     (TSJ):    0.071ns
    Discrete Jitter          (DJ):    0.312ns
    Phase Error              (PE):    0.000ns
  Clock Net Delay (Source):      1.780ns (routing 0.940ns, distribution 0.840ns)
  Clock Net Delay (Destination): 1.940ns (routing 1.033ns, distribution 0.907ns)
  Timing Exception:       False Path

    Location             Delay type                Incr(ns)  Path(ns)    Netlist Resource(s)
  -------------------------------------------------------------------    -------------------
                         (clock clk_pl_0 rise edge)
                                                      0.000     0.000 r  
    BUFG_PS_X0Y90        BUFG_PS                      0.000     0.000 r  design_1_i/zynq_ultra_ps_e_0/inst/buffer_pl_clk_0.PL_CLK_0_BUFG/O
    X1Y1 (CLOCK_ROOT)    net (fo=6239, routed)        1.780     1.780    design_1_i/smartconnect_0/inst/clk_map/psr_aclk/U0/aclk
    SLICE_X7Y88          FDRE                                         r  design_1_i/smartconnect_0/inst/clk_map/psr_aclk/U0/ACTIVE_LOW_BSR_OUT_DFF[0].FDRE_BSR_N/C
  -------------------------------------------------------------------    -------------------
    SLICE_X7Y88          FDRE (Prop_DFF_SLICEM_C_Q)
                                                      0.083     1.863 r  design_1_i/smartconnect_0/inst/clk_map/psr_aclk/U0/ACTIVE_LOW_BSR_OUT_DFF[0].FDRE_BSR_N/Q
                         net (fo=27, routed)          0.148     2.011    <hidden>
    SLICE_X7Y93          FDCE                                         f  <hidden>  (IS_INVERTED)
  -------------------------------------------------------------------    -------------------

                         (clock clk_pl_0 rise edge)
                                                      0.000     0.000 r  
    BUFG_PS_X0Y90        BUFG_PS                      0.000     0.000 r  design_1_i/zynq_ultra_ps_e_0/inst/buffer_pl_clk_0.PL_CLK_0_BUFG/O
    X1Y1 (CLOCK_ROOT)    net (fo=6239, routed)        1.940     1.940    <hidden>
    SLICE_X7Y93          FDCE                                         r  <hidden>

Slack:                    inf
  Source:                 design_1_i/smartconnect_0/inst/clk_map/psr_aclk/U0/ACTIVE_LOW_BSR_OUT_DFF[0].FDRE_BSR_N/C
                            (rising edge-triggered cell FDRE clocked by clk_pl_0  {rise@0.000ns fall@4.681ns period=9.361ns})
  Destination:            <hidden>
                            (removal check against rising-edge clock clk_pl_0  {rise@0.000ns fall@4.681ns period=9.361ns})
  Path Group:             (none)
  Path Type:              Removal (Min at Fast Process Corner)
  Data Path Delay:        0.232ns  (logic 0.083ns (35.847%)  route 0.149ns (64.153%))
  Logic Levels:           0  
  Clock Path Skew:        0.162ns (DCD - SCD - CPR)
    Destination Clock Delay (DCD):    1.942ns
    Source Clock Delay      (SCD):    1.780ns
    Clock Pessimism Removal (CPR):    -0.000ns
  Clock Uncertainty:      0.160ns  ((TSJ^2 + DJ^2)^1/2) / 2 + PE
    Total System Jitter     (TSJ):    0.071ns
    Discrete Jitter          (DJ):    0.312ns
    Phase Error              (PE):    0.000ns
  Clock Net Delay (Source):      1.780ns (routing 0.940ns, distribution 0.840ns)
  Clock Net Delay (Destination): 1.942ns (routing 1.033ns, distribution 0.909ns)
  Timing Exception:       False Path

    Location             Delay type                Incr(ns)  Path(ns)    Netlist Resource(s)
  -------------------------------------------------------------------    -------------------
                         (clock clk_pl_0 rise edge)
                                                      0.000     0.000 r  
    BUFG_PS_X0Y90        BUFG_PS                      0.000     0.000 r  design_1_i/zynq_ultra_ps_e_0/inst/buffer_pl_clk_0.PL_CLK_0_BUFG/O
    X1Y1 (CLOCK_ROOT)    net (fo=6239, routed)        1.780     1.780    design_1_i/smartconnect_0/inst/clk_map/psr_aclk/U0/aclk
    SLICE_X7Y88          FDRE                                         r  design_1_i/smartconnect_0/inst/clk_map/psr_aclk/U0/ACTIVE_LOW_BSR_OUT_DFF[0].FDRE_BSR_N/C
  -------------------------------------------------------------------    -------------------
    SLICE_X7Y88          FDRE (Prop_DFF_SLICEM_C_Q)
                                                      0.083     1.863 r  design_1_i/smartconnect_0/inst/clk_map/psr_aclk/U0/ACTIVE_LOW_BSR_OUT_DFF[0].FDRE_BSR_N/Q
                         net (fo=27, routed)          0.149     2.012    <hidden>
    SLICE_X7Y93          FDCE                                         f  <hidden>  (IS_INVERTED)
  -------------------------------------------------------------------    -------------------

                         (clock clk_pl_0 rise edge)
                                                      0.000     0.000 r  
    BUFG_PS_X0Y90        BUFG_PS                      0.000     0.000 r  design_1_i/zynq_ultra_ps_e_0/inst/buffer_pl_clk_0.PL_CLK_0_BUFG/O
    X1Y1 (CLOCK_ROOT)    net (fo=6239, routed)        1.942     1.942    <hidden>
    SLICE_X7Y93          FDCE                                         r  <hidden>





--------------------------------------------------------------------------------------
Path Group:  (none)
From Clock:  clk_pl_0
  To Clock:  

Max Delay            94 Endpoints
Min Delay            94 Endpoints
--------------------------------------------------------------------------------------


Max Delay Paths
--------------------------------------------------------------------------------------
Slack:                    inf
  Source:                 design_1_i/animalnet_axi_lite_0/inst/u_animalnet_top/FSM_sequential_state_reg[2]/C
                            (rising edge-triggered cell FDRE clocked by clk_pl_0  {rise@0.000ns fall@4.681ns period=9.361ns})
  Destination:            design_1_i/animalnet_axi_lite_0/inst/u_animalnet_top/weight_rom_addr_reg[7]_rep__1/D
  Path Group:             (none)
  Path Type:              Max at Slow Process Corner
  Data Path Delay:        5.268ns  (logic 0.865ns (16.420%)  route 4.403ns (83.580%))
  Logic Levels:           4  (LUT5=1 LUT6=3)
  Clock Uncertainty:      0.158ns  ((TSJ^2 + DJ^2)^1/2) / 2 + PE
    Total System Jitter     (TSJ):    0.050ns
    Discrete Jitter          (DJ):    0.312ns
    Phase Error              (PE):    0.000ns
  Clock Net Delay (Source):      2.996ns (routing 1.681ns, distribution 1.315ns)

    Location             Delay type                Incr(ns)  Path(ns)    Netlist Resource(s)
  -------------------------------------------------------------------    -------------------
                         (clock clk_pl_0 rise edge)
                                                      0.000     0.000 r  
    BUFG_PS_X0Y90        BUFG_PS                      0.000     0.000 r  design_1_i/zynq_ultra_ps_e_0/inst/buffer_pl_clk_0.PL_CLK_0_BUFG/O
    X1Y1 (CLOCK_ROOT)    net (fo=6239, routed)        2.996     2.996    design_1_i/animalnet_axi_lite_0/inst/u_animalnet_top/S_AXI_ACLK
    SLICE_X33Y96         FDRE                                         r  design_1_i/animalnet_axi_lite_0/inst/u_animalnet_top/FSM_sequential_state_reg[2]/C
  -------------------------------------------------------------------    -------------------
    SLICE_X33Y96         FDRE (Prop_HFF_SLICEL_C_Q)
                                                      0.113     3.109 f  design_1_i/animalnet_axi_lite_0/inst/u_animalnet_top/FSM_sequential_state_reg[2]/Q
                         net (fo=108, routed)         1.106     4.215    design_1_i/animalnet_axi_lite_0/inst/u_animalnet_top/u_act_a/Q[2]
    SLICE_X45Y78         LUT5 (Prop_D5LUT_SLICEM_I0_O)
                                                      0.220     4.435 r  design_1_i/animalnet_axi_lite_0/inst/u_animalnet_top/u_act_a/gen_inferred_ultra.mem_reg_uram_0_i_45/O
                         net (fo=50, routed)          1.378     5.812    design_1_i/animalnet_axi_lite_0/inst/u_animalnet_top/u_conv0/gen_regular.u_conv/gen_inferred_ultra.lane_d0_reg[1]
    SLICE_X37Y69         LUT6 (Prop_H6LUT_SLICEM_I0_O)
                                                      0.228     6.040 r  design_1_i/animalnet_axi_lite_0/inst/u_animalnet_top/u_conv0/gen_regular.u_conv/weight_rom_addr_reg[7]_i_12/O
                         net (fo=1, routed)           0.392     6.432    design_1_i/animalnet_axi_lite_0/inst/u_animalnet_top/u_conv0/gen_regular.u_conv/weight_rom_addr_reg[7]_i_12_n_0
    SLICE_X38Y76         LUT6 (Prop_C6LUT_SLICEM_I0_O)
                                                      0.080     6.512 r  design_1_i/animalnet_axi_lite_0/inst/u_animalnet_top/u_conv0/gen_regular.u_conv/weight_rom_addr_reg[7]_i_4/O
                         net (fo=6, routed)           0.532     7.045    design_1_i/animalnet_axi_lite_0/inst/u_animalnet_top/u_conv14/gen_regular.u_conv/gen_bram.mem_reg_bram_48_30
    SLICE_X43Y88         LUT6 (Prop_F6LUT_SLICEM_I2_O)
                                                      0.224     7.269 r  design_1_i/animalnet_axi_lite_0/inst/u_animalnet_top/u_conv14/gen_regular.u_conv/weight_rom_addr_reg[7]_rep__1_i_1/O
                         net (fo=1, routed)           0.995     8.264    design_1_i/animalnet_axi_lite_0/inst/u_animalnet_top/u_conv14_n_44
    SLICE_X43Y113        LDCE                                         r  design_1_i/animalnet_axi_lite_0/inst/u_animalnet_top/weight_rom_addr_reg[7]_rep__1/D
  -------------------------------------------------------------------    -------------------

Slack:                    inf
  Source:                 design_1_i/animalnet_axi_lite_0/inst/u_animalnet_top/FSM_sequential_state_reg[2]/C
                            (rising edge-triggered cell FDRE clocked by clk_pl_0  {rise@0.000ns fall@4.681ns period=9.361ns})
  Destination:            design_1_i/animalnet_axi_lite_0/inst/u_animalnet_top/weight_rom_addr_reg[1]_rep__2/D
  Path Group:             (none)
  Path Type:              Max at Slow Process Corner
  Data Path Delay:        5.191ns  (logic 0.728ns (14.023%)  route 4.463ns (85.977%))
  Logic Levels:           4  (LUT5=1 LUT6=3)
  Clock Uncertainty:      0.158ns  ((TSJ^2 + DJ^2)^1/2) / 2 + PE
    Total System Jitter     (TSJ):    0.050ns
    Discrete Jitter          (DJ):    0.312ns
    Phase Error              (PE):    0.000ns
  Clock Net Delay (Source):      2.996ns (routing 1.681ns, distribution 1.315ns)

    Location             Delay type                Incr(ns)  Path(ns)    Netlist Resource(s)
  -------------------------------------------------------------------    -------------------
                         (clock clk_pl_0 rise edge)
                                                      0.000     0.000 r  
    BUFG_PS_X0Y90        BUFG_PS                      0.000     0.000 r  design_1_i/zynq_ultra_ps_e_0/inst/buffer_pl_clk_0.PL_CLK_0_BUFG/O
    X1Y1 (CLOCK_ROOT)    net (fo=6239, routed)        2.996     2.996    design_1_i/animalnet_axi_lite_0/inst/u_animalnet_top/S_AXI_ACLK
    SLICE_X33Y96         FDRE                                         r  design_1_i/animalnet_axi_lite_0/inst/u_animalnet_top/FSM_sequential_state_reg[2]/C
  -------------------------------------------------------------------    -------------------
    SLICE_X33Y96         FDRE (Prop_HFF_SLICEL_C_Q)
                                                      0.113     3.109 f  design_1_i/animalnet_axi_lite_0/inst/u_animalnet_top/FSM_sequential_state_reg[2]/Q
                         net (fo=108, routed)         1.106     4.215    design_1_i/animalnet_axi_lite_0/inst/u_animalnet_top/u_act_a/Q[2]
    SLICE_X45Y78         LUT5 (Prop_D5LUT_SLICEM_I0_O)
                                                      0.220     4.435 r  design_1_i/animalnet_axi_lite_0/inst/u_animalnet_top/u_act_a/gen_inferred_ultra.mem_reg_uram_0_i_45/O
                         net (fo=50, routed)          1.348     5.783    design_1_i/animalnet_axi_lite_0/inst/u_animalnet_top/u_conv4/gen_regular.u_conv/bias_rom_addr_reg[3]_i_1
    SLICE_X38Y66         LUT6 (Prop_G6LUT_SLICEM_I1_O)
                                                      0.186     5.969 r  design_1_i/animalnet_axi_lite_0/inst/u_animalnet_top/u_conv4/gen_regular.u_conv/weight_rom_addr_reg[1]_i_11/O
                         net (fo=1, routed)           0.312     6.281    design_1_i/animalnet_axi_lite_0/inst/u_animalnet_top/u_conv4/gen_regular.u_conv/weight_rom_addr_reg[1]_i_11_n_0
    SLICE_X38Y77         LUT6 (Prop_G6LUT_SLICEM_I0_O)
                                                      0.057     6.338 r  design_1_i/animalnet_axi_lite_0/inst/u_animalnet_top/u_conv4/gen_regular.u_conv/weight_rom_addr_reg[1]_i_4/O
                         net (fo=6, routed)           0.624     6.962    design_1_i/animalnet_axi_lite_0/inst/u_animalnet_top/u_conv14/gen_regular.u_conv/gen_bram.mem_reg_bram_48_5
    SLICE_X40Y89         LUT6 (Prop_G6LUT_SLICEM_I2_O)
                                                      0.152     7.114 r  design_1_i/animalnet_axi_lite_0/inst/u_animalnet_top/u_conv14/gen_regular.u_conv/weight_rom_addr_reg[1]_rep__2_i_1/O
                         net (fo=1, routed)           1.073     8.187    design_1_i/animalnet_axi_lite_0/inst/u_animalnet_top/u_conv14_n_70
    SLICE_X40Y157        LDCE                                         r  design_1_i/animalnet_axi_lite_0/inst/u_animalnet_top/weight_rom_addr_reg[1]_rep__2/D
  -------------------------------------------------------------------    -------------------

Slack:                    inf
  Source:                 design_1_i/animalnet_axi_lite_0/inst/u_animalnet_top/FSM_sequential_state_reg[2]/C
                            (rising edge-triggered cell FDRE clocked by clk_pl_0  {rise@0.000ns fall@4.681ns period=9.361ns})
  Destination:            design_1_i/animalnet_axi_lite_0/inst/u_animalnet_top/weight_rom_addr_reg[7]_rep__2/D
  Path Group:             (none)
  Path Type:              Max at Slow Process Corner
  Data Path Delay:        5.125ns  (logic 0.697ns (13.600%)  route 4.428ns (86.400%))
  Logic Levels:           4  (LUT5=1 LUT6=3)
  Clock Uncertainty:      0.158ns  ((TSJ^2 + DJ^2)^1/2) / 2 + PE
    Total System Jitter     (TSJ):    0.050ns
    Discrete Jitter          (DJ):    0.312ns
    Phase Error              (PE):    0.000ns
  Clock Net Delay (Source):      2.996ns (routing 1.681ns, distribution 1.315ns)

    Location             Delay type                Incr(ns)  Path(ns)    Netlist Resource(s)
  -------------------------------------------------------------------    -------------------
                         (clock clk_pl_0 rise edge)
                                                      0.000     0.000 r  
    BUFG_PS_X0Y90        BUFG_PS                      0.000     0.000 r  design_1_i/zynq_ultra_ps_e_0/inst/buffer_pl_clk_0.PL_CLK_0_BUFG/O
    X1Y1 (CLOCK_ROOT)    net (fo=6239, routed)        2.996     2.996    design_1_i/animalnet_axi_lite_0/inst/u_animalnet_top/S_AXI_ACLK
    SLICE_X33Y96         FDRE                                         r  design_1_i/animalnet_axi_lite_0/inst/u_animalnet_top/FSM_sequential_state_reg[2]/C
  -------------------------------------------------------------------    -------------------
    SLICE_X33Y96         FDRE (Prop_HFF_SLICEL_C_Q)
                                                      0.113     3.109 f  design_1_i/animalnet_axi_lite_0/inst/u_animalnet_top/FSM_sequential_state_reg[2]/Q
                         net (fo=108, routed)         1.106     4.215    design_1_i/animalnet_axi_lite_0/inst/u_animalnet_top/u_act_a/Q[2]
    SLICE_X45Y78         LUT5 (Prop_D5LUT_SLICEM_I0_O)
                                                      0.220     4.435 r  design_1_i/animalnet_axi_lite_0/inst/u_animalnet_top/u_act_a/gen_inferred_ultra.mem_reg_uram_0_i_45/O
                         net (fo=50, routed)          1.378     5.812    design_1_i/animalnet_axi_lite_0/inst/u_animalnet_top/u_conv0/gen_regular.u_conv/gen_inferred_ultra.lane_d0_reg[1]
    SLICE_X37Y69         LUT6 (Prop_H6LUT_SLICEM_I0_O)
                                                      0.228     6.040 r  design_1_i/animalnet_axi_lite_0/inst/u_animalnet_top/u_conv0/gen_regular.u_conv/weight_rom_addr_reg[7]_i_12/O
                         net (fo=1, routed)           0.392     6.432    design_1_i/animalnet_axi_lite_0/inst/u_animalnet_top/u_conv0/gen_regular.u_conv/weight_rom_addr_reg[7]_i_12_n_0
    SLICE_X38Y76         LUT6 (Prop_C6LUT_SLICEM_I0_O)
                                                      0.080     6.512 r  design_1_i/animalnet_axi_lite_0/inst/u_animalnet_top/u_conv0/gen_regular.u_conv/weight_rom_addr_reg[7]_i_4/O
                         net (fo=6, routed)           0.512     7.025    design_1_i/animalnet_axi_lite_0/inst/u_animalnet_top/u_conv14/gen_regular.u_conv/gen_bram.mem_reg_bram_48_30
    SLICE_X43Y88         LUT6 (Prop_C6LUT_SLICEM_I2_O)
                                                      0.056     7.081 r  design_1_i/animalnet_axi_lite_0/inst/u_animalnet_top/u_conv14/gen_regular.u_conv/weight_rom_addr_reg[7]_rep__2_i_1/O
                         net (fo=1, routed)           1.040     8.121    design_1_i/animalnet_axi_lite_0/inst/u_animalnet_top/u_conv14_n_45
    SLICE_X43Y164        LDCE                                         r  design_1_i/animalnet_axi_lite_0/inst/u_animalnet_top/weight_rom_addr_reg[7]_rep__2/D
  -------------------------------------------------------------------    -------------------

Slack:                    inf
  Source:                 design_1_i/animalnet_axi_lite_0/inst/u_animalnet_top/FSM_sequential_state_reg[2]/C
                            (rising edge-triggered cell FDRE clocked by clk_pl_0  {rise@0.000ns fall@4.681ns period=9.361ns})
  Destination:            design_1_i/animalnet_axi_lite_0/inst/u_animalnet_top/weight_rom_addr_reg[0]_rep__2/D
  Path Group:             (none)
  Path Type:              Max at Slow Process Corner
  Data Path Delay:        5.095ns  (logic 0.780ns (15.308%)  route 4.315ns (84.692%))
  Logic Levels:           4  (LUT5=1 LUT6=3)
  Clock Uncertainty:      0.158ns  ((TSJ^2 + DJ^2)^1/2) / 2 + PE
    Total System Jitter     (TSJ):    0.050ns
    Discrete Jitter          (DJ):    0.312ns
    Phase Error              (PE):    0.000ns
  Clock Net Delay (Source):      2.996ns (routing 1.681ns, distribution 1.315ns)

    Location             Delay type                Incr(ns)  Path(ns)    Netlist Resource(s)
  -------------------------------------------------------------------    -------------------
                         (clock clk_pl_0 rise edge)
                                                      0.000     0.000 r  
    BUFG_PS_X0Y90        BUFG_PS                      0.000     0.000 r  design_1_i/zynq_ultra_ps_e_0/inst/buffer_pl_clk_0.PL_CLK_0_BUFG/O
    X1Y1 (CLOCK_ROOT)    net (fo=6239, routed)        2.996     2.996    design_1_i/animalnet_axi_lite_0/inst/u_animalnet_top/S_AXI_ACLK
    SLICE_X33Y96         FDRE                                         r  design_1_i/animalnet_axi_lite_0/inst/u_animalnet_top/FSM_sequential_state_reg[2]/C
  -------------------------------------------------------------------    -------------------
    SLICE_X33Y96         FDRE (Prop_HFF_SLICEL_C_Q)
                                                      0.113     3.109 f  design_1_i/animalnet_axi_lite_0/inst/u_animalnet_top/FSM_sequential_state_reg[2]/Q
                         net (fo=108, routed)         1.106     4.215    design_1_i/animalnet_axi_lite_0/inst/u_animalnet_top/u_act_a/Q[2]
    SLICE_X45Y78         LUT5 (Prop_D5LUT_SLICEM_I0_O)
                                                      0.220     4.435 r  design_1_i/animalnet_axi_lite_0/inst/u_animalnet_top/u_act_a/gen_inferred_ultra.mem_reg_uram_0_i_45/O
                         net (fo=50, routed)          1.244     5.679    design_1_i/animalnet_axi_lite_0/inst/u_animalnet_top/u_conv0/gen_regular.u_conv/gen_inferred_ultra.lane_d0_reg[1]
    SLICE_X37Y64         LUT6 (Prop_H6LUT_SLICEM_I0_O)
                                                      0.228     5.907 r  design_1_i/animalnet_axi_lite_0/inst/u_animalnet_top/u_conv0/gen_regular.u_conv/weight_rom_addr_reg[0]_i_6/O
                         net (fo=1, routed)           0.488     6.395    design_1_i/animalnet_axi_lite_0/inst/u_animalnet_top/u_conv3/gen_depthwise.u_conv/weight_rom_addr_reg[0]_rep__3_i_1_0
    SLICE_X38Y77         LUT6 (Prop_H6LUT_SLICEM_I2_O)
                                                      0.138     6.533 r  design_1_i/animalnet_axi_lite_0/inst/u_animalnet_top/u_conv3/gen_depthwise.u_conv/weight_rom_addr_reg[0]_i_4/O
                         net (fo=6, routed)           0.459     6.992    design_1_i/animalnet_axi_lite_0/inst/u_animalnet_top/u_linear/gen_bram.mem_reg_bram_15_1
    SLICE_X42Y88         LUT6 (Prop_C6LUT_SLICEL_I3_O)
                                                      0.081     7.073 r  design_1_i/animalnet_axi_lite_0/inst/u_animalnet_top/u_linear/weight_rom_addr_reg[0]_rep__2_i_1/O
                         net (fo=1, routed)           1.018     8.091    design_1_i/animalnet_axi_lite_0/inst/u_animalnet_top/u_linear_n_9
    SLICE_X42Y164        LDCE                                         r  design_1_i/animalnet_axi_lite_0/inst/u_animalnet_top/weight_rom_addr_reg[0]_rep__2/D
  -------------------------------------------------------------------    -------------------

Slack:                    inf
  Source:                 design_1_i/animalnet_axi_lite_0/inst/u_animalnet_top/FSM_sequential_state_reg[2]/C
                            (rising edge-triggered cell FDRE clocked by clk_pl_0  {rise@0.000ns fall@4.681ns period=9.361ns})
  Destination:            design_1_i/animalnet_axi_lite_0/inst/u_animalnet_top/weight_rom_addr_reg[3]_rep__2/D
  Path Group:             (none)
  Path Type:              Max at Slow Process Corner
  Data Path Delay:        5.048ns  (logic 0.658ns (13.036%)  route 4.390ns (86.964%))
  Logic Levels:           4  (LUT5=1 LUT6=3)
  Clock Uncertainty:      0.158ns  ((TSJ^2 + DJ^2)^1/2) / 2 + PE
    Total System Jitter     (TSJ):    0.050ns
    Discrete Jitter          (DJ):    0.312ns
    Phase Error              (PE):    0.000ns
  Clock Net Delay (Source):      2.996ns (routing 1.681ns, distribution 1.315ns)

    Location             Delay type                Incr(ns)  Path(ns)    Netlist Resource(s)
  -------------------------------------------------------------------    -------------------
                         (clock clk_pl_0 rise edge)
                                                      0.000     0.000 r  
    BUFG_PS_X0Y90        BUFG_PS                      0.000     0.000 r  design_1_i/zynq_ultra_ps_e_0/inst/buffer_pl_clk_0.PL_CLK_0_BUFG/O
    X1Y1 (CLOCK_ROOT)    net (fo=6239, routed)        2.996     2.996    design_1_i/animalnet_axi_lite_0/inst/u_animalnet_top/S_AXI_ACLK
    SLICE_X33Y96         FDRE                                         r  design_1_i/animalnet_axi_lite_0/inst/u_animalnet_top/FSM_sequential_state_reg[2]/C
  -------------------------------------------------------------------    -------------------
    SLICE_X33Y96         FDRE (Prop_HFF_SLICEL_C_Q)
                                                      0.113     3.109 f  design_1_i/animalnet_axi_lite_0/inst/u_animalnet_top/FSM_sequential_state_reg[2]/Q
                         net (fo=108, routed)         1.106     4.215    design_1_i/animalnet_axi_lite_0/inst/u_animalnet_top/u_act_a/Q[2]
    SLICE_X45Y78         LUT5 (Prop_D5LUT_SLICEM_I0_O)
                                                      0.220     4.435 r  design_1_i/animalnet_axi_lite_0/inst/u_animalnet_top/u_act_a/gen_inferred_ultra.mem_reg_uram_0_i_45/O
                         net (fo=50, routed)          0.838     5.272    design_1_i/animalnet_axi_lite_0/inst/u_animalnet_top/u_conv0/gen_regular.u_conv/gen_inferred_ultra.lane_d0_reg[1]
    SLICE_X39Y68         LUT6 (Prop_H6LUT_SLICEL_I0_O)
                                                      0.188     5.460 r  design_1_i/animalnet_axi_lite_0/inst/u_animalnet_top/u_conv0/gen_regular.u_conv/weight_rom_addr_reg[3]_i_11/O
                         net (fo=1, routed)           0.451     5.911    design_1_i/animalnet_axi_lite_0/inst/u_animalnet_top/u_conv0/gen_regular.u_conv/weight_rom_addr_reg[3]_i_11_n_0
    SLICE_X37Y76         LUT6 (Prop_G6LUT_SLICEM_I0_O)
                                                      0.057     5.968 r  design_1_i/animalnet_axi_lite_0/inst/u_animalnet_top/u_conv0/gen_regular.u_conv/weight_rom_addr_reg[3]_i_4/O
                         net (fo=6, routed)           1.005     6.973    design_1_i/animalnet_axi_lite_0/inst/u_animalnet_top/u_conv14/gen_regular.u_conv/gen_bram.mem_reg_bram_48_14
    SLICE_X43Y89         LUT6 (Prop_F6LUT_SLICEM_I2_O)
                                                      0.080     7.053 r  design_1_i/animalnet_axi_lite_0/inst/u_animalnet_top/u_conv14/gen_regular.u_conv/weight_rom_addr_reg[3]_rep__2_i_1/O
                         net (fo=1, routed)           0.990     8.043    design_1_i/animalnet_axi_lite_0/inst/u_animalnet_top/u_conv14_n_60
    SLICE_X43Y159        LDCE                                         r  design_1_i/animalnet_axi_lite_0/inst/u_animalnet_top/weight_rom_addr_reg[3]_rep__2/D
  -------------------------------------------------------------------    -------------------

Slack:                    inf
  Source:                 design_1_i/animalnet_axi_lite_0/inst/u_animalnet_top/FSM_sequential_state_reg[3]/C
                            (rising edge-triggered cell FDRE clocked by clk_pl_0  {rise@0.000ns fall@4.681ns period=9.361ns})
  Destination:            design_1_i/animalnet_axi_lite_0/inst/u_animalnet_top/weight_rom_addr_reg[11]_rep__2/D
  Path Group:             (none)
  Path Type:              Max at Slow Process Corner
  Data Path Delay:        5.057ns  (logic 0.794ns (15.700%)  route 4.263ns (84.300%))
  Logic Levels:           3  (LUT5=1 LUT6=2)
  Clock Uncertainty:      0.158ns  ((TSJ^2 + DJ^2)^1/2) / 2 + PE
    Total System Jitter     (TSJ):    0.050ns
    Discrete Jitter          (DJ):    0.312ns
    Phase Error              (PE):    0.000ns
  Clock Net Delay (Source):      2.979ns (routing 1.681ns, distribution 1.298ns)

    Location             Delay type                Incr(ns)  Path(ns)    Netlist Resource(s)
  -------------------------------------------------------------------    -------------------
                         (clock clk_pl_0 rise edge)
                                                      0.000     0.000 r  
    BUFG_PS_X0Y90        BUFG_PS                      0.000     0.000 r  design_1_i/zynq_ultra_ps_e_0/inst/buffer_pl_clk_0.PL_CLK_0_BUFG/O
    X1Y1 (CLOCK_ROOT)    net (fo=6239, routed)        2.979     2.979    design_1_i/animalnet_axi_lite_0/inst/u_animalnet_top/S_AXI_ACLK
    SLICE_X34Y96         FDRE                                         r  design_1_i/animalnet_axi_lite_0/inst/u_animalnet_top/FSM_sequential_state_reg[3]/C
  -------------------------------------------------------------------    -------------------
    SLICE_X34Y96         FDRE (Prop_DFF_SLICEM_C_Q)
                                                      0.116     3.095 r  design_1_i/animalnet_axi_lite_0/inst/u_animalnet_top/FSM_sequential_state_reg[3]/Q
                         net (fo=80, routed)          1.410     4.505    design_1_i/animalnet_axi_lite_0/inst/u_animalnet_top/u_act_a/Q[3]
    SLICE_X50Y104        LUT5 (Prop_H6LUT_SLICEL_I1_O)
                                                      0.227     4.732 r  design_1_i/animalnet_axi_lite_0/inst/u_animalnet_top/u_act_a/bias_rom_addr_reg[10]_i_6/O
                         net (fo=74, routed)          1.142     5.874    design_1_i/animalnet_axi_lite_0/inst/u_animalnet_top/u_conv6/gen_regular.u_conv/weight_rom_addr_reg[11]_i_1_1
    SLICE_X39Y91         LUT6 (Prop_H6LUT_SLICEL_I5_O)
                                                      0.227     6.101 r  design_1_i/animalnet_axi_lite_0/inst/u_animalnet_top/u_conv6/gen_regular.u_conv/weight_rom_addr_reg[11]_i_7/O
                         net (fo=6, routed)           0.714     6.814    design_1_i/animalnet_axi_lite_0/inst/u_animalnet_top/u_conv14/gen_regular.u_conv/gen_bram.mem_reg_bram_48_3
    SLICE_X46Y93         LUT6 (Prop_F6LUT_SLICEL_I5_O)
                                                      0.224     7.038 r  design_1_i/animalnet_axi_lite_0/inst/u_animalnet_top/u_conv14/gen_regular.u_conv/weight_rom_addr_reg[11]_rep__2_i_1/O
                         net (fo=1, routed)           0.998     8.036    design_1_i/animalnet_axi_lite_0/inst/u_animalnet_top/u_conv14_n_35
    SLICE_X46Y164        LDCE                                         r  design_1_i/animalnet_axi_lite_0/inst/u_animalnet_top/weight_rom_addr_reg[11]_rep__2/D
  -------------------------------------------------------------------    -------------------

Slack:                    inf
  Source:                 design_1_i/animalnet_axi_lite_0/inst/u_animalnet_top/FSM_sequential_state_reg[2]/C
                            (rising edge-triggered cell FDRE clocked by clk_pl_0  {rise@0.000ns fall@4.681ns period=9.361ns})
  Destination:            design_1_i/animalnet_axi_lite_0/inst/u_animalnet_top/weight_rom_addr_reg[5]_rep__2/D
  Path Group:             (none)
  Path Type:              Max at Slow Process Corner
  Data Path Delay:        4.950ns  (logic 0.709ns (14.324%)  route 4.241ns (85.676%))
  Logic Levels:           4  (LUT5=1 LUT6=3)
  Clock Uncertainty:      0.158ns  ((TSJ^2 + DJ^2)^1/2) / 2 + PE
    Total System Jitter     (TSJ):    0.050ns
    Discrete Jitter          (DJ):    0.312ns
    Phase Error              (PE):    0.000ns
  Clock Net Delay (Source):      2.996ns (routing 1.681ns, distribution 1.315ns)

    Location             Delay type                Incr(ns)  Path(ns)    Netlist Resource(s)
  -------------------------------------------------------------------    -------------------
                         (clock clk_pl_0 rise edge)
                                                      0.000     0.000 r  
    BUFG_PS_X0Y90        BUFG_PS                      0.000     0.000 r  design_1_i/zynq_ultra_ps_e_0/inst/buffer_pl_clk_0.PL_CLK_0_BUFG/O
    X1Y1 (CLOCK_ROOT)    net (fo=6239, routed)        2.996     2.996    design_1_i/animalnet_axi_lite_0/inst/u_animalnet_top/S_AXI_ACLK
    SLICE_X33Y96         FDRE                                         r  design_1_i/animalnet_axi_lite_0/inst/u_animalnet_top/FSM_sequential_state_reg[2]/C
  -------------------------------------------------------------------    -------------------
    SLICE_X33Y96         FDRE (Prop_HFF_SLICEL_C_Q)
                                                      0.113     3.109 f  design_1_i/animalnet_axi_lite_0/inst/u_animalnet_top/FSM_sequential_state_reg[2]/Q
                         net (fo=108, routed)         1.106     4.215    design_1_i/animalnet_axi_lite_0/inst/u_animalnet_top/u_act_a/Q[2]
    SLICE_X45Y78         LUT5 (Prop_D5LUT_SLICEM_I0_O)
                                                      0.220     4.435 r  design_1_i/animalnet_axi_lite_0/inst/u_animalnet_top/u_act_a/gen_inferred_ultra.mem_reg_uram_0_i_45/O
                         net (fo=50, routed)          1.350     5.784    design_1_i/animalnet_axi_lite_0/inst/u_animalnet_top/u_conv0/gen_regular.u_conv/gen_inferred_ultra.lane_d0_reg[1]
    SLICE_X37Y69         LUT6 (Prop_D6LUT_SLICEM_I0_O)
                                                      0.134     5.918 r  design_1_i/animalnet_axi_lite_0/inst/u_animalnet_top/u_conv0/gen_regular.u_conv/weight_rom_addr_reg[5]_i_12/O
                         net (fo=1, routed)           0.345     6.263    design_1_i/animalnet_axi_lite_0/inst/u_animalnet_top/u_conv0/gen_regular.u_conv/weight_rom_addr_reg[5]_i_12_n_0
    SLICE_X37Y76         LUT6 (Prop_F6LUT_SLICEM_I0_O)
                                                      0.186     6.449 r  design_1_i/animalnet_axi_lite_0/inst/u_animalnet_top/u_conv0/gen_regular.u_conv/weight_rom_addr_reg[5]_i_4/O
                         net (fo=6, routed)           0.325     6.774    design_1_i/animalnet_axi_lite_0/inst/u_animalnet_top/u_conv14/gen_regular.u_conv/gen_bram.mem_reg_bram_48_22
    SLICE_X39Y88         LUT6 (Prop_F6LUT_SLICEL_I2_O)
                                                      0.056     6.830 r  design_1_i/animalnet_axi_lite_0/inst/u_animalnet_top/u_conv14/gen_regular.u_conv/weight_rom_addr_reg[5]_rep__2_i_1/O
                         net (fo=1, routed)           1.115     7.945    design_1_i/animalnet_axi_lite_0/inst/u_animalnet_top/u_conv14_n_75
    SLICE_X39Y164        LDCE                                         r  design_1_i/animalnet_axi_lite_0/inst/u_animalnet_top/weight_rom_addr_reg[5]_rep__2/D
  -------------------------------------------------------------------    -------------------

Slack:                    inf
  Source:                 design_1_i/animalnet_axi_lite_0/inst/u_animalnet_top/FSM_sequential_state_reg[2]/C
                            (rising edge-triggered cell FDRE clocked by clk_pl_0  {rise@0.000ns fall@4.681ns period=9.361ns})
  Destination:            design_1_i/animalnet_axi_lite_0/inst/u_animalnet_top/weight_rom_addr_reg[5]_rep__3/D
  Path Group:             (none)
  Path Type:              Max at Slow Process Corner
  Data Path Delay:        4.939ns  (logic 0.710ns (14.376%)  route 4.229ns (85.624%))
  Logic Levels:           4  (LUT5=1 LUT6=3)
  Clock Uncertainty:      0.158ns  ((TSJ^2 + DJ^2)^1/2) / 2 + PE
    Total System Jitter     (TSJ):    0.050ns
    Discrete Jitter          (DJ):    0.312ns
    Phase Error              (PE):    0.000ns
  Clock Net Delay (Source):      2.996ns (routing 1.681ns, distribution 1.315ns)

    Location             Delay type                Incr(ns)  Path(ns)    Netlist Resource(s)
  -------------------------------------------------------------------    -------------------
                         (clock clk_pl_0 rise edge)
                                                      0.000     0.000 r  
    BUFG_PS_X0Y90        BUFG_PS                      0.000     0.000 r  design_1_i/zynq_ultra_ps_e_0/inst/buffer_pl_clk_0.PL_CLK_0_BUFG/O
    X1Y1 (CLOCK_ROOT)    net (fo=6239, routed)        2.996     2.996    design_1_i/animalnet_axi_lite_0/inst/u_animalnet_top/S_AXI_ACLK
    SLICE_X33Y96         FDRE                                         r  design_1_i/animalnet_axi_lite_0/inst/u_animalnet_top/FSM_sequential_state_reg[2]/C
  -------------------------------------------------------------------    -------------------
    SLICE_X33Y96         FDRE (Prop_HFF_SLICEL_C_Q)
                                                      0.113     3.109 f  design_1_i/animalnet_axi_lite_0/inst/u_animalnet_top/FSM_sequential_state_reg[2]/Q
                         net (fo=108, routed)         1.106     4.215    design_1_i/animalnet_axi_lite_0/inst/u_animalnet_top/u_act_a/Q[2]
    SLICE_X45Y78         LUT5 (Prop_D5LUT_SLICEM_I0_O)
                                                      0.220     4.435 r  design_1_i/animalnet_axi_lite_0/inst/u_animalnet_top/u_act_a/gen_inferred_ultra.mem_reg_uram_0_i_45/O
                         net (fo=50, routed)          1.350     5.784    design_1_i/animalnet_axi_lite_0/inst/u_animalnet_top/u_conv0/gen_regular.u_conv/gen_inferred_ultra.lane_d0_reg[1]
    SLICE_X37Y69         LUT6 (Prop_D6LUT_SLICEM_I0_O)
                                                      0.134     5.918 r  design_1_i/animalnet_axi_lite_0/inst/u_animalnet_top/u_conv0/gen_regular.u_conv/weight_rom_addr_reg[5]_i_12/O
                         net (fo=1, routed)           0.345     6.263    design_1_i/animalnet_axi_lite_0/inst/u_animalnet_top/u_conv0/gen_regular.u_conv/weight_rom_addr_reg[5]_i_12_n_0
    SLICE_X37Y76         LUT6 (Prop_F6LUT_SLICEM_I0_O)
                                                      0.186     6.449 r  design_1_i/animalnet_axi_lite_0/inst/u_animalnet_top/u_conv0/gen_regular.u_conv/weight_rom_addr_reg[5]_i_4/O
                         net (fo=6, routed)           0.327     6.776    design_1_i/animalnet_axi_lite_0/inst/u_animalnet_top/u_conv14/gen_regular.u_conv/gen_bram.mem_reg_bram_48_22
    SLICE_X39Y88         LUT6 (Prop_E6LUT_SLICEL_I2_O)
                                                      0.057     6.833 r  design_1_i/animalnet_axi_lite_0/inst/u_animalnet_top/u_conv14/gen_regular.u_conv/weight_rom_addr_reg[5]_rep__3_i_1/O
                         net (fo=1, routed)           1.101     7.934    design_1_i/animalnet_axi_lite_0/inst/u_animalnet_top/u_conv14_n_76
    SLICE_X47Y89         LDCE                                         r  design_1_i/animalnet_axi_lite_0/inst/u_animalnet_top/weight_rom_addr_reg[5]_rep__3/D
  -------------------------------------------------------------------    -------------------

Slack:                    inf
  Source:                 design_1_i/animalnet_axi_lite_0/inst/u_animalnet_top/FSM_sequential_state_reg[2]/C
                            (rising edge-triggered cell FDRE clocked by clk_pl_0  {rise@0.000ns fall@4.681ns period=9.361ns})
  Destination:            design_1_i/animalnet_axi_lite_0/inst/u_animalnet_top/weight_rom_addr_reg[7]_rep__3/D
  Path Group:             (none)
  Path Type:              Max at Slow Process Corner
  Data Path Delay:        4.905ns  (logic 0.778ns (15.862%)  route 4.127ns (84.138%))
  Logic Levels:           4  (LUT5=1 LUT6=3)
  Clock Uncertainty:      0.158ns  ((TSJ^2 + DJ^2)^1/2) / 2 + PE
    Total System Jitter     (TSJ):    0.050ns
    Discrete Jitter          (DJ):    0.312ns
    Phase Error              (PE):    0.000ns
  Clock Net Delay (Source):      2.996ns (routing 1.681ns, distribution 1.315ns)

    Location             Delay type                Incr(ns)  Path(ns)    Netlist Resource(s)
  -------------------------------------------------------------------    -------------------
                         (clock clk_pl_0 rise edge)
                                                      0.000     0.000 r  
    BUFG_PS_X0Y90        BUFG_PS                      0.000     0.000 r  design_1_i/zynq_ultra_ps_e_0/inst/buffer_pl_clk_0.PL_CLK_0_BUFG/O
    X1Y1 (CLOCK_ROOT)    net (fo=6239, routed)        2.996     2.996    design_1_i/animalnet_axi_lite_0/inst/u_animalnet_top/S_AXI_ACLK
    SLICE_X33Y96         FDRE                                         r  design_1_i/animalnet_axi_lite_0/inst/u_animalnet_top/FSM_sequential_state_reg[2]/C
  -------------------------------------------------------------------    -------------------
    SLICE_X33Y96         FDRE (Prop_HFF_SLICEL_C_Q)
                                                      0.113     3.109 f  design_1_i/animalnet_axi_lite_0/inst/u_animalnet_top/FSM_sequential_state_reg[2]/Q
                         net (fo=108, routed)         1.106     4.215    design_1_i/animalnet_axi_lite_0/inst/u_animalnet_top/u_act_a/Q[2]
    SLICE_X45Y78         LUT5 (Prop_D5LUT_SLICEM_I0_O)
                                                      0.220     4.435 r  design_1_i/animalnet_axi_lite_0/inst/u_animalnet_top/u_act_a/gen_inferred_ultra.mem_reg_uram_0_i_45/O
                         net (fo=50, routed)          1.378     5.812    design_1_i/animalnet_axi_lite_0/inst/u_animalnet_top/u_conv0/gen_regular.u_conv/gen_inferred_ultra.lane_d0_reg[1]
    SLICE_X37Y69         LUT6 (Prop_H6LUT_SLICEM_I0_O)
                                                      0.228     6.040 r  design_1_i/animalnet_axi_lite_0/inst/u_animalnet_top/u_conv0/gen_regular.u_conv/weight_rom_addr_reg[7]_i_12/O
                         net (fo=1, routed)           0.392     6.432    design_1_i/animalnet_axi_lite_0/inst/u_animalnet_top/u_conv0/gen_regular.u_conv/weight_rom_addr_reg[7]_i_12_n_0
    SLICE_X38Y76         LUT6 (Prop_C6LUT_SLICEM_I0_O)
                                                      0.080     6.512 r  design_1_i/animalnet_axi_lite_0/inst/u_animalnet_top/u_conv0/gen_regular.u_conv/weight_rom_addr_reg[7]_i_4/O
                         net (fo=6, routed)           0.513     7.026    design_1_i/animalnet_axi_lite_0/inst/u_animalnet_top/u_conv14/gen_regular.u_conv/gen_bram.mem_reg_bram_48_30
    SLICE_X43Y88         LUT6 (Prop_B6LUT_SLICEM_I2_O)
                                                      0.137     7.163 r  design_1_i/animalnet_axi_lite_0/inst/u_animalnet_top/u_conv14/gen_regular.u_conv/weight_rom_addr_reg[7]_rep__3_i_1/O
                         net (fo=1, routed)           0.738     7.901    design_1_i/animalnet_axi_lite_0/inst/u_animalnet_top/u_conv14_n_46
    SLICE_X47Y89         LDCE                                         r  design_1_i/animalnet_axi_lite_0/inst/u_animalnet_top/weight_rom_addr_reg[7]_rep__3/D
  -------------------------------------------------------------------    -------------------

Slack:                    inf
  Source:                 design_1_i/animalnet_axi_lite_0/inst/u_animalnet_top/FSM_sequential_state_reg[2]/C
                            (rising edge-triggered cell FDRE clocked by clk_pl_0  {rise@0.000ns fall@4.681ns period=9.361ns})
  Destination:            design_1_i/animalnet_axi_lite_0/inst/u_animalnet_top/weight_rom_addr_reg[3]_rep__0/D
  Path Group:             (none)
  Path Type:              Max at Slow Process Corner
  Data Path Delay:        4.889ns  (logic 0.802ns (16.406%)  route 4.087ns (83.594%))
  Logic Levels:           4  (LUT5=1 LUT6=3)
  Clock Uncertainty:      0.158ns  ((TSJ^2 + DJ^2)^1/2) / 2 + PE
    Total System Jitter     (TSJ):    0.050ns
    Discrete Jitter          (DJ):    0.312ns
    Phase Error              (PE):    0.000ns
  Clock Net Delay (Source):      2.996ns (routing 1.681ns, distribution 1.315ns)

    Location             Delay type                Incr(ns)  Path(ns)    Netlist Resource(s)
  -------------------------------------------------------------------    -------------------
                         (clock clk_pl_0 rise edge)
                                                      0.000     0.000 r  
    BUFG_PS_X0Y90        BUFG_PS                      0.000     0.000 r  design_1_i/zynq_ultra_ps_e_0/inst/buffer_pl_clk_0.PL_CLK_0_BUFG/O
    X1Y1 (CLOCK_ROOT)    net (fo=6239, routed)        2.996     2.996    design_1_i/animalnet_axi_lite_0/inst/u_animalnet_top/S_AXI_ACLK
    SLICE_X33Y96         FDRE                                         r  design_1_i/animalnet_axi_lite_0/inst/u_animalnet_top/FSM_sequential_state_reg[2]/C
  -------------------------------------------------------------------    -------------------
    SLICE_X33Y96         FDRE (Prop_HFF_SLICEL_C_Q)
                                                      0.113     3.109 f  design_1_i/animalnet_axi_lite_0/inst/u_animalnet_top/FSM_sequential_state_reg[2]/Q
                         net (fo=108, routed)         1.106     4.215    design_1_i/animalnet_axi_lite_0/inst/u_animalnet_top/u_act_a/Q[2]
    SLICE_X45Y78         LUT5 (Prop_D5LUT_SLICEM_I0_O)
                                                      0.220     4.435 r  design_1_i/animalnet_axi_lite_0/inst/u_animalnet_top/u_act_a/gen_inferred_ultra.mem_reg_uram_0_i_45/O
                         net (fo=50, routed)          0.838     5.272    design_1_i/animalnet_axi_lite_0/inst/u_animalnet_top/u_conv0/gen_regular.u_conv/gen_inferred_ultra.lane_d0_reg[1]
    SLICE_X39Y68         LUT6 (Prop_H6LUT_SLICEL_I0_O)
                                                      0.188     5.460 r  design_1_i/animalnet_axi_lite_0/inst/u_animalnet_top/u_conv0/gen_regular.u_conv/weight_rom_addr_reg[3]_i_11/O
                         net (fo=1, routed)           0.451     5.911    design_1_i/animalnet_axi_lite_0/inst/u_animalnet_top/u_conv0/gen_regular.u_conv/weight_rom_addr_reg[3]_i_11_n_0
    SLICE_X37Y76         LUT6 (Prop_G6LUT_SLICEM_I0_O)
                                                      0.057     5.968 r  design_1_i/animalnet_axi_lite_0/inst/u_animalnet_top/u_conv0/gen_regular.u_conv/weight_rom_addr_reg[3]_i_4/O
                         net (fo=6, routed)           1.082     7.050    design_1_i/animalnet_axi_lite_0/inst/u_animalnet_top/u_conv14/gen_regular.u_conv/gen_bram.mem_reg_bram_48_14
    SLICE_X43Y86         LUT6 (Prop_F6LUT_SLICEM_I2_O)
                                                      0.224     7.274 r  design_1_i/animalnet_axi_lite_0/inst/u_animalnet_top/u_conv14/gen_regular.u_conv/weight_rom_addr_reg[3]_rep__0_i_1/O
                         net (fo=1, routed)           0.610     7.884    design_1_i/animalnet_axi_lite_0/inst/u_animalnet_top/u_conv14_n_58
    SLICE_X43Y72         LDCE                                         r  design_1_i/animalnet_axi_lite_0/inst/u_animalnet_top/weight_rom_addr_reg[3]_rep__0/D
  -------------------------------------------------------------------    -------------------





Min Delay Paths
--------------------------------------------------------------------------------------
Slack:                    inf
  Source:                 design_1_i/animalnet_axi_lite_0/inst/u_animalnet_top/u_conv10/gen_regular.u_conv/weight_addr_reg[9]/C
                            (rising edge-triggered cell FDRE clocked by clk_pl_0  {rise@0.000ns fall@4.681ns period=9.361ns})
  Destination:            design_1_i/animalnet_axi_lite_0/inst/u_animalnet_top/weight_rom_addr_reg[11]_rep/D
  Path Group:             (none)
  Path Type:              Min at Fast Process Corner
  Data Path Delay:        0.399ns  (logic 0.179ns (44.913%)  route 0.220ns (55.087%))
  Logic Levels:           3  (LUT6=3)
  Clock Uncertainty:      0.158ns  ((TSJ^2 + DJ^2)^1/2) / 2 + PE
    Total System Jitter     (TSJ):    0.050ns
    Discrete Jitter          (DJ):    0.312ns
    Phase Error              (PE):    0.000ns
  Clock Net Delay (Source):      1.638ns (routing 0.940ns, distribution 0.698ns)

    Location             Delay type                Incr(ns)  Path(ns)    Netlist Resource(s)
  -------------------------------------------------------------------    -------------------
                         (clock clk_pl_0 rise edge)
                                                      0.000     0.000 r  
    BUFG_PS_X0Y90        BUFG_PS                      0.000     0.000 r  design_1_i/zynq_ultra_ps_e_0/inst/buffer_pl_clk_0.PL_CLK_0_BUFG/O
    X1Y1 (CLOCK_ROOT)    net (fo=6239, routed)        1.638     1.638    design_1_i/animalnet_axi_lite_0/inst/u_animalnet_top/u_conv10/gen_regular.u_conv/S_AXI_ACLK
    SLICE_X35Y92         FDRE                                         r  design_1_i/animalnet_axi_lite_0/inst/u_animalnet_top/u_conv10/gen_regular.u_conv/weight_addr_reg[9]/C
  -------------------------------------------------------------------    -------------------
    SLICE_X35Y92         FDRE (Prop_BFF_SLICEM_C_Q)
                                                      0.082     1.720 r  design_1_i/animalnet_axi_lite_0/inst/u_animalnet_top/u_conv10/gen_regular.u_conv/weight_addr_reg[9]/Q
                         net (fo=6, routed)           0.101     1.821    design_1_i/animalnet_axi_lite_0/inst/u_animalnet_top/u_conv10/gen_regular.u_conv/conv10_weight_addr[9]
    SLICE_X38Y91         LUT6 (Prop_H6LUT_SLICEM_I0_O)
                                                      0.021     1.842 r  design_1_i/animalnet_axi_lite_0/inst/u_animalnet_top/u_conv10/gen_regular.u_conv/weight_rom_addr_reg[11]_i_17/O
                         net (fo=1, routed)           0.042     1.884    design_1_i/animalnet_axi_lite_0/inst/u_animalnet_top/u_conv6/gen_regular.u_conv/weight_rom_addr_reg[11]_i_1
    SLICE_X39Y91         LUT6 (Prop_H6LUT_SLICEL_I3_O)
                                                      0.038     1.922 r  design_1_i/animalnet_axi_lite_0/inst/u_animalnet_top/u_conv6/gen_regular.u_conv/weight_rom_addr_reg[11]_i_7/O
                         net (fo=6, routed)           0.059     1.982    design_1_i/animalnet_axi_lite_0/inst/u_animalnet_top/u_conv14/gen_regular.u_conv/gen_bram.mem_reg_bram_48_3
    SLICE_X39Y93         LUT6 (Prop_H6LUT_SLICEL_I5_O)
                                                      0.038     2.020 r  design_1_i/animalnet_axi_lite_0/inst/u_animalnet_top/u_conv14/gen_regular.u_conv/weight_rom_addr_reg[11]_rep_i_1/O
                         net (fo=1, routed)           0.017     2.037    design_1_i/animalnet_axi_lite_0/inst/u_animalnet_top/u_conv14_n_32
    SLICE_X39Y93         LDCE                                         r  design_1_i/animalnet_axi_lite_0/inst/u_animalnet_top/weight_rom_addr_reg[11]_rep/D
  -------------------------------------------------------------------    -------------------

Slack:                    inf
  Source:                 design_1_i/animalnet_axi_lite_0/inst/u_animalnet_top/FSM_sequential_state_reg[4]/C
                            (rising edge-triggered cell FDRE clocked by clk_pl_0  {rise@0.000ns fall@4.681ns period=9.361ns})
  Destination:            design_1_i/animalnet_axi_lite_0/inst/u_animalnet_top/weight_rom_addr_reg[14]/D
  Path Group:             (none)
  Path Type:              Min at Fast Process Corner
  Data Path Delay:        0.402ns  (logic 0.143ns (35.551%)  route 0.259ns (64.449%))
  Logic Levels:           2  (LUT6=2)
  Clock Uncertainty:      0.158ns  ((TSJ^2 + DJ^2)^1/2) / 2 + PE
    Total System Jitter     (TSJ):    0.050ns
    Discrete Jitter          (DJ):    0.312ns
    Phase Error              (PE):    0.000ns
  Clock Net Delay (Source):      1.638ns (routing 0.940ns, distribution 0.698ns)

    Location             Delay type                Incr(ns)  Path(ns)    Netlist Resource(s)
  -------------------------------------------------------------------    -------------------
                         (clock clk_pl_0 rise edge)
                                                      0.000     0.000 r  
    BUFG_PS_X0Y90        BUFG_PS                      0.000     0.000 r  design_1_i/zynq_ultra_ps_e_0/inst/buffer_pl_clk_0.PL_CLK_0_BUFG/O
    X1Y1 (CLOCK_ROOT)    net (fo=6239, routed)        1.638     1.638    design_1_i/animalnet_axi_lite_0/inst/u_animalnet_top/S_AXI_ACLK
    SLICE_X34Y96         FDRE                                         r  design_1_i/animalnet_axi_lite_0/inst/u_animalnet_top/FSM_sequential_state_reg[4]/C
  -------------------------------------------------------------------    -------------------
    SLICE_X34Y96         FDRE (Prop_DFF2_SLICEM_C_Q)
                                                      0.086     1.724 r  design_1_i/animalnet_axi_lite_0/inst/u_animalnet_top/FSM_sequential_state_reg[4]/Q
                         net (fo=93, routed)          0.151     1.875    design_1_i/animalnet_axi_lite_0/inst/u_animalnet_top/u_conv9/gen_depthwise.u_conv/Q[4]
    SLICE_X39Y94         LUT6 (Prop_F6LUT_SLICEL_I2_O)
                                                      0.037     1.912 r  design_1_i/animalnet_axi_lite_0/inst/u_animalnet_top/u_conv9/gen_depthwise.u_conv/weight_rom_addr_reg[14]_i_2/O
                         net (fo=1, routed)           0.021     1.933    design_1_i/animalnet_axi_lite_0/inst/u_animalnet_top/u_conv9/gen_depthwise.u_conv/weight_rom_addr_reg[14]_i_2_n_0
    SLICE_X39Y94         LUT6 (Prop_G6LUT_SLICEL_I0_O)
                                                      0.020     1.953 r  design_1_i/animalnet_axi_lite_0/inst/u_animalnet_top/u_conv9/gen_depthwise.u_conv/weight_rom_addr_reg[14]_i_1/O
                         net (fo=1, routed)           0.087     2.040    design_1_i/animalnet_axi_lite_0/inst/u_animalnet_top/weight_rom_addr[14]
    SLICE_X39Y94         LDCE                                         r  design_1_i/animalnet_axi_lite_0/inst/u_animalnet_top/weight_rom_addr_reg[14]/D
  -------------------------------------------------------------------    -------------------

Slack:                    inf
  Source:                 design_1_i/animalnet_axi_lite_0/inst/u_animalnet_top/u_conv8/gen_regular.u_conv/weight_addr_reg[0]/C
                            (rising edge-triggered cell FDRE clocked by clk_pl_0  {rise@0.000ns fall@4.681ns period=9.361ns})
  Destination:            design_1_i/animalnet_axi_lite_0/inst/u_animalnet_top/weight_rom_addr_reg[0]/D
  Path Group:             (none)
  Path Type:              Min at Fast Process Corner
  Data Path Delay:        0.370ns  (logic 0.179ns (48.385%)  route 0.191ns (51.615%))
  Logic Levels:           2  (LUT6=2)
  Clock Uncertainty:      0.158ns  ((TSJ^2 + DJ^2)^1/2) / 2 + PE
    Total System Jitter     (TSJ):    0.050ns
    Discrete Jitter          (DJ):    0.312ns
    Phase Error              (PE):    0.000ns
  Clock Net Delay (Source):      1.685ns (routing 0.940ns, distribution 0.745ns)

    Location             Delay type                Incr(ns)  Path(ns)    Netlist Resource(s)
  -------------------------------------------------------------------    -------------------
                         (clock clk_pl_0 rise edge)
                                                      0.000     0.000 r  
    BUFG_PS_X0Y90        BUFG_PS                      0.000     0.000 r  design_1_i/zynq_ultra_ps_e_0/inst/buffer_pl_clk_0.PL_CLK_0_BUFG/O
    X1Y1 (CLOCK_ROOT)    net (fo=6239, routed)        1.685     1.685    design_1_i/animalnet_axi_lite_0/inst/u_animalnet_top/u_conv8/gen_regular.u_conv/S_AXI_ACLK
    SLICE_X41Y86         FDRE                                         r  design_1_i/animalnet_axi_lite_0/inst/u_animalnet_top/u_conv8/gen_regular.u_conv/weight_addr_reg[0]/C
  -------------------------------------------------------------------    -------------------
    SLICE_X41Y86         FDRE (Prop_AFF_SLICEM_C_Q)
                                                      0.082     1.767 r  design_1_i/animalnet_axi_lite_0/inst/u_animalnet_top/u_conv8/gen_regular.u_conv/weight_addr_reg[0]/Q
                         net (fo=1, routed)           0.068     1.835    design_1_i/animalnet_axi_lite_0/inst/u_animalnet_top/u_conv10/gen_regular.u_conv/weight_rom_addr_reg[0]_rep__3_i_1[0]
    SLICE_X42Y88         LUT6 (Prop_H6LUT_SLICEL_I3_O)
                                                      0.077     1.912 r  design_1_i/animalnet_axi_lite_0/inst/u_animalnet_top/u_conv10/gen_regular.u_conv/weight_rom_addr_reg[0]_i_3/O
                         net (fo=6, routed)           0.025     1.936    design_1_i/animalnet_axi_lite_0/inst/u_animalnet_top/u_linear/gen_bram.mem_reg_bram_15_0
    SLICE_X42Y88         LUT6 (Prop_G6LUT_SLICEL_I2_O)
                                                      0.020     1.956 r  design_1_i/animalnet_axi_lite_0/inst/u_animalnet_top/u_linear/weight_rom_addr_reg[0]_i_1/O
                         net (fo=1, routed)           0.098     2.054    design_1_i/animalnet_axi_lite_0/inst/u_animalnet_top/weight_rom_addr[0]
    SLICE_X42Y82         LDCE                                         r  design_1_i/animalnet_axi_lite_0/inst/u_animalnet_top/weight_rom_addr_reg[0]/D
  -------------------------------------------------------------------    -------------------

Slack:                    inf
  Source:                 design_1_i/animalnet_axi_lite_0/inst/u_animalnet_top/FSM_sequential_state_reg[4]/C
                            (rising edge-triggered cell FDRE clocked by clk_pl_0  {rise@0.000ns fall@4.681ns period=9.361ns})
  Destination:            design_1_i/animalnet_axi_lite_0/inst/u_animalnet_top/bias_rom_addr_reg[1]/D
  Path Group:             (none)
  Path Type:              Min at Fast Process Corner
  Data Path Delay:        0.429ns  (logic 0.107ns (24.957%)  route 0.322ns (75.043%))
  Logic Levels:           1  (LUT6=1)
  Clock Uncertainty:      0.158ns  ((TSJ^2 + DJ^2)^1/2) / 2 + PE
    Total System Jitter     (TSJ):    0.050ns
    Discrete Jitter          (DJ):    0.312ns
    Phase Error              (PE):    0.000ns
  Clock Net Delay (Source):      1.638ns (routing 0.940ns, distribution 0.698ns)

    Location             Delay type                Incr(ns)  Path(ns)    Netlist Resource(s)
  -------------------------------------------------------------------    -------------------
                         (clock clk_pl_0 rise edge)
                                                      0.000     0.000 r  
    BUFG_PS_X0Y90        BUFG_PS                      0.000     0.000 r  design_1_i/zynq_ultra_ps_e_0/inst/buffer_pl_clk_0.PL_CLK_0_BUFG/O
    X1Y1 (CLOCK_ROOT)    net (fo=6239, routed)        1.638     1.638    design_1_i/animalnet_axi_lite_0/inst/u_animalnet_top/S_AXI_ACLK
    SLICE_X34Y96         FDRE                                         r  design_1_i/animalnet_axi_lite_0/inst/u_animalnet_top/FSM_sequential_state_reg[4]/C
  -------------------------------------------------------------------    -------------------
    SLICE_X34Y96         FDRE (Prop_DFF2_SLICEM_C_Q)
                                                      0.086     1.724 r  design_1_i/animalnet_axi_lite_0/inst/u_animalnet_top/FSM_sequential_state_reg[4]/Q
                         net (fo=93, routed)          0.150     1.873    design_1_i/animalnet_axi_lite_0/inst/u_animalnet_top/u_conv11/gen_depthwise.u_conv/gen_bram.mem_reg_bram_1_1[4]
    SLICE_X33Y99         LUT6 (Prop_C6LUT_SLICEL_I3_O)
                                                      0.021     1.894 r  design_1_i/animalnet_axi_lite_0/inst/u_animalnet_top/u_conv11/gen_depthwise.u_conv/bias_rom_addr_reg[1]_i_1/O
                         net (fo=1, routed)           0.172     2.066    design_1_i/animalnet_axi_lite_0/inst/u_animalnet_top/bias_rom_addr[1]
    SLICE_X29Y106        LDCE                                         r  design_1_i/animalnet_axi_lite_0/inst/u_animalnet_top/bias_rom_addr_reg[1]/D
  -------------------------------------------------------------------    -------------------

Slack:                    inf
  Source:                 design_1_i/animalnet_axi_lite_0/inst/u_animalnet_top/FSM_sequential_state_reg[0]/C
                            (rising edge-triggered cell FDRE clocked by clk_pl_0  {rise@0.000ns fall@4.681ns period=9.361ns})
  Destination:            design_1_i/animalnet_axi_lite_0/inst/u_animalnet_top/weight_rom_addr_reg[9]_rep/D
  Path Group:             (none)
  Path Type:              Min at Fast Process Corner
  Data Path Delay:        0.427ns  (logic 0.142ns (33.230%)  route 0.285ns (66.770%))
  Logic Levels:           2  (LUT5=1 LUT6=1)
  Clock Uncertainty:      0.158ns  ((TSJ^2 + DJ^2)^1/2) / 2 + PE
    Total System Jitter     (TSJ):    0.050ns
    Discrete Jitter          (DJ):    0.312ns
    Phase Error              (PE):    0.000ns
  Clock Net Delay (Source):      1.647ns (routing 0.940ns, distribution 0.707ns)

    Location             Delay type                Incr(ns)  Path(ns)    Netlist Resource(s)
  -------------------------------------------------------------------    -------------------
                         (clock clk_pl_0 rise edge)
                                                      0.000     0.000 r  
    BUFG_PS_X0Y90        BUFG_PS                      0.000     0.000 r  design_1_i/zynq_ultra_ps_e_0/inst/buffer_pl_clk_0.PL_CLK_0_BUFG/O
    X1Y1 (CLOCK_ROOT)    net (fo=6239, routed)        1.647     1.647    design_1_i/animalnet_axi_lite_0/inst/u_animalnet_top/S_AXI_ACLK
    SLICE_X39Y108        FDRE                                         r  design_1_i/animalnet_axi_lite_0/inst/u_animalnet_top/FSM_sequential_state_reg[0]/C
  -------------------------------------------------------------------    -------------------
    SLICE_X39Y108        FDRE (Prop_AFF_SLICEL_C_Q)
                                                      0.084     1.731 r  design_1_i/animalnet_axi_lite_0/inst/u_animalnet_top/FSM_sequential_state_reg[0]/Q
                         net (fo=115, routed)         0.183     1.914    design_1_i/animalnet_axi_lite_0/inst/u_animalnet_top/u_conv0/gen_regular.u_conv/weight_rom_addr_reg[9]_rep__3_i_1[0]
    SLICE_X37Y90         LUT5 (Prop_F6LUT_SLICEM_I4_O)
                                                      0.021     1.935 r  design_1_i/animalnet_axi_lite_0/inst/u_animalnet_top/u_conv0/gen_regular.u_conv/weight_rom_addr_reg[9]_i_6/O
                         net (fo=6, routed)           0.077     2.012    design_1_i/animalnet_axi_lite_0/inst/u_animalnet_top/u_linear/gen_bram.mem_reg_bram_15_7
    SLICE_X37Y91         LUT6 (Prop_C6LUT_SLICEM_I4_O)
                                                      0.037     2.049 r  design_1_i/animalnet_axi_lite_0/inst/u_animalnet_top/u_linear/weight_rom_addr_reg[9]_rep_i_1/O
                         net (fo=1, routed)           0.025     2.074    design_1_i/animalnet_axi_lite_0/inst/u_animalnet_top/u_linear_n_23
    SLICE_X37Y91         LDCE                                         r  design_1_i/animalnet_axi_lite_0/inst/u_animalnet_top/weight_rom_addr_reg[9]_rep/D
  -------------------------------------------------------------------    -------------------

Slack:                    inf
  Source:                 design_1_i/animalnet_axi_lite_0/inst/u_animalnet_top/FSM_sequential_state_reg[4]/C
                            (rising edge-triggered cell FDRE clocked by clk_pl_0  {rise@0.000ns fall@4.681ns period=9.361ns})
  Destination:            design_1_i/animalnet_axi_lite_0/inst/u_animalnet_top/bias_rom_addr_reg[7]/D
  Path Group:             (none)
  Path Type:              Min at Fast Process Corner
  Data Path Delay:        0.444ns  (logic 0.107ns (24.092%)  route 0.337ns (75.908%))
  Logic Levels:           1  (LUT6=1)
  Clock Uncertainty:      0.158ns  ((TSJ^2 + DJ^2)^1/2) / 2 + PE
    Total System Jitter     (TSJ):    0.050ns
    Discrete Jitter          (DJ):    0.312ns
    Phase Error              (PE):    0.000ns
  Clock Net Delay (Source):      1.638ns (routing 0.940ns, distribution 0.698ns)

    Location             Delay type                Incr(ns)  Path(ns)    Netlist Resource(s)
  -------------------------------------------------------------------    -------------------
                         (clock clk_pl_0 rise edge)
                                                      0.000     0.000 r  
    BUFG_PS_X0Y90        BUFG_PS                      0.000     0.000 r  design_1_i/zynq_ultra_ps_e_0/inst/buffer_pl_clk_0.PL_CLK_0_BUFG/O
    X1Y1 (CLOCK_ROOT)    net (fo=6239, routed)        1.638     1.638    design_1_i/animalnet_axi_lite_0/inst/u_animalnet_top/S_AXI_ACLK
    SLICE_X34Y96         FDRE                                         r  design_1_i/animalnet_axi_lite_0/inst/u_animalnet_top/FSM_sequential_state_reg[4]/C
  -------------------------------------------------------------------    -------------------
    SLICE_X34Y96         FDRE (Prop_DFF2_SLICEM_C_Q)
                                                      0.086     1.724 r  design_1_i/animalnet_axi_lite_0/inst/u_animalnet_top/FSM_sequential_state_reg[4]/Q
                         net (fo=93, routed)          0.161     1.885    design_1_i/animalnet_axi_lite_0/inst/u_animalnet_top/u_linear/Q[0]
    SLICE_X36Y102        LUT6 (Prop_F6LUT_SLICEL_I1_O)
                                                      0.021     1.906 r  design_1_i/animalnet_axi_lite_0/inst/u_animalnet_top/u_linear/bias_rom_addr_reg[7]_i_1/O
                         net (fo=1, routed)           0.176     2.082    design_1_i/animalnet_axi_lite_0/inst/u_animalnet_top/bias_rom_addr[7]
    SLICE_X29Y106        LDCE                                         r  design_1_i/animalnet_axi_lite_0/inst/u_animalnet_top/bias_rom_addr_reg[7]/D
  -------------------------------------------------------------------    -------------------

Slack:                    inf
  Source:                 design_1_i/animalnet_axi_lite_0/inst/u_animalnet_top/u_conv12/gen_regular.u_conv/weight_addr_reg[15]/C
                            (rising edge-triggered cell FDRE clocked by clk_pl_0  {rise@0.000ns fall@4.681ns period=9.361ns})
  Destination:            design_1_i/animalnet_axi_lite_0/inst/u_animalnet_top/weight_rom_addr_reg[15]/D
  Path Group:             (none)
  Path Type:              Min at Fast Process Corner
  Data Path Delay:        0.405ns  (logic 0.226ns (55.853%)  route 0.179ns (44.147%))
  Logic Levels:           2  (LUT3=1 LUT6=1)
  Clock Uncertainty:      0.158ns  ((TSJ^2 + DJ^2)^1/2) / 2 + PE
    Total System Jitter     (TSJ):    0.050ns
    Discrete Jitter          (DJ):    0.312ns
    Phase Error              (PE):    0.000ns
  Clock Net Delay (Source):      1.683ns (routing 0.940ns, distribution 0.743ns)

    Location             Delay type                Incr(ns)  Path(ns)    Netlist Resource(s)
  -------------------------------------------------------------------    -------------------
                         (clock clk_pl_0 rise edge)
                                                      0.000     0.000 r  
    BUFG_PS_X0Y90        BUFG_PS                      0.000     0.000 r  design_1_i/zynq_ultra_ps_e_0/inst/buffer_pl_clk_0.PL_CLK_0_BUFG/O
    X1Y1 (CLOCK_ROOT)    net (fo=6239, routed)        1.683     1.683    design_1_i/animalnet_axi_lite_0/inst/u_animalnet_top/u_conv12/gen_regular.u_conv/S_AXI_ACLK
    SLICE_X41Y91         FDRE                                         r  design_1_i/animalnet_axi_lite_0/inst/u_animalnet_top/u_conv12/gen_regular.u_conv/weight_addr_reg[15]/C
  -------------------------------------------------------------------    -------------------
    SLICE_X41Y91         FDRE (Prop_HFF_SLICEM_C_Q)
                                                      0.083     1.766 r  design_1_i/animalnet_axi_lite_0/inst/u_animalnet_top/u_conv12/gen_regular.u_conv/weight_addr_reg[15]/Q
                         net (fo=3, routed)           0.076     1.842    design_1_i/animalnet_axi_lite_0/inst/u_animalnet_top/u_conv12/gen_regular.u_conv/conv12_weight_addr[15]
    SLICE_X41Y92         LUT3 (Prop_C6LUT_SLICEM_I2_O)
                                                      0.037     1.879 r  design_1_i/animalnet_axi_lite_0/inst/u_animalnet_top/u_conv12/gen_regular.u_conv/weight_rom_addr_reg[15]_i_4/O
                         net (fo=1, routed)           0.081     1.960    design_1_i/animalnet_axi_lite_0/inst/u_animalnet_top/u_conv11/gen_depthwise.u_conv/gen_bram.mem_reg_mux_sel_a_pos_2_0
    SLICE_X41Y95         LUT6 (Prop_H6LUT_SLICEM_I3_O)
                                                      0.106     2.066 r  design_1_i/animalnet_axi_lite_0/inst/u_animalnet_top/u_conv11/gen_depthwise.u_conv/weight_rom_addr_reg[15]_i_1/O
                         net (fo=1, routed)           0.022     2.088    design_1_i/animalnet_axi_lite_0/inst/u_animalnet_top/weight_rom_addr[15]
    SLICE_X41Y95         LDCE                                         r  design_1_i/animalnet_axi_lite_0/inst/u_animalnet_top/weight_rom_addr_reg[15]/D
  -------------------------------------------------------------------    -------------------

Slack:                    inf
  Source:                 design_1_i/animalnet_axi_lite_0/inst/u_animalnet_top/u_conv14/gen_regular.u_conv/weight_addr_reg[16]/C
                            (rising edge-triggered cell FDRE clocked by clk_pl_0  {rise@0.000ns fall@4.681ns period=9.361ns})
  Destination:            design_1_i/animalnet_axi_lite_0/inst/u_animalnet_top/weight_rom_addr_reg[17]/D
  Path Group:             (none)
  Path Type:              Min at Fast Process Corner
  Data Path Delay:        0.387ns  (logic 0.182ns (47.031%)  route 0.205ns (52.969%))
  Logic Levels:           3  (CARRY8=2 LUT6=1)
  Clock Uncertainty:      0.158ns  ((TSJ^2 + DJ^2)^1/2) / 2 + PE
    Total System Jitter     (TSJ):    0.050ns
    Discrete Jitter          (DJ):    0.312ns
    Phase Error              (PE):    0.000ns
  Clock Net Delay (Source):      1.709ns (routing 0.940ns, distribution 0.769ns)

    Location             Delay type                Incr(ns)  Path(ns)    Netlist Resource(s)
  -------------------------------------------------------------------    -------------------
                         (clock clk_pl_0 rise edge)
                                                      0.000     0.000 r  
    BUFG_PS_X0Y90        BUFG_PS                      0.000     0.000 r  design_1_i/zynq_ultra_ps_e_0/inst/buffer_pl_clk_0.PL_CLK_0_BUFG/O
    X1Y1 (CLOCK_ROOT)    net (fo=6239, routed)        1.709     1.709    design_1_i/animalnet_axi_lite_0/inst/u_animalnet_top/u_conv14/gen_regular.u_conv/S_AXI_ACLK
    SLICE_X47Y97         FDRE                                         r  design_1_i/animalnet_axi_lite_0/inst/u_animalnet_top/u_conv14/gen_regular.u_conv/weight_addr_reg[16]/C
  -------------------------------------------------------------------    -------------------
    SLICE_X47Y97         FDRE (Prop_AFF_SLICEL_C_Q)
                                                      0.084     1.793 r  design_1_i/animalnet_axi_lite_0/inst/u_animalnet_top/u_conv14/gen_regular.u_conv/weight_addr_reg[16]/Q
                         net (fo=2, routed)           0.110     1.903    design_1_i/animalnet_axi_lite_0/inst/u_animalnet_top/u_conv14/gen_regular.u_conv/conv14_weight_addr[16]
    SLICE_X45Y98         CARRY8 (Prop_CARRY8_SLICEM_DI[7]_CO[7])
                                                      0.034     1.937 r  design_1_i/animalnet_axi_lite_0/inst/u_animalnet_top/u_conv14/gen_regular.u_conv/weight_rom_addr_reg[15]_i_3/CO[7]
                         net (fo=1, routed)           0.003     1.940    design_1_i/animalnet_axi_lite_0/inst/u_animalnet_top/u_conv14/gen_regular.u_conv/weight_rom_addr_reg[15]_i_3_n_0
    SLICE_X45Y99         CARRY8 (Prop_CARRY8_SLICEM_CI_CO[0])
                                                      0.026     1.966 r  design_1_i/animalnet_axi_lite_0/inst/u_animalnet_top/u_conv14/gen_regular.u_conv/weight_rom_addr_reg[17]_i_5/CO[0]
                         net (fo=1, routed)           0.070     2.036    design_1_i/animalnet_axi_lite_0/inst/u_animalnet_top/u_conv12/gen_regular.u_conv/weight_rom_addr0[3]
    SLICE_X45Y100        LUT6 (Prop_H6LUT_SLICEM_I3_O)
                                                      0.038     2.074 r  design_1_i/animalnet_axi_lite_0/inst/u_animalnet_top/u_conv12/gen_regular.u_conv/weight_rom_addr_reg[17]_i_1/O
                         net (fo=1, routed)           0.022     2.096    design_1_i/animalnet_axi_lite_0/inst/u_animalnet_top/weight_rom_addr[17]
    SLICE_X45Y100        LDCE                                         r  design_1_i/animalnet_axi_lite_0/inst/u_animalnet_top/weight_rom_addr_reg[17]/D
  -------------------------------------------------------------------    -------------------

Slack:                    inf
  Source:                 design_1_i/animalnet_axi_lite_0/inst/u_animalnet_top/u_conv8/gen_regular.u_conv/weight_addr_reg[0]/C
                            (rising edge-triggered cell FDRE clocked by clk_pl_0  {rise@0.000ns fall@4.681ns period=9.361ns})
  Destination:            design_1_i/animalnet_axi_lite_0/inst/u_animalnet_top/weight_rom_addr_reg[0]_rep/D
  Path Group:             (none)
  Path Type:              Min at Fast Process Corner
  Data Path Delay:        0.420ns  (logic 0.196ns (46.677%)  route 0.224ns (53.323%))
  Logic Levels:           2  (LUT6=2)
  Clock Uncertainty:      0.158ns  ((TSJ^2 + DJ^2)^1/2) / 2 + PE
    Total System Jitter     (TSJ):    0.050ns
    Discrete Jitter          (DJ):    0.312ns
    Phase Error              (PE):    0.000ns
  Clock Net Delay (Source):      1.685ns (routing 0.940ns, distribution 0.745ns)

    Location             Delay type                Incr(ns)  Path(ns)    Netlist Resource(s)
  -------------------------------------------------------------------    -------------------
                         (clock clk_pl_0 rise edge)
                                                      0.000     0.000 r  
    BUFG_PS_X0Y90        BUFG_PS                      0.000     0.000 r  design_1_i/zynq_ultra_ps_e_0/inst/buffer_pl_clk_0.PL_CLK_0_BUFG/O
    X1Y1 (CLOCK_ROOT)    net (fo=6239, routed)        1.685     1.685    design_1_i/animalnet_axi_lite_0/inst/u_animalnet_top/u_conv8/gen_regular.u_conv/S_AXI_ACLK
    SLICE_X41Y86         FDRE                                         r  design_1_i/animalnet_axi_lite_0/inst/u_animalnet_top/u_conv8/gen_regular.u_conv/weight_addr_reg[0]/C
  -------------------------------------------------------------------    -------------------
    SLICE_X41Y86         FDRE (Prop_AFF_SLICEM_C_Q)
                                                      0.082     1.767 r  design_1_i/animalnet_axi_lite_0/inst/u_animalnet_top/u_conv8/gen_regular.u_conv/weight_addr_reg[0]/Q
                         net (fo=1, routed)           0.068     1.835    design_1_i/animalnet_axi_lite_0/inst/u_animalnet_top/u_conv10/gen_regular.u_conv/weight_rom_addr_reg[0]_rep__3_i_1[0]
    SLICE_X42Y88         LUT6 (Prop_H6LUT_SLICEL_I3_O)
                                                      0.077     1.912 r  design_1_i/animalnet_axi_lite_0/inst/u_animalnet_top/u_conv10/gen_regular.u_conv/weight_rom_addr_reg[0]_i_3/O
                         net (fo=6, routed)           0.049     1.960    design_1_i/animalnet_axi_lite_0/inst/u_animalnet_top/u_linear/gen_bram.mem_reg_bram_15_0
    SLICE_X42Y88         LUT6 (Prop_A6LUT_SLICEL_I2_O)
                                                      0.037     1.997 r  design_1_i/animalnet_axi_lite_0/inst/u_animalnet_top/u_linear/weight_rom_addr_reg[0]_rep_i_1/O
                         net (fo=1, routed)           0.107     2.104    design_1_i/animalnet_axi_lite_0/inst/u_animalnet_top/u_linear_n_6
    SLICE_X43Y88         LDCE                                         r  design_1_i/animalnet_axi_lite_0/inst/u_animalnet_top/weight_rom_addr_reg[0]_rep/D
  -------------------------------------------------------------------    -------------------

Slack:                    inf
  Source:                 design_1_i/animalnet_axi_lite_0/inst/u_animalnet_top/FSM_sequential_state_reg[0]/C
                            (rising edge-triggered cell FDRE clocked by clk_pl_0  {rise@0.000ns fall@4.681ns period=9.361ns})
  Destination:            design_1_i/animalnet_axi_lite_0/inst/u_animalnet_top/weight_rom_addr_reg[9]_rep__3/D
  Path Group:             (none)
  Path Type:              Min at Fast Process Corner
  Data Path Delay:        0.461ns  (logic 0.142ns (30.778%)  route 0.319ns (69.222%))
  Logic Levels:           2  (LUT5=1 LUT6=1)
  Clock Uncertainty:      0.158ns  ((TSJ^2 + DJ^2)^1/2) / 2 + PE
    Total System Jitter     (TSJ):    0.050ns
    Discrete Jitter          (DJ):    0.312ns
    Phase Error              (PE):    0.000ns
  Clock Net Delay (Source):      1.647ns (routing 0.940ns, distribution 0.707ns)

    Location             Delay type                Incr(ns)  Path(ns)    Netlist Resource(s)
  -------------------------------------------------------------------    -------------------
                         (clock clk_pl_0 rise edge)
                                                      0.000     0.000 r  
    BUFG_PS_X0Y90        BUFG_PS                      0.000     0.000 r  design_1_i/zynq_ultra_ps_e_0/inst/buffer_pl_clk_0.PL_CLK_0_BUFG/O
    X1Y1 (CLOCK_ROOT)    net (fo=6239, routed)        1.647     1.647    design_1_i/animalnet_axi_lite_0/inst/u_animalnet_top/S_AXI_ACLK
    SLICE_X39Y108        FDRE                                         r  design_1_i/animalnet_axi_lite_0/inst/u_animalnet_top/FSM_sequential_state_reg[0]/C
  -------------------------------------------------------------------    -------------------
    SLICE_X39Y108        FDRE (Prop_AFF_SLICEL_C_Q)
                                                      0.084     1.731 r  design_1_i/animalnet_axi_lite_0/inst/u_animalnet_top/FSM_sequential_state_reg[0]/Q
                         net (fo=115, routed)         0.183     1.914    design_1_i/animalnet_axi_lite_0/inst/u_animalnet_top/u_conv0/gen_regular.u_conv/weight_rom_addr_reg[9]_rep__3_i_1[0]
    SLICE_X37Y90         LUT5 (Prop_F6LUT_SLICEM_I4_O)
                                                      0.021     1.935 r  design_1_i/animalnet_axi_lite_0/inst/u_animalnet_top/u_conv0/gen_regular.u_conv/weight_rom_addr_reg[9]_i_6/O
                         net (fo=6, routed)           0.054     1.988    design_1_i/animalnet_axi_lite_0/inst/u_animalnet_top/u_linear/gen_bram.mem_reg_bram_15_7
    SLICE_X37Y91         LUT6 (Prop_G6LUT_SLICEM_I4_O)
                                                      0.037     2.025 r  design_1_i/animalnet_axi_lite_0/inst/u_animalnet_top/u_linear/weight_rom_addr_reg[9]_rep__3_i_1/O
                         net (fo=1, routed)           0.083     2.108    design_1_i/animalnet_axi_lite_0/inst/u_animalnet_top/u_linear_n_27
    SLICE_X38Y91         LDCE                                         r  design_1_i/animalnet_axi_lite_0/inst/u_animalnet_top/weight_rom_addr_reg[9]_rep__3/D
  -------------------------------------------------------------------    -------------------





--------------------------------------------------------------------------------------
Path Group:  (none)
From Clock:  
  To Clock:  clk_pl_0

Max Delay          1886 Endpoints
Min Delay          1886 Endpoints
--------------------------------------------------------------------------------------


Max Delay Paths
--------------------------------------------------------------------------------------
Slack:                    inf
  Source:                 design_1_i/animalnet_axi_lite_0/inst/u_animalnet_top/weight_rom_addr_reg[12]/G
                            (positive level-sensitive latch)
  Destination:            design_1_i/animalnet_axi_lite_0/inst/u_animalnet_top/u_weight_rom/gen_bram.mem_reg_bram_33/CASDOMUXA
                            (rising edge-triggered cell RAMB36E2 clocked by clk_pl_0  {rise@0.000ns fall@4.681ns period=9.361ns})
  Path Group:             (none)
  Path Type:              Setup (Max at Slow Process Corner)
  Data Path Delay:        7.262ns  (logic 0.359ns (4.944%)  route 6.903ns (95.056%))
  Logic Levels:           2  (LDCE=1 LUT2=1)
  Clock Uncertainty:      0.158ns  ((TSJ^2 + DJ^2)^1/2) / 2 + PE
    Total System Jitter     (TSJ):    0.050ns
    Discrete Jitter          (DJ):    0.312ns
    Phase Error              (PE):    0.000ns
  Clock Net Delay (Destination): 2.856ns (routing 1.538ns, distribution 1.318ns)

    Location             Delay type                Incr(ns)  Path(ns)    Netlist Resource(s)
  -------------------------------------------------------------------    -------------------
    SLICE_X36Y99         LDCE                         0.000     0.000 r  design_1_i/animalnet_axi_lite_0/inst/u_animalnet_top/weight_rom_addr_reg[12]/G
    SLICE_X36Y99         LDCE (EnToQ_EFF_SLICEL_G_Q)
                                                      0.173     0.173 f  design_1_i/animalnet_axi_lite_0/inst/u_animalnet_top/weight_rom_addr_reg[12]/Q
                         net (fo=60, routed)          4.208     4.381    design_1_i/animalnet_axi_lite_0/inst/u_animalnet_top/u_weight_rom/Q[12]
    SLICE_X30Y56         LUT2 (Prop_G6LUT_SLICEL_I1_O)
                                                      0.186     4.567 r  design_1_i/animalnet_axi_lite_0/inst/u_animalnet_top/u_weight_rom/gen_bram.mem_reg_bram_1_i_1/O
                         net (fo=13, routed)          2.695     7.262    design_1_i/animalnet_axi_lite_0/inst/u_animalnet_top/u_weight_rom/gen_bram.mem_reg_bram_1_i_1_n_0
    RAMB36_X1Y4          RAMB36E2                                     r  design_1_i/animalnet_axi_lite_0/inst/u_animalnet_top/u_weight_rom/gen_bram.mem_reg_bram_33/CASDOMUXA
  -------------------------------------------------------------------    -------------------

                         (clock clk_pl_0 rise edge)
                                                      0.000     0.000 r  
    BUFG_PS_X0Y90        BUFG_PS                      0.000     0.000 r  design_1_i/zynq_ultra_ps_e_0/inst/buffer_pl_clk_0.PL_CLK_0_BUFG/O
    X1Y1 (CLOCK_ROOT)    net (fo=6239, routed)        2.856     2.856    design_1_i/animalnet_axi_lite_0/inst/u_animalnet_top/u_weight_rom/S_AXI_ACLK
    RAMB36_X1Y4          RAMB36E2                                     r  design_1_i/animalnet_axi_lite_0/inst/u_animalnet_top/u_weight_rom/gen_bram.mem_reg_bram_33/CLKARDCLK

Slack:                    inf
  Source:                 design_1_i/animalnet_axi_lite_0/inst/u_animalnet_top/weight_rom_addr_reg[12]/G
                            (positive level-sensitive latch)
  Destination:            design_1_i/animalnet_axi_lite_0/inst/u_animalnet_top/u_weight_rom/gen_bram.mem_reg_bram_39/CASDOMUXA
                            (rising edge-triggered cell RAMB36E2 clocked by clk_pl_0  {rise@0.000ns fall@4.681ns period=9.361ns})
  Path Group:             (none)
  Path Type:              Setup (Max at Slow Process Corner)
  Data Path Delay:        7.145ns  (logic 0.362ns (5.066%)  route 6.783ns (94.934%))
  Logic Levels:           2  (LDCE=1 LUT2=1)
  Clock Uncertainty:      0.158ns  ((TSJ^2 + DJ^2)^1/2) / 2 + PE
    Total System Jitter     (TSJ):    0.050ns
    Discrete Jitter          (DJ):    0.312ns
    Phase Error              (PE):    0.000ns
  Clock Net Delay (Destination): 2.900ns (routing 1.538ns, distribution 1.362ns)

    Location             Delay type                Incr(ns)  Path(ns)    Netlist Resource(s)
  -------------------------------------------------------------------    -------------------
    SLICE_X36Y99         LDCE                         0.000     0.000 r  design_1_i/animalnet_axi_lite_0/inst/u_animalnet_top/weight_rom_addr_reg[12]/G
    SLICE_X36Y99         LDCE (EnToQ_EFF_SLICEL_G_Q)
                                                      0.173     0.173 f  design_1_i/animalnet_axi_lite_0/inst/u_animalnet_top/weight_rom_addr_reg[12]/Q
                         net (fo=60, routed)          4.208     4.381    design_1_i/animalnet_axi_lite_0/inst/u_animalnet_top/u_weight_rom/Q[12]
    SLICE_X30Y56         LUT2 (Prop_G5LUT_SLICEL_I1_O)
                                                      0.189     4.570 r  design_1_i/animalnet_axi_lite_0/inst/u_animalnet_top/u_weight_rom/gen_bram.mem_reg_bram_3_i_1/O
                         net (fo=12, routed)          2.575     7.145    design_1_i/animalnet_axi_lite_0/inst/u_animalnet_top/u_weight_rom/gen_bram.mem_reg_bram_3_i_1_n_0
    RAMB36_X2Y10         RAMB36E2                                     r  design_1_i/animalnet_axi_lite_0/inst/u_animalnet_top/u_weight_rom/gen_bram.mem_reg_bram_39/CASDOMUXA
  -------------------------------------------------------------------    -------------------

                         (clock clk_pl_0 rise edge)
                                                      0.000     0.000 r  
    BUFG_PS_X0Y90        BUFG_PS                      0.000     0.000 r  design_1_i/zynq_ultra_ps_e_0/inst/buffer_pl_clk_0.PL_CLK_0_BUFG/O
    X1Y1 (CLOCK_ROOT)    net (fo=6239, routed)        2.900     2.900    design_1_i/animalnet_axi_lite_0/inst/u_animalnet_top/u_weight_rom/S_AXI_ACLK
    RAMB36_X2Y10         RAMB36E2                                     r  design_1_i/animalnet_axi_lite_0/inst/u_animalnet_top/u_weight_rom/gen_bram.mem_reg_bram_39/CLKARDCLK

Slack:                    inf
  Source:                 design_1_i/animalnet_axi_lite_0/inst/u_animalnet_top/weight_rom_addr_reg[12]/G
                            (positive level-sensitive latch)
  Destination:            design_1_i/animalnet_axi_lite_0/inst/u_animalnet_top/u_weight_rom/gen_bram.mem_reg_bram_15/CASDOMUXA
                            (rising edge-triggered cell RAMB36E2 clocked by clk_pl_0  {rise@0.000ns fall@4.681ns period=9.361ns})
  Path Group:             (none)
  Path Type:              Setup (Max at Slow Process Corner)
  Data Path Delay:        7.040ns  (logic 0.362ns (5.142%)  route 6.678ns (94.858%))
  Logic Levels:           2  (LDCE=1 LUT2=1)
  Clock Uncertainty:      0.158ns  ((TSJ^2 + DJ^2)^1/2) / 2 + PE
    Total System Jitter     (TSJ):    0.050ns
    Discrete Jitter          (DJ):    0.312ns
    Phase Error              (PE):    0.000ns
  Clock Net Delay (Destination): 2.893ns (routing 1.538ns, distribution 1.355ns)

    Location             Delay type                Incr(ns)  Path(ns)    Netlist Resource(s)
  -------------------------------------------------------------------    -------------------
    SLICE_X36Y99         LDCE                         0.000     0.000 r  design_1_i/animalnet_axi_lite_0/inst/u_animalnet_top/weight_rom_addr_reg[12]/G
    SLICE_X36Y99         LDCE (EnToQ_EFF_SLICEL_G_Q)
                                                      0.173     0.173 f  design_1_i/animalnet_axi_lite_0/inst/u_animalnet_top/weight_rom_addr_reg[12]/Q
                         net (fo=60, routed)          4.208     4.381    design_1_i/animalnet_axi_lite_0/inst/u_animalnet_top/u_weight_rom/Q[12]
    SLICE_X30Y56         LUT2 (Prop_G5LUT_SLICEL_I1_O)
                                                      0.189     4.570 r  design_1_i/animalnet_axi_lite_0/inst/u_animalnet_top/u_weight_rom/gen_bram.mem_reg_bram_3_i_1/O
                         net (fo=12, routed)          2.470     7.040    design_1_i/animalnet_axi_lite_0/inst/u_animalnet_top/u_weight_rom/gen_bram.mem_reg_bram_3_i_1_n_0
    RAMB36_X2Y14         RAMB36E2                                     r  design_1_i/animalnet_axi_lite_0/inst/u_animalnet_top/u_weight_rom/gen_bram.mem_reg_bram_15/CASDOMUXA
  -------------------------------------------------------------------    -------------------

                         (clock clk_pl_0 rise edge)
                                                      0.000     0.000 r  
    BUFG_PS_X0Y90        BUFG_PS                      0.000     0.000 r  design_1_i/zynq_ultra_ps_e_0/inst/buffer_pl_clk_0.PL_CLK_0_BUFG/O
    X1Y1 (CLOCK_ROOT)    net (fo=6239, routed)        2.893     2.893    design_1_i/animalnet_axi_lite_0/inst/u_animalnet_top/u_weight_rom/S_AXI_ACLK
    RAMB36_X2Y14         RAMB36E2                                     r  design_1_i/animalnet_axi_lite_0/inst/u_animalnet_top/u_weight_rom/gen_bram.mem_reg_bram_15/CLKARDCLK

Slack:                    inf
  Source:                 design_1_i/animalnet_axi_lite_0/inst/u_animalnet_top/weight_rom_addr_reg[12]/G
                            (positive level-sensitive latch)
  Destination:            design_1_i/animalnet_axi_lite_0/inst/u_animalnet_top/u_weight_rom/gen_bram.mem_reg_bram_9/CASDOMUXA
                            (rising edge-triggered cell RAMB36E2 clocked by clk_pl_0  {rise@0.000ns fall@4.681ns period=9.361ns})
  Path Group:             (none)
  Path Type:              Setup (Max at Slow Process Corner)
  Data Path Delay:        7.012ns  (logic 0.359ns (5.120%)  route 6.653ns (94.880%))
  Logic Levels:           2  (LDCE=1 LUT2=1)
  Clock Uncertainty:      0.158ns  ((TSJ^2 + DJ^2)^1/2) / 2 + PE
    Total System Jitter     (TSJ):    0.050ns
    Discrete Jitter          (DJ):    0.312ns
    Phase Error              (PE):    0.000ns
  Clock Net Delay (Destination): 2.851ns (routing 1.538ns, distribution 1.313ns)

    Location             Delay type                Incr(ns)  Path(ns)    Netlist Resource(s)
  -------------------------------------------------------------------    -------------------
    SLICE_X36Y99         LDCE                         0.000     0.000 r  design_1_i/animalnet_axi_lite_0/inst/u_animalnet_top/weight_rom_addr_reg[12]/G
    SLICE_X36Y99         LDCE (EnToQ_EFF_SLICEL_G_Q)
                                                      0.173     0.173 f  design_1_i/animalnet_axi_lite_0/inst/u_animalnet_top/weight_rom_addr_reg[12]/Q
                         net (fo=60, routed)          4.208     4.381    design_1_i/animalnet_axi_lite_0/inst/u_animalnet_top/u_weight_rom/Q[12]
    SLICE_X30Y56         LUT2 (Prop_G6LUT_SLICEL_I1_O)
                                                      0.186     4.567 r  design_1_i/animalnet_axi_lite_0/inst/u_animalnet_top/u_weight_rom/gen_bram.mem_reg_bram_1_i_1/O
                         net (fo=13, routed)          2.445     7.012    design_1_i/animalnet_axi_lite_0/inst/u_animalnet_top/u_weight_rom/gen_bram.mem_reg_bram_1_i_1_n_0
    RAMB36_X1Y8          RAMB36E2                                     r  design_1_i/animalnet_axi_lite_0/inst/u_animalnet_top/u_weight_rom/gen_bram.mem_reg_bram_9/CASDOMUXA
  -------------------------------------------------------------------    -------------------

                         (clock clk_pl_0 rise edge)
                                                      0.000     0.000 r  
    BUFG_PS_X0Y90        BUFG_PS                      0.000     0.000 r  design_1_i/zynq_ultra_ps_e_0/inst/buffer_pl_clk_0.PL_CLK_0_BUFG/O
    X1Y1 (CLOCK_ROOT)    net (fo=6239, routed)        2.851     2.851    design_1_i/animalnet_axi_lite_0/inst/u_animalnet_top/u_weight_rom/S_AXI_ACLK
    RAMB36_X1Y8          RAMB36E2                                     r  design_1_i/animalnet_axi_lite_0/inst/u_animalnet_top/u_weight_rom/gen_bram.mem_reg_bram_9/CLKARDCLK

Slack:                    inf
  Source:                 design_1_i/animalnet_axi_lite_0/inst/u_animalnet_top/u_conv5/gen_depthwise.u_conv/input_addr3/DSP_A_B_DATA_INST/B2_DATA[1]
                            (internal pin)
  Destination:            design_1_i/animalnet_axi_lite_0/inst/u_animalnet_top/u_conv5/gen_depthwise.u_conv/output_addr_reg[16]/D
                            (rising edge-triggered cell FDRE clocked by clk_pl_0  {rise@0.000ns fall@4.681ns period=9.361ns})
  Path Group:             (none)
  Path Type:              Setup (Max at Slow Process Corner)
  Data Path Delay:        6.976ns  (logic 5.328ns (76.381%)  route 1.648ns (23.619%))
  Logic Levels:           17  (CARRY8=2 DSP_A_B_DATA=1 DSP_ALU=3 DSP_C_DATA=1 DSP_M_DATA=2 DSP_MULTIPLIER=2 DSP_OUTPUT=3 DSP_PREADD_DATA=2 LUT2=1)
  Clock Uncertainty:      0.158ns  ((TSJ^2 + DJ^2)^1/2) / 2 + PE
    Total System Jitter     (TSJ):    0.050ns
    Discrete Jitter          (DJ):    0.312ns
    Phase Error              (PE):    0.000ns
  Clock Net Delay (Destination): 2.689ns (routing 1.538ns, distribution 1.151ns)

    Location             Delay type                Incr(ns)  Path(ns)    Netlist Resource(s)
  -------------------------------------------------------------------    -------------------
    DSP48E2_X8Y39        DSP_A_B_DATA                 0.000     0.000 r  design_1_i/animalnet_axi_lite_0/inst/u_animalnet_top/u_conv5/gen_depthwise.u_conv/input_addr3/DSP_A_B_DATA_INST/B2_DATA[1]
                         net (fo=1, routed)           0.000     0.000    design_1_i/animalnet_axi_lite_0/inst/u_animalnet_top/u_conv5/gen_depthwise.u_conv/input_addr3/DSP_A_B_DATA.B2_DATA<1>
    DSP48E2_X8Y39        DSP_PREADD_DATA (Prop_DSP_PREADD_DATA_DSP48E2_B2_DATA[1]_B2B1[1])
                                                      0.097     0.097 r  design_1_i/animalnet_axi_lite_0/inst/u_animalnet_top/u_conv5/gen_depthwise.u_conv/input_addr3/DSP_PREADD_DATA_INST/B2B1[1]
                         net (fo=1, routed)           0.000     0.097    design_1_i/animalnet_axi_lite_0/inst/u_animalnet_top/u_conv5/gen_depthwise.u_conv/input_addr3/DSP_PREADD_DATA.B2B1<1>
    DSP48E2_X8Y39        DSP_MULTIPLIER (Prop_DSP_MULTIPLIER_DSP48E2_B2B1[1]_U[0])
                                                      0.773     0.870 f  design_1_i/animalnet_axi_lite_0/inst/u_animalnet_top/u_conv5/gen_depthwise.u_conv/input_addr3/DSP_MULTIPLIER_INST/U[0]
                         net (fo=1, routed)           0.000     0.870    design_1_i/animalnet_axi_lite_0/inst/u_animalnet_top/u_conv5/gen_depthwise.u_conv/input_addr3/DSP_MULTIPLIER.U<0>
    DSP48E2_X8Y39        DSP_M_DATA (Prop_DSP_M_DATA_DSP48E2_U[0]_U_DATA[0])
                                                      0.067     0.937 r  design_1_i/animalnet_axi_lite_0/inst/u_animalnet_top/u_conv5/gen_depthwise.u_conv/input_addr3/DSP_M_DATA_INST/U_DATA[0]
                         net (fo=1, routed)           0.000     0.937    design_1_i/animalnet_axi_lite_0/inst/u_animalnet_top/u_conv5/gen_depthwise.u_conv/input_addr3/DSP_M_DATA.U_DATA<0>
    DSP48E2_X8Y39        DSP_ALU (Prop_DSP_ALU_DSP48E2_U_DATA[0]_ALU_OUT[0])
                                                      0.727     1.664 r  design_1_i/animalnet_axi_lite_0/inst/u_animalnet_top/u_conv5/gen_depthwise.u_conv/input_addr3/DSP_ALU_INST/ALU_OUT[0]
                         net (fo=1, routed)           0.000     1.664    design_1_i/animalnet_axi_lite_0/inst/u_animalnet_top/u_conv5/gen_depthwise.u_conv/input_addr3/DSP_ALU.ALU_OUT<0>
    DSP48E2_X8Y39        DSP_OUTPUT (Prop_DSP_OUTPUT_DSP48E2_ALU_OUT[0]_P[0])
                                                      0.146     1.810 f  design_1_i/animalnet_axi_lite_0/inst/u_animalnet_top/u_conv5/gen_depthwise.u_conv/input_addr3/DSP_OUTPUT_INST/P[0]
                         net (fo=1, routed)           0.363     2.173    design_1_i/animalnet_axi_lite_0/inst/u_animalnet_top/u_conv5/gen_depthwise.u_conv/input_addr2/A[0]
    DSP48E2_X8Y38        DSP_A_B_DATA (Prop_DSP_A_B_DATA_DSP48E2_A[0]_A2_DATA[0])
                                                      0.258     2.431 r  design_1_i/animalnet_axi_lite_0/inst/u_animalnet_top/u_conv5/gen_depthwise.u_conv/input_addr2/DSP_A_B_DATA_INST/A2_DATA[0]
                         net (fo=1, routed)           0.000     2.431    design_1_i/animalnet_axi_lite_0/inst/u_animalnet_top/u_conv5/gen_depthwise.u_conv/input_addr2/DSP_A_B_DATA.A2_DATA<0>
    DSP48E2_X8Y38        DSP_PREADD_DATA (Prop_DSP_PREADD_DATA_DSP48E2_A2_DATA[0]_A2A1[0])
                                                      0.114     2.545 r  design_1_i/animalnet_axi_lite_0/inst/u_animalnet_top/u_conv5/gen_depthwise.u_conv/input_addr2/DSP_PREADD_DATA_INST/A2A1[0]
                         net (fo=1, routed)           0.000     2.545    design_1_i/animalnet_axi_lite_0/inst/u_animalnet_top/u_conv5/gen_depthwise.u_conv/input_addr2/DSP_PREADD_DATA.A2A1<0>
    DSP48E2_X8Y38        DSP_MULTIPLIER (Prop_DSP_MULTIPLIER_DSP48E2_A2A1[0]_U[13])
                                                      0.700     3.245 f  design_1_i/animalnet_axi_lite_0/inst/u_animalnet_top/u_conv5/gen_depthwise.u_conv/input_addr2/DSP_MULTIPLIER_INST/U[13]
                         net (fo=1, routed)           0.000     3.245    design_1_i/animalnet_axi_lite_0/inst/u_animalnet_top/u_conv5/gen_depthwise.u_conv/input_addr2/DSP_MULTIPLIER.U<13>
    DSP48E2_X8Y38        DSP_M_DATA (Prop_DSP_M_DATA_DSP48E2_U[13]_U_DATA[13])
                                                      0.067     3.312 r  design_1_i/animalnet_axi_lite_0/inst/u_animalnet_top/u_conv5/gen_depthwise.u_conv/input_addr2/DSP_M_DATA_INST/U_DATA[13]
                         net (fo=1, routed)           0.000     3.312    design_1_i/animalnet_axi_lite_0/inst/u_animalnet_top/u_conv5/gen_depthwise.u_conv/input_addr2/DSP_M_DATA.U_DATA<13>
    DSP48E2_X8Y38        DSP_ALU (Prop_DSP_ALU_DSP48E2_U_DATA[13]_ALU_OUT[13])
                                                      0.727     4.039 f  design_1_i/animalnet_axi_lite_0/inst/u_animalnet_top/u_conv5/gen_depthwise.u_conv/input_addr2/DSP_ALU_INST/ALU_OUT[13]
                         net (fo=1, routed)           0.000     4.039    design_1_i/animalnet_axi_lite_0/inst/u_animalnet_top/u_conv5/gen_depthwise.u_conv/input_addr2/DSP_ALU.ALU_OUT<13>
    DSP48E2_X8Y38        DSP_OUTPUT (Prop_DSP_OUTPUT_DSP48E2_ALU_OUT[13]_P[13])
                                                      0.146     4.185 r  design_1_i/animalnet_axi_lite_0/inst/u_animalnet_top/u_conv5/gen_depthwise.u_conv/input_addr2/DSP_OUTPUT_INST/P[13]
                         net (fo=2, routed)           0.656     4.841    design_1_i/animalnet_axi_lite_0/inst/u_animalnet_top/u_conv5/gen_depthwise.u_conv/output_addr0/C[13]
    DSP48E2_X7Y38        DSP_C_DATA (Prop_DSP_C_DATA_DSP48E2_C[13]_C_DATA[13])
                                                      0.135     4.976 r  design_1_i/animalnet_axi_lite_0/inst/u_animalnet_top/u_conv5/gen_depthwise.u_conv/output_addr0/DSP_C_DATA_INST/C_DATA[13]
                         net (fo=2, routed)           0.000     4.976    design_1_i/animalnet_axi_lite_0/inst/u_animalnet_top/u_conv5/gen_depthwise.u_conv/output_addr0/DSP_C_DATA.C_DATA<13>
    DSP48E2_X7Y38        DSP_ALU (Prop_DSP_ALU_DSP48E2_C_DATA[13]_ALU_OUT[14])
                                                      0.786     5.762 f  design_1_i/animalnet_axi_lite_0/inst/u_animalnet_top/u_conv5/gen_depthwise.u_conv/output_addr0/DSP_ALU_INST/ALU_OUT[14]
                         net (fo=1, routed)           0.000     5.762    design_1_i/animalnet_axi_lite_0/inst/u_animalnet_top/u_conv5/gen_depthwise.u_conv/output_addr0/DSP_ALU.ALU_OUT<14>
    DSP48E2_X7Y38        DSP_OUTPUT (Prop_DSP_OUTPUT_DSP48E2_ALU_OUT[14]_P[14])
                                                      0.146     5.908 r  design_1_i/animalnet_axi_lite_0/inst/u_animalnet_top/u_conv5/gen_depthwise.u_conv/output_addr0/DSP_OUTPUT_INST/P[14]
                         net (fo=1, routed)           0.546     6.454    design_1_i/animalnet_axi_lite_0/inst/u_animalnet_top/u_conv5/gen_depthwise.u_conv/output_addr0_n_91
    SLICE_X34Y93         LUT2 (Prop_G6LUT_SLICEM_I1_O)
                                                      0.186     6.640 r  design_1_i/animalnet_axi_lite_0/inst/u_animalnet_top/u_conv5/gen_depthwise.u_conv/output_addr[15]_i_3/O
                         net (fo=1, routed)           0.021     6.661    design_1_i/animalnet_axi_lite_0/inst/u_animalnet_top/u_conv5/gen_depthwise.u_conv/output_addr[15]_i_3_n_0
    SLICE_X34Y93         CARRY8 (Prop_CARRY8_SLICEM_S[6]_CO[7])
                                                      0.175     6.836 r  design_1_i/animalnet_axi_lite_0/inst/u_animalnet_top/u_conv5/gen_depthwise.u_conv/output_addr_reg[15]_i_1/CO[7]
                         net (fo=1, routed)           0.030     6.866    design_1_i/animalnet_axi_lite_0/inst/u_animalnet_top/u_conv5/gen_depthwise.u_conv/output_addr_reg[15]_i_1_n_0
    SLICE_X34Y94         CARRY8 (Prop_CARRY8_SLICEM_CI_O[0])
                                                      0.078     6.944 r  design_1_i/animalnet_axi_lite_0/inst/u_animalnet_top/u_conv5/gen_depthwise.u_conv/output_addr_reg[16]_i_1/O[0]
                         net (fo=1, routed)           0.032     6.976    design_1_i/animalnet_axi_lite_0/inst/u_animalnet_top/u_conv5/gen_depthwise.u_conv/output_addr0__0[16]
    SLICE_X34Y94         FDRE                                         r  design_1_i/animalnet_axi_lite_0/inst/u_animalnet_top/u_conv5/gen_depthwise.u_conv/output_addr_reg[16]/D
  -------------------------------------------------------------------    -------------------

                         (clock clk_pl_0 rise edge)
                                                      0.000     0.000 r  
    BUFG_PS_X0Y90        BUFG_PS                      0.000     0.000 r  design_1_i/zynq_ultra_ps_e_0/inst/buffer_pl_clk_0.PL_CLK_0_BUFG/O
    X1Y1 (CLOCK_ROOT)    net (fo=6239, routed)        2.689     2.689    design_1_i/animalnet_axi_lite_0/inst/u_animalnet_top/u_conv5/gen_depthwise.u_conv/S_AXI_ACLK
    SLICE_X34Y94         FDRE                                         r  design_1_i/animalnet_axi_lite_0/inst/u_animalnet_top/u_conv5/gen_depthwise.u_conv/output_addr_reg[16]/C

Slack:                    inf
  Source:                 design_1_i/animalnet_axi_lite_0/inst/u_animalnet_top/u_conv9/gen_depthwise.u_conv/input_addr3/DSP_A_B_DATA_INST/B2_DATA[1]
                            (internal pin)
  Destination:            design_1_i/animalnet_axi_lite_0/inst/u_animalnet_top/u_conv9/gen_depthwise.u_conv/output_addr_reg[15]/D
                            (rising edge-triggered cell FDRE clocked by clk_pl_0  {rise@0.000ns fall@4.681ns period=9.361ns})
  Path Group:             (none)
  Path Type:              Setup (Max at Slow Process Corner)
  Data Path Delay:        6.930ns  (logic 5.433ns (78.398%)  route 1.497ns (21.602%))
  Logic Levels:           17  (CARRY8=2 DSP_A_B_DATA=1 DSP_ALU=3 DSP_C_DATA=1 DSP_M_DATA=2 DSP_MULTIPLIER=2 DSP_OUTPUT=3 DSP_PREADD_DATA=2 LUT2=1)
  Clock Uncertainty:      0.158ns  ((TSJ^2 + DJ^2)^1/2) / 2 + PE
    Total System Jitter     (TSJ):    0.050ns
    Discrete Jitter          (DJ):    0.312ns
    Phase Error              (PE):    0.000ns
  Clock Net Delay (Destination): 2.712ns (routing 1.538ns, distribution 1.174ns)

    Location             Delay type                Incr(ns)  Path(ns)    Netlist Resource(s)
  -------------------------------------------------------------------    -------------------
    DSP48E2_X7Y42        DSP_A_B_DATA                 0.000     0.000 r  design_1_i/animalnet_axi_lite_0/inst/u_animalnet_top/u_conv9/gen_depthwise.u_conv/input_addr3/DSP_A_B_DATA_INST/B2_DATA[1]
                         net (fo=1, routed)           0.000     0.000    design_1_i/animalnet_axi_lite_0/inst/u_animalnet_top/u_conv9/gen_depthwise.u_conv/input_addr3/DSP_A_B_DATA.B2_DATA<1>
    DSP48E2_X7Y42        DSP_PREADD_DATA (Prop_DSP_PREADD_DATA_DSP48E2_B2_DATA[1]_B2B1[1])
                                                      0.097     0.097 r  design_1_i/animalnet_axi_lite_0/inst/u_animalnet_top/u_conv9/gen_depthwise.u_conv/input_addr3/DSP_PREADD_DATA_INST/B2B1[1]
                         net (fo=1, routed)           0.000     0.097    design_1_i/animalnet_axi_lite_0/inst/u_animalnet_top/u_conv9/gen_depthwise.u_conv/input_addr3/DSP_PREADD_DATA.B2B1<1>
    DSP48E2_X7Y42        DSP_MULTIPLIER (Prop_DSP_MULTIPLIER_DSP48E2_B2B1[1]_U[0])
                                                      0.773     0.870 f  design_1_i/animalnet_axi_lite_0/inst/u_animalnet_top/u_conv9/gen_depthwise.u_conv/input_addr3/DSP_MULTIPLIER_INST/U[0]
                         net (fo=1, routed)           0.000     0.870    design_1_i/animalnet_axi_lite_0/inst/u_animalnet_top/u_conv9/gen_depthwise.u_conv/input_addr3/DSP_MULTIPLIER.U<0>
    DSP48E2_X7Y42        DSP_M_DATA (Prop_DSP_M_DATA_DSP48E2_U[0]_U_DATA[0])
                                                      0.067     0.937 r  design_1_i/animalnet_axi_lite_0/inst/u_animalnet_top/u_conv9/gen_depthwise.u_conv/input_addr3/DSP_M_DATA_INST/U_DATA[0]
                         net (fo=1, routed)           0.000     0.937    design_1_i/animalnet_axi_lite_0/inst/u_animalnet_top/u_conv9/gen_depthwise.u_conv/input_addr3/DSP_M_DATA.U_DATA<0>
    DSP48E2_X7Y42        DSP_ALU (Prop_DSP_ALU_DSP48E2_U_DATA[0]_ALU_OUT[0])
                                                      0.727     1.664 r  design_1_i/animalnet_axi_lite_0/inst/u_animalnet_top/u_conv9/gen_depthwise.u_conv/input_addr3/DSP_ALU_INST/ALU_OUT[0]
                         net (fo=1, routed)           0.000     1.664    design_1_i/animalnet_axi_lite_0/inst/u_animalnet_top/u_conv9/gen_depthwise.u_conv/input_addr3/DSP_ALU.ALU_OUT<0>
    DSP48E2_X7Y42        DSP_OUTPUT (Prop_DSP_OUTPUT_DSP48E2_ALU_OUT[0]_P[0])
                                                      0.146     1.810 f  design_1_i/animalnet_axi_lite_0/inst/u_animalnet_top/u_conv9/gen_depthwise.u_conv/input_addr3/DSP_OUTPUT_INST/P[0]
                         net (fo=1, routed)           0.576     2.386    design_1_i/animalnet_axi_lite_0/inst/u_animalnet_top/u_conv9/gen_depthwise.u_conv/input_addr2/A[0]
    DSP48E2_X7Y41        DSP_A_B_DATA (Prop_DSP_A_B_DATA_DSP48E2_A[0]_A2_DATA[0])
                                                      0.258     2.644 r  design_1_i/animalnet_axi_lite_0/inst/u_animalnet_top/u_conv9/gen_depthwise.u_conv/input_addr2/DSP_A_B_DATA_INST/A2_DATA[0]
                         net (fo=1, routed)           0.000     2.644    design_1_i/animalnet_axi_lite_0/inst/u_animalnet_top/u_conv9/gen_depthwise.u_conv/input_addr2/DSP_A_B_DATA.A2_DATA<0>
    DSP48E2_X7Y41        DSP_PREADD_DATA (Prop_DSP_PREADD_DATA_DSP48E2_A2_DATA[0]_A2A1[0])
                                                      0.114     2.758 r  design_1_i/animalnet_axi_lite_0/inst/u_animalnet_top/u_conv9/gen_depthwise.u_conv/input_addr2/DSP_PREADD_DATA_INST/A2A1[0]
                         net (fo=1, routed)           0.000     2.758    design_1_i/animalnet_axi_lite_0/inst/u_animalnet_top/u_conv9/gen_depthwise.u_conv/input_addr2/DSP_PREADD_DATA.A2A1<0>
    DSP48E2_X7Y41        DSP_MULTIPLIER (Prop_DSP_MULTIPLIER_DSP48E2_A2A1[0]_U[1])
                                                      0.700     3.458 f  design_1_i/animalnet_axi_lite_0/inst/u_animalnet_top/u_conv9/gen_depthwise.u_conv/input_addr2/DSP_MULTIPLIER_INST/U[1]
                         net (fo=1, routed)           0.000     3.458    design_1_i/animalnet_axi_lite_0/inst/u_animalnet_top/u_conv9/gen_depthwise.u_conv/input_addr2/DSP_MULTIPLIER.U<1>
    DSP48E2_X7Y41        DSP_M_DATA (Prop_DSP_M_DATA_DSP48E2_U[1]_U_DATA[1])
                                                      0.067     3.525 r  design_1_i/animalnet_axi_lite_0/inst/u_animalnet_top/u_conv9/gen_depthwise.u_conv/input_addr2/DSP_M_DATA_INST/U_DATA[1]
                         net (fo=1, routed)           0.000     3.525    design_1_i/animalnet_axi_lite_0/inst/u_animalnet_top/u_conv9/gen_depthwise.u_conv/input_addr2/DSP_M_DATA.U_DATA<1>
    DSP48E2_X7Y41        DSP_ALU (Prop_DSP_ALU_DSP48E2_U_DATA[1]_ALU_OUT[1])
                                                      0.727     4.252 f  design_1_i/animalnet_axi_lite_0/inst/u_animalnet_top/u_conv9/gen_depthwise.u_conv/input_addr2/DSP_ALU_INST/ALU_OUT[1]
                         net (fo=1, routed)           0.000     4.252    design_1_i/animalnet_axi_lite_0/inst/u_animalnet_top/u_conv9/gen_depthwise.u_conv/input_addr2/DSP_ALU.ALU_OUT<1>
    DSP48E2_X7Y41        DSP_OUTPUT (Prop_DSP_OUTPUT_DSP48E2_ALU_OUT[1]_P[1])
                                                      0.146     4.398 r  design_1_i/animalnet_axi_lite_0/inst/u_animalnet_top/u_conv9/gen_depthwise.u_conv/input_addr2/DSP_OUTPUT_INST/P[1]
                         net (fo=2, routed)           0.505     4.903    design_1_i/animalnet_axi_lite_0/inst/u_animalnet_top/u_conv9/gen_depthwise.u_conv/output_addr0/C[1]
    DSP48E2_X8Y40        DSP_C_DATA (Prop_DSP_C_DATA_DSP48E2_C[1]_C_DATA[1])
                                                      0.135     5.038 r  design_1_i/animalnet_axi_lite_0/inst/u_animalnet_top/u_conv9/gen_depthwise.u_conv/output_addr0/DSP_C_DATA_INST/C_DATA[1]
                         net (fo=2, routed)           0.000     5.038    design_1_i/animalnet_axi_lite_0/inst/u_animalnet_top/u_conv9/gen_depthwise.u_conv/output_addr0/DSP_C_DATA.C_DATA<1>
    DSP48E2_X8Y40        DSP_ALU (Prop_DSP_ALU_DSP48E2_C_DATA[1]_ALU_OUT[5])
                                                      0.786     5.824 f  design_1_i/animalnet_axi_lite_0/inst/u_animalnet_top/u_conv9/gen_depthwise.u_conv/output_addr0/DSP_ALU_INST/ALU_OUT[5]
                         net (fo=1, routed)           0.000     5.824    design_1_i/animalnet_axi_lite_0/inst/u_animalnet_top/u_conv9/gen_depthwise.u_conv/output_addr0/DSP_ALU.ALU_OUT<5>
    DSP48E2_X8Y40        DSP_OUTPUT (Prop_DSP_OUTPUT_DSP48E2_ALU_OUT[5]_P[5])
                                                      0.146     5.970 r  design_1_i/animalnet_axi_lite_0/inst/u_animalnet_top/u_conv9/gen_depthwise.u_conv/output_addr0/DSP_OUTPUT_INST/P[5]
                         net (fo=1, routed)           0.323     6.293    design_1_i/animalnet_axi_lite_0/inst/u_animalnet_top/u_conv9/gen_depthwise.u_conv/output_addr0_n_100
    SLICE_X32Y100        LUT2 (Prop_F6LUT_SLICEM_I1_O)
                                                      0.135     6.428 r  design_1_i/animalnet_axi_lite_0/inst/u_animalnet_top/u_conv9/gen_depthwise.u_conv/output_addr[7]_i_4__2/O
                         net (fo=1, routed)           0.029     6.457    design_1_i/animalnet_axi_lite_0/inst/u_animalnet_top/u_conv9/gen_depthwise.u_conv/output_addr[7]_i_4__2_n_0
    SLICE_X32Y100        CARRY8 (Prop_CARRY8_SLICEM_S[5]_CO[7])
                                                      0.238     6.695 r  design_1_i/animalnet_axi_lite_0/inst/u_animalnet_top/u_conv9/gen_depthwise.u_conv/output_addr_reg[7]_i_1__2/CO[7]
                         net (fo=1, routed)           0.030     6.725    design_1_i/animalnet_axi_lite_0/inst/u_animalnet_top/u_conv9/gen_depthwise.u_conv/output_addr_reg[7]_i_1__2_n_0
    SLICE_X32Y101        CARRY8 (Prop_CARRY8_SLICEM_CI_O[7])
                                                      0.171     6.896 r  design_1_i/animalnet_axi_lite_0/inst/u_animalnet_top/u_conv9/gen_depthwise.u_conv/output_addr_reg[15]_i_1__2/O[7]
                         net (fo=1, routed)           0.034     6.930    design_1_i/animalnet_axi_lite_0/inst/u_animalnet_top/u_conv9/gen_depthwise.u_conv/output_addr0__0[15]
    SLICE_X32Y101        FDRE                                         r  design_1_i/animalnet_axi_lite_0/inst/u_animalnet_top/u_conv9/gen_depthwise.u_conv/output_addr_reg[15]/D
  -------------------------------------------------------------------    -------------------

                         (clock clk_pl_0 rise edge)
                                                      0.000     0.000 r  
    BUFG_PS_X0Y90        BUFG_PS                      0.000     0.000 r  design_1_i/zynq_ultra_ps_e_0/inst/buffer_pl_clk_0.PL_CLK_0_BUFG/O
    X1Y1 (CLOCK_ROOT)    net (fo=6239, routed)        2.712     2.712    design_1_i/animalnet_axi_lite_0/inst/u_animalnet_top/u_conv9/gen_depthwise.u_conv/S_AXI_ACLK
    SLICE_X32Y101        FDRE                                         r  design_1_i/animalnet_axi_lite_0/inst/u_animalnet_top/u_conv9/gen_depthwise.u_conv/output_addr_reg[15]/C

Slack:                    inf
  Source:                 design_1_i/animalnet_axi_lite_0/inst/u_animalnet_top/weight_rom_addr_reg[12]/G
                            (positive level-sensitive latch)
  Destination:            design_1_i/animalnet_axi_lite_0/inst/u_animalnet_top/u_weight_rom/gen_bram.mem_reg_bram_35/CASDOMUXA
                            (rising edge-triggered cell RAMB36E2 clocked by clk_pl_0  {rise@0.000ns fall@4.681ns period=9.361ns})
  Path Group:             (none)
  Path Type:              Setup (Max at Slow Process Corner)
  Data Path Delay:        6.928ns  (logic 0.362ns (5.225%)  route 6.566ns (94.775%))
  Logic Levels:           2  (LDCE=1 LUT2=1)
  Clock Uncertainty:      0.158ns  ((TSJ^2 + DJ^2)^1/2) / 2 + PE
    Total System Jitter     (TSJ):    0.050ns
    Discrete Jitter          (DJ):    0.312ns
    Phase Error              (PE):    0.000ns
  Clock Net Delay (Destination): 2.840ns (routing 1.538ns, distribution 1.302ns)

    Location             Delay type                Incr(ns)  Path(ns)    Netlist Resource(s)
  -------------------------------------------------------------------    -------------------
    SLICE_X36Y99         LDCE                         0.000     0.000 r  design_1_i/animalnet_axi_lite_0/inst/u_animalnet_top/weight_rom_addr_reg[12]/G
    SLICE_X36Y99         LDCE (EnToQ_EFF_SLICEL_G_Q)
                                                      0.173     0.173 f  design_1_i/animalnet_axi_lite_0/inst/u_animalnet_top/weight_rom_addr_reg[12]/Q
                         net (fo=60, routed)          4.208     4.381    design_1_i/animalnet_axi_lite_0/inst/u_animalnet_top/u_weight_rom/Q[12]
    SLICE_X30Y56         LUT2 (Prop_G5LUT_SLICEL_I1_O)
                                                      0.189     4.570 r  design_1_i/animalnet_axi_lite_0/inst/u_animalnet_top/u_weight_rom/gen_bram.mem_reg_bram_3_i_1/O
                         net (fo=12, routed)          2.358     6.928    design_1_i/animalnet_axi_lite_0/inst/u_animalnet_top/u_weight_rom/gen_bram.mem_reg_bram_3_i_1_n_0
    RAMB36_X1Y6          RAMB36E2                                     r  design_1_i/animalnet_axi_lite_0/inst/u_animalnet_top/u_weight_rom/gen_bram.mem_reg_bram_35/CASDOMUXA
  -------------------------------------------------------------------    -------------------

                         (clock clk_pl_0 rise edge)
                                                      0.000     0.000 r  
    BUFG_PS_X0Y90        BUFG_PS                      0.000     0.000 r  design_1_i/zynq_ultra_ps_e_0/inst/buffer_pl_clk_0.PL_CLK_0_BUFG/O
    X1Y1 (CLOCK_ROOT)    net (fo=6239, routed)        2.840     2.840    design_1_i/animalnet_axi_lite_0/inst/u_animalnet_top/u_weight_rom/S_AXI_ACLK
    RAMB36_X1Y6          RAMB36E2                                     r  design_1_i/animalnet_axi_lite_0/inst/u_animalnet_top/u_weight_rom/gen_bram.mem_reg_bram_35/CLKARDCLK

Slack:                    inf
  Source:                 design_1_i/animalnet_axi_lite_0/inst/u_animalnet_top/u_conv9/gen_depthwise.u_conv/input_addr3/DSP_A_B_DATA_INST/B2_DATA[1]
                            (internal pin)
  Destination:            design_1_i/animalnet_axi_lite_0/inst/u_animalnet_top/u_conv9/gen_depthwise.u_conv/output_addr_reg[13]/D
                            (rising edge-triggered cell FDRE clocked by clk_pl_0  {rise@0.000ns fall@4.681ns period=9.361ns})
  Path Group:             (none)
  Path Type:              Setup (Max at Slow Process Corner)
  Data Path Delay:        6.919ns  (logic 5.423ns (78.378%)  route 1.496ns (21.622%))
  Logic Levels:           17  (CARRY8=2 DSP_A_B_DATA=1 DSP_ALU=3 DSP_C_DATA=1 DSP_M_DATA=2 DSP_MULTIPLIER=2 DSP_OUTPUT=3 DSP_PREADD_DATA=2 LUT2=1)
  Clock Uncertainty:      0.158ns  ((TSJ^2 + DJ^2)^1/2) / 2 + PE
    Total System Jitter     (TSJ):    0.050ns
    Discrete Jitter          (DJ):    0.312ns
    Phase Error              (PE):    0.000ns
  Clock Net Delay (Destination): 2.712ns (routing 1.538ns, distribution 1.174ns)

    Location             Delay type                Incr(ns)  Path(ns)    Netlist Resource(s)
  -------------------------------------------------------------------    -------------------
    DSP48E2_X7Y42        DSP_A_B_DATA                 0.000     0.000 r  design_1_i/animalnet_axi_lite_0/inst/u_animalnet_top/u_conv9/gen_depthwise.u_conv/input_addr3/DSP_A_B_DATA_INST/B2_DATA[1]
                         net (fo=1, routed)           0.000     0.000    design_1_i/animalnet_axi_lite_0/inst/u_animalnet_top/u_conv9/gen_depthwise.u_conv/input_addr3/DSP_A_B_DATA.B2_DATA<1>
    DSP48E2_X7Y42        DSP_PREADD_DATA (Prop_DSP_PREADD_DATA_DSP48E2_B2_DATA[1]_B2B1[1])
                                                      0.097     0.097 r  design_1_i/animalnet_axi_lite_0/inst/u_animalnet_top/u_conv9/gen_depthwise.u_conv/input_addr3/DSP_PREADD_DATA_INST/B2B1[1]
                         net (fo=1, routed)           0.000     0.097    design_1_i/animalnet_axi_lite_0/inst/u_animalnet_top/u_conv9/gen_depthwise.u_conv/input_addr3/DSP_PREADD_DATA.B2B1<1>
    DSP48E2_X7Y42        DSP_MULTIPLIER (Prop_DSP_MULTIPLIER_DSP48E2_B2B1[1]_U[0])
                                                      0.773     0.870 f  design_1_i/animalnet_axi_lite_0/inst/u_animalnet_top/u_conv9/gen_depthwise.u_conv/input_addr3/DSP_MULTIPLIER_INST/U[0]
                         net (fo=1, routed)           0.000     0.870    design_1_i/animalnet_axi_lite_0/inst/u_animalnet_top/u_conv9/gen_depthwise.u_conv/input_addr3/DSP_MULTIPLIER.U<0>
    DSP48E2_X7Y42        DSP_M_DATA (Prop_DSP_M_DATA_DSP48E2_U[0]_U_DATA[0])
                                                      0.067     0.937 r  design_1_i/animalnet_axi_lite_0/inst/u_animalnet_top/u_conv9/gen_depthwise.u_conv/input_addr3/DSP_M_DATA_INST/U_DATA[0]
                         net (fo=1, routed)           0.000     0.937    design_1_i/animalnet_axi_lite_0/inst/u_animalnet_top/u_conv9/gen_depthwise.u_conv/input_addr3/DSP_M_DATA.U_DATA<0>
    DSP48E2_X7Y42        DSP_ALU (Prop_DSP_ALU_DSP48E2_U_DATA[0]_ALU_OUT[0])
                                                      0.727     1.664 r  design_1_i/animalnet_axi_lite_0/inst/u_animalnet_top/u_conv9/gen_depthwise.u_conv/input_addr3/DSP_ALU_INST/ALU_OUT[0]
                         net (fo=1, routed)           0.000     1.664    design_1_i/animalnet_axi_lite_0/inst/u_animalnet_top/u_conv9/gen_depthwise.u_conv/input_addr3/DSP_ALU.ALU_OUT<0>
    DSP48E2_X7Y42        DSP_OUTPUT (Prop_DSP_OUTPUT_DSP48E2_ALU_OUT[0]_P[0])
                                                      0.146     1.810 f  design_1_i/animalnet_axi_lite_0/inst/u_animalnet_top/u_conv9/gen_depthwise.u_conv/input_addr3/DSP_OUTPUT_INST/P[0]
                         net (fo=1, routed)           0.576     2.386    design_1_i/animalnet_axi_lite_0/inst/u_animalnet_top/u_conv9/gen_depthwise.u_conv/input_addr2/A[0]
    DSP48E2_X7Y41        DSP_A_B_DATA (Prop_DSP_A_B_DATA_DSP48E2_A[0]_A2_DATA[0])
                                                      0.258     2.644 r  design_1_i/animalnet_axi_lite_0/inst/u_animalnet_top/u_conv9/gen_depthwise.u_conv/input_addr2/DSP_A_B_DATA_INST/A2_DATA[0]
                         net (fo=1, routed)           0.000     2.644    design_1_i/animalnet_axi_lite_0/inst/u_animalnet_top/u_conv9/gen_depthwise.u_conv/input_addr2/DSP_A_B_DATA.A2_DATA<0>
    DSP48E2_X7Y41        DSP_PREADD_DATA (Prop_DSP_PREADD_DATA_DSP48E2_A2_DATA[0]_A2A1[0])
                                                      0.114     2.758 r  design_1_i/animalnet_axi_lite_0/inst/u_animalnet_top/u_conv9/gen_depthwise.u_conv/input_addr2/DSP_PREADD_DATA_INST/A2A1[0]
                         net (fo=1, routed)           0.000     2.758    design_1_i/animalnet_axi_lite_0/inst/u_animalnet_top/u_conv9/gen_depthwise.u_conv/input_addr2/DSP_PREADD_DATA.A2A1<0>
    DSP48E2_X7Y41        DSP_MULTIPLIER (Prop_DSP_MULTIPLIER_DSP48E2_A2A1[0]_U[1])
                                                      0.700     3.458 f  design_1_i/animalnet_axi_lite_0/inst/u_animalnet_top/u_conv9/gen_depthwise.u_conv/input_addr2/DSP_MULTIPLIER_INST/U[1]
                         net (fo=1, routed)           0.000     3.458    design_1_i/animalnet_axi_lite_0/inst/u_animalnet_top/u_conv9/gen_depthwise.u_conv/input_addr2/DSP_MULTIPLIER.U<1>
    DSP48E2_X7Y41        DSP_M_DATA (Prop_DSP_M_DATA_DSP48E2_U[1]_U_DATA[1])
                                                      0.067     3.525 r  design_1_i/animalnet_axi_lite_0/inst/u_animalnet_top/u_conv9/gen_depthwise.u_conv/input_addr2/DSP_M_DATA_INST/U_DATA[1]
                         net (fo=1, routed)           0.000     3.525    design_1_i/animalnet_axi_lite_0/inst/u_animalnet_top/u_conv9/gen_depthwise.u_conv/input_addr2/DSP_M_DATA.U_DATA<1>
    DSP48E2_X7Y41        DSP_ALU (Prop_DSP_ALU_DSP48E2_U_DATA[1]_ALU_OUT[1])
                                                      0.727     4.252 f  design_1_i/animalnet_axi_lite_0/inst/u_animalnet_top/u_conv9/gen_depthwise.u_conv/input_addr2/DSP_ALU_INST/ALU_OUT[1]
                         net (fo=1, routed)           0.000     4.252    design_1_i/animalnet_axi_lite_0/inst/u_animalnet_top/u_conv9/gen_depthwise.u_conv/input_addr2/DSP_ALU.ALU_OUT<1>
    DSP48E2_X7Y41        DSP_OUTPUT (Prop_DSP_OUTPUT_DSP48E2_ALU_OUT[1]_P[1])
                                                      0.146     4.398 r  design_1_i/animalnet_axi_lite_0/inst/u_animalnet_top/u_conv9/gen_depthwise.u_conv/input_addr2/DSP_OUTPUT_INST/P[1]
                         net (fo=2, routed)           0.505     4.903    design_1_i/animalnet_axi_lite_0/inst/u_animalnet_top/u_conv9/gen_depthwise.u_conv/output_addr0/C[1]
    DSP48E2_X8Y40        DSP_C_DATA (Prop_DSP_C_DATA_DSP48E2_C[1]_C_DATA[1])
                                                      0.135     5.038 r  design_1_i/animalnet_axi_lite_0/inst/u_animalnet_top/u_conv9/gen_depthwise.u_conv/output_addr0/DSP_C_DATA_INST/C_DATA[1]
                         net (fo=2, routed)           0.000     5.038    design_1_i/animalnet_axi_lite_0/inst/u_animalnet_top/u_conv9/gen_depthwise.u_conv/output_addr0/DSP_C_DATA.C_DATA<1>
    DSP48E2_X8Y40        DSP_ALU (Prop_DSP_ALU_DSP48E2_C_DATA[1]_ALU_OUT[5])
                                                      0.786     5.824 f  design_1_i/animalnet_axi_lite_0/inst/u_animalnet_top/u_conv9/gen_depthwise.u_conv/output_addr0/DSP_ALU_INST/ALU_OUT[5]
                         net (fo=1, routed)           0.000     5.824    design_1_i/animalnet_axi_lite_0/inst/u_animalnet_top/u_conv9/gen_depthwise.u_conv/output_addr0/DSP_ALU.ALU_OUT<5>
    DSP48E2_X8Y40        DSP_OUTPUT (Prop_DSP_OUTPUT_DSP48E2_ALU_OUT[5]_P[5])
                                                      0.146     5.970 r  design_1_i/animalnet_axi_lite_0/inst/u_animalnet_top/u_conv9/gen_depthwise.u_conv/output_addr0/DSP_OUTPUT_INST/P[5]
                         net (fo=1, routed)           0.323     6.293    design_1_i/animalnet_axi_lite_0/inst/u_animalnet_top/u_conv9/gen_depthwise.u_conv/output_addr0_n_100
    SLICE_X32Y100        LUT2 (Prop_F6LUT_SLICEM_I1_O)
                                                      0.135     6.428 r  design_1_i/animalnet_axi_lite_0/inst/u_animalnet_top/u_conv9/gen_depthwise.u_conv/output_addr[7]_i_4__2/O
                         net (fo=1, routed)           0.029     6.457    design_1_i/animalnet_axi_lite_0/inst/u_animalnet_top/u_conv9/gen_depthwise.u_conv/output_addr[7]_i_4__2_n_0
    SLICE_X32Y100        CARRY8 (Prop_CARRY8_SLICEM_S[5]_CO[7])
                                                      0.238     6.695 r  design_1_i/animalnet_axi_lite_0/inst/u_animalnet_top/u_conv9/gen_depthwise.u_conv/output_addr_reg[7]_i_1__2/CO[7]
                         net (fo=1, routed)           0.030     6.725    design_1_i/animalnet_axi_lite_0/inst/u_animalnet_top/u_conv9/gen_depthwise.u_conv/output_addr_reg[7]_i_1__2_n_0
    SLICE_X32Y101        CARRY8 (Prop_CARRY8_SLICEM_CI_O[5])
                                                      0.161     6.886 r  design_1_i/animalnet_axi_lite_0/inst/u_animalnet_top/u_conv9/gen_depthwise.u_conv/output_addr_reg[15]_i_1__2/O[5]
                         net (fo=1, routed)           0.033     6.919    design_1_i/animalnet_axi_lite_0/inst/u_animalnet_top/u_conv9/gen_depthwise.u_conv/output_addr0__0[13]
    SLICE_X32Y101        FDRE                                         r  design_1_i/animalnet_axi_lite_0/inst/u_animalnet_top/u_conv9/gen_depthwise.u_conv/output_addr_reg[13]/D
  -------------------------------------------------------------------    -------------------

                         (clock clk_pl_0 rise edge)
                                                      0.000     0.000 r  
    BUFG_PS_X0Y90        BUFG_PS                      0.000     0.000 r  design_1_i/zynq_ultra_ps_e_0/inst/buffer_pl_clk_0.PL_CLK_0_BUFG/O
    X1Y1 (CLOCK_ROOT)    net (fo=6239, routed)        2.712     2.712    design_1_i/animalnet_axi_lite_0/inst/u_animalnet_top/u_conv9/gen_depthwise.u_conv/S_AXI_ACLK
    SLICE_X32Y101        FDRE                                         r  design_1_i/animalnet_axi_lite_0/inst/u_animalnet_top/u_conv9/gen_depthwise.u_conv/output_addr_reg[13]/C

Slack:                    inf
  Source:                 design_1_i/animalnet_axi_lite_0/inst/u_animalnet_top/u_conv9/gen_depthwise.u_conv/input_addr3/DSP_A_B_DATA_INST/B2_DATA[1]
                            (internal pin)
  Destination:            design_1_i/animalnet_axi_lite_0/inst/u_animalnet_top/u_conv9/gen_depthwise.u_conv/output_addr_reg[14]/D
                            (rising edge-triggered cell FDRE clocked by clk_pl_0  {rise@0.000ns fall@4.681ns period=9.361ns})
  Path Group:             (none)
  Path Type:              Setup (Max at Slow Process Corner)
  Data Path Delay:        6.916ns  (logic 5.419ns (78.354%)  route 1.497ns (21.646%))
  Logic Levels:           17  (CARRY8=2 DSP_A_B_DATA=1 DSP_ALU=3 DSP_C_DATA=1 DSP_M_DATA=2 DSP_MULTIPLIER=2 DSP_OUTPUT=3 DSP_PREADD_DATA=2 LUT2=1)
  Clock Uncertainty:      0.158ns  ((TSJ^2 + DJ^2)^1/2) / 2 + PE
    Total System Jitter     (TSJ):    0.050ns
    Discrete Jitter          (DJ):    0.312ns
    Phase Error              (PE):    0.000ns
  Clock Net Delay (Destination): 2.712ns (routing 1.538ns, distribution 1.174ns)

    Location             Delay type                Incr(ns)  Path(ns)    Netlist Resource(s)
  -------------------------------------------------------------------    -------------------
    DSP48E2_X7Y42        DSP_A_B_DATA                 0.000     0.000 r  design_1_i/animalnet_axi_lite_0/inst/u_animalnet_top/u_conv9/gen_depthwise.u_conv/input_addr3/DSP_A_B_DATA_INST/B2_DATA[1]
                         net (fo=1, routed)           0.000     0.000    design_1_i/animalnet_axi_lite_0/inst/u_animalnet_top/u_conv9/gen_depthwise.u_conv/input_addr3/DSP_A_B_DATA.B2_DATA<1>
    DSP48E2_X7Y42        DSP_PREADD_DATA (Prop_DSP_PREADD_DATA_DSP48E2_B2_DATA[1]_B2B1[1])
                                                      0.097     0.097 r  design_1_i/animalnet_axi_lite_0/inst/u_animalnet_top/u_conv9/gen_depthwise.u_conv/input_addr3/DSP_PREADD_DATA_INST/B2B1[1]
                         net (fo=1, routed)           0.000     0.097    design_1_i/animalnet_axi_lite_0/inst/u_animalnet_top/u_conv9/gen_depthwise.u_conv/input_addr3/DSP_PREADD_DATA.B2B1<1>
    DSP48E2_X7Y42        DSP_MULTIPLIER (Prop_DSP_MULTIPLIER_DSP48E2_B2B1[1]_U[0])
                                                      0.773     0.870 f  design_1_i/animalnet_axi_lite_0/inst/u_animalnet_top/u_conv9/gen_depthwise.u_conv/input_addr3/DSP_MULTIPLIER_INST/U[0]
                         net (fo=1, routed)           0.000     0.870    design_1_i/animalnet_axi_lite_0/inst/u_animalnet_top/u_conv9/gen_depthwise.u_conv/input_addr3/DSP_MULTIPLIER.U<0>
    DSP48E2_X7Y42        DSP_M_DATA (Prop_DSP_M_DATA_DSP48E2_U[0]_U_DATA[0])
                                                      0.067     0.937 r  design_1_i/animalnet_axi_lite_0/inst/u_animalnet_top/u_conv9/gen_depthwise.u_conv/input_addr3/DSP_M_DATA_INST/U_DATA[0]
                         net (fo=1, routed)           0.000     0.937    design_1_i/animalnet_axi_lite_0/inst/u_animalnet_top/u_conv9/gen_depthwise.u_conv/input_addr3/DSP_M_DATA.U_DATA<0>
    DSP48E2_X7Y42        DSP_ALU (Prop_DSP_ALU_DSP48E2_U_DATA[0]_ALU_OUT[0])
                                                      0.727     1.664 r  design_1_i/animalnet_axi_lite_0/inst/u_animalnet_top/u_conv9/gen_depthwise.u_conv/input_addr3/DSP_ALU_INST/ALU_OUT[0]
                         net (fo=1, routed)           0.000     1.664    design_1_i/animalnet_axi_lite_0/inst/u_animalnet_top/u_conv9/gen_depthwise.u_conv/input_addr3/DSP_ALU.ALU_OUT<0>
    DSP48E2_X7Y42        DSP_OUTPUT (Prop_DSP_OUTPUT_DSP48E2_ALU_OUT[0]_P[0])
                                                      0.146     1.810 f  design_1_i/animalnet_axi_lite_0/inst/u_animalnet_top/u_conv9/gen_depthwise.u_conv/input_addr3/DSP_OUTPUT_INST/P[0]
                         net (fo=1, routed)           0.576     2.386    design_1_i/animalnet_axi_lite_0/inst/u_animalnet_top/u_conv9/gen_depthwise.u_conv/input_addr2/A[0]
    DSP48E2_X7Y41        DSP_A_B_DATA (Prop_DSP_A_B_DATA_DSP48E2_A[0]_A2_DATA[0])
                                                      0.258     2.644 r  design_1_i/animalnet_axi_lite_0/inst/u_animalnet_top/u_conv9/gen_depthwise.u_conv/input_addr2/DSP_A_B_DATA_INST/A2_DATA[0]
                         net (fo=1, routed)           0.000     2.644    design_1_i/animalnet_axi_lite_0/inst/u_animalnet_top/u_conv9/gen_depthwise.u_conv/input_addr2/DSP_A_B_DATA.A2_DATA<0>
    DSP48E2_X7Y41        DSP_PREADD_DATA (Prop_DSP_PREADD_DATA_DSP48E2_A2_DATA[0]_A2A1[0])
                                                      0.114     2.758 r  design_1_i/animalnet_axi_lite_0/inst/u_animalnet_top/u_conv9/gen_depthwise.u_conv/input_addr2/DSP_PREADD_DATA_INST/A2A1[0]
                         net (fo=1, routed)           0.000     2.758    design_1_i/animalnet_axi_lite_0/inst/u_animalnet_top/u_conv9/gen_depthwise.u_conv/input_addr2/DSP_PREADD_DATA.A2A1<0>
    DSP48E2_X7Y41        DSP_MULTIPLIER (Prop_DSP_MULTIPLIER_DSP48E2_A2A1[0]_U[1])
                                                      0.700     3.458 f  design_1_i/animalnet_axi_lite_0/inst/u_animalnet_top/u_conv9/gen_depthwise.u_conv/input_addr2/DSP_MULTIPLIER_INST/U[1]
                         net (fo=1, routed)           0.000     3.458    design_1_i/animalnet_axi_lite_0/inst/u_animalnet_top/u_conv9/gen_depthwise.u_conv/input_addr2/DSP_MULTIPLIER.U<1>
    DSP48E2_X7Y41        DSP_M_DATA (Prop_DSP_M_DATA_DSP48E2_U[1]_U_DATA[1])
                                                      0.067     3.525 r  design_1_i/animalnet_axi_lite_0/inst/u_animalnet_top/u_conv9/gen_depthwise.u_conv/input_addr2/DSP_M_DATA_INST/U_DATA[1]
                         net (fo=1, routed)           0.000     3.525    design_1_i/animalnet_axi_lite_0/inst/u_animalnet_top/u_conv9/gen_depthwise.u_conv/input_addr2/DSP_M_DATA.U_DATA<1>
    DSP48E2_X7Y41        DSP_ALU (Prop_DSP_ALU_DSP48E2_U_DATA[1]_ALU_OUT[1])
                                                      0.727     4.252 f  design_1_i/animalnet_axi_lite_0/inst/u_animalnet_top/u_conv9/gen_depthwise.u_conv/input_addr2/DSP_ALU_INST/ALU_OUT[1]
                         net (fo=1, routed)           0.000     4.252    design_1_i/animalnet_axi_lite_0/inst/u_animalnet_top/u_conv9/gen_depthwise.u_conv/input_addr2/DSP_ALU.ALU_OUT<1>
    DSP48E2_X7Y41        DSP_OUTPUT (Prop_DSP_OUTPUT_DSP48E2_ALU_OUT[1]_P[1])
                                                      0.146     4.398 r  design_1_i/animalnet_axi_lite_0/inst/u_animalnet_top/u_conv9/gen_depthwise.u_conv/input_addr2/DSP_OUTPUT_INST/P[1]
                         net (fo=2, routed)           0.505     4.903    design_1_i/animalnet_axi_lite_0/inst/u_animalnet_top/u_conv9/gen_depthwise.u_conv/output_addr0/C[1]
    DSP48E2_X8Y40        DSP_C_DATA (Prop_DSP_C_DATA_DSP48E2_C[1]_C_DATA[1])
                                                      0.135     5.038 r  design_1_i/animalnet_axi_lite_0/inst/u_animalnet_top/u_conv9/gen_depthwise.u_conv/output_addr0/DSP_C_DATA_INST/C_DATA[1]
                         net (fo=2, routed)           0.000     5.038    design_1_i/animalnet_axi_lite_0/inst/u_animalnet_top/u_conv9/gen_depthwise.u_conv/output_addr0/DSP_C_DATA.C_DATA<1>
    DSP48E2_X8Y40        DSP_ALU (Prop_DSP_ALU_DSP48E2_C_DATA[1]_ALU_OUT[5])
                                                      0.786     5.824 f  design_1_i/animalnet_axi_lite_0/inst/u_animalnet_top/u_conv9/gen_depthwise.u_conv/output_addr0/DSP_ALU_INST/ALU_OUT[5]
                         net (fo=1, routed)           0.000     5.824    design_1_i/animalnet_axi_lite_0/inst/u_animalnet_top/u_conv9/gen_depthwise.u_conv/output_addr0/DSP_ALU.ALU_OUT<5>
    DSP48E2_X8Y40        DSP_OUTPUT (Prop_DSP_OUTPUT_DSP48E2_ALU_OUT[5]_P[5])
                                                      0.146     5.970 r  design_1_i/animalnet_axi_lite_0/inst/u_animalnet_top/u_conv9/gen_depthwise.u_conv/output_addr0/DSP_OUTPUT_INST/P[5]
                         net (fo=1, routed)           0.323     6.293    design_1_i/animalnet_axi_lite_0/inst/u_animalnet_top/u_conv9/gen_depthwise.u_conv/output_addr0_n_100
    SLICE_X32Y100        LUT2 (Prop_F6LUT_SLICEM_I1_O)
                                                      0.135     6.428 r  design_1_i/animalnet_axi_lite_0/inst/u_animalnet_top/u_conv9/gen_depthwise.u_conv/output_addr[7]_i_4__2/O
                         net (fo=1, routed)           0.029     6.457    design_1_i/animalnet_axi_lite_0/inst/u_animalnet_top/u_conv9/gen_depthwise.u_conv/output_addr[7]_i_4__2_n_0
    SLICE_X32Y100        CARRY8 (Prop_CARRY8_SLICEM_S[5]_CO[7])
                                                      0.238     6.695 r  design_1_i/animalnet_axi_lite_0/inst/u_animalnet_top/u_conv9/gen_depthwise.u_conv/output_addr_reg[7]_i_1__2/CO[7]
                         net (fo=1, routed)           0.030     6.725    design_1_i/animalnet_axi_lite_0/inst/u_animalnet_top/u_conv9/gen_depthwise.u_conv/output_addr_reg[7]_i_1__2_n_0
    SLICE_X32Y101        CARRY8 (Prop_CARRY8_SLICEM_CI_O[6])
                                                      0.157     6.882 r  design_1_i/animalnet_axi_lite_0/inst/u_animalnet_top/u_conv9/gen_depthwise.u_conv/output_addr_reg[15]_i_1__2/O[6]
                         net (fo=1, routed)           0.034     6.916    design_1_i/animalnet_axi_lite_0/inst/u_animalnet_top/u_conv9/gen_depthwise.u_conv/output_addr0__0[14]
    SLICE_X32Y101        FDRE                                         r  design_1_i/animalnet_axi_lite_0/inst/u_animalnet_top/u_conv9/gen_depthwise.u_conv/output_addr_reg[14]/D
  -------------------------------------------------------------------    -------------------

                         (clock clk_pl_0 rise edge)
                                                      0.000     0.000 r  
    BUFG_PS_X0Y90        BUFG_PS                      0.000     0.000 r  design_1_i/zynq_ultra_ps_e_0/inst/buffer_pl_clk_0.PL_CLK_0_BUFG/O
    X1Y1 (CLOCK_ROOT)    net (fo=6239, routed)        2.712     2.712    design_1_i/animalnet_axi_lite_0/inst/u_animalnet_top/u_conv9/gen_depthwise.u_conv/S_AXI_ACLK
    SLICE_X32Y101        FDRE                                         r  design_1_i/animalnet_axi_lite_0/inst/u_animalnet_top/u_conv9/gen_depthwise.u_conv/output_addr_reg[14]/C

Slack:                    inf
  Source:                 design_1_i/animalnet_axi_lite_0/inst/u_animalnet_top/u_conv1/gen_depthwise.u_conv/input_addr3/DSP_A_B_DATA_INST/B2_DATA[9]
                            (internal pin)
  Destination:            design_1_i/animalnet_axi_lite_0/inst/u_animalnet_top/u_conv1/gen_depthwise.u_conv/input_addr_reg[17]/D
                            (rising edge-triggered cell FDRE clocked by clk_pl_0  {rise@0.000ns fall@4.681ns period=9.361ns})
  Path Group:             (none)
  Path Type:              Setup (Max at Slow Process Corner)
  Data Path Delay:        6.900ns  (logic 5.398ns (78.233%)  route 1.502ns (21.767%))
  Logic Levels:           17  (CARRY8=2 DSP_A_B_DATA=1 DSP_ALU=3 DSP_C_DATA=1 DSP_M_DATA=2 DSP_MULTIPLIER=2 DSP_OUTPUT=3 DSP_PREADD_DATA=2 LUT2=1)
  Clock Uncertainty:      0.158ns  ((TSJ^2 + DJ^2)^1/2) / 2 + PE
    Total System Jitter     (TSJ):    0.050ns
    Discrete Jitter          (DJ):    0.312ns
    Phase Error              (PE):    0.000ns
  Clock Net Delay (Destination): 2.707ns (routing 1.538ns, distribution 1.169ns)

    Location             Delay type                Incr(ns)  Path(ns)    Netlist Resource(s)
  -------------------------------------------------------------------    -------------------
    DSP48E2_X7Y29        DSP_A_B_DATA                 0.000     0.000 r  design_1_i/animalnet_axi_lite_0/inst/u_animalnet_top/u_conv1/gen_depthwise.u_conv/input_addr3/DSP_A_B_DATA_INST/B2_DATA[9]
                         net (fo=1, routed)           0.000     0.000    design_1_i/animalnet_axi_lite_0/inst/u_animalnet_top/u_conv1/gen_depthwise.u_conv/input_addr3/DSP_A_B_DATA.B2_DATA<9>
    DSP48E2_X7Y29        DSP_PREADD_DATA (Prop_DSP_PREADD_DATA_DSP48E2_B2_DATA[9]_B2B1[9])
                                                      0.097     0.097 r  design_1_i/animalnet_axi_lite_0/inst/u_animalnet_top/u_conv1/gen_depthwise.u_conv/input_addr3/DSP_PREADD_DATA_INST/B2B1[9]
                         net (fo=1, routed)           0.000     0.097    design_1_i/animalnet_axi_lite_0/inst/u_animalnet_top/u_conv1/gen_depthwise.u_conv/input_addr3/DSP_PREADD_DATA.B2B1<9>
    DSP48E2_X7Y29        DSP_MULTIPLIER (Prop_DSP_MULTIPLIER_DSP48E2_B2B1[9]_U[9])
                                                      0.773     0.870 f  design_1_i/animalnet_axi_lite_0/inst/u_animalnet_top/u_conv1/gen_depthwise.u_conv/input_addr3/DSP_MULTIPLIER_INST/U[9]
                         net (fo=1, routed)           0.000     0.870    design_1_i/animalnet_axi_lite_0/inst/u_animalnet_top/u_conv1/gen_depthwise.u_conv/input_addr3/DSP_MULTIPLIER.U<9>
    DSP48E2_X7Y29        DSP_M_DATA (Prop_DSP_M_DATA_DSP48E2_U[9]_U_DATA[9])
                                                      0.067     0.937 r  design_1_i/animalnet_axi_lite_0/inst/u_animalnet_top/u_conv1/gen_depthwise.u_conv/input_addr3/DSP_M_DATA_INST/U_DATA[9]
                         net (fo=1, routed)           0.000     0.937    design_1_i/animalnet_axi_lite_0/inst/u_animalnet_top/u_conv1/gen_depthwise.u_conv/input_addr3/DSP_M_DATA.U_DATA<9>
    DSP48E2_X7Y29        DSP_ALU (Prop_DSP_ALU_DSP48E2_U_DATA[9]_ALU_OUT[9])
                                                      0.727     1.664 r  design_1_i/animalnet_axi_lite_0/inst/u_animalnet_top/u_conv1/gen_depthwise.u_conv/input_addr3/DSP_ALU_INST/ALU_OUT[9]
                         net (fo=1, routed)           0.000     1.664    design_1_i/animalnet_axi_lite_0/inst/u_animalnet_top/u_conv1/gen_depthwise.u_conv/input_addr3/DSP_ALU.ALU_OUT<9>
    DSP48E2_X7Y29        DSP_OUTPUT (Prop_DSP_OUTPUT_DSP48E2_ALU_OUT[9]_P[9])
                                                      0.146     1.810 f  design_1_i/animalnet_axi_lite_0/inst/u_animalnet_top/u_conv1/gen_depthwise.u_conv/input_addr3/DSP_OUTPUT_INST/P[9]
                         net (fo=1, routed)           0.449     2.259    design_1_i/animalnet_axi_lite_0/inst/u_animalnet_top/u_conv1/gen_depthwise.u_conv/input_addr2/A[9]
    DSP48E2_X7Y28        DSP_A_B_DATA (Prop_DSP_A_B_DATA_DSP48E2_A[9]_A2_DATA[9])
                                                      0.258     2.517 r  design_1_i/animalnet_axi_lite_0/inst/u_animalnet_top/u_conv1/gen_depthwise.u_conv/input_addr2/DSP_A_B_DATA_INST/A2_DATA[9]
                         net (fo=1, routed)           0.000     2.517    design_1_i/animalnet_axi_lite_0/inst/u_animalnet_top/u_conv1/gen_depthwise.u_conv/input_addr2/DSP_A_B_DATA.A2_DATA<9>
    DSP48E2_X7Y28        DSP_PREADD_DATA (Prop_DSP_PREADD_DATA_DSP48E2_A2_DATA[9]_A2A1[9])
                                                      0.114     2.631 r  design_1_i/animalnet_axi_lite_0/inst/u_animalnet_top/u_conv1/gen_depthwise.u_conv/input_addr2/DSP_PREADD_DATA_INST/A2A1[9]
                         net (fo=1, routed)           0.000     2.631    design_1_i/animalnet_axi_lite_0/inst/u_animalnet_top/u_conv1/gen_depthwise.u_conv/input_addr2/DSP_PREADD_DATA.A2A1<9>
    DSP48E2_X7Y28        DSP_MULTIPLIER (Prop_DSP_MULTIPLIER_DSP48E2_A2A1[9]_U[15])
                                                      0.700     3.331 f  design_1_i/animalnet_axi_lite_0/inst/u_animalnet_top/u_conv1/gen_depthwise.u_conv/input_addr2/DSP_MULTIPLIER_INST/U[15]
                         net (fo=1, routed)           0.000     3.331    design_1_i/animalnet_axi_lite_0/inst/u_animalnet_top/u_conv1/gen_depthwise.u_conv/input_addr2/DSP_MULTIPLIER.U<15>
    DSP48E2_X7Y28        DSP_M_DATA (Prop_DSP_M_DATA_DSP48E2_U[15]_U_DATA[15])
                                                      0.067     3.398 r  design_1_i/animalnet_axi_lite_0/inst/u_animalnet_top/u_conv1/gen_depthwise.u_conv/input_addr2/DSP_M_DATA_INST/U_DATA[15]
                         net (fo=1, routed)           0.000     3.398    design_1_i/animalnet_axi_lite_0/inst/u_animalnet_top/u_conv1/gen_depthwise.u_conv/input_addr2/DSP_M_DATA.U_DATA<15>
    DSP48E2_X7Y28        DSP_ALU (Prop_DSP_ALU_DSP48E2_U_DATA[15]_ALU_OUT[15])
                                                      0.727     4.125 f  design_1_i/animalnet_axi_lite_0/inst/u_animalnet_top/u_conv1/gen_depthwise.u_conv/input_addr2/DSP_ALU_INST/ALU_OUT[15]
                         net (fo=1, routed)           0.000     4.125    design_1_i/animalnet_axi_lite_0/inst/u_animalnet_top/u_conv1/gen_depthwise.u_conv/input_addr2/DSP_ALU.ALU_OUT<15>
    DSP48E2_X7Y28        DSP_OUTPUT (Prop_DSP_OUTPUT_DSP48E2_ALU_OUT[15]_P[15])
                                                      0.146     4.271 r  design_1_i/animalnet_axi_lite_0/inst/u_animalnet_top/u_conv1/gen_depthwise.u_conv/input_addr2/DSP_OUTPUT_INST/P[15]
                         net (fo=2, routed)           0.527     4.798    design_1_i/animalnet_axi_lite_0/inst/u_animalnet_top/u_conv1/gen_depthwise.u_conv/input_addr0/C[15]
    DSP48E2_X8Y28        DSP_C_DATA (Prop_DSP_C_DATA_DSP48E2_C[15]_C_DATA[15])
                                                      0.135     4.933 r  design_1_i/animalnet_axi_lite_0/inst/u_animalnet_top/u_conv1/gen_depthwise.u_conv/input_addr0/DSP_C_DATA_INST/C_DATA[15]
                         net (fo=2, routed)           0.000     4.933    design_1_i/animalnet_axi_lite_0/inst/u_animalnet_top/u_conv1/gen_depthwise.u_conv/input_addr0/DSP_C_DATA.C_DATA<15>
    DSP48E2_X8Y28        DSP_ALU (Prop_DSP_ALU_DSP48E2_C_DATA[15]_ALU_OUT[15])
                                                      0.786     5.719 f  design_1_i/animalnet_axi_lite_0/inst/u_animalnet_top/u_conv1/gen_depthwise.u_conv/input_addr0/DSP_ALU_INST/ALU_OUT[15]
                         net (fo=1, routed)           0.000     5.719    design_1_i/animalnet_axi_lite_0/inst/u_animalnet_top/u_conv1/gen_depthwise.u_conv/input_addr0/DSP_ALU.ALU_OUT<15>
    DSP48E2_X8Y28        DSP_OUTPUT (Prop_DSP_OUTPUT_DSP48E2_ALU_OUT[15]_P[15])
                                                      0.146     5.865 r  design_1_i/animalnet_axi_lite_0/inst/u_animalnet_top/u_conv1/gen_depthwise.u_conv/input_addr0/DSP_OUTPUT_INST/P[15]
                         net (fo=1, routed)           0.442     6.307    design_1_i/animalnet_axi_lite_0/inst/u_animalnet_top/u_conv1/gen_depthwise.u_conv/input_addr0_n_90
    SLICE_X34Y68         LUT2 (Prop_H6LUT_SLICEM_I1_O)
                                                      0.228     6.535 r  design_1_i/animalnet_axi_lite_0/inst/u_animalnet_top/u_conv1/gen_depthwise.u_conv/input_addr[15]_i_3__3/O
                         net (fo=1, routed)           0.021     6.556    design_1_i/animalnet_axi_lite_0/inst/u_animalnet_top/u_conv1/gen_depthwise.u_conv/input_addr[15]_i_3__3_n_0
    SLICE_X34Y68         CARRY8 (Prop_CARRY8_SLICEM_S[7]_CO[7])
                                                      0.175     6.731 r  design_1_i/animalnet_axi_lite_0/inst/u_animalnet_top/u_conv1/gen_depthwise.u_conv/input_addr_reg[15]_i_1__0/CO[7]
                         net (fo=1, routed)           0.030     6.761    design_1_i/animalnet_axi_lite_0/inst/u_animalnet_top/u_conv1/gen_depthwise.u_conv/input_addr_reg[15]_i_1__0_n_0
    SLICE_X34Y69         CARRY8 (Prop_CARRY8_SLICEM_CI_O[1])
                                                      0.106     6.867 r  design_1_i/animalnet_axi_lite_0/inst/u_animalnet_top/u_conv1/gen_depthwise.u_conv/input_addr_reg[17]_i_2/O[1]
                         net (fo=1, routed)           0.033     6.900    design_1_i/animalnet_axi_lite_0/inst/u_animalnet_top/u_conv1/gen_depthwise.u_conv/input_addr0__0[17]
    SLICE_X34Y69         FDRE                                         r  design_1_i/animalnet_axi_lite_0/inst/u_animalnet_top/u_conv1/gen_depthwise.u_conv/input_addr_reg[17]/D
  -------------------------------------------------------------------    -------------------

                         (clock clk_pl_0 rise edge)
                                                      0.000     0.000 r  
    BUFG_PS_X0Y90        BUFG_PS                      0.000     0.000 r  design_1_i/zynq_ultra_ps_e_0/inst/buffer_pl_clk_0.PL_CLK_0_BUFG/O
    X1Y1 (CLOCK_ROOT)    net (fo=6239, routed)        2.707     2.707    design_1_i/animalnet_axi_lite_0/inst/u_animalnet_top/u_conv1/gen_depthwise.u_conv/S_AXI_ACLK
    SLICE_X34Y69         FDRE                                         r  design_1_i/animalnet_axi_lite_0/inst/u_animalnet_top/u_conv1/gen_depthwise.u_conv/input_addr_reg[17]/C





Min Delay Paths
--------------------------------------------------------------------------------------
Slack:                    inf
  Source:                 design_1_i/animalnet_axi_lite_0/inst/u_animalnet_top/bias_rom_addr_reg[9]/G
                            (positive level-sensitive latch)
  Destination:            design_1_i/animalnet_axi_lite_0/inst/u_animalnet_top/u_bias_rom/gen_bram.mem_reg_bram_1/ADDRARDADDR[12]
                            (rising edge-triggered cell RAMB36E2 clocked by clk_pl_0  {rise@0.000ns fall@4.681ns period=9.361ns})
  Path Group:             (none)
  Path Type:              Hold (Min at Fast Process Corner)
  Data Path Delay:        0.197ns  (logic 0.106ns (53.909%)  route 0.091ns (46.091%))
  Logic Levels:           1  (LDCE=1)
  Clock Uncertainty:      0.158ns  ((TSJ^2 + DJ^2)^1/2) / 2 + PE
    Total System Jitter     (TSJ):    0.050ns
    Discrete Jitter          (DJ):    0.312ns
    Phase Error              (PE):    0.000ns
  Clock Net Delay (Destination): 1.886ns (routing 1.033ns, distribution 0.853ns)

    Location             Delay type                Incr(ns)  Path(ns)    Netlist Resource(s)
  -------------------------------------------------------------------    -------------------
    SLICE_X28Y109        LDCE                         0.000     0.000 r  design_1_i/animalnet_axi_lite_0/inst/u_animalnet_top/bias_rom_addr_reg[9]/G
    SLICE_X28Y109        LDCE (EnToQ_AFF_SLICEM_G_Q)
                                                      0.106     0.106 r  design_1_i/animalnet_axi_lite_0/inst/u_animalnet_top/bias_rom_addr_reg[9]/Q
                         net (fo=2, routed)           0.091     0.197    design_1_i/animalnet_axi_lite_0/inst/u_animalnet_top/u_bias_rom/Q[9]
    RAMB36_X0Y21         RAMB36E2                                     r  design_1_i/animalnet_axi_lite_0/inst/u_animalnet_top/u_bias_rom/gen_bram.mem_reg_bram_1/ADDRARDADDR[12]
  -------------------------------------------------------------------    -------------------

                         (clock clk_pl_0 rise edge)
                                                      0.000     0.000 r  
    BUFG_PS_X0Y90        BUFG_PS                      0.000     0.000 r  design_1_i/zynq_ultra_ps_e_0/inst/buffer_pl_clk_0.PL_CLK_0_BUFG/O
    X1Y1 (CLOCK_ROOT)    net (fo=6239, routed)        1.886     1.886    design_1_i/animalnet_axi_lite_0/inst/u_animalnet_top/u_bias_rom/S_AXI_ACLK
    RAMB36_X0Y21         RAMB36E2                                     r  design_1_i/animalnet_axi_lite_0/inst/u_animalnet_top/u_bias_rom/gen_bram.mem_reg_bram_1/CLKARDCLK

Slack:                    inf
  Source:                 design_1_i/animalnet_axi_lite_0/inst/u_animalnet_top/bias_rom_addr_reg[7]/G
                            (positive level-sensitive latch)
  Destination:            design_1_i/animalnet_axi_lite_0/inst/u_animalnet_top/u_bias_rom/gen_bram.mem_reg_bram_1/ADDRARDADDR[10]
                            (rising edge-triggered cell RAMB36E2 clocked by clk_pl_0  {rise@0.000ns fall@4.681ns period=9.361ns})
  Path Group:             (none)
  Path Type:              Hold (Min at Fast Process Corner)
  Data Path Delay:        0.213ns  (logic 0.108ns (50.648%)  route 0.105ns (49.352%))
  Logic Levels:           1  (LDCE=1)
  Clock Uncertainty:      0.158ns  ((TSJ^2 + DJ^2)^1/2) / 2 + PE
    Total System Jitter     (TSJ):    0.050ns
    Discrete Jitter          (DJ):    0.312ns
    Phase Error              (PE):    0.000ns
  Clock Net Delay (Destination): 1.886ns (routing 1.033ns, distribution 0.853ns)

    Location             Delay type                Incr(ns)  Path(ns)    Netlist Resource(s)
  -------------------------------------------------------------------    -------------------
    SLICE_X29Y106        LDCE                         0.000     0.000 r  design_1_i/animalnet_axi_lite_0/inst/u_animalnet_top/bias_rom_addr_reg[7]/G
    SLICE_X29Y106        LDCE (EnToQ_AFF2_SLICEM_G_Q)
                                                      0.108     0.108 r  design_1_i/animalnet_axi_lite_0/inst/u_animalnet_top/bias_rom_addr_reg[7]/Q
                         net (fo=2, routed)           0.105     0.213    design_1_i/animalnet_axi_lite_0/inst/u_animalnet_top/u_bias_rom/Q[7]
    RAMB36_X0Y21         RAMB36E2                                     r  design_1_i/animalnet_axi_lite_0/inst/u_animalnet_top/u_bias_rom/gen_bram.mem_reg_bram_1/ADDRARDADDR[10]
  -------------------------------------------------------------------    -------------------

                         (clock clk_pl_0 rise edge)
                                                      0.000     0.000 r  
    BUFG_PS_X0Y90        BUFG_PS                      0.000     0.000 r  design_1_i/zynq_ultra_ps_e_0/inst/buffer_pl_clk_0.PL_CLK_0_BUFG/O
    X1Y1 (CLOCK_ROOT)    net (fo=6239, routed)        1.886     1.886    design_1_i/animalnet_axi_lite_0/inst/u_animalnet_top/u_bias_rom/S_AXI_ACLK
    RAMB36_X0Y21         RAMB36E2                                     r  design_1_i/animalnet_axi_lite_0/inst/u_animalnet_top/u_bias_rom/gen_bram.mem_reg_bram_1/CLKARDCLK

Slack:                    inf
  Source:                 design_1_i/animalnet_axi_lite_0/inst/u_animalnet_top/bias_rom_addr_reg[1]/G
                            (positive level-sensitive latch)
  Destination:            design_1_i/animalnet_axi_lite_0/inst/u_animalnet_top/u_bias_rom/gen_bram.mem_reg_bram_1/ADDRARDADDR[4]
                            (rising edge-triggered cell RAMB36E2 clocked by clk_pl_0  {rise@0.000ns fall@4.681ns period=9.361ns})
  Path Group:             (none)
  Path Type:              Hold (Min at Fast Process Corner)
  Data Path Delay:        0.218ns  (logic 0.106ns (48.589%)  route 0.112ns (51.411%))
  Logic Levels:           1  (LDCE=1)
  Clock Uncertainty:      0.158ns  ((TSJ^2 + DJ^2)^1/2) / 2 + PE
    Total System Jitter     (TSJ):    0.050ns
    Discrete Jitter          (DJ):    0.312ns
    Phase Error              (PE):    0.000ns
  Clock Net Delay (Destination): 1.886ns (routing 1.033ns, distribution 0.853ns)

    Location             Delay type                Incr(ns)  Path(ns)    Netlist Resource(s)
  -------------------------------------------------------------------    -------------------
    SLICE_X29Y106        LDCE                         0.000     0.000 r  design_1_i/animalnet_axi_lite_0/inst/u_animalnet_top/bias_rom_addr_reg[1]/G
    SLICE_X29Y106        LDCE (EnToQ_AFF_SLICEM_G_Q)
                                                      0.106     0.106 r  design_1_i/animalnet_axi_lite_0/inst/u_animalnet_top/bias_rom_addr_reg[1]/Q
                         net (fo=2, routed)           0.112     0.218    design_1_i/animalnet_axi_lite_0/inst/u_animalnet_top/u_bias_rom/Q[1]
    RAMB36_X0Y21         RAMB36E2                                     r  design_1_i/animalnet_axi_lite_0/inst/u_animalnet_top/u_bias_rom/gen_bram.mem_reg_bram_1/ADDRARDADDR[4]
  -------------------------------------------------------------------    -------------------

                         (clock clk_pl_0 rise edge)
                                                      0.000     0.000 r  
    BUFG_PS_X0Y90        BUFG_PS                      0.000     0.000 r  design_1_i/zynq_ultra_ps_e_0/inst/buffer_pl_clk_0.PL_CLK_0_BUFG/O
    X1Y1 (CLOCK_ROOT)    net (fo=6239, routed)        1.886     1.886    design_1_i/animalnet_axi_lite_0/inst/u_animalnet_top/u_bias_rom/S_AXI_ACLK
    RAMB36_X0Y21         RAMB36E2                                     r  design_1_i/animalnet_axi_lite_0/inst/u_animalnet_top/u_bias_rom/gen_bram.mem_reg_bram_1/CLKARDCLK

Slack:                    inf
  Source:                 design_1_i/animalnet_axi_lite_0/inst/u_animalnet_top/bias_rom_addr_reg[3]/G
                            (positive level-sensitive latch)
  Destination:            design_1_i/animalnet_axi_lite_0/inst/u_animalnet_top/u_bias_rom/gen_bram.mem_reg_bram_1/ADDRARDADDR[6]
                            (rising edge-triggered cell RAMB36E2 clocked by clk_pl_0  {rise@0.000ns fall@4.681ns period=9.361ns})
  Path Group:             (none)
  Path Type:              Hold (Min at Fast Process Corner)
  Data Path Delay:        0.219ns  (logic 0.107ns (48.942%)  route 0.112ns (51.058%))
  Logic Levels:           1  (LDCE=1)
  Clock Uncertainty:      0.158ns  ((TSJ^2 + DJ^2)^1/2) / 2 + PE
    Total System Jitter     (TSJ):    0.050ns
    Discrete Jitter          (DJ):    0.312ns
    Phase Error              (PE):    0.000ns
  Clock Net Delay (Destination): 1.886ns (routing 1.033ns, distribution 0.853ns)

    Location             Delay type                Incr(ns)  Path(ns)    Netlist Resource(s)
  -------------------------------------------------------------------    -------------------
    SLICE_X27Y98         LDCE                         0.000     0.000 r  design_1_i/animalnet_axi_lite_0/inst/u_animalnet_top/bias_rom_addr_reg[3]/G
    SLICE_X27Y98         LDCE (EnToQ_EFF_SLICEL_G_Q)
                                                      0.107     0.107 r  design_1_i/animalnet_axi_lite_0/inst/u_animalnet_top/bias_rom_addr_reg[3]/Q
                         net (fo=2, routed)           0.112     0.219    design_1_i/animalnet_axi_lite_0/inst/u_animalnet_top/u_bias_rom/Q[3]
    RAMB36_X0Y21         RAMB36E2                                     r  design_1_i/animalnet_axi_lite_0/inst/u_animalnet_top/u_bias_rom/gen_bram.mem_reg_bram_1/ADDRARDADDR[6]
  -------------------------------------------------------------------    -------------------

                         (clock clk_pl_0 rise edge)
                                                      0.000     0.000 r  
    BUFG_PS_X0Y90        BUFG_PS                      0.000     0.000 r  design_1_i/zynq_ultra_ps_e_0/inst/buffer_pl_clk_0.PL_CLK_0_BUFG/O
    X1Y1 (CLOCK_ROOT)    net (fo=6239, routed)        1.886     1.886    design_1_i/animalnet_axi_lite_0/inst/u_animalnet_top/u_bias_rom/S_AXI_ACLK
    RAMB36_X0Y21         RAMB36E2                                     r  design_1_i/animalnet_axi_lite_0/inst/u_animalnet_top/u_bias_rom/gen_bram.mem_reg_bram_1/CLKARDCLK

Slack:                    inf
  Source:                 design_1_i/animalnet_axi_lite_0/inst/u_animalnet_top/bias_rom_addr_reg[8]/G
                            (positive level-sensitive latch)
  Destination:            design_1_i/animalnet_axi_lite_0/inst/u_animalnet_top/u_bias_rom/gen_bram.mem_reg_bram_0/ADDRARDADDR[11]
                            (rising edge-triggered cell RAMB36E2 clocked by clk_pl_0  {rise@0.000ns fall@4.681ns period=9.361ns})
  Path Group:             (none)
  Path Type:              Hold (Min at Fast Process Corner)
  Data Path Delay:        0.230ns  (logic 0.106ns (46.049%)  route 0.124ns (53.951%))
  Logic Levels:           1  (LDCE=1)
  Clock Uncertainty:      0.158ns  ((TSJ^2 + DJ^2)^1/2) / 2 + PE
    Total System Jitter     (TSJ):    0.050ns
    Discrete Jitter          (DJ):    0.312ns
    Phase Error              (PE):    0.000ns
  Clock Net Delay (Destination): 1.887ns (routing 1.033ns, distribution 0.854ns)

    Location             Delay type                Incr(ns)  Path(ns)    Netlist Resource(s)
  -------------------------------------------------------------------    -------------------
    SLICE_X27Y98         LDCE                         0.000     0.000 r  design_1_i/animalnet_axi_lite_0/inst/u_animalnet_top/bias_rom_addr_reg[8]/G
    SLICE_X27Y98         LDCE (EnToQ_FFF_SLICEL_G_Q)
                                                      0.106     0.106 r  design_1_i/animalnet_axi_lite_0/inst/u_animalnet_top/bias_rom_addr_reg[8]/Q
                         net (fo=2, routed)           0.124     0.230    design_1_i/animalnet_axi_lite_0/inst/u_animalnet_top/u_bias_rom/Q[8]
    RAMB36_X0Y22         RAMB36E2                                     r  design_1_i/animalnet_axi_lite_0/inst/u_animalnet_top/u_bias_rom/gen_bram.mem_reg_bram_0/ADDRARDADDR[11]
  -------------------------------------------------------------------    -------------------

                         (clock clk_pl_0 rise edge)
                                                      0.000     0.000 r  
    BUFG_PS_X0Y90        BUFG_PS                      0.000     0.000 r  design_1_i/zynq_ultra_ps_e_0/inst/buffer_pl_clk_0.PL_CLK_0_BUFG/O
    X1Y1 (CLOCK_ROOT)    net (fo=6239, routed)        1.887     1.887    design_1_i/animalnet_axi_lite_0/inst/u_animalnet_top/u_bias_rom/S_AXI_ACLK
    RAMB36_X0Y22         RAMB36E2                                     r  design_1_i/animalnet_axi_lite_0/inst/u_animalnet_top/u_bias_rom/gen_bram.mem_reg_bram_0/CLKARDCLK

Slack:                    inf
  Source:                 design_1_i/animalnet_axi_lite_0/inst/u_animalnet_top/bias_rom_addr_reg[9]/G
                            (positive level-sensitive latch)
  Destination:            design_1_i/animalnet_axi_lite_0/inst/u_animalnet_top/u_bias_rom/gen_bram.mem_reg_bram_0/ADDRARDADDR[12]
                            (rising edge-triggered cell RAMB36E2 clocked by clk_pl_0  {rise@0.000ns fall@4.681ns period=9.361ns})
  Path Group:             (none)
  Path Type:              Hold (Min at Fast Process Corner)
  Data Path Delay:        0.231ns  (logic 0.106ns (45.926%)  route 0.125ns (54.074%))
  Logic Levels:           1  (LDCE=1)
  Clock Uncertainty:      0.158ns  ((TSJ^2 + DJ^2)^1/2) / 2 + PE
    Total System Jitter     (TSJ):    0.050ns
    Discrete Jitter          (DJ):    0.312ns
    Phase Error              (PE):    0.000ns
  Clock Net Delay (Destination): 1.887ns (routing 1.033ns, distribution 0.854ns)

    Location             Delay type                Incr(ns)  Path(ns)    Netlist Resource(s)
  -------------------------------------------------------------------    -------------------
    SLICE_X28Y109        LDCE                         0.000     0.000 r  design_1_i/animalnet_axi_lite_0/inst/u_animalnet_top/bias_rom_addr_reg[9]/G
    SLICE_X28Y109        LDCE (EnToQ_AFF_SLICEM_G_Q)
                                                      0.106     0.106 r  design_1_i/animalnet_axi_lite_0/inst/u_animalnet_top/bias_rom_addr_reg[9]/Q
                         net (fo=2, routed)           0.125     0.231    design_1_i/animalnet_axi_lite_0/inst/u_animalnet_top/u_bias_rom/Q[9]
    RAMB36_X0Y22         RAMB36E2                                     r  design_1_i/animalnet_axi_lite_0/inst/u_animalnet_top/u_bias_rom/gen_bram.mem_reg_bram_0/ADDRARDADDR[12]
  -------------------------------------------------------------------    -------------------

                         (clock clk_pl_0 rise edge)
                                                      0.000     0.000 r  
    BUFG_PS_X0Y90        BUFG_PS                      0.000     0.000 r  design_1_i/zynq_ultra_ps_e_0/inst/buffer_pl_clk_0.PL_CLK_0_BUFG/O
    X1Y1 (CLOCK_ROOT)    net (fo=6239, routed)        1.887     1.887    design_1_i/animalnet_axi_lite_0/inst/u_animalnet_top/u_bias_rom/S_AXI_ACLK
    RAMB36_X0Y22         RAMB36E2                                     r  design_1_i/animalnet_axi_lite_0/inst/u_animalnet_top/u_bias_rom/gen_bram.mem_reg_bram_0/CLKARDCLK

Slack:                    inf
  Source:                 design_1_i/animalnet_axi_lite_0/inst/u_animalnet_top/bias_rom_addr_reg[4]/G
                            (positive level-sensitive latch)
  Destination:            design_1_i/animalnet_axi_lite_0/inst/u_animalnet_top/u_bias_rom/gen_bram.mem_reg_bram_1/ADDRARDADDR[7]
                            (rising edge-triggered cell RAMB36E2 clocked by clk_pl_0  {rise@0.000ns fall@4.681ns period=9.361ns})
  Path Group:             (none)
  Path Type:              Hold (Min at Fast Process Corner)
  Data Path Delay:        0.233ns  (logic 0.108ns (46.309%)  route 0.125ns (53.691%))
  Logic Levels:           1  (LDCE=1)
  Clock Uncertainty:      0.158ns  ((TSJ^2 + DJ^2)^1/2) / 2 + PE
    Total System Jitter     (TSJ):    0.050ns
    Discrete Jitter          (DJ):    0.312ns
    Phase Error              (PE):    0.000ns
  Clock Net Delay (Destination): 1.886ns (routing 1.033ns, distribution 0.853ns)

    Location             Delay type                Incr(ns)  Path(ns)    Netlist Resource(s)
  -------------------------------------------------------------------    -------------------
    SLICE_X26Y102        LDCE                         0.000     0.000 r  design_1_i/animalnet_axi_lite_0/inst/u_animalnet_top/bias_rom_addr_reg[4]/G
    SLICE_X26Y102        LDCE (EnToQ_BFF2_SLICEL_G_Q)
                                                      0.108     0.108 r  design_1_i/animalnet_axi_lite_0/inst/u_animalnet_top/bias_rom_addr_reg[4]/Q
                         net (fo=2, routed)           0.125     0.233    design_1_i/animalnet_axi_lite_0/inst/u_animalnet_top/u_bias_rom/Q[4]
    RAMB36_X0Y21         RAMB36E2                                     r  design_1_i/animalnet_axi_lite_0/inst/u_animalnet_top/u_bias_rom/gen_bram.mem_reg_bram_1/ADDRARDADDR[7]
  -------------------------------------------------------------------    -------------------

                         (clock clk_pl_0 rise edge)
                                                      0.000     0.000 r  
    BUFG_PS_X0Y90        BUFG_PS                      0.000     0.000 r  design_1_i/zynq_ultra_ps_e_0/inst/buffer_pl_clk_0.PL_CLK_0_BUFG/O
    X1Y1 (CLOCK_ROOT)    net (fo=6239, routed)        1.886     1.886    design_1_i/animalnet_axi_lite_0/inst/u_animalnet_top/u_bias_rom/S_AXI_ACLK
    RAMB36_X0Y21         RAMB36E2                                     r  design_1_i/animalnet_axi_lite_0/inst/u_animalnet_top/u_bias_rom/gen_bram.mem_reg_bram_1/CLKARDCLK

Slack:                    inf
  Source:                 design_1_i/animalnet_axi_lite_0/inst/u_animalnet_top/bias_rom_addr_reg[6]/G
                            (positive level-sensitive latch)
  Destination:            design_1_i/animalnet_axi_lite_0/inst/u_animalnet_top/u_bias_rom/gen_bram.mem_reg_bram_1/ADDRARDADDR[9]
                            (rising edge-triggered cell RAMB36E2 clocked by clk_pl_0  {rise@0.000ns fall@4.681ns period=9.361ns})
  Path Group:             (none)
  Path Type:              Hold (Min at Fast Process Corner)
  Data Path Delay:        0.239ns  (logic 0.106ns (44.288%)  route 0.133ns (55.712%))
  Logic Levels:           1  (LDCE=1)
  Clock Uncertainty:      0.158ns  ((TSJ^2 + DJ^2)^1/2) / 2 + PE
    Total System Jitter     (TSJ):    0.050ns
    Discrete Jitter          (DJ):    0.312ns
    Phase Error              (PE):    0.000ns
  Clock Net Delay (Destination): 1.886ns (routing 1.033ns, distribution 0.853ns)

    Location             Delay type                Incr(ns)  Path(ns)    Netlist Resource(s)
  -------------------------------------------------------------------    -------------------
    SLICE_X25Y101        LDCE                         0.000     0.000 r  design_1_i/animalnet_axi_lite_0/inst/u_animalnet_top/bias_rom_addr_reg[6]/G
    SLICE_X25Y101        LDCE (EnToQ_EFF_SLICEM_G_Q)
                                                      0.106     0.106 r  design_1_i/animalnet_axi_lite_0/inst/u_animalnet_top/bias_rom_addr_reg[6]/Q
                         net (fo=2, routed)           0.133     0.239    design_1_i/animalnet_axi_lite_0/inst/u_animalnet_top/u_bias_rom/Q[6]
    RAMB36_X0Y21         RAMB36E2                                     r  design_1_i/animalnet_axi_lite_0/inst/u_animalnet_top/u_bias_rom/gen_bram.mem_reg_bram_1/ADDRARDADDR[9]
  -------------------------------------------------------------------    -------------------

                         (clock clk_pl_0 rise edge)
                                                      0.000     0.000 r  
    BUFG_PS_X0Y90        BUFG_PS                      0.000     0.000 r  design_1_i/zynq_ultra_ps_e_0/inst/buffer_pl_clk_0.PL_CLK_0_BUFG/O
    X1Y1 (CLOCK_ROOT)    net (fo=6239, routed)        1.886     1.886    design_1_i/animalnet_axi_lite_0/inst/u_animalnet_top/u_bias_rom/S_AXI_ACLK
    RAMB36_X0Y21         RAMB36E2                                     r  design_1_i/animalnet_axi_lite_0/inst/u_animalnet_top/u_bias_rom/gen_bram.mem_reg_bram_1/CLKARDCLK

Slack:                    inf
  Source:                 design_1_i/animalnet_axi_lite_0/inst/u_animalnet_top/bias_rom_addr_reg[2]/G
                            (positive level-sensitive latch)
  Destination:            design_1_i/animalnet_axi_lite_0/inst/u_animalnet_top/u_bias_rom/gen_bram.mem_reg_bram_1/ADDRARDADDR[5]
                            (rising edge-triggered cell RAMB36E2 clocked by clk_pl_0  {rise@0.000ns fall@4.681ns period=9.361ns})
  Path Group:             (none)
  Path Type:              Hold (Min at Fast Process Corner)
  Data Path Delay:        0.244ns  (logic 0.108ns (44.172%)  route 0.136ns (55.828%))
  Logic Levels:           1  (LDCE=1)
  Clock Uncertainty:      0.158ns  ((TSJ^2 + DJ^2)^1/2) / 2 + PE
    Total System Jitter     (TSJ):    0.050ns
    Discrete Jitter          (DJ):    0.312ns
    Phase Error              (PE):    0.000ns
  Clock Net Delay (Destination): 1.886ns (routing 1.033ns, distribution 0.853ns)

    Location             Delay type                Incr(ns)  Path(ns)    Netlist Resource(s)
  -------------------------------------------------------------------    -------------------
    SLICE_X27Y99         LDCE                         0.000     0.000 r  design_1_i/animalnet_axi_lite_0/inst/u_animalnet_top/bias_rom_addr_reg[2]/G
    SLICE_X27Y99         LDCE (EnToQ_EFF2_SLICEL_G_Q)
                                                      0.108     0.108 r  design_1_i/animalnet_axi_lite_0/inst/u_animalnet_top/bias_rom_addr_reg[2]/Q
                         net (fo=2, routed)           0.136     0.244    design_1_i/animalnet_axi_lite_0/inst/u_animalnet_top/u_bias_rom/Q[2]
    RAMB36_X0Y21         RAMB36E2                                     r  design_1_i/animalnet_axi_lite_0/inst/u_animalnet_top/u_bias_rom/gen_bram.mem_reg_bram_1/ADDRARDADDR[5]
  -------------------------------------------------------------------    -------------------

                         (clock clk_pl_0 rise edge)
                                                      0.000     0.000 r  
    BUFG_PS_X0Y90        BUFG_PS                      0.000     0.000 r  design_1_i/zynq_ultra_ps_e_0/inst/buffer_pl_clk_0.PL_CLK_0_BUFG/O
    X1Y1 (CLOCK_ROOT)    net (fo=6239, routed)        1.886     1.886    design_1_i/animalnet_axi_lite_0/inst/u_animalnet_top/u_bias_rom/S_AXI_ACLK
    RAMB36_X0Y21         RAMB36E2                                     r  design_1_i/animalnet_axi_lite_0/inst/u_animalnet_top/u_bias_rom/gen_bram.mem_reg_bram_1/CLKARDCLK

Slack:                    inf
  Source:                 design_1_i/animalnet_axi_lite_0/inst/u_animalnet_top/bias_rom_addr_reg[5]/G
                            (positive level-sensitive latch)
  Destination:            design_1_i/animalnet_axi_lite_0/inst/u_animalnet_top/u_bias_rom/gen_bram.mem_reg_bram_0/ADDRARDADDR[8]
                            (rising edge-triggered cell RAMB36E2 clocked by clk_pl_0  {rise@0.000ns fall@4.681ns period=9.361ns})
  Path Group:             (none)
  Path Type:              Hold (Min at Fast Process Corner)
  Data Path Delay:        0.257ns  (logic 0.108ns (41.993%)  route 0.149ns (58.007%))
  Logic Levels:           1  (LDCE=1)
  Clock Uncertainty:      0.158ns  ((TSJ^2 + DJ^2)^1/2) / 2 + PE
    Total System Jitter     (TSJ):    0.050ns
    Discrete Jitter          (DJ):    0.312ns
    Phase Error              (PE):    0.000ns
  Clock Net Delay (Destination): 1.887ns (routing 1.033ns, distribution 0.854ns)

    Location             Delay type                Incr(ns)  Path(ns)    Netlist Resource(s)
  -------------------------------------------------------------------    -------------------
    SLICE_X27Y98         LDCE                         0.000     0.000 r  design_1_i/animalnet_axi_lite_0/inst/u_animalnet_top/bias_rom_addr_reg[5]/G
    SLICE_X27Y98         LDCE (EnToQ_EFF2_SLICEL_G_Q)
                                                      0.108     0.108 r  design_1_i/animalnet_axi_lite_0/inst/u_animalnet_top/bias_rom_addr_reg[5]/Q
                         net (fo=2, routed)           0.149     0.257    design_1_i/animalnet_axi_lite_0/inst/u_animalnet_top/u_bias_rom/Q[5]
    RAMB36_X0Y22         RAMB36E2                                     r  design_1_i/animalnet_axi_lite_0/inst/u_animalnet_top/u_bias_rom/gen_bram.mem_reg_bram_0/ADDRARDADDR[8]
  -------------------------------------------------------------------    -------------------

                         (clock clk_pl_0 rise edge)
                                                      0.000     0.000 r  
    BUFG_PS_X0Y90        BUFG_PS                      0.000     0.000 r  design_1_i/zynq_ultra_ps_e_0/inst/buffer_pl_clk_0.PL_CLK_0_BUFG/O
    X1Y1 (CLOCK_ROOT)    net (fo=6239, routed)        1.887     1.887    design_1_i/animalnet_axi_lite_0/inst/u_animalnet_top/u_bias_rom/S_AXI_ACLK
    RAMB36_X0Y22         RAMB36E2                                     r  design_1_i/animalnet_axi_lite_0/inst/u_animalnet_top/u_bias_rom/gen_bram.mem_reg_bram_0/CLKARDCLK





