00001c9b
000017e4
fffffca2
fffffddd
fffffd57
ffffff2c
000006b8
fffffe34
fffffcaa
000008cd
fffffa15
000018d0
fffff66f
ffffed8d
fffffb94
ffffd07b
0000003a
ffffe17f
ffffe983
00001154
00003934
fffff3fe
00001b5b
ffffc9e5
0000108e
ffffe977
ffffe606
00001fc2
00001b80
ffffe431
0000071b
ffffedee
00000bad
00000712
00000256
0000097e
ffffee10
00002063
ffffef86
00000444
ffffe7fb
ffffe244
0000093d
ffffdebb
fffff7ac
fffff864
ffffeb01
000013f5
00001343
00000407
fffff8fe
00000505
fffff095
00001e30
00000c96
00000002
00000b38
fffff352
00000581
00000a5e
ffffed3e
00000dfc
fffffd2f
ffffec1d
00000e65
00001c26
fffff6bd
0000002b
fffff2b2
ffffe6ea
ffffd02a
ffffea22
fffff357
ffffff5e
000013e2
000008d9
ffffcae2
fffffd63
0000096c
fffff89c
ffffce15
000004cc
fffff744
fffff45b
000023dc
00000d80
fffff85d
fffffe5e
00000244
000008f6
ffffdec8
ffffde3d
ffffe167
0000025d
00000ad1
ffffee95
ffffd462
fffffb35
00000709
000010f9
ffffe82f
000002b7
fffff5f4
fffffdfa
ffffec0d
ffffeaf4
ffffeef4
000015b1
fffff0c0
00000a8b
ffffee44
00002d69
ffffd454
ffffddce
ffffed1a
ffffeb2d
ffffeccd
fffff27a
00000936
00000ad4
00000bf7
00001d67
00000d6d
00000dec
000005b8
ffffdd1b
ffffe8de
000013bd
ffffea97
00001204
ffffe014
00000cde
ffffd6e0
fffff9ad
00000320
00000cf7
fffffe0e
fffff4a7
00003e27
00000e64
ffffe532
ffffe31b
fffffb5f
00000dbd
000022b2
00004165
fffff6e2
00000cc5
000003c2
00000cfd
00000a52
ffffeead
fffffa84
00001048
fffff1b0
fffffa3c
ffffeef6
000025e7
00000c03
0000332e
00001fa2
ffffc8af
ffffe9ac
ffffd60b
ffffed45
00001383
00003301
00001c28
000024bd
000005de
000001e6
ffffe0cb
fffff643
00000248
00001424
fffff655
ffffd221
00000a2c
fffff5d5
00003339
ffffe7b9
00000ddf
ffffd83c
ffffe475
ffffdd38
00001fa5
00002426
fffffac9
00000389
ffffebbe
fffff5f4
00000fbf
ffffe097
ffffc0c1
ffffe5a0
00000238
00001507
0000444a
fffff237
ffffe4ef
ffffc6ef
ffffd929
000014c9
00001a7b
ffffd738
fffff30d
ffffd869
000011e7
fffffea6
ffffecd2
000005fe
fffff153
00002678
fffffefa
000013a0
0000038d
ffffb7ce
fffffa02
0000026f
ffffda7f
ffffef2f
00000c18
0000167e
ffffedda
fffff8d9
00000d95
ffffdf51
fffffd26
ffffdce3
fffffa6c
ffffe8dd
fffff9c3
00001034
ffffd93a
fffffe8f
00001e5e
fffff94f
ffffc43f
00000b90
fffff0df
ffffe99a
0000321e
ffffdd02
fffff44c
fffff04c
ffffe5d8
ffffe841
fffff7f0
00001398
000004ea
000018be
ffffbdc8
00000688
ffffed18
000023e6
ffffcf80
fffff071
ffffcd16
ffffe971
ffffe07e
ffffb6a3
ffffbfb5
00000523
ffffbe6f
ffffd6fe
ffffefc7
000007db
00000d26
0000078d
ffffebd7
000016b7
ffffe2f7
ffffd024
ffffe3e5
ffffdfbb
00000ee4
ffffe884
000022a6
00000474
fffffad7
00000d62
00001d59
ffffee4f
00000542
ffffe2a2
ffffecab
00001032
ffffe334
0000335d
ffffdf44
fffffaa1
fffffd0a
00001105
0000069c
fffff28c
00001078
ffffff0e
0000207f
000007c7
ffffdbce
ffffe8c8
fffffe48
00000d7e
ffffcd6e
ffffe781
00000976
00000a5b
fffffd99
ffffdfa0
000002b0
fffff257
ffffd722
00000224
000031a6
00001f73
0000318e
000001f6
fffff343
ffffb755
0000198a
0000201b
ffffe440
fffff379
ffffdf18
0000216a
fffffd23
000000c5
fffff9c7
fffff72d
ffffee68
00001913
ffffff9a
0000116e
00001116
00000969
000004f6
000006c6
ffffef19
0000108f
000000d5
00001658
ffffef51
00000df0
00001507
00000a21
ffffd6c4
ffffe31f
000009d5
0000024d
00003dee
00003b99
00001a10
fffff89d
00000ad9
00000ebb
fffff991
00000e27
ffffdc2b
000000b5
ffffba3a
0000014c
ffffe58b
ffffd160
ffffda05
ffffe5cc
00003ee7
00001b6a
fffffef3
fffff36b
fffff567
00000e13
ffffe7aa
000004fd
ffffeb12
fffff9b4
00000012
fffff045
ffffda15
ffffc7c9
fffff26e
000024a0
fffff401
fffff719
00000859
ffffe201
0000062c
fffffd79
fffff521
00000d42
fffff6bc
ffffc4fe
ffffdc50
ffffd453
00003389
fffff7e1
fffff90e
00001696
00003562
00000a97
00002449
00000c2e
00000412
ffffe3a2
fffff6b8
00001e0e
fffffdc2
fffff983
fffffa26
000059c8
ffffe23d
00000af0
0000048a
00002969
0000364d
fffff823
fffff78f
ffffcb2a
ffffbea1
ffffd754
ffff8f4f
ffffe859
fffff06a
fffff48f
ffffd134
ffffd8a1
ffffe4d3
ffffd6de
fffffc9c
0000293b
fffffe27
000025e9
ffffe9e4
000007a8
000006d3
00000797
00000cda
ffffea2a
0000190d
000011ec
ffffa373
ffffe1f7
0000048e
ffffd8bf
00000202
ffffe663
00000164
00000847
000044dd
ffffe159
00002252
fffff7a9
ffff7b12
ffffeb10
ffffe51d
ffffeabf
ffffc586
ffffe592
0000254d
fffff9c7
ffffe180
ffffe5fe
00001b0b
ffffd994
00002e20
ffffea77
fffff71c
00002f38
000013aa
ffffd978
ffffec18
ffffc069
fffff55c
0000001b
000008ad
ffffc993
fffff18b
00004075
00001b6a
00000533
00002b5c
00001657
00000313
000032d0
ffffc966
000046cb
00000764
ffffe455
fffffeac
ffffd33c
ffffe55c
00001f9d
ffffda8d
000014a9
00000dd4
00003f0f
ffffec56
000039b9
fffff245
0000049f
000003d9
ffffdf71
fffff0aa
ffffe9a5
ffffe9d4
fffff79b
fffff9e3
ffffdf3b
fffff166
fffffbeb
ffffdb7e
0000206e
fffff54e
00003418
00001281
00001bbb
ffffe66d
ffffeea7
ffffe423
ffffdae0
000047d7
00002122
ffffe172
ffffdbf8
ffffe236
0000162d
0000043d
ffffe44e
00001fa5
0000116c
00001684
00003da7
000000de
00001121
ffffb18c
00000266
ffffde54
fffff610
ffffdf80
ffffe1d4
fffff315
ffffe128
ffffea49
ffffc646
ffffcbb6
00004539
000039c5
fffff56f
000038e4
00001631
fffff638
00003e63
ffffd647
00001d25
000026c9
ffffe84d
fffffb32
ffffeebe
00003cf1
ffffddd3
ffffb489
000011cf
ffffe6c1
00002fa6
ffffd763
00002f73
00001626
ffffe897
0000117a
fffffac6
00002af8
ffffc791
ffffb8db
00004303
000009c7
ffffe086
00001ad5
fffffee8
00001f23
ffffdf34
ffffef3a
fffffec4
fffff1fc
000003f9
fffffb3c
fffff7c2
00005495
ffff973a
0000187c
ffffda8d
0000125d
ffffc386
00000e0d
ffffc5af
00002819
000002ab
ffffcfe2
ffffdcc7
ffffc325
00001ef4
fffff1df
ffffec39
00001d20
ffffcc25
00002f25
000042fb
ffffe133
ffffcb7e
fffff160
00000c4c
00002834
ffffedb1
fffffe77
00002ceb
ffffe7b3
ffffc643
ffffed8c
000011a9
ffffe0fe
fffff358
00003271
ffffd6c5
fffffb98
0000012b
00001bab
0000050d
000023bc
ffffe33d
000010cd
ffffde91
ffffe82a
fffff6da
ffffe9a5
fffff654
ffffcdc9
00002318
ffffcc9c
00004fd6
000036bd
00004011
00000d7e
00000278
00002491
00000c57
ffffe717
fffffad7
00002d52
00000e41
ffffff18
ffffff0f
ffffe477
00003e3f
00004e9c
ffffc04c
00003ae1
00002f2d
00000d96
0000128a
ffffe4ec
00001e2f
fffff7da
ffffdcf4
fffff467
ffffb544
fffff10f
000023ac
0000084c
00000242
00000a63
00002162
000003dc
ffffeaa4
000022b8
0000468e
000010cf
fffffa38
ffffe8d4
ffffeb70
00003948
00003db5
fffffe9b
ffffda68
00000863
00002401
ffffe9b8
00002930
00002ec3
00000f0c
ffffe966
0000298b
ffffc3c3
ffffe8c4
00000f20
fffffbea
ffffc91e
00001aa8
ffffc1a9
ffffefd0
ffffe32f
ffffdf3f
00000f90
ffffcb6a
ffffebd6
ffffeda3
ffffe4c5
fffff5b8
0000242b
00001d6b
000004fc
00000b2b
fffff917
00002e3d
fffff34f
fffffe21
00000175
ffffe8cc
00002260
00001098
00000698
ffffef8f
ffffcd9d
ffffdef2
fffff31d
ffffdf44
0000043a
00001c15
fffff48d
00000a88
00000367
00001da6
ffffe7d8
fffff82d
ffffe514
fffffd5b
ffffff16
fffff375
fffffcdf
00001579
00002e28
00001eb3
ffffeacc
fffff951
ffffd7f0
0000058d
fffff619
00000126
fffff59f
0000260d
ffffcdda
000000c6
fffffd4c
000019b4
ffffe150
fffff1b5
ffffe23b
ffffcfe7
ffffd3bc
0000068f
00001da9
fffffc1c
000012ec
ffffe874
000012ae
0000042c
0000205b
00000a7d
ffffebfa
ffffe17b
000006da
ffffe699
00000a6d
00001921
fffffa70
00000bdb
0000068c
00001929
fffff0ff
ffffef00
fffff884
ffffe8dc
0000138a
ffffc0fa
ffffe50e
000001b1
000014e8
ffffe441
fffff590
ffffffe1
000006d8
0000122f
00001056
00001920
ffffcafc
ffffe9d5
000000f6
000009c1
fffff36f
00000f3b
ffffe3e7
00000f70
0000051b
fffff775
000017ed
fffffb84
00000775
ffffc2f2
fffff3c1
fffffc11
000001b9
00000f2f
0000265e
00000720
fffffffe
0000094c
fffff428
000020dd
ffffe59c
fffff2af
ffffde42
00000f45
ffffed5e
fffff30f
00002605
00000704
ffffea29
00000604
000006fa
ffffdd18
00002199
000002c1
00000b90
ffffce12
ffffb6af
fffff7c4
000019ed
00001397
00002a84
00000124
ffffdef9
000014a9
00001535
ffffed53
ffffe387
ffffdfc3
ffffcfb1
ffffe4ff
ffffe83a
00000c95
ffffea53
ffffdac1
00000452
ffffe444
00000628
000010a4
000016bc
fffff7e7
000001e8
000009fe
00000392
ffffe551
00001186
fffffcf9
00001836
fffff822
fffffb9a
ffffef2a
00000912
fffff10e
00003017
00003e68
00002fe7
ffffff70
0000000e
00003b9d
000023e2
00001be4
ffffcdb0
fffff7d9
00000832
000023e5
00001288
ffffe45c
00003f9e
00000bee
fffff9a9
00001881
fffff531
000028db
00002088
fffff4a3
00000b61
ffffe1ce
ffffeea4
000020aa
fffff875
ffffe8ed
000010a8
ffffe6c2
ffffe38e
ffffec04
ffffe731
ffffb872
00000847
000000b6
00003b83
ffffc026
0000015e
ffffeae9
ffffe37e
0000076b
fffff3b2
000007cf
000018b8
00001119
000006bb
fffff7ed
00001ac5
0000225a
000009d3
fffffd7e
fffff93a
000001e0
0000162f
000005c4
ffffff21
00001177
fffff313
ffffeaae
ffffd3ad
ffffe341
00003982
00000f89
0000137d
0000182e
00000f1a
00000f36
ffffe916
fffff403
00004860
ffffe46f
fffff84b
ffffffe6
0000230d
00000715
ffffc4b8
00000dd7
ffffe507
00001dec
00000059
ffffde6d
0000114f
0000064b
00001281
ffffafae
000004f8
00001834
fffff04e
ffffdcf3
000005d7
fffff433
ffffe1bc
ffffa692
ffffe671
00001606
00001bb7
000000b3
00000458
ffffa809
00001b5d
0000016d
ffffdcb6
ffffed4c
00004ec8
00000076
ffffe126
00002649
ffffe62f
ffffc81e
000013f3
fffff928
000018df
ffffff67
0000406a
ffffd14a
00000ae7
ffffdc5d
ffffeae2
00000217
000007a4
ffffeb33
ffffe1e3
00004021
fffff647
ffff9516
00000978
00001b15
fffff16e
00000253
0000253c
fffffe08
ffffd758
ffffdd41
ffffe56a
ffffd237
00000aeb
00001acc
ffffddfc
ffffdb03
ffffe2a8
ffffe5e9
00001451
fffff04e
ffffe685
00001101
000013d6
0000028e
ffffdbbd
ffffe18c
0000117d
ffffd41b
0000054b
000006e9
ffffdb2f
fffff60e
ffffc73c
fffff725
ffffc510
0000243d
fffff0a1
ffffded3
00000017
00000969
fffffd54
ffffdb2c
00000477
0000244b
000014b8
00000101
000021a7
00001541
fffff464
fffff9db
ffffeb20
00001a7d
ffffea9e
ffffcbce
ffffddc8
ffffff87
fffff0a9
fffff0c6
ffffe813
00000305
fffff726
ffffd9de
ffffce1b
00002742
fffff783
fffff971
00000558
ffffedb0
0000200d
00001f38
ffffb3ef
00001d4f
00002ea1
fffffe72
ffffcff8
fffff8d1
ffffdb69
00000ff8
ffffe962
ffffd0c8
0000030c
000005e2
00001a29
0000055e
00002496
ffffeb0a
00001b75
00002761
ffffe861
fffff72d
ffffc1c2
fffff96a
ffffe63e
00000516
ffffd0b6
ffffd8ee
000004b6
ffffde17
ffffec2c
ffffdbca
ffffdc70
ffffcf37
00001b60
ffffcba1
00000c5c
ffffe4f2
0000345a
ffffd8ce
00000366
ffffe8a7
0000007e
000007b6
00000679
00002a71
fffff8a5
ffffd159
0000022d
ffffe4e6
ffffe1b7
ffffc9c6
ffffee4c
ffffea50
00002e0a
00001ba2
00000112
000018ab
000009cb
000002d0
ffffe230
fffff7ee
00001c0e
fffffbcf
ffffeb46
ffffd5e2
000021d2
00000583
00000831
00001246
ffffedf8
fffff8a1
ffffe5a2
ffffe4fd
ffffdc34
0000235b
00000645
ffffe464
ffffeaa9
ffffff4b
00000199
fffffd2b
fffff3cc
000010d9
ffffeef7
fffff457
ffffe05f
fffffe4d
fffffa03
fffffeb7
00000999
00000a43
fffffe92
00002b57
000004b7
000004e2
00001b64
00000261
000002d9
ffffba30
ffffeba7
fffffabe
000007dc
00000c81
000019a8
000019a6
000015d3
ffffff71
000008d1
ffffeda0
000024c0
fffff68b
000015c6
fffffe90
00001c6e
ffffe22d
ffffdd58
ffffdb50
ffffd1ab
fffff182
fffff08a
fffff4a9
fffff3a3
00000672
fffff2eb
ffffcd34
fffffbe0
fffffbca
ffffd4ff
00001a9a
00000172
00000bae
fffff9d0
000014f1
00000890
0000192e
fffff06a
000006a5
ffffd665
fffff4d3
00001425
00001e40
ffffd15e
00000578
00000b32
00000809
ffffd189
0000032e
00000439
000039d4
00001792
000006ed
fffff0bc
fffffcc8
fffff0be
00001bad
ffffe2e9
ffffd8cd
000014ea
000011a3
fffff46e
fffffb4d
ffffbe70
0000084d
00000c70
00000077
00000f22
ffffc439
00003d11
000010aa
000002b2
ffffec43
ffffe70b
fffff5a3
00003b1a
fffffeeb
ffffced2
ffffeba5
00002b34
fffff4ae
000003b5
00000bd3
fffffce6
000002ca
00001ccb
00001dde
ffffea9b
fffffdd9
000011d5
fffff4aa
fffff720
ffffff5b
ffffeef7
00001352
fffff503
ffffdd43
fffff0ac
0000238e
ffffdfbb
fffffacb
0000085d
000038b7
0000031a
0000257b
ffffcdac
00003579
fffff3d6
00001f2a
00002308
ffffed60
fffff1e3
ffffe67c
0000244c
ffffdc94
ffffe24c
00000403
ffffe991
000006c7
00002377
00001686
00002fcb
fffff820
00002a70
ffffea7e
00001660
ffffd4e0
ffffc6ba
0000397b
000022d8
ffffdd95
00000375
00000f42
fffff3b1
fffff6a1
ffffd2bd
ffffe6b6
000021f9
0000039a
000022e7
fffff4e9
00001940
00000115
ffffd25e
ffffff07
0000146d
ffffe7c5
fffffda2
00000598
000033fe
ffffdaa7
0000074b
000012bb
ffffed0d
fffffd42
fffffa96
ffffc15e
000025b8
ffffb1c9
ffffbb00
00000c04
0000154a
00001e78
fffff782
00000bf2
fffff8a6
000011f0
000012d2
ffffee5c
ffffeecc
ffffff1c
ffffe211
fffff971
00002807
ffffe3e8
fffff29f
ffffea6a
ffffc3ac
fffff3a3
ffffc704
ffffc193
ffffe095
00000e9e
ffffe7f8
000003b4
fffff656
0000093d
ffffebe1
000002ad
ffffeb40
ffffde05
fffff6d4
0000035a
000001a4
ffffdec9
00001caf
fffffd1f
000002e5
fffff64f
ffffefef
00001b54
00001a7e
ffffe170
0000163d
00000ba0
ffffecb7
ffffe9b7
ffffefec
00001fd7
ffffc986
fffff745
fffff753
00001167
00000434
000034ea
00000bf7
fffff77c
000012b7
0000067d
00000500
0000041e
fffffc48
00001908
ffffe813
ffffef96
00001841
00000ee7
ffffb6a8
ffffe86b
00001f93
fffff9af
000000de
ffffffca
000000e0
ffffee99
fffff096
ffffe6b1
00001e59
fffff79c
00001d3b
fffffa36
000013a8
ffffcc80
ffffef42
00000f04
00000ec4
ffffd401
ffffd4b7
00000ebe
fffffc2c
fffff420
00000aa0
ffffd6a7
00002137
ffffe4be
0000303a
ffffe52f
000005fb
ffffc4ef
00001fe4
0000178c
fffff059
00001833
00001935
fffffedf
ffffc9f3
ffffd065
fffff1d2
00000702
00001324
00001a2d
00003174
000015b9
00002be1
fffffe69
fffff3e1
00002116
000028ee
00001372
ffffdcab
fffff471
000005d7
00000346
000014c8
00001be4
ffffdd0b
ffffe733
ffffdeaa
fffffe5d
ffffe57a
fffff1e1
fffff241
ffffdcc6
fffffcd1
ffffd78c
ffffca36
ffffd595
ffffd823
00003744
fffffd20
0000069b
fffff98e
00001a12
0000237f
00002b0c
fffffd40
fffff3ab
000006e0
ffffc8af
ffff9757
ffffd8b3
0000003c
ffffed57
0000345e
000038e2
00001102
fffffd5c
fffff95a
fffff713
00002630
00001ee9
000015d5
fffffb37
ffffc2ec
ffffcda0
ffffbb8f
ffffc72d
ffffde8b
00001190
ffffcf48
0000034f
00003b5c
0000130f
ffffdb93
ffffe98e
fffffb5c
ffffc90b
ffffede8
0000185c
00002388
00001308
00002344
fffff945
ffffde8c
00002965
00000232
0000094c
ffffffd9
fffff7ac
ffffd2de
00000e28
ffffe82c
000024ef
ffffebc2
fffffb19
ffffb80c
00001b4b
ffffeff4
ffffe369
000006bb
ffffe8d4
000021d7
00000445
00001b6c
ffffdae0
ffffe55b
fffffcbd
ffffddb4
00000f1f
fffff123
fffff9cd
00000240
fffff3ae
000007a7
ffffd1d1
00000065
ffffd5d8
00001385
ffffd373
ffffd5c9
fffff526
0000043d
ffffeede
00000112
ffffece8
000002b7
00000891
00001062
ffffe426
fffff1bc
ffffe65c
0000099d
ffffdf80
00000971
fffff827
0000432d
ffffca36
fffff5a5
fffffe72
ffffe6da
ffffface
000002ce
fffffa08
ffffec75
fffffac3
ffffddd0
00001848
ffffe948
00002282
00000685
0000068f
ffffe197
ffffd932
000005ef
fffffdc5
00000e41
00000681
fffff336
ffffe9bd
ffffcbf3
ffffdab5
fffffa60
00000fb0
ffffcf23
0000087f
ffffebfa
ffffd055
ffffe758
00000547
fffff1b5
00000d4a
fffff2d6
00000942
000020af
000001b3
fffffb5e
fffffe23
fffff6b0
fffff221
000018d5
00000814
ffffefc6
00001acd
ffffe403
fffff538
00000722
0000092c
fffffa45
fffffbf9
ffffecad
00000681
fffffd5a
00000ef8
ffffefe0
0000046f
fffff4ed
ffffde66
ffffe3cf
00000d75
0000281e
00001816
fffff7c3
0000098e
fffff01f
00002ee7
000027bb
ffffe657
00000194
ffffdf94
0000186d
00000b14
00000cb0
00000641
ffffeee2
fffff6b8
00000c18
ffffff0a
fffff1c9
000002e8
ffffeafa
ffffebb5
ffffeb0b
00000334
0000109a
00000323
00000c4b
ffffe48a
fffff1a0
fffff33c
00000b74
0000078c
00000644
00000cf3
fffff1d5
ffffe29c
00000872
ffffee56
00000286
fffff77f
00000304
00000258
00002a9e
00000bb0
fffffaf2
fffffa43
fffff1eb
fffff8e2
000003c7
0000091c
000007ba
00000a2b
fffffca3
fffff879
fffffc67
ffffe89e
00000285
00000ca3
ffffcd07
ffffe045
fffff253
fffffcf1
ffffc7be
fffff029
ffffddde
ffffec57
000002b0
00001675
000009a2
fffffffe
fffff4f7
fffff976
000013b4
fffff399
ffffed7a
00000649
fffff531
00001ebe
ffffdd39
000002b9
000014eb
00000988
000020ce
000002f1
fffff275
00000f8e
ffffe5bd
000003e1
ffffeccb
000023f1
00000bbf
000001a7
fffff290
fffff9d4
000007f0
00000b3a
fffff7f4
000015fa
000008f6
fffffb24
ffffee32
00000d4d
00001a88
00000489
fffffc5d
00000cbe
00000755
fffffeb6
fffffbeb
ffffd899
fffff7d2
0000048b
00001e04
ffffdcd9
fffff1d6
000019ce
0000009e
000026da
00001ad8
00001281
ffffe8a8
0000184e
0000047a
000018e9
00000ac9
00001dee
ffffe809
00001a85
000021a7
fffff41c
fffff088
00000b0f
0000349a
00000cca
00000386
fffff4fe
00000217
000012d7
00000ecc
ffffffe2
fffff662
00000918
ffffec97
fffff1c2
ffffd9e3
fffff7d2
00000c74
fffff8c1
fffff124
ffffdb2c
ffffda88
00002027
0000375e
ffffed18
00001dba
00000799
00000816
00000d2b
fffff22b
ffffe586
fffff54e
00001f9a
00000c3d
ffffe542
0000059e
fffff9c4
0000191f
fffffc90
ffffe4f2
00001cd3
fffff13d
00000f76
fffffc61
fffff9ff
000000b6
00001201
fffff885
ffffee9c
ffffef3e
fffffe55
0000112c
ffffeac5
000000a0
0000068d
fffff26c
ffffe876
00003c34
0000137a
00003beb
00000bcd
00000734
000004df
ffffe4b5
ffffe461
00003819
fffffd89
ffffeb66
fffff5a6
000002c5
00000807
00000f6c
00000902
ffffe356
fffffa63
fffff2cc
00001e67
00001c14
fffffbff
00002476
ffffc8e6
ffffd9e8
000002d3
fffff1b7
ffffd961
00000768
fffff16f
00000507
fffff21c
ffffdbd8
000015e5
fffff0c6
ffffc92e
00003bc8
ffffe633
00006a46
fffff51a
00002b56
fffff814
ffff8f23
00002ca4
fffff72c
ffffd65d
00002c62
ffffcbb7
ffffe9ed
00002627
0000297c
fffff5a6
ffffd96f
00001620
00003980
fffffdac
00000067
ffffbb17
ffffd6a7
ffffe2f0
fffff525
fffffec8
ffffec70
fffffc8a
ffffea61
00000756
000005a9
00003a27
00001d66
ffffd489
ffffc39c
fffff698
ffffbf23
000001e9
ffffd09b
ffffa658
fffffc2b
000000fb
fffffa9a
000001ba
ffffe46e
fffff60f
ffffe656
000021e1
fffffd58
ffffed55
ffffafde
ffffefa5
0000512d
ffffbc3e
fffffe46
00000c66
fffff301
fffff879
ffffdd0e
ffffe9c1
00000959
000013ff
ffffe01d
ffffecec
ffffecdb
ffffed81
00004406
fffff30b
ffffef4f
ffffeab1
000022cf
000026ea
ffffb33f
ffffe835
0000281d
fffffa85
00002555
00002d8f
fffff178
00002ec7
00001e5b
ffffe984
000017f0
ffffd8d6
ffffb179
000003b5
0000040b
ffffbcaf
ffffc2b1
ffffdfcb
00000b3d
fffffbba
000001fa
ffffe512
fffff361
ffffe616
ffffdad7
fffff205
ffffeb85
ffffe014
ffffeb89
ffffe1a8
00000309
ffffebd6
000036c0
00000934
fffff5b4
00001dea
ffffef6c
ffffce1d
ffffcb61
ffffe1ba
0000046e
fffffde7
fffff32a
00001094
ffffca14
ffffd29b
0000093e
00000b32
fffff333
ffffd14e
fffffa3a
fffffe7f
00000dc0
ffffee85
ffffb294
fffffb56
ffffd637
00001c18
0000109c
00000cc4
fffff913
ffffee26
ffffff5d
00000a8b
fffffaf3
00000691
fffffd82
ffffe73e
00000bae
00001f27
ffffbbe7
000027db
fffffe94
ffffea6d
00001078
00000542
000004d2
00000a80
0000158e
fffffe4a
ffffcf8c
fffff8c0
fffff718
fffffb72
fffff57a
00002494
fffff689
ffffebdd
fffff6e6
ffffd65c
fffff7ec
000006ed
ffffc563
fffffded
ffffec73
fffff4d0
00000d32
00001577
ffffe9d2
fffff403
fffff6e5
ffffdfd3
fffffd0a
fffff436
0000146a
ffffff3a
ffffdda1
ffffeb95
00000cce
ffffc9c5
ffffe47f
ffffebcb
fffff50d
00000742
000013bc
00000d97
ffffee50
ffffeb6a
fffff6d2
00002bff
00002606
0000007d
0000181c
00002b1f
fffff120
00000ae0
ffffec3e
fffff261
00000835
00000dfd
00000b1f
00000ca7
fffff253
fffff73a
00000f9a
00001cda
fffffb2a
000017eb
00001bdd
00001503
00002116
00002840
00000d9f
00000b67
00001071
00000c4a
fffffeaf
000015ed
00001e7a
00002a01
000005ce
ffffe509
fffff11d
0000188e
ffffec17
000018bc
fffffdc0
fffff5f0
fffffcef
00000ab3
00000031
fffff426
ffffeb55
00000dfd
00001f53
fffffa23
00000d66
00000120
00000c56
fffff52b
ffffee40
000022fb
00001c91
ffffed2d
ffffea07
ffffe65f
0000296c
fffff735
00001ee6
fffffa78
fffff34f
000020ba
ffffe79c
ffffea4d
00001782
fffffffe
ffffe59a
000003f6
00000803
000025a0
000005d3
ffffe88f
00002a1c
ffffeaa8
fffff6ba
ffffff10
ffffdd11
000015c3
00003d32
fffffdbe
ffffec7a
00001201
fffffc45
ffffe114
fffff15d
ffffd0c2
fffff18b
ffffffde
fffffb28
ffffe786
00000b1a
000015a1
fffffca3
00001b73
00001352
000003dd
fffff27b
ffffe173
00005446
000034e2
fffff2bb
fffff006
ffffe0d8
0000007e
fffff52f
00003087
00002300
fffff644
ffffebac
00000ade
00000cbd
fffff3c0
00000bd8
00000b01
00001a18
ffffe9b0
000008d8
ffffea2f
fffff500
fffff7fc
00002ed1
fffff7fd
00000e73
00000ce0
0000207d
000001bb
ffffee83
fffff413
ffffe6b6
00001cbe
fffff422
00001158
00001290
fffff5a1
000014cc
ffffee4a
fffffbc7
00000cf8
ffffe07a
ffffec16
fffff26c
fffffb8f
fffffe8f
00000c35
ffffe701
fffff28f
fffff5ec
0000136b
0000057e
000006b4
ffffef21
fffff91d
0000089d
00001ef9
00001a4d
00002b75
00000931
fffff594
ffffeb9a
fffffa7a
0000103c
0000044d
fffff7e9
fffff75d
ffffe85d
ffffdad1
fffff8ff
fffff396
fffff316
000002e1
00000576
000001f6
0000076d
000005bc
fffff2b3
fffff7ec
fffff3e5
fffff330
ffffe22f
fffff75b
000000a9
0000036a
00000423
ffffedd1
fffffc4a
fffffc07
0000246d
fffffab1
ffffd5e0
fffff6b1
ffffe4c2
00001103
fffff180
0000193f
00001cc0
00000465
fffffa64
fffffa1e
00001e7b
ffffffbc
fffff810
00000a84
0000162c
000009b4
000017a3
fffff691
ffffec0e
fffff4c9
fffff16c
00000505
fffffbd1
fffffd05
0000100b
fffff557
00000388
fffff263
000005f7
fffffae6
00001979
fffffd06
fffffee6
0000023d
fffff38a
00002af0
000004ae
fffffbb7
0000019d
ffffe9db
ffffddb7
fffff7ae
0000036c
00001132
0000008e
ffffd6ba
ffffff65
00001bf9
00002a4c
ffffea1c
ffffd812
ffffe3f9
ffffdf79
000017fc
00000ce9
ffffffee
ffffe4fa
fffffcc0
ffffe279
000007c6
ffffdce3
fffffb3b
00001c47
00000236
ffffeac4
ffffff7c
fffffbdf
00000f6a
ffffe1db
00001bfa
fffff9fa
00001582
ffffe4ce
fffff267
00000936
0000308b
fffff2f3
ffffff87
ffffe134
ffffe372
ffffc8a4
000006a6
ffffd5e3
fffff5b7
fffff455
00001292
00001ef6
00001d49
ffffe841
fffff78e
00000c31
fffff3e6
ffffe481
00000ada
fffffd37
00000c34
00000a25
fffff783
fffffbb6
fffffa9f
00000d2e
ffffeb73
ffffeafd
ffffe952
fffff8b6
fffff746
00000888
ffffedfe
00000dbd
00000f16
fffff053
ffffff6b
00000536
ffffe3ab
0000182f
ffffe438
00001b39
000042e6
000005d2
00002326
00000051
ffffcb59
ffffd7a9
fffff6fa
00000bd6
00001875
fffffbf8
fffff52b
0000096a
ffffeff1
000004e0
ffffe990
0000043f
ffffef02
0000002e
000010b5
00001a23
000002d8
000016d9
00000243
ffffeeb6
00000ddb
ffffd66f
00000381
ffffe6e5
fffffbdd
fffff6b2
fffffcde
00000cde
00000269
00000840
fffffdae
ffffee7f
ffffe1fb
00000fc3
fffffd10
ffffe73c
ffffd533
000024aa
00000818
ffffe36f
00000528
fffff7b6
00000b10
0000120b
fffff428
000004f9
ffffeea9
fffffb2f
00000870
00001372
000008f0
00000c16
fffff5d6
00000507
ffffecbe
00000598
00001c0f
fffff026
0000017c
ffffd1b3
ffffe534
ffffe8b3
fffff612
ffffcc8d
000013df
00000507
ffffff70
00002e1d
fffffc4e
fffffa88
fffff773
00000b39
00000f48
fffff0c8
00000edd
ffffc8c9
fffff7b5
0000092b
fffff9dd
000012e3
fffff2ed
0000155a
ffffefc7
ffffe2fc
00000e05
ffffceba
ffffe73c
00001b9d
00001435
fffffff0
0000013f
ffffd6c9
ffffea4c
000009fc
ffffe805
fffff34d
00002df5
fffff28a
000014f3
00003375
00001303
fffff68b
fffff2bf
ffffe6e7
00000f72
00000577
00000888
00000faa
fffff353
fffff991
fffffc95
000011c7
fffffeb5
fffffc46
00001335
00000a42
000012d3
ffffe7a9
000017da
ffffeafb
fffff351
ffffe1bd
00000c9b
00001f76
00000db5
00002271
00000315
fffffcd4
00000236
0000004a
00000a5f
ffffed4e
0000093b
ffffedae
fffffa31
ffffe26e
00000ba1
00001683
00001de5
fffffb11
ffffd144
ffffef2a
000015cb
00000033
ffffc97a
ffffe54c
ffffe632
fffff171
fffff0a4
ffffea9c
00000ac0
fffff478
ffffe8f4
000000d1
000002fe
ffffe603
00001f3c
00000ecc
ffffff21
00001737
000003fb
000003b9
00000a43
ffffffb7
fffffd44
fffffb34
00000804
ffffdaa7
fffff1d4
ffffeca1
00001020
ffffe9b2
000002d2
ffffe7cd
00000357
fffff254
ffffec54
00001c46
00000215
ffffffff
fffffbf3
ffffdaa9
00000200
fffff6d4
ffffea2b
0000105c
fffff0f3
fffffc89
ffffe8f7
00000263
ffffe514
fffff07b
000008d8
ffffff6f
fffff5d5
ffffe39c
ffffea22
fffff73a
ffffe763
ffffdeb2
fffff174
000001d5
0000016d
ffffff66
ffffdd35
ffffe8eb
fffffc29
ffffe347
fffffe8d
00000432
ffffef1c
00001de4
ffffe0e6
000008a6
ffffd0b0
000006c8
00001c7d
fffffad1
00002348
0000122f
ffffe946
fffff6be
00003969
00001594
fffffa67
000023cb
ffffeb8a
ffffe3e6
00001110
fffffc42
00000093
000013da
0000054a
00000c00
ffffec47
000010a2
00001539
fffff045
000012fa
00001bcb
ffffe9a3
00002d16
ffffda2d
00000965
00000a0c
00000e14
00002fef
ffffe136
000037e7
0000106e
0000180d
00002b3d
ffffea8c
ffffc971
00000319
ffffec73
fffffb94
000017df
fffffa6f
ffffcf2f
00002ad3
fffff96f
00002017
ffffcafa
0000016f
fffff178
0000274a
000019b6
fffff075
00001b72
00003188
00000838
ffffe65f
ffffd7ef
fffff473
0000391b
ffffcce5
ffffe20f
ffffddad
ffffdaad
00000f32
fffff703
ffffd9a3
00001114
ffffdce9
0000202b
fffff8ae
ffffd0f6
000029cd
00001c96
00001b23
fffff4b0
fffffac1
0000029d
00000ab7
00000d18
00002713
fffffa54
000015dd
00000c73
00000d6a
00001772
0000260c
000008c8
00001bf5
fffffc55
0000181d
00002152
000005f2
00002702
00001fe7
ffffe9c6
ffffec50
fffffafc
ffffcc08
00000797
fffff34f
00003042
fffffdc6
ffffe55d
00001f2d
fffff67d
ffffeab2
ffffce41
ffffe800
00000bc2
0000066c
fffffec8
00002520
00000bce
ffffeaaa
0000194f
00000264
fffff89f
ffffecc8
ffffe314
ffffdf29
ffffe496
fffffdb7
00003472
000003d8
fffff676
000004d2
ffffd94e
fffffdf9
00000579
fffffa0c
ffffeeaf
fffff7fd
0000157d
ffffc48d
fffffc99
00001ac1
00000841
00002245
00001800
00001b5f
fffffbab
00001c5d
00001085
ffffe855
ffffc824
fffff1e3
ffffda68
ffffd789
ffffedcf
000005b2
00000595
00001189
00000909
000016ea
ffffc48f
00000067
ffffe351
00000f8e
00002536
00001229
00000c21
fffffc45
fffffa2d
fffffa76
fffff041
00001ba7
00000883
fffffdd3
fffff2e8
ffffef36
00000736
ffffd8cb
000018b0
fffff513
ffffd9d7
ffffe847
fffff21d
ffffdc0a
000007fe
000000ee
00000a5a
00000f74
00000d89
fffff652
fffff08a
fffffaf4
ffffb4ba
ffffe61d
00000bbf
00001269
000023bd
0000290f
ffffd781
ffffb29d
ffffdc47
fffff580
fffffdfa
000004bb
000002d3
ffffe2cf
000024c6
ffffe79c
000005bb
0000177a
fffff196
ffffda32
0000092a
00000349
00000903
000008fd
00001380
000000a2
ffffe6e8
00000055
ffffee79
ffffea26
00000f85
00000c0b
ffffd688
00001122
ffffeb54
000027da
0000124c
fffff78d
fffff1b8
fffff91d
0000116e
ffffe8c1
fffff827
fffff81e
ffffdd7d
fffff547
0000087f
00002484
fffff389
000015bf
ffffe430
00001617
00003068
fffff138
ffffc5f4
00000d41
000006a5
ffffecba
fffffb8e
fffff094
00000e2e
ffffe9bb
fffff239
000013ea
fffff45c
00000a92
fffffa96
ffffff25
00003bc4
ffffd455
0000101a
00002fa9
ffffec74
00000608
ffffe98d
00001978
00000e04
fffff427
000020e4
ffffe806
ffffc791
000016ec
ffffd88a
fffffa3e
ffffd89a
00002aec
0000027a
00001154
ffffde51
ffffda61
00000777
0000018d
ffffde78
00000e64
00001277
ffffede9
00001f41
ffffecd9
fffff4dd
0000168f
ffffff45
00000466
ffffe1e4
00001618
00000959
000004ba
00000b6d
fffff2e4
00000e74
000000c8
ffffe494
00002614
00000003
fffffad9
fffff1b4
ffffd1ae
0000122c
ffffff34
00000921
00000a7f
0000006b
fffffd10
00000927
00001ea3
ffffff6c
ffffdab4
ffffff05
fffff70e
fffff513
fffffe1f
00000020
000010e6
000004e0
00000924
000015c2
000029b2
00001cf5
fffff10c
ffffe404
000009f9
fffff2c4
00001667
000009ff
ffffe531
ffffe8fe
0000058e
ffffe433
00000475
ffffe139
000015ce
000003fa
00002f2b
fffff1f8
0000218c
00000489
00000a06
00001ae1
00000694
0000028c
fffff1de
ffffdcaf
fffffd3d
fffff653
000006ef
ffffef00
000026a3
fffffc68
0000037f
fffff8b8
00000031
00000aa8
ffffef3f
fffff37e
fffff04f
ffffe239
ffffffc2
fffff5b2
00000337
00000094
00001526
ffffe174
ffffedc5
00000372
0000005a
0000050d
ffffe287
fffffa24
ffffe9f9
000006aa
fffffe6e
00000b01
0000020a
fffff220
ffffe692
ffffe365
fffffb44
00002ca8
00001f0b
ffffe737
ffffe93a
ffffdc37
ffffebce
00000138
000009f8
0000140f
ffffee8d
00000591
000020e8
fffff429
ffffe7df
fffff43b
fffffa13
fffff15b
fffff530
ffffff05
ffffe6a1
fffff680
fffff680
0000455b
0000197e
ffffc376
fffff266
000000e0
ffffc901
ffffdd4f
000015fe
0000155c
fffff56d
00001cee
000004c9
00000874
ffffeb86
fffff806
ffffe580
ffffe320
0000019b
ffffff05
00000961
00003b7c
0000316b
0000322d
ffffe3bc
fffff3dc
ffffea26
00001274
000036c2
00000db2
00001170
00000763
00002dfd
ffffe8da
ffffd2bc
ffffd1ec
00000702
ffffee21
ffffec6d
fffff2df
0000000f
00003730
fffff9f3
ffffe9c8
00000921
ffffde2c
0000119b
fffffec1
ffffe235
fffff66a
ffffe83e
00000aca
00001122
fffff13d
ffffbe6b
ffffe81b
ffffe3d4
fffff205
00000b84
00003b91
fffffa14
ffffeba6
0000033f
0000027f
ffffc582
fffff335
ffffffa7
ffffda4c
ffffe2df
fffff4f2
000027e7
ffffe30c
00003371
ffffec53
00000400
fffff81b
ffffda7c
00000568
00003ec9
000001f6
000020f3
ffffe9c0
ffffdade
00000351
ffffca57
fffff70e
000001cc
00001791
fffff96e
fffff113
ffffecae
00002200
000034ab
00003008
00002a0d
000007b5
000003e9
fffff293
00000fb1
ffffe93d
00003a79
00001500
00005226
0000143f
0000025f
ffffee41
00000665
00002caf
ffffe5a0
000025e1
00003d0d
ffffcb34
ffffebf3
ffffde64
00002268
000052f5
00002609
00003a30
00000760
fffffabe
00002893
000038f0
000008a6
ffffb52d
000007dc
0000065d
0000046d
ffff983b
00000d83
00006e96
ffffe873
ffffd03d
fffff004
ffffb4b9
00001b4f
ffffe057
ffffe8f6
00001575
000006e1
fffffba9
00000693
ffffd52d
00001dde
ffffd661
ffffdf7d
0000030d
00003041
00001865
ffffed33
ffffe088
0000171f
ffffc1e8
000028ad
fffffd4a
000003fb
00004c8a
fffff2f2
0000252f
ffffbda6
00000eda
000015b3
ffffaa1e
fffff1f9
ffffb809
ffffff18
0000079b
fffffb24
ffffd0b4
00001126
ffffe958
ffffaf6a
fffff6df
ffffe52f
ffffcf0e
00001edb
00003621
00001cdf
00000d5d
00002f34
00003108
ffffda4a
fffff9b4
ffffe198
00000536
ffffe627
00001779
ffffe148
ffffbd59
00001a12
00000817
00000463
ffffd560
ffffd7f9
fffffb62
0000178d
fffff5c2
000021b7
00003622
ffffffbc
ffffdf76
0000094a
ffffec52
00002080
00001402
00003c4a
fffff41a
0000141c
000005ab
ffffe802
000014da
000015f4
ffffff30
ffffecbb
ffffea49
ffffebb5
00001157
00000726
fffff200
00001127
0000085e
00000a73
000014d0
00000140
fffff748
ffffecd0
ffffe5d1
000008ab
fffffc66
00000e69
ffffbf63
ffffea32
00000047
00001c13
fffff4c3
fffff036
fffffcc4
00003c1e
0000059a
fffff8d3
00002ad5
0000108d
fffff2ac
ffffe464
ffffe4c4
fffff9b2
ffffecb1
00000a06
0000098a
0000016f
fffff4e5
fffff92b
00000b2c
fffffd6c
000003bd
ffffe230
00000a20
00002253
00000295
ffffcd68
fffffbc7
0000041b
00001563
fffff34a
ffffe531
fffffd6d
ffffb41f
fffff081
fffff55c
fffff7d1
ffffd2ce
00000074
00001467
fffff9cb
ffffedc2
ffffd07f
fffffc52
ffffe803
fffffb8e
ffffdf18
fffffe46
ffffe84c
ffffed6c
ffffda68
000003b1
ffffe6c0
fffff2f5
ffffe770
fffff341
ffffe998
0000149f
ffffde2e
ffffd5c8
ffffe9b0
00002af7
000008c5
000035ef
00002761
ffffe889
ffffb26a
ffffd306
00003a7d
0000021d
ffffef12
ffffdf0d
ffffe4f3
00000b1d
ffffdf71
00000fac
ffffe5dc
fffff9be
000011b1
00000228
ffffe97b
ffffc773
00001756
00003046
fffff031
ffffe8f6
00001376
ffffea20
00001d0f
00001ad3
00001fc6
000005f5
ffffe51f
0000186d
ffffe95b
0000512c
fffffcc9
ffffee89
00002025
ffffcf01
fffff17e
000044bf
ffffff91
fffffbc5
fffff033
00000562
000033a9
ffffff11
fffff9ad
0000019e
00000a4f
fffff0c7
00000518
ffffbb22
ffffe801
fffff585
ffffd0ff
00001968
fffffb89
ffffd341
00001f14
00004635
00000588
ffffe82d
00002caf
ffffe630
ffffea43
fffff4d3
fffffb58
fffff0b1
ffffe908
fffffea6
00000b72
ffffe880
0000369b
fffff6d7
000000e8
fffffa93
fffffa3e
000018aa
ffffea6b
fffffb64
000017d4
00001c3b
00000337
ffffcda0
fffff8ed
ffffff38
fffff5a3
ffffeeb3
000006e7
00002fa4
00000fa3
ffffd5c2
ffffda56
fffff729
ffffd4f8
ffff9049
0000299d
00001197
ffffa8a7
00001205
ffffeacb
ffffe0d1
00000ec0
000018f0
000006d3
ffffcc54
ffffb458
ffffd09f
ffffe8ce
ffffdeac
fffff639
00001696
000047e5
fffff810
000009cf
00001b6a
00000f5a
fffffc90
00001590
00001424
fffffd9f
fffff09e
00001903
ffffcc07
00002ab9
00000451
fffffba3
000020bb
ffffec22
00001e29
ffffef11
fffffd86
ffffe4af
fffffed0
fffff409
00002487
fffff39d
00002a32
fffff23e
ffffdfc6
fffffc5e
ffffea02
ffffedfe
ffffe8fe
ffffd00c
fffff7b3
ffffe7c4
ffffec28
ffffd39a
ffff9de7
0000031d
ffffedc0
fffff79f
fffff3f7
ffffdc61
fffff3b2
fffff190
fffff13a
000009f9
fffff513
00001ba0
ffffdc9e
ffffc82e
00001114
00000808
00000e87
00000009
000026a1
ffffeafe
ffffea38
fffff3e6
000024cd
ffffd079
ffffd842
00004198
000006d7
ffffddb9
000012d8
00000164
00000241
00002be6
ffffee17
000002b2
0000302c
00001262
fffff0d2
00001053
ffffd384
000026cb
fffffbec
fffffb33
00003193
000005f3
ffffdc0e
ffffe6b4
fffff79f
fffff090
ffffe8e8
ffffe2a1
ffffdf80
ffffd74e
00000f2f
ffffeafc
ffffdec4
fffff6ae
00000866
fffffb61
00000873
ffffedb5
ffffe085
000009c5
000004d5
000019c3
0000157e
00000d59
000014d1
fffff15d
0000347c
ffffd5a6
00004759
00003ab0
00000bca
fffff681
fffff6c9
fffff9ba
0000112f
00000956
fffffeda
000008ab
00002494
000017c3
ffffe8bc
0000190d
ffffdfed
000004ba
00000ffa
000007cd
000005b2
00001dbd
0000483a
ffffec40
fffff876
fffff81f
fffffeb0
000007f7
00003862
00000820
fffffee3
fffffc0b
ffffdc7f
00000ded
00002dd2
000026ea
0000227e
ffffe45d
000019eb
000003c8
00000ab2
ffffeefe
00001129
ffffe22d
ffffebc4
0000033e
00002c7d
00001248
0000133f
00002c7d
00000720
fffff33c
fffff714
000014c6
00000e32
00000e29
00003931
00002591
0000384a
ffffd13c
00001c92
fffffd71
ffffea3e
00001409
00002add
00001145
00002cf0
00003398
00001fbc
fffffe8a
00001bdf
00004527
000009d4
fffff4d9
000006a6
00000c50
fffff641
fffff2b3
000005ad
00000e36
00003532
fffff232
000021a1
00001bde
ffffdd63
ffffdf37
000053c8
00000815
fffffd44
ffffe0ca
000029cf
fffff2d9
fffff78d
fffff88e
00000a51
0000259b
fffff80c
000042bb
00000bd8
fffffb52
ffffec77
000008f6
ffffd5bb
fffff09d
ffffcf1a
fffff6ac
fffff250
fffff68e
00002769
ffffda7f
fffffbf7
000024d4
00000ec4
000014a2
fffff6f0
fffff379
ffffea8b
00000582
ffffdbc5
0000219d
ffffd9b2
ffffd7ab
000019b4
00000b74
ffffef7a
00000025
00001ee5
ffffe4b3
ffffdfef
000021da
000015f8
00001585
000026ea
ffffe63a
000016cc
fffff0bb
000005de
fffff928
ffffda4e
ffffd680
fffff7a9
00000175
00001c0d
fffffcef
ffffdf7a
000006c9
ffffd9bf
fffffdc9
00002568
fffff5bc
ffffda91
ffffef70
000025f1
fffffd22
ffffebcb
000018f2
fffffb24
00000558
00001188
fffff9d3
00002690
fffff8f3
00001766
fffff01e
ffffef4e
000000f1
ffffdd79
fffff41c
ffffedf7
ffffdf22
00001252
fffffb84
00000ac5
0000038f
00002883
fffff1b7
ffffe1c5
ffffea65
00000fa1
000003b5
ffffff3f
fffff2c7
fffff82c
fffff007
00001529
fffff22b
00002799
00000c89
00000a2e
00000504
fffffce5
00000185
fffff9e2
ffffea6c
fffff1ae
0000187d
000017df
fffff6c6
0000113a
0000142e
0000050b
00001c32
00001dd6
00000db7
fffff309
ffffe92a
fffff48a
ffffdcfa
fffffb3a
000004ba
ffffe783
000013c1
00004ec8
ffffede6
0000229b
0000073f
00000846
000019f2
fffff6a9
fffff485
00001243
00002291
ffffb6c7
fffff9bf
ffffd31c
ffffdc9c
ffffd34e
00000ca1
00003322
fffff932
000015e6
ffffeaa8
ffffee4d
00000243
ffffe3e3
00001c8f
00000ead
ffffbe58
fffffaef
fffff789
00004af9
00000740
ffffb52e
00000d04
ffffc703
00002e47
000002ad
ffffe864
00000290
00000066
ffffd831
ffffdcb7
ffffd258
ffffec15
ffffe490
0000175c
00004cb4
00000a67
00001fb6
000002e8
ffffc7b8
fffff516
ffffd703
00000204
00002cfc
0000087b
00000610
fffff48a
ffffee81
ffffe106
000016c2
00001efe
ffffc66b
00001400
ffffe149
00000ad4
00000431
fffff20b
ffffeb1f
00001769
ffffe143
fffff3d8
ffffdb83
0000140e
fffffb9c
00002b2c
fffff707
ffffbe7f
ffffbe30
0000290c
ffffda97
ffffea6e
fffff999
ffffe9ea
000001d0
000005d7
00001fc1
0000169e
ffffec65
fffff219
ffffdd8d
fffff48c
00000f21
00001672
00001cc7
000010a4
00006596
ffffdae2
fffffefb
ffffe5c3
ffffeeb2
000003ab
00002ba7
fffff6bf
ffffe9fa
0000009d
ffffe2c6
ffffd21d
ffffbc11
fffff666
fffff231
00000e8e
ffffe8fe
000008e2
fffff523
00001ce9
00000eb3
00002590
ffffcdf2
0000250a
00002444
0000247f
ffffebc1
fffff216
fffffac2
00000dc8
00000670
fffff8b7
000025d5
ffffc39e
00000d8d
ffffd9b4
0000007e
ffffca6f
00001b1a
fffff413
ffffc7b9
00000a27
00000bca
ffffed00
000002d3
ffffef63
000027ef
000057a6
ffffde57
ffffd7d7
00000248
00001235
ffffd69f
fffff62a
ffffce66
fffff467
ffffeb6b
fffffd80
00001954
00000183
ffffcd9d
fffff01e
00003f3b
fffff9a5
0000063d
ffffe5ad
ffffedd6
ffffc25e
00001ccb
ffffd625
fffff4de
ffffff16
00001689
fffffc6c
ffffd344
000010de
000014b1
00002e03
ffffc770
fffff690
ffffdee9
00000bdb
00005f53
fffff09c
ffffec51
00002607
ffffee5a
ffffd7de
000003a0
ffffcf65
ffffc4ab
fffff120
000027ae
ffffec53
fffff688
00001d6e
00000414
ffffe3ab
0000198c
fffff657
00001d7e
0000074d
00000b5d
ffffebb9
00001be9
00001df0
ffffd602
ffffea90
ffffe5d9
fffffe1e
fffff82d
000001f7
00002d50
00000893
ffffd33b
00000cbc
00001a81
fffff5ed
fffffcf9
fffff125
000032cd
ffffe886
ffffff31
fffff855
fffffedf
00001376
ffffc58c
00000cb2
ffffc62c
ffffeec2
ffffea78
00000632
ffffff75
0000080d
00000745
fffff69a
00000d5f
fffff468
ffffffc4
fffff727
000019dc
ffffeb5d
fffff407
00001089
ffffeefe
000003c3
ffffed4a
ffffed7c
00002169
00001a8f
ffffe6c5
00001f95
ffffda82
ffffd4a2
ffffe949
ffffee04
ffffc7e7
000012e5
00000f13
fffff974
000001d8
fffffb48
ffffe635
fffff5de
fffffd92
ffffffee
fffff0fd
fffff9d9
000010ac
ffffd48d
0000069c
fffff2c7
fffff80a
00000df3
fffff2a3
000021ca
ffffe7ac
ffffee03
000023f0
fffff5db
fffff4a1
fffff2e2
fffff3ad
00000ddf
000005b5
00000977
fffff285
00001125
00001dbb
00000395
00000e1d
000001c4
fffffd8e
fffff461
ffffe76b
00000901
ffffdfe7
00001721
fffffbdc
ffffcb70
00000bb6
ffffd5f6
fffff24a
ffffcf7c
000024e2
00002517
00002287
000008bd
0000003a
fffff14d
fffff988
fffff4fb
0000326a
ffffe8c0
ffffdc93
00001f78
00000ab8
000013f5
ffffe217
fffff548
ffffea5d
ffffff94
ffffe804
ffffe9d0
00003931
fffff75c
ffffeba9
ffffefb1
ffffdc55
ffffd522
ffffd8ea
fffff02b
fffff662
ffffe72a
ffffcd16
00001385
00000182
ffffd89c
00000cf1
fffff327
00001974
fffff47b
000015fd
ffffdfb2
fffffe7f
000009b8
fffff66c
fffff0b3
fffffde8
ffffd6e7
00003892
0000368b
0000101a
00000c00
0000253d
000018cc
00000330
ffffde0e
ffffe362
fffff8b1
ffffda52
00001058
fffff687
00000c04
000021ae
ffffe37f
0000015b
00001151
fffff413
00000915
00001525
fffff7ca
ffffe065
fffffb58
00001d22
0000003f
ffffd1f0
ffffe6d6
00000a6a
00004634
ffffff4e
ffffcda0
ffffde0b
ffffec32
ffffea16
00005923
00001fed
00000781
ffffeca2
00001550
0000069c
fffff80d
ffffd3d3
ffffe68a
ffffd44a
000010bd
fffff017
ffffe62b
00000eba
00000b52
fffff136
ffffffb7
000015c4
0000100f
000006c2
ffffeb62
000007dd
00001ac2
00002817
00002191
ffffed54
fffffc26
ffffd013
00000b95
00000a92
00002500
0000120e
ffffbed9
fffff19b
fffff862
fffff7d8
ffffe501
ffffe728
fffff4d9
ffffe512
00002d30
ffffedf8
0000189f
00001c07
00000158
000029ac
00001985
fffffbf9
ffffe577
ffffee5c
000029bf
000011b2
00000e50
00001e33
ffffee2d
fffffa42
fffffb5d
000026bd
ffffcf08
0000319f
fffff8e2
ffff92bf
000015a9
ffffdc79
fffff337
fffff78d
ffffe100
00001379
ffffee27
ffffed49
000002e1
00000604
ffffd370
ffffbe36
ffffec01
ffffcaaa
fffff44b
000017b8
000026d8
fffffa58
ffffd378
000007a8
fffff21c
00003728
ffffe994
00000b54
0000367b
000005e6
00003f1c
00001ad0
00002f05
fffffa4c
ffffd428
fffff8e5
00001a3e
000000c3
00002678
fffff5a4
ffffd365
00001bb7
fffff608
ffffbf60
fffff114
00001c36
00002fa4
ffffe29c
ffffd4c1
00001960
00001ccd
00000a74
000023e3
fffffd0c
00000eec
ffffde5c
00003cea
000005c0
ffffed39
0000189d
ffffde7d
ffffee5f
0000061b
fffffdd5
ffffefd7
0000088b
0000055e
00001b0c
0000256b
ffffec07
fffffeff
fffff721
ffffe0e2
fffff854
00002bc0
ffffe37c
ffffe6ab
fffffed7
ffffe2e4
0000015a
00000c53
fffff6c4
00000033
00000007
ffffedde
fffffb87
00000cdd
fffff049
ffffdf99
000001a7
000004d1
00002dff
fffffd13
000006df
000025fd
fffff10b
ffffef14
ffffcf51
fffff08b
ffffed08
000038a4
000004f6
00000867
00003c35
ffffecf0
0000016a
0000130a
00000901
0000012f
000021d1
ffffea9b
00002810
fffff8f9
ffffff0c
fffff285
00001518
fffff7b2
00002a0d
000035ea
000029f2
000003aa
00000e33
0000256a
fffff211
ffffeb83
00003630
00001e88
00000431
ffffeb2a
00001547
00000572
fffff624
000014b6
fffffd29
000025de
ffffec9a
00000f5e
fffff4c5
00000b76
fffffae1
00001007
000018d1
0000100d
00001689
ffffe5e7
ffffdad1
fffffa76
000013bb
00002836
00000172
fffffc13
00000897
000025be
00000b35
fffff400
00000165
fffff8a2
ffffd97e
00002aa8
000022cc
0000075a
00000b5f
fffff65e
fffff50a
000028ba
0000153e
0000155c
00003687
ffffeff3
0000003a
ffffe886
000000a2
000023c4
000009cc
fffff62a
000001f3
0000011d
fffffecf
0000062d
00004198
0000157b
fffffb89
00000bf3
000007ea
00001032
00002540
0000041a
fffffc31
00001ec4
ffffd047
fffffd55
ffffe2ba
fffff961
00000ab2
fffffc3c
fffff8af
fffffe2c
fffffbb0
00001052
0000110d
ffffc09d
fffff976
000015e8
fffff356
00000377
fffff754
00000688
0000102c
00000300
fffff96a
ffffdf07
000015a3
00000801
fffff560
00000030
000001a9
000011f4
ffffe49e
ffffe652
00000038
ffffd501
ffffe871
00000fc6
fffff16e
fffff519
fffffd77
0000086c
0000012e
ffffe2fa
00000850
00001a6b
00000af3
0000161f
fffff6ad
ffffe226
0000176d
ffffee15
fffff12b
fffff1fb
ffffee82
fffffd19
00000215
000025ba
ffffcdf7
ffffdb69
00001849
ffffff08
00001092
00000f4e
00001597
ffffe809
ffffe5b6
fffff09d
00001d74
00001ec3
00000e07
000007f5
0000033f
00000360
ffffecd3
fffff601
ffffde56
0000011f
00000d50
0000148c
fffff45a
0000002e
00000efd
ffffe6fc
ffffcf0a
00000671
000003e7
000020bb
00002160
00001270
ffffeb2a
000015b9
fffff583
00000356
ffffd5df
000008e1
fffff856
fffff42b
00002f82
fffff1a9
00000233
000012db
000003bd
00003df3
0000041e
fffff3dd
fffff671
00000668
00000b6e
ffffe0e3
ffffe197
ffffee2c
fffff61f
ffffc6ef
000016d7
0000105e
00000e12
fffffa2e
ffffff6b
fffff181
000012cd
fffff4a9
000008de
fffff292
fffff07c
ffffc130
000003e4
00000e09
ffffe50b
000001f2
000011cb
00001edb
00000a26
000026e5
000012bf
0000378a
fffff507
00000683
00001b70
ffffff76
ffffd5da
ffffd6aa
ffffbe67
fffffbb5
fffff9c8
00000eab
00000afa
00000d85
fffff8b9
ffffd381
00001ff9
ffffff4d
000019ba
fffffa27
00000a93
00002306
00000e24
ffffe58a
000001e9
ffffe8cc
00001241
00000192
ffffe076
ffffd96c
fffff007
000025ee
ffffdf12
fffffe07
ffffc7ff
000008cf
000026e2
ffffc4b2
ffffe822
ffffc872
000001bf
fffff8ed
00000d3a
ffffe1f5
00001579
fffffc57
0000049a
ffffed26
fffffd12
0000212b
ffffbd1e
ffffdfb0
ffffdf6d
ffffe852
ffffff9c
00003297
fffff19f
fffff2d3
00000b27
0000227d
fffffabb
fffff3a3
00002653
00002d6e
fffff401
ffffe8e7
0000161c
ffffd126
0000301a
ffffe5d5
fffffce1
ffff830e
ffffdc64
00003ba9
00006cff
00000ea9
ffffff41
000013d9
ffffcbb0
ffffeb8b
000002a8
ffffbd4f
fffff01d
fffffc82
00002586
00000146
00003603
fffffc32
000009c0
00001a80
fffffafd
ffffd899
000020be
fffffc2d
ffffd2ab
00003956
ffffd067
00003171
ffffc604
ffffd715
ffffed36
00002364
ffffca49
000063ec
00000dff
ffffedd7
ffffb030
ffffd3bb
fffff5ff
fffff6af
ffffc39c
ffffe947
00000410
0000155c
ffffe8ef
00000546
fffffde4
0000032b
000010f4
00002e51
ffffff70
00002e26
00000627
00001e9e
00001277
ffffeeeb
ffffd719
000010ec
0000026c
fffffb46
ffffce1b
ffffd164
0000063f
fffffd69
000005da
ffffcf8b
fffff7b6
ffffd11c
00003bd7
000004b2
ffffbce7
ffffdb5e
00000386
ffffe47a
000024c8
00008b89
ffffc5b2
000005f0
fffff3f3
ffffe72a
0000247e
00000545
00000c2a
ffffee1e
ffffff96
ffffea57
00004a05
00000163
ffffdd7a
00002123
000010e9
ffffd73e
fffff73a
00002d8f
ffffe373
ffffe106
ffffec03
00000e41
ffffec4c
fffff2c4
00001247
000031dc
00000304
00005a52
fffff9c5
ffff9e8d
00002adc
ffffae47
00001551
000003e0
ffffebd9
0000331b
00001ae2
00002e53
ffffaadf
ffffdad0
fffffb62
000017d6
00000aaf
fffff231
00002ae2
ffffecf0
ffffe818
fffffe86
0000169a
ffffe4af
ffffc929
ffffcd05
ffffe69e
00000077
00000daa
00001c8d
ffffd172
ffffee06
ffffcc3b
00001c24
ffffd0db
fffff542
00002a2f
00000dc4
ffffdd75
00004419
000022c5
fffff109
ffffc047
ffffefc8
00009d74
fffffa3c
ffffe7aa
ffffdc1e
ffffc2fa
00003649
ffffe735
ffffd0ee
00000981
ffffc9ea
000021c9
ffffde09
fffff915
00001abe
00000d97
ffffd5ea
fffff8aa
ffffe222
00001621
00003a1a
000000ce
00004a45
fffff4b5
ffffb140
00007f40
0000040c
0000250c
00000024
00000074
ffffe9f9
fffffce9
ffffe5d5
ffffcb65
fffff352
000005b4
000008a2
ffffff71
ffffdf65
000046ee
00001950
ffffc39b
ffffe347
ffffe9d9
ffffe9c3
ffffe7df
00001073
00001259
0000056b
00002926
ffffe4a7
fffff51d
00000440
ffffebda
00000422
ffffe752
00001c2c
00001db7
00001671
fffffcc6
0000112b
fffff0fc
00000684
ffffec28
fffffbfe
ffffd84f
fffff0ad
00000b3c
ffffef3b
0000191a
ffffff34
ffffc1f9
0000170d
000018d4
00000841
000041fe
ffffed3b
000007d0
ffffdc7e
fffff7d0
00000d67
00000b57
00000a4d
0000058a
ffffe5cf
fffff48d
ffffe243
000008c3
fffffde7
0000140e
fffff7b8
0000005a
0000240b
ffffd4a5
00000cfc
ffffcdf0
0000160a
00000e52
0000076a
00000f1a
ffffe49f
ffffce4e
ffffe672
00001fb3
00001eed
00000348
ffffead6
ffffe46f
ffffd9fb
fffff6bd
ffffd720
000030de
ffffec67
fffffa6d
fffff359
ffffe931
0000055c
ffffef0a
ffffdc18
00000627
000000da
fffff095
ffffdcf7
ffffd512
000014bb
fffff4ff
fffff037
fffffe14
fffffa33
000028ad
00001d51
00001749
00002181
00000c36
ffffd0a6
ffffd9c3
0000098c
fffff580
ffffc775
00000fc4
00000685
ffffe967
fffff1ee
fffff127
ffffd874
0000016e
fffff6d3
0000082c
00000999
000000c3
fffffcd1
ffffc74c
00000a16
000006a7
ffffe891
00002654
000008a6
00000fdf
000008df
00000eb4
fffff6ed
00002573
ffffdabc
00001268
00001614
ffffe3e9
ffffc6ff
ffffe014
00001f7d
ffffe496
ffffe722
fffff771
00000162
0000347f
ffffd335
ffffd65f
fffffb3d
fffffafa
00000493
ffffe7a2
00002905
00000d2f
000012bf
ffffe664
ffffc2a7
fffff7af
00002865
fffffbbc
00001d30
fffff718
00001c37
00001cf0
00002249
ffffe947
fffff5dd
000050e2
fffff88f
ffffe040
00001881
00000588
0000178a
0000106c
00001a45
000022d6
fffffc37
ffffe505
ffffe917
0000134b
00005e4e
00000936
000031ac
000026ed
00002b8b
ffffe716
000019e2
fffffc83
00005672
ffffecda
ffffff43
000015d8
00001358
ffffbd68
ffffdd18
00001025
00001060
fffff338
00003ebc
000012b7
000008e0
00001da4
fffffa50
ffffc8cb
00000588
00001543
ffffd64f
00000cb5
ffffe4b9
00001c88
ffffee34
00000b44
0000225d
0000208a
00000cfa
00000ea6
000005c0
ffffe71e
0000187d
00000b96
fffff897
000005dc
ffffefe5
ffffbf57
00001b35
fffff7f3
ffffebe9
fffff1a1
fffff1a7
00000ca9
fffff694
00001e30
000004e5
ffffe372
fffff1ac
00001246
00005460
000027d9
ffffcf44
ffffeea5
ffffec8c
ffffd97d
00000d4c
fffffc57
00000b7e
000015e9
ffffe784
ffffe16a
00002406
0000146e
00000917
fffff58c
00002a4d
00001999
000015f6
fffff0cb
fffff819
ffffc6bd
ffffd014
fffff95b
00001428
ffffb6b5
fffff0ad
000032a0
fffff82d
ffffdedb
000001e3
fffff2b0
00003e73
000011e4
00002540
ffffe6e5
00001702
fffffb49
ffffe99f
00000397
00000ff3
fffffa51
00000935
0000291e
0000265e
fffffd72
00001ac8
00000589
fffffdc4
00000438
ffffe817
00001a18
ffffed41
0000066d
ffffffc2
00002ed5
00000ce6
00001b2a
0000032f
0000221e
ffffda97
ffffefc1
ffffe8fc
0000047b
ffffe33e
ffffc64e
ffffdb3b
ffffe74a
ffffce50
ffffdf10
fffff3da
fffff9c5
00001815
fffff27f
00000b0c
00000d81
ffffe8da
ffffed23
00001abe
000010fb
000004d0
ffffe5eb
00000171
00001f5d
fffff475
ffffc13f
000013c3
00000f52
fffffed9
fffffcfa
ffffef2c
ffffd3da
00001758
fffff85a
00000cd0
00001347
ffffed32
00001954
fffff0d5
000022a4
0000117f
fffff461
00000e4e
ffffc40a
0000380f
00002931
fffff32d
ffffc01b
00001344
fffff66d
00000c62
000008ab
fffff7c4
00000897
fffffceb
0000052e
ffffe4a1
ffffe330
00000f36
fffff8fc
00000604
ffffd8af
ffffedc1
000010de
000011d1
000027a8
000026a1
00000db9
fffff4ff
fffffcfe
00002b6a
0000103e
00001406
0000164d
00001291
ffffebd1
00000ca2
ffffe8a2
fffffec8
fffff94b
0000007b
fffff569
00000a0a
ffffe8f4
00000fba
0000197e
ffffe38f
fffff4cd
fffff4b4
000034fa
ffffdd36
000000ab
fffff793
00000478
00000612
ffffe299
fffff3fa
fffff5b8
00000470
fffffe4d
00000ddf
ffffd4f2
00000d44
00000e45
00000568
00000739
fffffb4e
fffff903
ffffec04
00001e8e
ffffe140
000014b3
0000228f
fffffbe7
00002fc6
00002be6
ffffea19
ffffee21
00002613
ffffffa6
ffffd6f4
ffffe810
fffff34f
ffffee9d
ffffc24f
fffffebd
000008a5
fffffafd
ffffff09
00001918
ffffcbc8
000007e9
000002e5
ffffe97f
fffff5bf
ffffec12
0000115d
fffffed0
000027ab
000000cd
00001d7e
00002307
ffffe32b
000004ff
00002741
ffffed29
00000b73
ffffed45
fffff182
000006ea
ffffea9d
0000195e
00000cc9
000000eb
0000055f
00000cb3
fffffb5e
ffffe8ed
00000844
ffffee94
fffff444
000004aa
fffffbe5
fffffd64
00000813
ffffda46
ffffc7d4
ffffd8cd
0000071e
ffffde88
ffffec7d
00003061
000011bc
ffffffeb
00001eeb
00002386
00001667
fffffebc
0000263c
fffffc91
00001592
ffffb450
fffffba5
000000b8
fffff30d
ffffe76a
0000050e
00003414
00001627
ffffe54f
0000291a
00000f5b
00000ee4
ffffdfff
00000170
00001c47
00000eef
ffffe2cf
00001d25
fffff952
00001868
00001aff
0000085c
fffff8f4
0000063d
ffffeda0
0000119f
fffff57c
000020ac
fffff9aa
ffffde19
fffffd8f
ffffdd8d
00000383
ffffeebb
fffff8c1
fffffafb
fffff022
fffffbe5
ffffeffb
fffff1a2
0000154a
000006bf
ffffff3f
0000125f
fffffbe8
ffffea33
fffff807
00000620
00003194
ffffe7ff
00000c9e
fffff04a
00004003
ffffef23
fffff6b5
000013e9
ffffffdf
fffff70d
00002d0d
000005a4
ffffd6bc
00001955
000011ea
00002a97
00004b4c
000009a4
ffffeb4d
000012a0
ffffb511
ffffc49d
fffff770
00000516
ffffc2e1
fffff6b8
ffffc800
fffff91e
0000330b
ffffe67c
fffff14a
ffffe6f5
fffffcea
ffffea74
ffffd992
000009a3
00001926
00002356
00004442
00000bec
ffffe5bd
ffffbf45
ffffe921
00004cc4
00000f91
ffffc85d
ffffc86d
000004be
ffffdf7e
000011f0
00000f49
fffffcd3
fffff691
00001d92
fffff154
ffffec8c
00001cda
00001062
00000427
00002b4f
00000a92
000004e8
ffffd8e7
00000c72
fffffcdb
00002470
00002c2e
000007fb
ffffcde9
ffffcb3d
ffffd660
ffffd41a
00001fa2
0000033c
ffffb409
fffffd3e
ffffd994
ffffe28e
000046e7
fffff865
ffffc3c4
00001934
0000422c
ffffb2fc
00000b23
00001026
ffffc756
ffffbba6
ffffc18f
ffffd9cd
000004a3
ffffdf99
fffff62e
ffffd2e5
ffffc3e5
00001af0
00000954
ffffdcd8
00000bc7
ffffcde3
000004a8
fffff1b7
00005496
fffffd23
ffffee4a
fffff927
00003686
000002be
ffffddf6
ffffd974
ffffeaac
ffffea0e
00000760
fffff47f
00001894
00000841
000013fa
00002606
ffffff70
ffffdbad
00001e08
000008fa
00000511
000018a9
ffffe6c1
0000007f
ffffffdb
fffff736
00000fed
ffffdcb7
fffff85c
ffffeeaf
00002117
ffffe726
000022bb
00000d30
fffff740
00002cc9
00001697
00002181
ffffd686
ffffb420
00001a7c
fffffa52
fffff33a
0000053b
fffff9ff
ffffedd6
fffffcbc
00002f42
ffffb002
000006c0
ffffe302
0000158d
0000322c
ffffee6c
fffffd05
ffffe3ca
00001316
fffff64a
ffffe605
fffff63a
000006d6
fffffd81
00002209
ffffd4f0
00001034
fffffe0b
ffffeb83
fffff0c7
fffffefd
ffffff17
fffffed0
00000ce2
ffffbb5b
000019c1
ffffbccb
ffffad12
00001e39
ffffd1e4
00000aa4
fffffa9f
ffffc878
000036aa
00002190
0000208f
ffffbe9d
ffffd969
ffffb69b
0000057a
00002006
ffffea2d
ffffc146
ffffdd4c
ffffc4cc
ffffe041
ffffd0e2
00003bd7
ffffade8
00000ba8
fffff0d0
000002b0
ffffdd45
fffff610
fffffdda
00000b52
00000d8e
00001cf4
ffffd246
ffffe144
00000333
000013ad
000000c9
0000061a
0000040f
00001aeb
00000d8c
0000000a
0000138f
000009d9
ffffee03
00001537
00000ce6
00000c30
ffffecb1
0000142f
000017af
ffffedae
0000006e
0000172f
fffff134
fffffc70
00000386
000003ee
0000027e
fffff5e7
fffff094
fffff06a
000002ea
0000058a
fffff25d
ffffefb3
ffffed67
fffffb9c
ffffed7e
fffff4d9
000005bf
00000b97
ffffefbe
fffff579
fffffd4a
fffff727
00001623
0000085b
000003fd
ffffd69b
ffffe5a5
00000da0
0000096b
00001772
000015d2
fffff63f
ffffff22
00000670
ffffedd2
000004a0
ffffe896
000008a6
00002189
fffff691
ffffe9dd
ffffee97
000016f5
00000f99
fffffeae
0000039d
fffffbc2
00000a2b
ffffe676
00000562
ffffef7c
fffff74e
00000887
fffff57a
ffffff52
00000163
00000751
00000944
00001a0f
ffffec6a
ffffff13
ffffee67
ffffd055
fffffa6d
00001874
fffff0c6
ffffdce2
fffff294
ffffffdb
ffffd904
00000194
ffffd66e
00000967
ffffd9ba
00001848
fffffb7b
000016b6
ffffdc81
000005b1
0000094c
00001866
0000072d
fffff14b
ffffe6b5
fffff4bd
fffff906
ffffde5b
00000652
000008ee
fffff07b
000015e8
00000879
00002c4e
ffffdbb8
00001227
fffff4de
ffffce5f
fffff286
ffffe3d6
000011c1
ffffd334
ffffe24e
ffffe115
ffffe558
ffffe548
ffffefcf
00000463
ffffea61
0000092b
ffffd5a8
ffffe1f7
0000061b
ffffe8fa
ffffd809
fffff38b
000004ac
ffffecef
fffff20f
00000285
fffffc66
ffffdda3
00000ce9
ffffb991
fffff188
ffffdcb1
fffffbdb
ffffe09d
00000e7d
ffffdeea
fffffb5f
ffffd6fb
0000133d
00000720
000027ec
ffffea79
00001942
ffffe987
00000f38
fffffde9
fffff252
00000bb4
ffffeec2
fffffc3c
fffffd6e
ffffe852
fffff9c0
0000073a
0000123a
ffffe31e
000023e5
fffff6d8
ffffe16f
fffffc4f
0000062d
00001b3a
0000051e
0000261b
fffff98a
00000fcd
00000e2a
00000859
fffff75b
fffff9f6
ffffeef7
fffff690
fffff17b
00000470
00001502
ffffff92
fffff801
00000dff
ffffb900
00000df3
000035d0
ffffecea
fffff934
ffffff49
ffffe834
ffffebf6
ffffcf69
0000108a
00001732
fffff4fd
ffffcfa8
fffff304
ffffe9c8
00000b6c
000019f5
00000a7c
000001fa
ffffeb2b
00001506
00003418
00003860
000014d0
00001005
fffffa25
fffff877
ffffd840
ffffe703
ffffdd98
ffffda41
00001e01
fffff56c
ffffc2d9
ffffd49d
00000dd6
000000bb
000026eb
0000613e
ffffdffd
ffffdb4d
ffffdc9b
00002d8e
fffff223
0000283a
000014ef
00000c4e
000001fd
ffffe09e
00003bef
fffff7ca
fffff307
ffffe69d
ffffc699
00001f34
00002ea9
fffffaae
00001b0e
fffffdf4
00002fcc
fffff665
00003930
00000340
ffffca28
00001345
ffffd9c7
ffffefd0
00000c81
000000e0
fffffc41
fffffe1b
00000270
0000170c
00003221
ffffe915
fffff70a
0000165b
00000a26
0000275e
000000b3
ffffe2e4
000020b2
fffff39e
00000c0b
fffff4c5
00000262
fffff07b
ffffdc86
00000632
00003246
000016ff
ffffd763
00000393
000008e2
ffffbf8b
fffffbdd
0000110a
000004b5
ffffeb1e
fffff6d9
00000153
000000ea
ffffef62
00002331
00000416
fffffe0f
000004e0
0000114f
ffffff77
000004a0
00000007
0000064b
fffffcb7
000013e0
00001621
ffffea03
0000083d
ffffe653
000004ca
000009d4
0000001e
000011ff
fffffdfa
000008b5
00002557
fffffcd2
000017eb
ffffeff5
0000054b
fffffc7e
fffffc60
fffff9ac
fffffddd
fffffe0f
0000105a
fffff012
ffffe444
fffff156
0000168d
fffff704
ffffde10
fffff5d0
000004cd
00000e81
fffffa05
fffff800
00000199
fffffd33
fffff4ed
00000431
fffff2f0
0000071f
0000069f
00000441
00000d37
fffff34e
00000179
000006a8
fffff963
fffffce1
0000015e
ffffedf8
ffffecbb
fffff4d4
00000412
0000045e
00000497
fffff989
fffff43c
fffffd9f
00000612
00000108
fffff3b4
0000191c
ffffdaac
000014a2
000015aa
ffffe933
000004db
fffffc40
ffffdf21
000001ec
0000072b
000003a6
ffffded1
ffffe609
00001044
fffffa49
00001f0c
000013c4
ffffda3b
ffffbc83
0000112e
00000fbf
ffffdbb3
fffff9b4
ffffbcd1
ffffe89a
00000686
00000097
fffffc35
ffffd106
ffffff55
00000c5f
fffffbd6
0000084a
fffff43b
fffff213
fffffcdc
fffffe4d
000003f5
000000f3
ffffca90
fffff229
fffffcac
00000883
fffffa35
fffff5fd
00000eb7
ffffbedb
ffffeea9
fffff198
fffff680
ffffd59e
fffffa55
00002ecc
0000076d
fffffe80
fffffe89
00002eb3
ffffe53a
00001146
ffffe235
000004b6
ffffeb32
ffffe542
ffffe93f
fffffbe4
ffffe7f4
000022f9
ffffc431
000000c8
000003d8
000001a1
fffff3b1
00000088
0000068b
ffffeeb5
ffffd301
00000250
ffffbce5
000013ba
00001220
fffff310
00000b88
ffffe78e
fffff8d3
ffffc88e
00001442
00004810
00000f0e
ffffffb1
000011e8
00000d20
0000036d
fffff913
ffffe2fb
000003d4
00000a3c
fffff06d
ffffeda1
00000d35
000017f8
fffff6d4
00000953
000008b0
000006cd
ffffdd1f
ffffd4a0
fffffb0b
fffff54c
00000a8f
fffff8b7
ffffd4ae
0000142d
fffff9d0
00000aec
ffffd564
ffffc48c
ffffff20
ffffead5
00000671
0000057d
000000b4
fffffab5
00000a50
ffffdb46
ffffe786
ffffe642
ffffdb11
0000133e
ffffd9a4
00000043
00000bf0
ffffc83f
00001c6d
00000309
fffffa32
00003a50
000030dc
00003536
00001f65
fffff5fc
000029c1
ffffd8eb
fffff968
00001251
000027fa
00001dc6
ffffecb1
00002ad3
fffffe0b
00000597
000016a7
000019f8
00001049
00002173
fffffc61
00000af2
00001e67
00003116
000007c6
00001518
ffffd3b0
fffff7ca
ffffb7ef
00001692
fffff576
00000457
fffff244
fffff24f
fffff041
fffff48c
0000125f
ffffce11
fffff30b
00001d49
fffffd3a
ffffe1a3
00005cba
00001a90
ffffe2e6
fffffa36
fffffcdc
00000497
0000095f
00000188
00002982
ffffefa8
ffffd37c
00002284
00002b2b
ffffd16e
00000f95
00001f22
fffff7e5
fffff422
00001d30
ffffcf07
000003db
000009dc
fffff69f
000005ae
fffff65b
000014c1
ffffd8eb
00002a00
ffffc186
fffffbcc
ffffe490
000000ac
fffff643
fffff0fe
00002c69
fffff29f
0000097e
00002680
ffffe227
ffffd414
fffffbb4
ffffec14
fffff158
ffffecf6
ffffe5e1
0000046e
ffffefe5
000002aa
ffffe802
00000cfc
fffff6a2
fffff8b5
fffffd74
ffffefc5
ffffca8c
ffffdff8
ffffceed
fffffb23
00000f0e
fffffd4f
ffffff1f
000005af
00000f16
ffffd212
ffffe60a
fffff774
fffffd5d
000008f7
fffff5af
ffffe598
00000f0a
fffffad5
000009c2
000001ac
ffffec55
00000ff2
fffff18b
0000055a
00000db0
ffffdace
ffffe46c
000032a9
ffffffa1
0000100e
ffffe8de
0000140f
fffffc6d
00001166
ffffeeb6
fffffaf9
ffffeea7
00000b0b
00001373
ffffe9d8
ffffe602
fffff1f2
00004064
fffff8ca
fffffcb1
ffffee94
00001464
fffffc0c
ffffcf90
fffff331
0000311a
00000c25
fffff006
fffff625
0000299c
ffffe468
00001d96
00000e16
ffffed11
fffff7f2
00001810
00001434
0000022c
00002208
fffffeb4
00000553
000017c8
00001595
00001530
ffffc1e0
00001287
0000081e
00000999
0000113b
00000e87
fffff330
00000b19
fffff6fe
fffff4d6
000005b2
00000cc3
00000c46
000003e5
ffffdda6
fffff9f1
000006a9
ffffe324
ffffc2fa
fffffc80
00000093
ffffeeaf
00000a00
00000e4c
fffff60b
000007f6
00000f6c
fffff194
00001231
ffffdd59
fffff846
ffffed26
0000014b
00004935
ffffed83
ffffd96a
000007f3
0000012e
fffff72b
000004a8
00001b83
00001657
00000bf6
ffffe7ee
00000175
00001c42
fffff706
000016fa
00001b4a
ffffdc1f
000006a9
fffff276
fffff36c
00003c3b
fffffaa6
000010ba
ffffe0cf
000025eb
00000bec
fffff7a5
00002363
fffff333
00000094
ffffffa3
00000c11
00001bd1
000019b1
fffffee6
fffff72e
000023b2
00003cb2
fffff230
00001888
0000084f
00002884
000001e8
00001cea
ffffd809
00000644
00002831
0000044b
00001cd1
000036e4
ffffda11
ffffdae0
00000cad
0000043b
00000f50
0000034d
ffffeca5
ffffd187
00003001
ffffcf20
ffffeda9
000001f9
ffffd93e
ffffdf76
00005cc4
0000003c
00000477
ffffdbcb
ffffcb53
ffffbef1
ffffcb31
ffffcae8
ffffdc12
ffffff1f
fffff2c0
00001f3c
00001860
ffffdb73
00001bd2
fffffa1c
ffffef79
00002a90
fffffc90
ffffe357
000011e5
00001b6e
fffff73f
000009df
000010cf
fffffdd4
00000e7a
fffff02e
fffff271
ffffed63
ffffeeb1
fffff310
ffffd07f
000012fb
ffffe70e
00001e94
00000c19
ffffdff7
00001816
ffffec3c
00000878
00000f24
ffffe366
0000063b
ffffcc80
0000277f
000016b0
fffff1b0
000016b5
00000f51
00000fe7
00001fbf
fffff7c0
000037cd
00000023
00000ecc
00003682
00000b9c
00000eab
000007b9
000002f6
00001aa8
00001110
00002f18
0000007a
fffff69c
000027e7
0000123e
fffffeb0
ffffd18b
fffffb2a
ffffff9a
ffffbb5b
fffff4fe
00002044
00000546
00001299
ffffeb79
ffffe63d
000004fb
0000185d
00000509
00002f39
ffffdbb9
ffffd6b4
fffff581
00001a0b
0000029b
0000340f
00003f03
00000d47
ffffde62
0000311f
00000e64
000016f3
00002f8f
fffffe11
ffffff00
ffffcff0
00001d59
ffffd4ef
ffffed3c
ffffe47a
00002545
00001c6c
ffffdbc9
ffffe771
ffffe0a3
000005bc
fffff32c
ffffcd62
ffffe7bc
fffff8f5
ffffead0
00003f65
00000073
ffffeb38
fffffdf5
00001e54
fffff6b9
0000059e
ffffb3f4
fffff258
ffffd870
ffffc823
ffffdf66
0000027d
00001d00
00001710
fffff825
fffffdaa
ffffd8bb
0000190f
fffff7f0
00001af6
00001158
000008cf
ffffeb9e
000028bb
00000ac3
ffffef61
ffffe87f
ffffedc9
0000233c
00000feb
00000b1c
fffff3b5
0000156d
ffffe322
ffffbd55
ffffe0e3
fffff3ae
ffffeee1
000033ca
ffffc13d
00002217
fffff88d
ffffeb95
ffffee21
ffffce0d
ffffe8ce
ffffe85a
ffffcc86
00001916
000006f9
00002d72
ffffdb24
fffffdda
00001723
00000fc0
ffffe412
000015ef
00004d4f
ffffbaed
00004bc0
fffff59a
00001372
00000891
00001f0b
00001b05
ffffd6f0
ffffe6e9
ffffc6c4
ffffd464
00003e77
ffffe073
00000dc4
ffffe8da
fffffbc7
00003141
00000173
ffffe6e5
fffff8cd
00000c8c
ffffe91d
fffff45a
0000039b
00002dd3
fffff4ca
ffffeacf
ffffdcf1
0000311a
ffffd881
ffffd056
ffffcfdd
000005a7
ffffeb19
fffff608
000029a1
ffffefab
ffffdcc9
ffffef75
0000295d
fffff247
fffff0a0
00000595
ffffd8b3
00001b47
ffffeb93
fffff25f
fffffc79
00001e29
00001dbc
00002621
00002ddf
00002625
00002f93
0000125b
ffffbf4d
0000307e
ffffd783
fffff9df
00002848
00002382
00003c4b
00000d32
fffffd13
0000260f
ffffec8e
00001840
00000520
ffffbdce
000023ec
00004375
ffffd557
fffffa4f
ffffcf29
ffffc1b0
fffff2f1
fffffa8c
ffffe783
fffffa02
00001445
00000242
00001df8
000000dc
ffffece9
00002f23
ffffd2de
00000b04
fffff8b4
000011d5
0000071e
00000265
ffffec4a
ffffe6f4
fffff51d
fffff97b
00000acb
0000032b
fffff919
000000ad
000003ee
ffffe856
00000c34
000004c0
00000cc3
0000136e
000013e9
fffffc18
000032fc
fffff6ca
fffff3ad
ffffe883
fffffb45
000005ba
fffffe49
fffff855
ffffebd5
ffffe184
00000f34
00000c4e
ffffe788
00002451
fffff2cc
0000022f
000003a6
ffffe544
00001cc5
000007fb
0000037b
ffffd8c3
fffff1c8
ffffd78a
fffffec2
00003049
ffffdc09
0000140a
000004cb
ffffff25
00004307
fffff399
00001a8d
ffffefb8
00001925
fffff12a
ffffee26
fffff207
000007a7
fffffb97
00000958
000003ac
ffffd3d3
00000083
ffffedd2
fffffce1
ffffe414
ffffd73c
fffff262
00000e7e
ffffe6b9
fffff418
ffffd18f
fffff974
000039e5
fffffd09
fffff7b3
ffffdb1e
00000dcf
fffff846
00000346
00002a24
00001c8f
fffff353
fffffefd
ffffd0b1
ffffc744
ffffe3f7
00000cfb
00000538
fffff6b1
fffffdf8
ffffec51
fffff4aa
fffff144
0000106d
fffffdbf
ffffff67
000009e7
000009c0
ffffe120
00000953
00001090
fffffa5e
fffff4cc
fffffcec
00000bef
00000c10
00000a1c
fffffa5e
000002d8
fffff482
000000ed
000013d5
00000e3e
ffffefda
00000009
ffffe54e
fffff89f
ffffe90f
ffffe78a
00000d7d
0000003d
fffffd0b
fffff761
000014b4
00000a57
fffff49b
00000002
fffff555
0000086e
ffffedb5
ffffd68d
ffffecbd
00000e9a
ffffd705
fffffb11
000002de
ffffe89c
00000cdb
00000063
fffff6b1
00000407
0000040d
000022b1
00000dbe
000019a2
ffffeab6
000005dc
00001b8d
ffffde09
00000a4b
fffffb00
00000199
fffff998
0000070f
fffff92c
00000142
fffff932
00000f2b
000008d2
0000069a
fffffb33
fffff8e0
000002bf
000014a1
fffff613
ffffeac4
0000192b
00000c96
fffff07d
ffffe73b
000015b9
ffffe6d4
00000062
0000084c
fffff5a7
fffffcc3
ffffe5d0
00000c38
000001b1
ffffea9a
ffffecfb
00001405
000011ec
000010eb
0000058a
ffffef69
ffffe692
fffff182
fffffc01
0000064e
000000d9
ffffffc7
00000e30
ffffe47d
ffffd999
fffff82e
fffffa58
ffffe9b9
00001585
ffffd44f
ffffdf32
00002a28
0000456d
00000cc8
fffff164
fffff301
00002eb1
fffff7d2
00000952
000024f7
00001d1c
ffffe0fa
00003c7d
00002ae4
0000358a
0000235e
ffffe54f
ffffdb9d
fffff57b
00000c83
ffffea7c
fffff8db
ffffed9c
ffffdb5f
ffffe5a2
ffffde0a
ffffde95
ffffca03
ffffc5e3
00003714
0000155d
ffffeb72
000006df
fffff093
ffffe307
00002a48
fffff59d
ffffe0d5
ffffc791
ffffffaa
ffffdce8
000018a6
ffffc2a7
000014a2
ffffd4e1
00000027
ffffd684
ffffef40
000025bf
000021f9
ffffe49b
ffffdda8
00000972
00003381
00000001
ffffa7bc
00002174
ffffe980
fffffff7
ffffe29c
ffffd483
0000442e
ffffd5af
ffffd156
ffffd8ea
ffffeee7
ffffdf59
ffffdea6
fffff9ac
00002697
00003055
000007e6
ffffd65e
fffffb4b
ffffdc73
00003fd7
000012ae
00001c1a
ffffe8e3
ffffd9cd
000011a4
ffffe580
ffffef45
ffffe7f9
00001c78
00000aa8
ffffe79e
ffffdca5
ffffeb87
ffffdfe2
ffffb302
00000527
00003e51
fffff53b
fffffc24
0000222e
0000192b
fffffbfd
fffff2b6
fffff8ee
00001ae6
fffffd3f
000010b9
00001514
ffffe989
000005dd
000006f6
ffffec04
00001d34
000005f3
fffff90b
000006da
000007b5
00002066
00000180
00002623
00001d9e
00002cea
000004a5
fffffb3e
ffffff5e
ffffe1a2
00001cf5
ffffd159
ffffd018
0000060e
00000773
00000328
0000078e
00003958
0000132a
000029f5
fffff5a8
000035e2
00001bac
00001519
fffff924
ffffe723
000001f9
fffffa1e
fffffb05
00000976
fffff4cf
fffff51d
fffff959
00000bab
fffff0c5
fffff124
000020f4
ffffee00
00002018
ffffdbc7
000017d4
000011fb
000011ca
fffff5f0
ffffec3a
fffff829
fffff880
fffffa57
fffff301
00002772
ffffdcc8
00001f35
00001347
fffff223
ffffed60
ffffdf92
00001d2c
00001bf1
fffff85a
fffff427
000001a6
0000107b
fffff3d5
fffff12a
00003323
ffffcfad
ffffcc11
fffffabd
000001e1
ffffe8ce
ffffe49f
00002289
ffffff57
000009de
00002cc2
0000223d
fffffb8d
ffffd9b5
00000e50
ffffff07
ffffd7c1
fffff904
00000afa
00002764
ffffdf44
00002d7f
00000951
fffff825
fffff708
fffff5f0
000012db
00004978
ffffedb4
00001dc7
ffffec55
00000915
00001a1e
ffffd852
00000ea9
fffffd47
ffffddec
00001fd8
ffffcfad
00001515
000017c6
00000e19
0000066b
fffff6d3
00000f21
00000d87
00002975
ffffdd08
fffffd1d
000006ec
00001b60
0000291a
000004a1
ffffe55c
00000f42
000001c6
00002a98
ffffdb35
fffff8f5
fffffab0
000032ff
ffffff5a
000049df
00001f14
00002be7
fffff418
000021ba
00001706
000010b9
fffff999
00002c64
ffffe229
ffffe537
ffffec83
00004b0a
00000082
fffff81e
0000110c
00001bbf
fffff74c
00000e01
00000ab2
00001821
fffffb6b
000000b6
ffffe5c8
000004df
00002257
00002719
0000104b
0000117b
0000124d
ffffea44
ffffdd77
ffffdbf3
ffffdb0a
ffffea01
ffffff4b
ffffe7bf
0000126c
0000220e
00000a5e
fffff898
ffffde9b
0000064b
ffffe3f3
00003a8d
ffffe285
000012b0
00001c5a
00000231
0000140e
fffff23b
000011f3
ffffd31f
00003a04
0000001d
ffffd318
00000a5c
ffffee3b
00000bfb
00003cf8
ffffdf9a
000010e1
ffffdc23
000004ae
0000357c
00001e2a
000007db
ffffe2dd
ffffdb70
00000977
ffffef3a
ffffca01
fffffaaa
ffffe8c1
ffffec94
fffff192
ffffe1a7
000018e2
00001cb8
ffffff6f
00003668
fffffc70
00000d5c
00001aed
ffffec06
000038a3
ffffe95f
fffff481
ffffff8e
00000b7a
00000c8d
fffff886
00002c30
000019bd
00002d21
ffffe59f
fffff1ae
0000155b
00001f3d
00002bee
ffffe23b
ffffff4f
00002930
ffffdc56
fffff860
00000b07
fffff15a
ffffdca3
00001081
ffffee03
ffffe230
00002f27
ffffca15
00002213
fffff673
ffffec73
fffff955
00001e64
ffffe3b6
fffff8fb
ffffb6e2
00000d67
00002e17
ffffee9c
fffffc7c
000007f4
ffffe9b7
fffff4fe
000004dc
00003c3b
00000bea
00000164
0000055b
fffff43e
ffffda53
ffffeb1a
00002ae6
fffff819
00001b08
00002a0a
ffffe176
00000420
00000608
fffff819
ffffea0f
fffff2fe
ffffe27e
fffffb13
ffffe6e3
fffff202
ffffd41b
ffffc7e0
00000488
0000165b
fffff8c6
fffff064
00002b89
ffffff88
fffff660
00003621
fffffd0b
fffffa88
00001403
ffffed71
000016ef
000014fb
000001e5
0000060f
00001498
00000a6c
ffffce28
fffffe48
ffffe959
ffffd988
ffffb78d
00000080
ffffe1b5
00001b02
fffff5fb
ffffff13
ffffff6b
fffff449
ffffe3ea
00000bd6
fffffca2
fffff4e5
ffffe3d0
00001627
ffffffd4
ffffd89e
fffff01f
00000e5e
ffffe4b2
ffffcadc
00000555
ffffdb23
ffffe3d9
fffffbc1
0000252d
ffffe2ef
ffffc6b0
00001598
000009cb
ffffce39
00000369
0000407e
fffff9da
fffffbb7
ffffe657
ffffeb5c
000020c7
00000b49
ffffd7d3
0000186c
ffffd7d8
fffffb3f
00000116
fffff6ce
00000915
ffffdf01
ffffd642
fffff14e
ffffc0cf
ffffe759
00000461
0000147b
0000097b
00002053
ffffde74
ffffe84f
00001d7d
00001466
00002893
fffff90e
00001c8e
000027b3
ffffc847
00000254
000031ca
ffffbf19
fffff1b2
000011f2
ffffd49e
ffffd4c2
000003b1
00002d42
fffff7f3
fffff608
00000c60
ffffd85d
000014a0
ffffd01b
fffff949
ffffdde2
fffffad3
000012e6
00000ec6
000002fe
ffffea06
fffff2ed
ffffe70c
ffffac12
00001760
00001e5f
00000499
00001b04
ffffed69
000000ee
0000137a
0000360b
0000383b
ffffedb4
ffffa8d5
000028ea
0000078f
0000350a
ffffce15
0000128a
fffff580
000007ce
ffffb105
000001d7
000030bf
00001f91
0000029a
00001525
ffffb1c0
0000293b
fffff084
ffffeed3
ffffc5b0
ffffe664
fffffa73
fffff6e5
00000f75
ffffe4a3
fffff8b7
00000a53
00003270
ffff9dcf
00000a62
0000075b
000012af
fffff95a
0000529e
0000014c
000026ef
000025b6
0000020f
ffffec6b
ffffea58
0000231d
00000fae
00000d08
ffffcd38
00002eb1
ffffd648
00002360
fffff61c
fffffa45
ffffd999
00000e3a
fffffba1
ffffd6f7
ffffe360
ffffe4c5
ffffec4e
fffffd97
00000587
000007de
00000d08
00000836
00003a29
fffffc70
00000ebf
00000149
ffffe58c
ffffeb63
ffffc71b
fffff7e7
ffffef6a
ffffea20
000017f6
ffffd884
00001386
00000681
00000522
fffffff5
0000255b
ffffe4c8
fffff240
ffffa9da
00002da4
ffffee37
0000044c
fffff202
fffffcc3
00002950
0000174e
00003bbc
ffffefb5
ffffeec0
ffffc70a
fffffba3
0000281a
ffffdb09
ffffd937
00000854
000014a7
00000c01
ffffe5d4
0000204b
00001115
00001a84
0000340e
000021e7
fffff753
fffffd90
ffffd5d7
ffffec8e
00001a1b
fffffbce
ffffe073
fffff48c
000006d3
ffffd5d1
fffffa60
fffff16e
00002836
ffffe2c3
ffffe6d4
00003a14
ffffed57
ffffe08d
ffffdf11
00001222
ffffea34
ffffca30
ffffea6c
fffffe19
ffffc316
ffffcf52
fffff2d5
ffffe37d
fffffff3
fffffeb4
ffffc4d2
ffffede8
000001d5
ffffe569
fffff202
00001b44
fffff03a
fffffdb7
00003175
00002414
fffff194
00002027
ffffd8a9
000025c4
fffff874
fffffc87
ffff9e5f
fffff9f6
ffffd7d2
fffff956
000012df
0000140b
ffffe936
00000332
ffffd2d8
00000b04
ffffe502
000016fc
fffffa6e
00000483
ffffdc40
ffffd548
ffffeabb
ffffd68b
ffffdcaa
ffffef1a
ffffe871
00001aaf
ffffc6b1
ffffda4c
ffffc748
00002694
00000a9b
00004696
ffffe53a
00000351
fffff721
ffffb2cf
00000603
0000434d
00001545
ffffc429
ffffbbb6
fffffcc8
ffffcf30
000010a0
fffffb9a
ffffdb38
ffffeb95
00000a92
ffffddf5
000004ce
ffffe874
ffffde76
00000818
00000488
00001784
000015a5
ffffe58d
ffffd6cf
ffffc131
ffffe63e
ffffe80a
fffffe77
fffff511
ffffe10d
00000637
00001cc3
ffffeeb2
00001872
fffff0b4
ffffcef7
00001227
ffffecbf
fffffd5f
00001831
fffffd10
ffffda03
0000289b
fffff8dc
00000301
ffffedcf
000024ae
0000089c
00001cda
fffff4a9
fffff497
fffff6ff
ffffd4a9
00001584
00001363
00000625
00000aa6
000003cf
00000d5f
00000263
00002018
000010b7
000007df
fffff050
000011d8
ffffe89f
00002484
fffffb6b
00000ec7
000016f8
ffffcfdd
ffffc33c
00001433
000021de
00000914
ffffe0d7
00001dd4
fffff449
00004524
00000e7b
ffffec3a
00000c80
00001700
0000124c
fffff86b
00002214
fffff4c4
00001488
ffffeffb
fffff640
ffffde2d
0000017b
00000090
fffffa9d
fffff9f7
00005232
00001430
ffffd92e
fffff1e0
fffff6a1
00002594
000000e3
000013ae
ffffedc9
00000ece
fffff931
000000cc
ffffffa4
ffffef8d
ffffdee8
ffffc0e6
0000306c
ffffbd45
00000c11
ffffe065
00000ebe
00000ee6
0000215c
00000879
ffffdc79
00000a40
fffffd25
ffffe802
ffffdbdc
ffffde2f
fffff3b6
ffffc754
ffffdbd3
fffffabb
ffffede0
00002768
00000eae
000000ab
0000233e
ffffeb4d
fffffff5
ffffe285
fffffa92
fffff909
fffffdc6
ffffb647
00000e7c
00001c31
000045c6
00004b68
ffffef3e
fffff0f9
ffffdcb9
000038c3
00001a18
000027a0
00000bf8
0000090f
ffffbb47
000000d9
ffffea38
00002b5a
00001c48
ffffecbe
00001d89
fffff88a
ffffe531
00001305
ffffd67d
00002211
ffffe5f4
ffffd41e
00000135
00000ec2
ffffecd7
0000086e
000006d1
ffffefb7
ffffeecb
0000108e
00000c31
0000042f
00000ad0
00001fce
ffffd48b
fffff33a
00001bf9
fffffd90
00001f34
0000190f
ffffd6c6
ffffc314
ffffccef
00001082
00000331
fffffcc9
fffffefb
ffffcb4c
fffff98b
ffffee7b
ffffd499
fffff1fc
00001cd0
00001832
0000177b
fffffc3a
fffff465
000048e5
ffffe4a0
ffffdadc
00001790
ffffe7be
00000d52
fffffddb
ffffc267
ffffcf8a
ffffcc2f
ffffeabd
0000219f
00000658
fffff45a
ffffe194
000017ef
ffffe817
fffff224
000008a5
fffff776
ffffda6e
fffff5b7
ffffef4c
ffffe4e4
ffffe6f0
00000857
00000d84
fffff508
00000aff
ffffe6b2
ffffeefb
fffff878
00000843
fffffdea
ffffe6c7
00000466
00000593
ffffe20d
00001605
ffffe39f
00000846
ffffeb59
ffffd912
00002b96
000010b2
ffffef33
fffffa77
0000026f
000006fa
fffff97c
00000164
000006a7
00000f02
ffffec50
0000061b
fffff892
00000cc6
fffff174
ffffee5a
00001d60
000001cf
fffffd04
ffffef36
00000783
fffffb3d
fffffcd3
00000793
ffffe954
ffffebc3
00000a92
ffffed6e
000013c6
fffff25a
ffffe0b0
ffffe239
fffff0d2
000019b9
0000017f
ffffe658
000003ce
ffffef3a
ffffe935
ffffd9f6
fffff558
00000740
ffffe99a
fffff924
00001341
fffffd3e
fffffb76
fffffe20
fffff617
fffffbb4
fffff9ae
ffffdea4
0000039e
00000e0b
00000eb9
00000ceb
00001153
ffffe84d
ffffd796
ffffe227
000007ec
000014ac
fffff913
ffffedce
00001408
00001c9e
00000489
00000c3e
fffff8e9
ffffdeaa
00001159
00002581
ffffde97
000012a3
fffff022
00001aa4
00001b79
ffffe212
00001bb0
fffff86e
fffff8f5
000001bc
0000098b
000026c8
fffff719
00002207
ffffeb3b
ffffd875
ffffc9b6
ffffdd00
fffffc60
fffff3af
00002dc9
0000174f
00000709
00004488
fffff503
00001543
fffffc3c
00001d02
fffff152
000006e2
00000f81
ffffec7a
ffffde8e
00001eaa
00002c41
00000492
ffffd96c
ffffeb84
00000fa1
ffffeb49
fffff824
fffffeac
00004d95
000019b4
00002979
ffffd8ad
00000988
000018ba
ffffffe8
00000f19
fffff7d7
00000b56
000007eb
fffff285
ffffda19
fffffa5c
fffffbb3
000050b6
000028d9
00000557
00000675
000023da
fffffe24
fffffde1
00000b3f
000008a0
00000d9b
ffffed8d
0000335d
0000269f
ffffd8ba
00001df0
ffffe9c9
00002043
00000177
fffff5a0
ffffea11
ffffda67
00002b20
fffffc99
ffffe9a7
ffffc00e
fffff2d7
0000034c
00002b09
0000238c
000001de
fffff953
00000419
ffffdf48
ffffe22d
000007e9
fffffac1
ffffeace
0000121a
00000ddf
fffff113
00001317
0000186f
ffffd2f2
ffffd66e
ffffc9d1
0000369a
000019ae
00001d97
000007e1
fffffd1a
fffffc10
00004fba
ffffed20
ffffd0ee
fffff2f4
ffffe22a
ffffefe9
0000328d
ffffc8be
00003293
000002d3
ffffbc73
0000078b
000002a4
ffffdb86
ffffeb58
fffffcb6
ffffddf1
fffffb9d
00000093
ffffefc4
00001f24
000002c3
00001629
00000019
fffffc6c
ffffabf5
00001afd
ffffe3e6
000006be
ffffef3b
00002d94
fffff998
00001647
00002115
ffffed99
fffffbdc
00000605
fffffb07
ffffcf91
ffffc7a0
fffff583
fffffeed
000028a0
00000ff1
00001365
000000a7
fffffabe
fffffec8
fffffbdb
ffffef8b
00000a77
000031c0
00002fa2
ffffa553
ffffdf8a
ffffd039
000019af
00001be7
fffffa58
0000155b
ffffd6ee
fffffeaf
fffff608
00002720
ffffe84c
ffffdee8
000002fa
ffffec26
fffff071
fffff48a
ffffea67
00001835
ffffecad
00001b94
ffffee9f
00000b62
ffffef00
ffffcd9d
ffffba20
fffff0a8
000021ae
ffffe7fb
ffffebb8
00001e89
ffffe196
ffffe636
000014d5
00002109
ffffcc3f
fffffd33
ffffce35
ffffc895
00000717
00002ce9
ffffcfc3
ffffdda2
00000a1e
000002bd
ffffe7ed
ffffdd2c
0000051a
0000003a
00002385
00000d74
0000168b
ffffea4d
ffffe9da
fffff785
fffff5b4
00000100
00001de7
0000082a
00002007
00001b7d
000008bd
00003f55
fffffe1c
0000238f
ffffe576
ffffc554
00001df1
fffff858
fffffeea
000026d2
00002cec
00001aef
fffff5ab
ffffd0b2
000009a8
fffff17e
00000ef3
00001fd2
fffff59a
ffffd17a
0000175b
00000f5f
ffffd2c9
fffff699
00001324
0000263f
ffffc541
0000142e
fffff448
fffff26c
fffff837
ffffd210
ffffe071
000004f5
fffffb20
ffffee60
fffffcd3
fffffc92
fffff536
ffffed51
00001ddd
00000cfc
ffffee5b
fffff247
fffffe70
000014d4
ffffc967
00002a0a
00000c64
fffff48f
fffff1d8
fffff7df
000009a2
000003be
00001b62
ffffe3fd
ffffc067
00000f17
00000351
ffffe9ae
fffffe4c
00001584
fffff585
ffffe0c4
00002f93
00000406
000001a9
0000054f
000008f1
ffffd71f
0000333b
00001235
ffffe8d0
ffffcf0e
00001844
000007d3
0000224e
000001e5
ffffec11
000016fa
ffffee6b
fffff66d
00000b2d
ffffebdd
000018e0
fffff3b7
00001ebf
fffff880
0000051a
ffffe4a5
ffffee40
ffffeeca
fffffd74
fffff411
fffff2e3
00001069
0000049f
ffffee48
000009a9
fffff1ab
ffffd474
fffff57b
fffff75b
fffff68c
00000435
ffffff93
00000391
000004ae
0000096d
fffffb3f
00000327
ffffe3a4
fffff2f7
ffffef65
fffffcba
fffffc96
fffffb46
ffffe946
000003e9
00000112
0000002d
ffffffc7
0000169a
000004b2
ffffea44
000008d9
fffff893
fffffb1b
ffffef4a
fffff0e3
fffffbe0
000012dc
fffffd1c
fffffe3b
000004d7
fffff89b
fffffdd4
fffff3ca
000001a2
fffff338
fffff701
fffff307
00001633
fffff563
ffffe13a
fffffbb9
00000055
00000166
fffff47c
fffff642
000001db
fffffa8c
fffff76c
fffffe14
fffffa2f
0000008a
ffffef0c
fffff953
fffffa60
ffffff57
fffffade
00000b3a
0000015e
ffffff63
ffffec05
000003b4
fffffb3c
fffff550
fffff75b
00000f49
fffff3aa
fffff0e3
fffffdc1
00000017
fffff626
fffff91a
ffffffb9
fffff4ed
fffff093
00000087
fffff238
000008c4
00000865
0000085c
fffff415
ffffe41e
fffffbad
ffffe54f
fffff914
0000010c
fffff3da
00001e9f
0000133e
fffffa08
fffff2a4
fffff37c
ffffb924
000005a1
fffff33c
000013f9
ffffee30
000007db
000005d9
000010a3
00000ae5
0000109b
fffffdbf
fffff2f1
00000512
ffffe5c2
00001385
0000051e
00001190
00000566
ffffdab5
fffffa4a
ffffff74
ffffe79e
fffffd4b
00000fb5
00001f90
fffff856
0000273d
fffffb57
0000245c
fffff3b2
0000340b
ffffff87
00000684
0000024f
fffff8d0
fffff72a
ffffeb28
00001959
ffffe9e3
ffffff80
00000e1f
ffffea9d
00000347
ffffe0e2
ffffe0f9
fffffa3f
ffffef83
0000046d
ffffec99
00000a75
ffffdd36
00002905
ffffe834
ffffeb00
00001d74
000005bd
ffffcea6
ffffdb91
ffffde85
ffffe3f5
00000b8a
ffffee4a
ffffe4ad
00001003
fffff4c2
fffff349
ffffe59c
00000e38
ffffd24c
00001dd0
ffffedd6
ffffed07
ffffe864
000000d4
fffff5a0
00000e93
00000a6a
00001f8b
ffffdc0e
000016fc
fffff299
00000a38
000013a2
ffffec4e
00001805
00000afa
fffff6a3
fffff0d1
000008b0
fffffa3e
ffffe923
00003a2a
00002818
000010dd
fffff900
00000cb8
0000072c
000004c7
ffffd8ab
000005f2
0000015e
fffffb6c
00003285
fffffe83
fffffd6f
ffffdc7e
00001aa0
fffff954
fffff23c
ffffd782
000009bc
ffffe5ba
fffffb17
00001094
fffff273
fffff3ce
000008ea
000000d1
00000fa8
ffffeaae
00000cd2
0000021d
0000087f
000006cf
ffffe878
ffffe2a8
0000164a
ffff99c0
fffff980
00000729
00001bd2
00000935
ffffe3fd
fffffe48
fffff2b0
0000161e
000004b7
ffffe51f
ffffd2af
fffffbfe
fffff105
00001439
0000183d
000000d7
00000f15
00000cd3
000017c8
ffffff6b
00001393
fffff27c
00000cb6
ffffe682
ffffdd4d
ffffec13
0000036b
ffffe7c6
ffffdfd6
ffffd81b
0000189f
ffffff94
fffff5aa
ffffcde0
00000473
fffff87d
ffffede0
00001399
fffffb32
0000183f
ffffde7b
fffffedc
00001b14
ffffc21e
00000092
fffffd44
ffffcb6d
000011a1
ffffe0e6
ffffc784
fffff621
00001739
0000231d
000013bf
fffff928
ffffe315
0000029d
fffffde1
ffffbc00
fffff1f4
ffffcfbf
ffffcb60
000007ab
00001ff1
ffffdbbc
ffffef29
ffffeacd
fffffd8b
fffffa5b
00000734
ffffed12
fffffede
000001a1
ffffffb8
00000c19
00001bb2
ffffed0f
fffff723
00000a13
00000a01
000018af
ffffbe0c
ffffcb1f
ffffef8a
fffffc37
ffffed6a
000018ea
00000492
000004ee
fffff62b
ffffff6d
0000111d
fffff09c
fffff961
fffffacf
fffffead
00000a0e
ffffe42b
ffffe1c9
ffffe238
00000599
000012fd
ffffea6f
fffffc69
000028e1
00002889
ffffdc89
000004a7
000007d2
00000e01
000015ca
fffff2c0
ffffeb57
000037f0
00001c96
00001cef
fffff21a
00000ec5
00000807
ffffe251
00001989
fffff7ae
ffffd1da
fffff27b
00002dc8
00000ed2
fffff672
00000ace
fffff6fb
ffffd811
ffffd42b
fffffd3f
00001a64
00000301
00005e0f
ffffee0b
fffff0eb
000007c4
000010d8
0000089d
fffff6b1
00000f6a
000002fe
ffffff35
fffffb17
ffffd7e0
ffffc009
00002a3f
fffff631
ffffd9df
fffffc97
000007b7
ffffcd0b
00002481
ffffe26c
00000d9a
ffffd580
fffff965
00000af2
00001a87
ffffd573
ffffe792
00000b80
ffffd3a5
00002136
00002f28
fffff922
ffffbf7c
ffffd33e
fffff39e
ffffccb0
0000023a
ffffd0af
ffffdf3e
ffffd898
000018fe
00003143
0000356e
00001351
0000055f
fffffbb7
ffffec92
0000013b
ffffef78
ffffd2b5
00002dc3
fffffa95
ffffcde1
00000dd9
fffff313
0000045a
ffffff9a
ffffe732
ffffebf5
ffffb8a7
ffffbcd1
ffffe025
000018ed
0000280d
fffffffb
fffff464
ffffeadd
fffffbaf
ffffb7d5
ffffedab
fffffa46
fffffe24
fffff2bc
00001ac3
0000062d
ffffbb28
ffffc704
00000356
ffffe23e
fffffe04
00001a42
00000bb7
ffffeecd
fffffb66
0000155f
fffffc9d
ffffd8df
ffffeeb2
ffffdff6
fffff43e
ffffece9
0000145f
00001680
fffff8a1
0000430d
ffffade3
ffffcbf6
00000e3b
000007c0
00001fa8
00003540
00001e3f
ffffd813
ffffecb8
00000d08
00000380
0000353c
000040d6
000017f7
00000b1a
00000f6b
00002fa6
fffff6c5
fffffcaf
00000e89
ffffd9cf
ffffefb9
ffffdf33
000004cc
00001bfe
000007da
fffff8af
00002f13
fffff4a3
ffffe550
fffff104
000012b7
ffffc747
00002409
ffffca04
ffffe8cc
00002999
00000e37
00001118
000000fe
ffffec4b
00001091
ffffe0c4
00000ab0
fffff6c4
00000974
ffffff6c
00003c56
00000106
00000dec
0000122f
00001059
fffff8a4
ffffd9c9
00001128
ffffe8ad
0000061d
ffffd894
fffff225
ffffeca3
000011b6
fffff5c1
ffffffbb
000022b9
ffffdb33
ffffe765
00000d1c
ffffefb2
00002cc9
00001279
00000165
fffff576
fffffded
00000240
ffffc9b7
000013c8
fffff798
000007c0
ffffe6b3
fffff258
00004273
00002ea2
000011a2
ffffe4ad
000017c8
00000d45
ffffe7e6
ffffbe60
ffffd9a7
000012ce
fffffa41
00000a9e
00000872
00000807
ffffeace
00001f60
0000028a
0000095c
fffffe61
fffff27f
000013d9
ffffe85e
fffff21b
fffff8d2
fffffc2d
fffff011
0000320b
fffff38b
00000c75
00004fcc
ffffeb0e
fffffc7b
000015cb
ffff974b
00001f92
00000872
fffffee9
fffff34a
ffffd160
00000fd4
00001a93
ffffdeff
00001815
fffff600
00000517
ffffe32e
ffffc357
00001152
ffffe865
00002106
fffff7fb
ffffd958
ffffef84
00000c77
fffff689
ffffd6e4
00001834
000023bd
00004637
ffffe35b
ffffb845
ffffdd3f
fffff188
0000186d
00003ffd
ffffe9ca
ffffec98
000024c4
00005d1d
fffffee3
000003a3
ffffdaf6
ffffec1c
ffffd9cf
000012e2
ffffec26
ffffdc15
fffff480
000012bb
000013e7
0000110b
ffffe61b
00001679
ffffffe0
000005db
ffffe271
0000423c
000005ab
00000a65
ffffdd46
00001b5b
ffffe826
ffffeaa1
ffffdcc5
ffffe178
000014b4
fffffa29
ffffedae
00004503
fffffe4c
ffffc807
00000685
ffffdf8e
000021c6
fffff0ea
fffff752
fffffdb2
0000153d
ffffe494
00000ce6
00001be3
fffff2d0
000014ae
000012c2
ffffbfd6
00001b1b
0000218e
ffffdf1f
ffffd766
ffffef42
ffffbd85
000001fa
0000123f
fffff187
00001264
00001790
fffff604
fffff181
ffffe922
ffffeec8
00000cdf
0000035f
000042fd
000023a6
00001a6b
00000765
00000bf4
ffffdddc
ffffedb6
ffffec34
fffffab2
ffffd275
000023eb
fffffb3c
0000055b
0000213d
ffffbc5e
fffff250
0000133d
0000191d
fffffa87
00003816
000013a4
00001979
000008e4
fffff8f2
00001fa9
ffffd43c
ffffcf32
ffffbae8
ffffebc1
00003eb0
00001610
0000256e
000004af
ffffe86d
ffffe8c1
fffffd2b
fffff96a
ffffffd2
000015b2
ffffc940
ffffea14
00002666
0000051b
ffffe01f
0000029e
00000042
ffffd398
ffffb93a
fffff555
00001bb4
0000105f
ffffe8dd
00001ac7
ffffebdb
ffffd0c4
0000324d
0000090b
ffffdb2d
ffffe21d
00001061
000004a2
00001527
000015da
00000ebf
000009b5
ffffc854
0000195f
ffffee29
fffff09b
00000bd9
fffff18d
ffffdf7a
00003524
00002534
ffffd7e8
00001ed9
00001def
fffff636
ffffdf52
00001362
00001dde
ffffdcb3
000002e1
0000031b
ffffee8b
ffffe90e
00000799
fffffadd
ffffbcaf
ffffe693
ffffeec8
000003ac
00001356
00001a39
0000038f
ffffed13
ffffd67b
ffffd6fe
fffffa95
fffffb3c
00002d65
000020f8
000019d3
00001058
fffff58e
0000105e
00004f72
ffffe25c
ffffd634
0000229e
ffffc120
0000107e
fffff4b2
0000294c
ffffba79
000003d3
fffff98b
ffffdc23
0000054a
ffffdf57
ffffe579
00001b35
ffffe251
00001ecf
00000ac2
00001d87
fffff0ef
00000dae
fffffc03
000006d0
0000069c
00002aaa
00001008
ffffe7f3
ffffcc16
ffffd4d2
ffffe3e6
fffffcd2
00000df1
00001736
000013e4
000011b3
000004bb
00000773
ffffe262
00000c94
ffffffb1
00002fee
fffff051
fffff6b3
fffff4d6
00000e8d
fffff62e
00001a20
fffff828
fffff8c7
00000194
ffffdd4d
000007b1
00000739
ffffec06
fffff0a5
fffff82f
ffffee49
000001ba
ffffda89
fffff673
ffffec1d
0000081c
ffffa5cb
00000e84
fffffe6a
00000d3b
ffffdfc3
ffffd3b9
fffff142
ffffdd0a
000003fe
ffffea3d
fffff66c
00000e60
00000db6
00002145
ffffddfd
fffff083
ffffe24c
fffffd4d
ffffe835
000001cf
fffff42b
fffff8f3
ffffee66
fffff119
0000416e
fffff426
ffffedbe
ffffed52
ffffeae6
0000095d
fffff477
fffffb09
fffffd19
0000106b
fffffbab
fffff65e
00001731
fffffb95
00004055
fffff7f1
ffffffad
0000252d
fffff79f
0000102f
fffffb89
000026f4
fffff009
00000622
0000043f
0000111e
ffffc3e0
00001c62
fffff858
00001006
ffffff97
ffffff55
00000ccd
00001574
000000ea
ffffffdb
fffff926
fffff97c
ffffc476
00000c6c
00003959
00000dd7
000014b0
ffffedb7
fffff3f0
ffffe03c
fffff8a0
ffffdf60
ffffd8df
00001224
00001a9b
fffff38e
00003096
00001e70
fffffd57
00001b8b
00001f87
000014f2
00000c43
ffffbdec
ffffe896
00000e4a
ffffed9f
fffff0de
00002101
fffffdb4
00000929
00000c91
00000b5d
fffff9da
00000e66
fffff352
fffff6be
ffffab44
ffffd9ab
000009ef
0000288a
ffffecb6
00000685
ffffe0ef
ffffd653
00001570
fffff95a
0000261b
00000b51
ffffef2a
ffffc802
ffffeb1a
00000059
0000084b
fffffa72
ffffe718
000017eb
000026d8
fffffd89
ffffead3
000022ee
00002e01
ffffed0e
000026bd
fffffbba
00000358
00000160
00004cd6
ffffe9f6
0000018f
ffffdd31
ffffff10
00001797
0000041d
fffff44c
fffff817
000014bd
ffffdcf1
fffffb6a
ffffe7ed
000020ac
ffffe3fe
fffffa96
ffffd04a
fffff6df
fffff834
fffffb2a
ffffd2b1
ffffddef
000005cc
ffffc9ee
ffffdabf
ffffc18a
00000336
fffffb72
fffff309
ffffe70c
00000531
00000383
ffffe84b
00001c36
fffff6cb
fffffbef
00000285
fffffa6b
fffffd2f
00003c6f
ffffd732
ffffd2f0
ffffc097
fffff084
fffff49f
0000036e
fffffec0
00000209
000019a9
00000a55
00001779
fffff62d
00001620
0000216f
00001513
ffffd744
000001f1
000006d8
00003050
000003a5
ffffeac4
00000584
fffff83c
fffff96e
ffffe8ea
000009ce
ffffeabe
ffffeda3
00001519
000003ff
000013ce
00000c8d
fffff099
ffffd2da
fffffdf2
00002423
00000a17
00002635
fffff8c6
ffffe733
fffff885
fffffd32
00002914
ffffe0b6
000006df
0000011e
00000cc7
fffff80b
00001be7
0000236c
fffff956
00001b10
000003d2
000026c0
ffffe5cd
000034ac
00001580
fffffebe
000008f7
0000199b
ffffe57f
ffffed90
000029d6
ffffdc59
fffff47e
fffffef1
00002cac
000002fb
ffffd1f3
000003b2
ffffef14
00000264
fffffb1d
ffffd8aa
fffffaef
00000e56
fffffea1
ffffedd0
fffffcaa
0000090c
000015a7
fffff723
ffffd6e5
fffff76a
0000004c
fffff347
fffff476
fffff80b
ffffe9ce
ffffeb5a
ffffe27d
00000681
00000d08
fffff6b7
ffffd97f
0000234b
000026a5
00002d23
00003546
00000be3
00000496
0000221c
ffffcc3d
ffffd73d
000022cf
00002ce9
ffffffd2
0000192e
000006b4
000013a3
00001da5
00001410
fffff241
00001e23
ffffec3c
ffffe49a
00003393
fffffdaa
ffffdffa
000006af
fffff3a7
fffffb58
fffff258
fffffda7
000014fb
00001a57
000006d4
000006d1
ffffd723
00000ad6
fffffb6f
fffff076
00001815
ffffd3ce
fffff52d
ffffed0a
00000732
00002df9
ffffda34
ffffe391
ffffec19
fffffa8d
fffff0f4
fffff5a6
0000042f
000019b4
00001647
ffffbbe2
ffffe531
000011e1
fffff85f
ffffd7a0
000056fc
00000997
00001f60
ffffd312
fffff628
00001e3e
00002c5c
ffffca29
00000c83
ffffd813
ffffda92
ffffbba0
000018c8
ffffbc58
fffff0c5
fffff74a
fffffa64
00000af2
fffff183
ffffeebf
ffffd8ba
00001ee8
00001f18
fffff4f7
fffff971
ffffe85e
ffffefef
00000146
00001d10
fffff363
ffffd906
000023bc
000019b6
fffff6ab
00001643
ffffda63
fffffdcd
fffff662
0000033f
ffffc75d
fffffd70
ffffd9be
000024ae
0000124b
fffffd5a
ffffe371
ffffecb4
ffffdf6a
00002970
000026cc
0000138e
000009e2
fffff4da
ffffe0cb
00002097
ffffe040
ffffdd36
00000442
0000243d
000001d7
ffffddd1
00000726
000012fb
00003152
ffffe775
00000a5f
0000014d
00004b50
0000058e
ffffd3c6
ffffc9c0
fffff391
0000267b
000008da
ffffe599
00001bb5
ffffc4df
00003364
ffffedc7
00000cfd
00001f3f
fffffc9c
000019ff
fffff6a1
00000f41
ffffff45
00002387
ffffc109
fffffc0d
fffffb9a
000016e9
ffffe1a1
ffffd3df
000018b0
ffffe954
fffff795
ffffd38e
ffffcc15
0000552b
ffffef89
fffffea8
ffffe2c4
000031c4
fffffc23
fffffdaf
00000a72
000044d6
000001f2
00004234
ffffdd89
ffffcfea
ffffce8e
00001f77
00000667
ffffafb3
ffffe9d0
00000c57
ffffdf07
ffffe377
0000014b
00001941
ffffefc9
fffffda6
00000e20
fffffdb9
00000027
0000165b
00000c15
000024a3
ffffce5e
00000d44
00000f1c
000003a8
000036cc
fffffdc1
00002844
fffff1e0
ffffeee9
00000b62
ffffd657
ffffe1ec
00004855
00000d0f
ffffe8d7
ffffc204
ffffcead
ffffeda5
fffff9cc
fffffb8a
0000199c
ffffb764
0000155d
00000bba
ffffdedb
ffffeb3a
ffffab76
ffffeee8
ffffd3bc
fffff005
00001349
000026a2
ffffdee3
ffffef58
00000291
00001dad
fffff02c
0000233b
fffff67f
ffffd8cd
ffffe130
0000144b
fffff5a7
00000300
fffff4dc
fffffb69
00002d25
0000170f
ffffe09f
ffffd958
000015bd
00001884
0000182d
0000025a
ffffd00b
000031e0
ffffe7ad
00000380
ffffcc1b
00000eb7
00000402
0000274d
ffffb6df
ffffeeaf
0000136f
fffff2d4
ffffe0f7
ffffa7e3
00000a80
000006d8
fffff644
ffffff77
00002037
ffffe929
ffffe6e1
ffffe826
fffff46f
ffffd31f
00000bee
ffffca1d
000000b6
fffffaf6
ffffcf26
00002324
ffffbb73
00001405
00002304
0000090c
ffffedf1
fffff98f
fffff614
ffffbe18
ffffe870
ffffff2f
fffffe67
fffff168
00001029
ffffe4a7
ffffea5e
00000545
00002486
ffffedf0
00001c32
000006f8
ffffea17
00001011
ffffd044
ffffec96
ffffeb9a
0000109d
fffff55c
ffffcc5e
00001d2a
fffffcd3
00001988
fffff9f8
fffffb1a
0000082e
fffff023
ffffd96f
00001fa0
ffffff89
ffffe28d
ffffd7dc
ffffc8bd
ffffeaa6
fffffab8
00001a06
ffffe702
fffff7e1
ffffe8f5
ffffe78c
fffff53d
ffffe9b0
fffffb3a
fffff205
00001ec2
00000034
000025b5
0000007b
fffff9fc
fffffdf4
fffffa57
00000c6c
ffffdf56
00000945
00001881
ffffe666
000013e2
fffff99e
ffffdc0a
fffff6d1
fffff29e
ffffea12
ffffefe4
000002e9
00000c2e
00001919
0000109a
ffffed3f
ffffe2b1
000000bc
fffff189
ffffea1a
ffffed6b
fffff92a
ffffef0e
00000346
ffffef18
00001e8e
ffffffff
000009d2
ffffd170
fffff8b1
00002bc3
000011e7
ffffed0a
00000bc5
ffffe3af
000000e3
000001d4
fffff58a
fffff019
00000262
ffffe985
00000092
ffffeb70
ffffecaa
ffffd404
00000afb
00000d8f
ffffedfe
00000d7c
00000e62
fffff459
fffffb59
fffffea6
000018fd
00000d79
ffffe5f2
fffff438
ffffe038
fffff8ae
ffffeb5a
fffffe2a
000000ae
ffffebc7
00000cbe
00000c80
00000049
ffffea98
ffffe11e
ffffff93
00001222
ffffe345
000016bb
000026a8
ffffda8b
00001918
00000734
fffffdee
00001123
fffffe16
fffff0d3
00000145
000010fd
000000f2
fffffc0d
fffffeaf
ffffe6f3
ffffe1e3
000007a2
fffff893
0000151b
ffffee61
000009f4
ffffd655
00001d7d
00001de3
fffff76b
fffff5e3
fffff622
00000410
00000391
00003617
fffff7cf
fffff831
ffffdce5
00000d3a
00001294
00000ea7
fffff81b
ffffe98d
fffff287
00000283
fffff560
ffffed0d
ffffde7f
fffff220
00000f03
ffffd6a2
ffffd83e
000002f2
0000189c
fffff10a
00000985
ffffdb57
fffff202
000002ad
ffffe275
fffff941
ffffe9c9
fffff223
ffffcedf
00000401
000027c8
fffff59c
ffffedb2
00001ec6
00000409
000003e3
000001f6
fffffe9f
ffffee0f
ffffe839
00002399
ffffc76e
00000892
00000b1f
00000c97
fffffef7
ffffe74f
fffff401
fffff53a
fffffe16
ffffdc92
000018cc
fffffe4b
000007d8
00001087
ffffec94
000002db
00000710
fffff1f3
ffffec20
ffffc40c
fffff6da
00001593
000002f9
ffffed1e
fffff3d8
00000bb7
ffffec75
00002493
fffff8f4
ffffdc47
00000bec
00000636
fffffdbe
00001c27
00002026
fffffd27
00001223
fffff4ff
fffffba9
ffffdbca
fffff3d1
ffffe1c8
ffffe60d
00000f47
fffff349
fffff815
ffffd4ff
fffff1bb
ffffe9d1
fffffe28
00000140
fffff5f7
000011e7
ffffed36
00000ad4
00000205
ffffddf9
fffff511
ffffe659
0000117a
ffffefaa
0000150d
000003e5
00000c3f
000025b9
00001f1d
00003403
000007c7
ffffffc5
fffff52e
ffffe87d
ffffe395
00001946
fffff328
000000fd
fffff621
00001f45
ffffe9b4
ffffd9b6
fffff722
fffff997
fffff9c2
00001ac7
fffff611
ffffc8eb
0000087c
00000b08
0000255d
fffffcd8
ffffe629
ffffdf58
fffff7a0
fffff0fc
00000567
00000b10
ffffec3d
ffffe799
00000038
000013f9
fffff159
ffffd301
00000099
fffffcb2
000007af
ffffdd64
fffffe98
fffff62d
00000869
0000174d
fffffe96
fffffbf9
000028c9
00000c1e
00000cd5
ffffea4b
0000133e
0000210c
ffffd2b9
00001208
fffff814
ffffe99a
ffffe217
ffffefc2
0000036e
fffffc4b
ffffe337
00001bdc
00001820
fffff68c
fffff90a
00001270
ffffeb17
00001e3a
ffffe915
00000edd
ffffbb94
fffffd4a
ffffe212
000010a7
fffff0f0
ffffdf6f
000008eb
fffffb62
00003224
0000185a
00000b95
000024cd
00000341
00001171
000016e0
000009d2
fffff593
00000add
00001eb4
fffffe91
00000ce4
ffffc68f
0000106a
00000faa
fffff55a
fffff841
00001580
00002dd3
fffff27f
fffff10a
0000191e
00003a2d
00000572
00000e0b
00000b50
ffffe8f1
ffffe775
00002192
000040dc
00000eaa
ffffd8a9
fffff717
00000a51
ffffdf02
fffffc5b
ffffdf5f
ffffe524
ffffed9f
00000d4e
ffffe9ee
00002b0d
fffffc98
ffffe965
0000270b
fffff73a
00001518
fffffaff
ffffce15
000015c1
ffffcd9c
00001369
00000538
00000431
00000314
ffffff88
00001c15
0000261e
ffffe779
fffff192
0000024b
ffffe0af
00000c56
00001937
0000311e
fffff5a6
0000331c
ffffe1e1
000013d3
fffff312
ffffc260
fffff8bc
fffffb8a
00002691
000000ed
fffff426
fffff8ff
00000265
0000490f
00003a0e
ffffe0cd
fffff19c
fffffe6f
ffffeda7
fffff12c
fffffda2
fffffb64
fffffcfc
000027bf
ffffdd96
000017f8
ffffe3e2
000028a8
ffffe448
ffffe8a6
00000812
0000220d
fffffa06
00000d3a
ffffe6e2
ffffd0c4
0000012c
00000856
00001104
00002416
fffff125
00000b17
ffffdb8b
ffffd8bf
ffffc794
00000a35
00002905
ffffecb7
000054d4
00001490
fffff27d
ffffd8ed
ffffe6c0
fffffe24
00002577
fffff81c
00002b45
fffff543
00002f1f
00002db9
ffffeb60
00004f31
ffffe7b9
000027dc
00000084
00001591
00001384
00001e12
ffffcbf2
ffffdb36
ffffce66
ffffebad
ffffc8e3
00000940
00002a8f
00000d86
00003b35
fffffdd0
00001a4b
000005f4
fffff181
fffffc49
ffffdd57
fffff0b6
000000c3
00000f23
00000466
00003ca6
ffffecca
00000d96
fffff59e
00001ae5
00002ef3
fffffb47
0000246a
000003c2
00000504
fffff594
ffffefdf
ffffdad9
000000e4
00001e90
fffffedf
fffff52e
000029ff
fffff77a
0000071b
ffffc314
fffffc4c
ffffe44c
000012f4
ffffe345
ffffd8b1
ffffe9c6
00000ac7
000015ac
000012a5
00004a67
00000943
0000075f
000011c9
fffff7c8
ffffce91
00001ed0
00002a91
fffff0bf
ffffcca9
000039be
ffffebec
00001a5d
00001886
ffffe31a
fffff260
ffffc8e5
ffffd6c9
000022e3
000018d5
000000c3
ffffe1b8
ffffd950
fffff1d6
ffffb640
fffffca5
00000af6
00002af5
0000066b
00001471
00001c29
0000238c
00001d53
000016a8
ffffe9ef
fffffade
ffffb44f
ffffd3c3
fffff214
fffffc76
00001bf6
ffffca1d
0000251d
000009b2
ffffd402
ffffe8ae
ffffe7ab
fffff4ae
ffffe059
000006d1
ffffbca7
00002913
fffff7f5
00000ec3
ffffdc9d
000003ed
fffff6c3
fffff2f4
00001682
00000aaf
00000563
00001b2e
ffffea63
fffffafb
00000f6c
fffffd47
00000c91
ffffdfaa
fffff7a2
0000093a
00000d24
fffff147
ffffe938
fffffe3d
ffffe1af
ffffded4
fffffb0c
ffffe468
0000051d
0000254e
00000e9c
ffffdc63
ffffe6d1
ffffc981
00001e8a
00000e24
00001d97
fffffac7
ffffea98
fffff8a9
00000dd3
00002c21
fffff129
fffffb3f
ffffecbd
ffffe88d
ffffea53
00000e45
fffff5fd
0000185b
ffffde64
ffffeaae
000012a5
fffffcbd
000000d2
000003f8
ffffcee4
000008ef
ffffeeb8
000011f4
fffff426
00000524
ffffd9db
00000343
00001ea0
0000223b
fffffe89
00000c11
fffffd67
000017e3
00000ec5
ffffff9d
fffff8e6
ffffc8b7
ffffe843
ffffefc5
fffff7d2
0000222b
ffffec8f
ffffde67
00002584
ffffe239
fffffb36
00001d6f
00002176
0000246d
000033c8
00000ab9
0000142d
fffffadc
00000ace
000027de
ffffff2d
000003f2
fffffda8
fffff528
000011a0
00000f66
fffff601
ffffebab
fffffa18
fffff27c
0000017f
ffffd4b6
fffff6eb
00001fd0
ffffebcd
00002288
fffff98f
000025d9
ffffd6e6
fffff91a
ffffe846
ffffefc6
00001245
00000ba0
00001fb2
000002f5
fffff13f
ffffeaa9
fffff952
ffffe7c8
ffffe420
00000c12
00003824
000008dd
fffffbab
00001330
000003b5
ffffe031
00000067
0000126d
ffffdfb9
00000ede
00001c0e
fffffd0c
ffffe48d
fffff675
ffffef5d
ffffe5ca
fffff54c
ffffbe2a
fffffa59
00000393
00000847
00001175
fffffd24
fffff327
00000c33
00001804
ffffefbe
00000083
fffffa37
000021e7
0000126e
00001b05
ffffe155
ffffe75e
00001de3
00002db6
ffffdb1f
000013b4
000031c6
fffffbd2
ffffedad
00000819
00001078
ffffd3ad
fffff9b8
ffffdf36
ffffe55b
ffffe0a7
ffffffec
00000eb8
fffff5c0
00000dca
000029f9
ffffee29
ffffdfc0
fffff063
ffffcc4b
fffff733
000019a9
fffff8fa
ffffff45
ffffeaec
fffff49e
00000e4b
00003812
00001a33
00001cf1
fffffe37
000006f5
00000191
00003ba3
000026bb
00000d0c
ffffea5f
000000f2
ffffdf3b
0000173a
00000cf2
0000075a
000012b7
00000e38
fffff3b8
000005fc
00000a78
ffffe094
000012b1
ffffe4e3
ffffe732
ffffd62b
fffff261
00001ce2
ffffd4b3
ffffc3bf
fffff068
ffffd65b
00000863
00000a93
0000355a
00001b74
00002ca8
ffffdf80
00003282
ffffc376
0000129b
ffffeb72
ffffde13
ffffeeb0
ffffdf33
00000dcf
fffff594
000013e3
00000680
ffffc429
00003a76
000018a4
00001d13
00000691
ffffcb28
0000413c
ffffe04e
00001503
fffffdd3
ffffb0d9
00003201
ffffe276
00000d4b
00000ca2
00000367
ffffe5c8
ffffd974
0000026c
ffffd199
00000de2
000014e0
00003409
fffff815
0000128e
00000a06
fffffbf7
ffffbe0d
00002e42
ffffd1c6
ffffd3e8
ffffc97b
00003e3d
ffffe5ce
000005bc
ffffe88f
ffffb5f1
00002bfe
ffffe57f
ffffd109
00001c7c
ffff9dcd
ffffdeb2
0000360d
ffffc565
ffffecd1
ffffc390
00000af5
000011bc
ffffdd61
000038cd
00000f7b
0000019a
0000164c
fffff9a9
00000c4c
fffff76e
ffffe860
000013d1
00000ef3
fffffbab
00000b5e
fffff6f3
fffffe49
00000287
ffffff4e
00000724
fffffdc2
ffffd206
00000e73
00000491
00001799
00000ab5
fffff5b5
fffff13e
000003f4
00000ba8
fffff181
00001aca
00000369
ffffdbfd
000001c1
ffffeb78
000009a1
00000d89
00000483
0000078b
ffffce89
00001477
ffffe7f8
000022de
fffff7c5
00000220
ffffff23
ffffe11a
ffffdc75
fffff8c0
fffff4e2
fffff474
000014b4
ffffdd59
00000c01
00000390
fffffa71
00001481
fffffc1c
fffff8c4
ffffd5b2
ffffe978
fffff937
00000bbb
fffffe59
00000907
fffff9b8
ffffece6
fffff313
00000c38
00000d74
00000a1b
00000fbd
ffffe0e8
ffffe8a2
fffffee6
00001038
000002be
0000055d
fffff8fb
0000089e
ffffe435
0000112b
fffff778
fffffc70
00000dda
00001257
00000872
00001f7b
00000af3
fffff18b
ffffe6b6
0000012e
ffffe1c6
fffff643
00001489
ffffd569
000004ee
fffffca5
ffffe811
ffffed62
ffffe64b
ffffeb54
fffff8e5
ffffffc3
fffffb1f
00001486
fffffb0c
fffff0fa
000008cd
fffff5c2
fffff79b
000013e0
ffffe1f4
fffff6ff
fffffa16
00000549
00002b3a
00002793
ffffcd8f
0000064f
00002c8e
fffff644
00001fc1
fffff6e1
fffff599
00000d52
00000b4c
000010a0
00000a00
ffffcb4b
ffffbeb4
00000cdf
ffffdb4a
fffff7eb
fffffc1f
fffffe53
00000c92
ffffba71
ffffe789
000007f2
fffffa22
00000a85
ffffe6fe
0000112f
0000093b
00000899
ffffd823
00001cdf
000027e6
fffffc71
fffff8aa
0000001c
ffffe7a1
00000cb5
000008c4
0000062b
ffffdfe2
ffffff86
fffff074
00002330
ffffe9c3
000019a2
ffffd3cc
ffffed01
fffff226
ffffef7e
ffffec8b
00000a3a
fffff18c
0000214d
fffffa38
ffffe89b
ffffe77f
fffffee9
fffffed3
00002303
ffffde82
ffffff28
00000a66
ffffddde
00001508
ffffd340
ffffde09
00000d19
0000185a
ffffc94e
00001284
ffffe93c
00000752
fffffe1e
ffffd57c
00000679
fffffb16
ffffe914
ffffde28
00000514
ffffecf9
000026ef
00000d3c
fffff08d
0000103e
ffffa7b3
ffffe72d
fffff449
00001234
0000128d
000028f5
00002039
ffffe34d
00001999
00003cec
fffffaf1
00001f27
00000988
00002868
000026b5
ffffccd9
00001467
fffff856
00003398
ffffffe1
ffffe140
00001e47
ffffeb50
0000063d
000026d7
00001b00
000025a1
00001d65
0000178c
ffffc911
fffffbfb
0000102f
fffff02f
0000272d
00000d79
ffffbfe5
000001f1
00000635
000004c5
00003251
00000971
00003c52
ffffe960
fffff67e
ffffc77e
00000c13
00001f2a
fffff251
fffff93c
0000442b
00000219
ffffdb33
fffff635
00005367
00003ace
00001972
00002b0b
000004f7
ffffebf2
00002e65
0000264f
ffffc677
ffffe3fd
fffff4ac
00003db8
00000dc2
ffffcf27
000012c5
000017b9
00001da3
00001ad4
000007f5
ffffea5c
ffffe9aa
000002ee
00000543
00000225
ffffddae
0000026d
000000c6
ffffffb3
ffffe70b
0000030a
00000831
ffffc3af
00001b67
00000b6f
000018ec
00000b3f
000020d1
ffffe374
000005da
ffffe847
000038ff
ffffe4ed
0000057f
ffffe93c
fffff488
00000947
fffffaa2
ffffecce
ffffdc07
fffffd62
ffffd537
ffffe97a
000026f8
0000284d
ffffee76
00000693
000004f6
00000f17
fffff9e0
ffffede0
fffff798
ffffef15
fffff8d6
fffff6b3
00001c43
ffffef2c
ffffe3d7
fffffe3e
00000b81
fffffcd4
ffffe925
00000b65
ffffe0d6
fffff1e6
ffffff0b
0000125a
00000746
ffffec0b
ffffea53
fffff147
000001d4
000013b1
000013d2
00000558
ffffe68b
000000b9
fffffb56
00000cdd
fffff75c
fffffa98
fffff992
fffff663
00000de9
ffffdf2f
000005aa
fffff9bb
00000531
00001467
fffff65a
00000257
fffffeaa
000000fd
00000120
fffffdba
0000062a
ffffe9cb
fffffad3
ffffe7e3
00000530
00000a46
fffff9fa
fffff605
ffffeddd
00000016
0000221b
ffffe8c8
00000a84
fffffb53
fffff92b
fffff7a9
ffffd898
fffffff0
00000f0e
000006dd
0000000b
00000185
fffff793
fffff620
ffffff22
000016b6
fffffc0e
fffff852
0000019e
00000287
0000090d
00000fd9
000001e1
000032a0
000007bb
fffff8a1
00001c62
0000020a
00000fc4
fffffcdb
00000674
000009a2
000005f3
00000848
ffffd807
ffffe886
00000cfc
fffffa0e
0000037f
00000c8c
fffff1c5
ffffe93d
ffffffee
ffffef59
000017a8
fffff3cc
00002a53
fffff860
00000e2c
ffffd3ec
000004ce
ffffef17
ffffef4b
00001ac3
000015eb
ffffef1a
00001006
00002d9a
00000aa6
fffffdc9
000016b8
000017a9
00001950
ffffd4eb
00001db6
000010c9
00003525
ffffe6a4
ffffe91c
ffffe8b9
ffffc4c8
00000213
ffffe139
fffffe1d
ffffd2a8
ffffe5b4
ffffce00
ffffd0ff
ffffdd1f
000004cd
00000fc6
ffffd2a3
ffffcf8a
fffffc8b
ffffeb2b
fffffa43
000005df
00000311
0000128e
ffffffe3
00000096
ffffec57
000009fe
00002c1f
fffff52b
000007ea
ffffe645
fffffff4
ffffe295
fffff779
ffffbbe4
00002dfe
ffffeedb
fffff0d1
fffffe93
00004024
00000295
ffffffe7
000003f6
00000ff3
000006af
00001765
ffffdbda
ffffef1f
ffffef3c
00000406
ffffdd90
ffffe672
00001f8a
ffffde21
fffff765
000010ac
ffffed3d
00001466
fffff19b
00000348
fffff5c7
000011b6
00002030
ffffd8ee
ffffdc11
ffffe198
ffffdd99
000002c5
fffffd8e
000001f3
ffffdaf7
fffff14b
ffffe86b
ffffe4ce
ffffefe6
ffffeb1f
ffffe243
fffffe37
00000f31
fffff9f0
ffffe924
ffffd995
00001393
00000072
00003507
00001f08
000002b5
ffffecb2
ffffb983
fffffaf8
00000b68
00001252
ffffe442
0000039c
0000013b
000010d1
fffff097
fffff82a
00001c77
ffffeb9f
fffff61d
fffff26b
0000044d
000003d8
00002033
0000065f
ffffc6eb
fffff846
000011da
fffff242
fffffd27
ffffe916
000012f1
00000252
0000006b
0000189d
fffff69b
00003133
fffff196
fffff6d6
000028db
ffffedd5
fffff578
00000abe
000016c5
ffffde53
ffffe5d2
fffffd5b
0000199a
ffffe23b
fffff8f9
000023ad
ffffd4c6
fffffd6b
fffffbb8
ffffffd7
0000109d
00000fcb
fffff4e2
ffffdead
fffffab3
fffff10a
00001d21
000014f5
000008e7
fffff45d
00000022
00000e3a
0000028d
00002419
0000088b
fffff69c
00000b81
fffff656
ffffe88d
000000a4
00000a79
00000814
ffffeb0f
fffffa76
0000055d
ffffe36e
fffff147
ffffe52a
ffffda02
fffff000
fffff3fb
fffff389
0000036e
0000083b
ffffeab3
00001de1
00001460
0000247e
fffff3c9
ffffe490
000001d3
00000c86
ffffec22
fffff369
fffffe06
00002ec4
00000d89
000014e4
ffffe7ad
ffffe663
ffffeab1
0000078a
ffffda9a
00001127
ffffce7e
fffffacc
fffff22b
fffff919
fffffc92
ffffe51a
ffffe50d
00002814
000003dd
fffff638
fffffa38
fffff833
ffffee04
0000151a
fffffd1a
00003934
fffff1f9
00003a78
ffffef6a
00002072
00000095
000011a0
fffffd31
000006cd
000059fa
ffffcc5a
0000073e
000007eb
fffff483
0000329f
000007ac
0000221b
ffffc80b
00001e2d
00001116
000012f3
000019c7
fffffdc1
0000283e
00002aac
00000a30
ffffd303
ffffdd09
000022aa
ffffde5d
ffffd733
00001b8e
0000071b
ffffdd33
00000aac
000024f6
00000988
ffffda06
00002269
00004477
000003a3
fffffbce
0000497d
ffffffa2
00000972
ffffbda9
ffffe18e
00000960
00000a1f
00002632
0000047a
ffffdbc5
ffffe77f
000017b2
fffff7c0
ffffef2c
ffffe458
000003dd
00000c57
ffffcbc1
000020ca
ffffefe8
00002d7d
00001fc7
fffffba7
00001762
00001ac1
fffff5b6
ffffac49
ffffbb9d
fffffa09
ffffd0b1
fffff61a
00001069
00001088
00003d18
00002499
0000270a
fffff5a0
000020b9
fffff41a
000009a0
fffff1f9
ffffe9ae
fffff7ac
000009ab
fffff60c
00001c32
fffff0ba
00000b51
fffffe6c
fffff070
0000112c
ffffef98
00000b28
fffffea1
fffffac8
000004f6
0000076c
fffff6e1
fffffe40
ffffeea4
fffff6bd
ffffeb98
fffffea2
ffffe9bb
0000094a
00000f6b
00000851
00001c22
ffffeec2
ffffd6e8
fffff40f
000001d3
00001583
00001cd7
000005df
fffff7c5
ffffff26
000014ca
fffff7eb
00001f5b
000046b1
00000035
0000027c
00001886
00000102
00000bff
00000f0c
fffff00d
ffffe9ea
fffff61e
00000208
ffffed7a
0000013c
00000ba0
000011f2
00000bae
000004f9
fffff451
ffffd5dd
fffffdad
00000487
ffffe8e3
fffff89c
00000e2f
ffffecc9
00000b07
fffff63d
0000099f
fffff2da
00000669
fffff103
fffff5df
ffffe284
fffff379
fffffb2a
ffffd26d
fffff0aa
000009b9
00001311
00000798
00000651
0000025e
00000070
000008aa
ffffd6fa
ffffe576
fffffddd
00000452
000028bf
00001632
000011d3
00001224
ffffeb42
fffffaca
00001c68
00000a51
fffffe52
00000347
fffff49f
0000047c
000000ca
ffffeecd
fffffc19
000012ef
fffffbaf
fffff891
000006f6
000009f7
fffff805
00000c11
00000639
00000d8d
0000033d
fffff490
fffff65d
ffffe686
000016ae
fffffbdc
fffff1c4
000003cd
0000089a
000017e1
00000980
0000019e
0000334f
fffff137
ffffe9e7
ffffe2f6
ffffdf7d
fffff0fe
00002719
ffffd0be
ffffef7f
ffffe88a
00002a37
fffff483
00000a52
ffffebdf
00000a65
fffff4e4
0000129c
00000462
fffffbac
ffffebac
ffffea33
00000570
00000844
fffffe64
ffffe841
000010c8
00001acc
000003ba
0000034b
00001315
ffffe97a
00002571
fffff525
000017f9
000002c4
fffffdf4
fffff31a
ffffe6d0
000001af
0000187e
000017e2
00000549
ffffe4e3
ffffed95
00001408
00000156
fffff84f
00000b19
fffffd00
0000143a
00000a2c
ffffdef3
00000c80
00000fa3
fffffc37
fffff197
00001b20
000007cd
ffffd871
000010ac
fffffac8
000014df
000007a3
000016f5
fffffff5
00001768
000015f4
00000858
fffff322
00000a00
fffffbc7
00002564
ffffe865
00000f94
ffffee83
fffff51f
000005bf
ffffd50e
00002c52
ffffd0c4
00000c0c
00000a7e
00001cc1
00001dd5
0000049e
ffffee8a
ffffec24
00000ae5
fffffcb5
ffffffb2
00000051
ffffe806
fffffa6b
ffffe5eb
fffff620
fffff071
ffffea58
ffffe80f
ffffe477
ffffde66
fffff518
fffffc09
00000a00
00001d87
000023f0
fffff16e
ffffeefc
00000017
fffff6e7
ffffe7ff
000014b3
000012fa
ffffe051
fffff8d6
000002d7
00002113
ffffea30
ffffed42
ffffd69a
ffffeeb5
fffffa3a
fffffafc
ffffeb0e
ffffebe1
00001978
ffffdeef
00000572
000006d8
ffffdda7
000037ee
00001bc1
ffffe5fd
ffffc6e9
00000bfb
00000907
fffff81d
fffff3a0
ffffd361
000006c9
fffff8cb
fffffba0
000000f8
fffff9d8
ffffe600
00001ebd
fffffdba
ffffe248
fffffc43
fffffec5
ffffff03
fffff21d
ffffefec
ffffe940
000010f4
fffffa9d
000010f9
00000ad6
0000044d
fffffc5f
fffffdb5
00002765
00001ac4
0000065c
ffffe8a6
00001152
0000025c
ffffd1cf
000005fd
ffffd27f
ffffe223
00001160
ffffe783
ffffe7c2
00002124
00002a27
ffffe197
ffffe703
ffffe837
00001878
fffff4b7
00002815
000006c1
00000447
fffffd9b
0000078d
00001283
fffff496
fffffd13
00001db2
00000db5
fffff635
00001057
fffffcaa
0000010a
00000945
fffff4c5
fffffa0f
fffff8bc
ffffd142
00000119
fffffd5f
000010f2
00000f4c
ffffff18
00000816
ffffe075
fffffb84
fffff7ee
fffff95f
ffffbe01
fffff228
0000094f
ffffe356
fffff617
00000c46
fffffe30
ffffebfd
ffffbc29
00000872
00000d70
0000020a
ffffc47d
00000238
fffffdfd
ffffed1a
ffffde98
00001e3a
fffffc2f
ffffed56
000010bb
00001a4f
fffff6f4
ffffeb43
00000b44
ffffe6e2
00001b3f
ffffdec9
ffffccbb
00001ecc
ffffd5cc
000023ce
fffff34d
00000780
00001041
ffffebd4
fffff462
fffffa39
000008bf
0000273b
00000aff
000008aa
fffff601
00000802
00000950
00002212
ffffeb0c
00001147
00001a9c
fffffca7
ffffdc32
00000886
00001c63
0000016a
fffff251
00001eb7
0000093c
fffff173
000002ea
fffffd21
ffffe0d5
00000fea
0000029b
ffffee0c
00000d04
0000064b
00002124
ffffd931
fffffc45
fffff9c2
00000381
fffffbeb
000013b1
ffffed37
ffffcdb7
000010cb
00001da9
00006a9e
0000011d
ffffe1d4
ffffbb17
00000e34
fffffb9d
000022c8
fffff46c
fffff56b
ffffeca6
0000042a
000008f8
00001c33
00001470
00000111
fffff138
ffffe58d
fffff762
ffffeeb4
000008bc
00000bd7
ffffddbf
00000767
fffff553
00000f23
ffffe70c
ffffde51
00000fd1
00001844
00002b1c
000010d5
fffff324
ffffdfbf
000007dc
fffffb7c
fffff5f2
fffff310
ffffd2ba
00000953
000014b1
000019a7
ffffe8c1
fffff8ca
00004524
00003a17
00000acd
00001881
0000274b
0000341c
000022c7
ffffd9ba
00002eb6
00000409
fffff5bd
00000219
00000dd1
00001698
0000011c
00000d76
ffffb971
ffffd253
ffffee9a
fffff30b
00002f56
0000216a
fffff0b9
00000f58
00000ccf
ffffff6e
ffffd185
fffff4b8
00002b7c
ffffc70a
0000068c
0000018f
fffffede
000037e9
00000a96
fffff2dc
0000084e
00000bc2
ffffdbe0
ffffeee8
0000342e
ffffdb9c
000011a2
00000faf
ffffd55b
000027de
00000995
0000419c
000011a5
0000147e
0000127b
0000068d
00001d9e
00000a4f
fffff787
00002c4f
ffffeaf0
fffffab2
fffffa16
fffff5b1
00000188
fffff67a
000009c9
ffffdb0e
fffff765
fffffb77
00002880
000002f9
ffffe3e5
00000bca
fffff0f4
fffff998
fffff8ed
fffff652
fffff401
ffffcfc1
ffffd772
00000850
fffff774
fffffafe
00000442
0000127c
ffffeae6
00002317
ffffe233
000017a0
00000620
00001709
00001b1f
00001130
0000135d
fffff95c
0000111c
fffffc30
00000991
fffffaa2
00001164
fffffe51
ffffe4e7
fffff69c
00002bd9
fffffc6c
fffffdc4
ffffedea
ffffd641
fffff3fe
ffffe7a3
000012a9
00000df7
ffffe7d5
ffffe04a
00000498
00001a8f
ffffeb79
ffffebdb
ffffe84f
ffffe5bb
00000190
ffffdaad
00000852
00002f6c
ffffe3fa
fffffd80
ffffe3b8
fffff3d6
ffffe84e
0000030e
000003ca
000000d6
ffffea5f
fffff9e2
ffffd8b5
ffffeeff
fffff3f2
000012dd
00002972
fffffc55
ffffec5c
00001968
ffffe6bb
00000848
00000c81
fffffdef
00001a87
0000021d
00002e86
ffffff27
ffffe77b
fffff9f3
ffffeda3
00000e3d
000020f2
ffffea94
ffffe227
00001ab6
0000119a
fffff476
fffff585
fffffb0d
00001871
00000b12
0000178b
fffff8a9
ffffff44
000000af
0000015b
ffffd3ae
ffffdeaf
fffffdc5
00000b73
00000733
000006f2
000019a1
fffff182
ffffe0f5
fffff1b5
fffffe95
000017bf
fffffda7
ffffedda
ffffc363
00000379
ffffea8f
ffffe86b
fffff532
ffffe8d3
ffffd562
000005e4
ffffeb24
ffffee2c
ffffd895
0000194b
00003375
000009b8
ffffe3ef
000025cd
fffff74d
00000c56
fffffe2b
fffffb69
fffffeae
fffffcff
fffffd53
00001558
fffff14c
fffff73c
ffffeee7
00001b67
fffff1c0
00001206
00000bfa
ffffe194
00005082
ffffedf3
ffffe8eb
fffffafb
ffffb2bb
0000133c
ffffd24e
0000195e
fffffec6
00000813
ffffe73d
0000077e
00000895
00002a54
00000777
00000c73
fffff00f
ffffd3d0
00000743
ffffef13
00000d8d
ffffee5e
ffffed65
ffffeb35
fffff5c8
ffffec2e
00001c14
fffff490
ffffe8d0
ffffe792
fffff8a9
ffffdd02
fffff99c
ffffe2b3
fffff93f
000002cc
ffffe13e
00001ea6
fffffd04
ffffef12
fffff11c
ffffede0
ffffe503
ffffe7dd
00002571
00000d69
00000034
00000b5a
00000bab
000021e4
0000195f
00001761
00001639
0000186d
00000357
000013bc
00003f1c
fffff281
00000d34
ffffefe1
00000de7
00000b6e
ffffd217
00002924
ffffe0f7
ffffc7ee
000025bd
00004e3d
000035d7
0000074a
00002854
fffff86b
ffffc59f
00001f5f
00002315
000001c5
ffffbf87
00000bb7
ffffe428
00001b67
ffffc653
000028e3
000002d3
ffffd5c4
ffffdd1c
00000621
00000ab4
00003fbd
00000c4f
ffffd1d5
00002c2a
0000373d
0000033b
00003f5c
00003a5c
ffffd4fd
00002060
0000117a
ffffe077
ffffe78e
00002207
0000041c
00003485
ffffeff9
ffffc86b
ffffe1db
ffffbe05
fffff18d
ffffc113
00003d4c
fffff687
ffffe4bf
ffffeb9f
ffffdd60
00001d22
000021c2
00000f16
ffffda89
ffffdc36
ffffea2f
00003477
ffffec65
ffffedf6
ffffefca
fffffe30
00001425
ffffedaa
000012ec
0000199f
fffff487
fffff1e8
fffff043
00002a69
00000024
00001470
fffffd25
fffffd5c
0000164b
00002dce
ffffe7e7
0000156e
00000d2e
ffffcb17
000002f4
00003756
fffffad4
000009d7
ffffd78f
000004fd
fffffa4f
00002d9d
fffffc02
000012d3
ffffe53f
ffffdb6d
ffffdeb1
ffffee56
fffff631
fffffe61
00001411
00000e18
0000015c
fffff0f0
fffff038
ffffb8e2
ffffe98e
00000bf2
fffffd7b
00002295
ffffe13b
00000eb3
000004ba
00000416
000000d5
ffffee53
ffffffc8
fffff01e
ffffe106
fffff6dd
000028b5
ffffed77
ffffe010
ffffe9ab
00001526
ffffeed6
fffff71f
ffffdbf8
00001439
00001be4
ffffbc3c
fffffd4d
000037f9
000008cd
00001736
fffffea9
ffffe2ce
fffffed3
00000ff2
fffff0c8
fffffa73
0000024e
ffffe563
ffffeb65
fffffdab
fffff2c7
ffffe737
00001493
00002441
000004e6
00000ee0
00003491
fffff0f1
ffffe680
00000c3c
00000bdd
00000d8e
fffff014
00002705
fffffbce
00001308
ffffda64
fffff7f3
0000005b
00002c20
ffffe95e
fffffc9c
00003743
00001bc3
000007f5
00001aa9
0000155d
00000bd1
0000203e
000011e3
ffffe225
00000f01
000018d5
fffff4ac
00003cea
00000ff3
ffffc288
fffff279
ffffea26
0000165e
fffff60a
ffffeb04
000005a0
ffffe2f1
ffffe858
fffff154
000014ce
ffffd677
fffff7e9
ffffe386
00000f7f
ffffd9b3
0000009a
ffffe7c8
00001b2c
fffffe12
00001109
ffffd26d
00000e03
fffff677
00000cb6
fffffa5a
ffffdb13
00000651
fffffc45
000009b1
fffffb6c
ffffd3e8
fffff556
ffffe91b
ffffea83
ffffe1c3
ffffd440
000018b1
fffff5bb
fffff629
ffffeb57
00000e2a
ffffea4c
ffffdefa
ffffd19b
ffffecef
fffff129
ffffd9c1
ffffef37
ffffe477
00002f78
00000672
ffffdba9
fffffadd
00000216
ffffd71b
ffffd63c
0000146c
ffffe0ed
ffffe78c
ffffa7ce
0000000d
ffffe9f0
ffffffe4
00001e26
00000ca4
ffffe6eb
fffffcc0
0000174a
000002dc
00000c38
0000074c
0000051e
fffffe3e
0000166b
0000087a
fffffe3f
00001781
00002333
fffff51e
00001667
00002c0f
fffffef6
000015c0
fffff2d0
00001551
00000251
000011bd
fffffafb
000018a8
ffffc676
fffffce2
ffffef8c
00002fd7
fffffef0
fffffb4f
ffffedd2
000007b9
fffff426
00000049
fffff52f
00000317
0000017c
ffffd068
fffff91e
00003971
fffff8c7
ffffd1b6
fffff7fa
ffffc381
ffffe85d
0000316a
00000a30
ffffc549
000014f2
00002dc5
ffffece1
ffffcf08
00000933
ffffb4af
00000495
fffff918
fffff198
000027f6
00000512
ffffdc1c
000025da
00000518
fffffb8b
00001825
fffff21f
fffff805
ffffed92
000005b1
0000089d
fffff65c
0000057e
000001d2
00002973
fffff5a6
00000d8a
00001109
ffffd50e
00002b5f
00001c16
ffffd417
ffffb340
ffffc550
ffffc303
000014ac
00001226
0000023c
00000f6a
ffffe3e3
000020ba
fffffac6
00001121
00000340
ffffd574
fffffb4e
00000a71
fffffb0c
ffffe0ab
ffffee8f
ffffe59f
ffffe3a4
0000148c
fffffe33
0000041d
ffffe7c6
00001c7f
ffffedad
00002114
00002440
0000410c
ffffe1cf
ffffe031
00002b35
ffffdde7
fffff885
00001046
ffffe8ce
00002e34
000004ff
0000124e
ffffe2a0
fffff4bd
000014f8
00001072
ffffe89c
00001293
0000376c
ffffc4f6
0000157d
ffffdfbb
00003be5
fffff0dc
000015c3
00003551
ffffe516
000019aa
fffff184
ffffe3a7
ffffda00
ffffd012
ffffde90
00000d20
00000d82
ffffc5da
ffffd532
00000154
ffffd262
000000df
00001629
000019ab
ffffe9ec
ffff934c
fffffcbe
00001654
000043d3
ffffe403
ffffde8b
ffffef70
fffff9d1
fffffeba
ffffc627
000001c2
fffff371
ffffd78c
000025a7
fffff87f
00002599
ffffe62c
ffffbe1d
fffff69c
00002f7f
00002ed1
0000072c
000031b0
ffffd24f
fffffcfc
fffff0ec
ffffa08c
00000c58
000011d1
ffffe9e3
00000a53
fffff5ec
00003b73
fffffeb2
ffffc375
ffffb24f
000015a6
0000209e
ffffef05
000027bd
fffffd02
ffffe045
fffff3d0
000069de
00001ff0
00000105
ffffd7a3
00004f00
ffffe69c
00000b8c
fffffb1d
00002f9f
ffffad45
0000155e
fffff3f2
00002ecf
ffffedd0
fffffa56
ffffa709
00000754
ffffd84e
00001490
0000222d
00000107
00000071
ffffec6d
00001448
00002104
00001438
fffff79a
00002bef
00000856
ffffd085
ffffa778
fffffbd0
00000992
00001b1b
000013d1
fffffcfc
00002553
fffff74d
ffffca63
fffff333
000023c5
ffffe9a5
fffff686
fffffbc2
ffffe352
00000a2e
00000baf
ffffe633
ffffe853
ffffc5ab
fffffd28
ffffee50
ffffbe38
00001737
000021e7
ffffe775
00000b08
fffff972
ffffcd83
00002fc3
00000977
fffff5b1
ffffe819
fffffa2e
ffffe38b
000007b3
00000012
000001a5
0000014d
ffffe865
fffff346
00000172
00000dbb
fffff3b8
00001b34
fffffd5a
ffffefea
00001b83
00000a0f
00001dc8
ffffeb6b
fffff16e
fffff662
fffff139
ffffec09
ffffe81b
ffffdb13
fffff597
00001029
ffffff31
ffffe3df
ffffd8f6
fffff391
ffffe7ae
ffffc1ea
fffff663
00001377
ffffcb70
ffffedc3
00001f2e
fffff303
00000ea4
ffffedeb
00001bdb
000009b2
fffffabe
00002306
ffffdece
ffffe435
fffff91c
ffffe025
fffffa56
fffff7ce
ffffc609
ffffe105
fffff62e
ffffd9ee
00002251
0000209b
00002a7a
fffff357
fffff8e7
fffffa13
ffffe6e1
00000688
fffffab4
fffffa0d
000005e0
00000040
fffff615
00000cd0
000019ad
fffffcf5
00000866
00000edf
ffffe5db
ffffee13
fffffef4
00001c60
00002a32
fffff8de
fffffa7d
00000c77
00001717
ffffedbd
ffffedd1
ffffe27a
fffffc31
00000d2f
00000c05
ffffd7b3
fffffc2a
ffffd283
ffffc838
fffff53e
ffffe2c7
000020ab
000000fb
fffffd58
ffffec29
fffff886
ffffe5fc
00001152
fffffd55
000004e6
fffff5f1
0000026b
ffffe988
00000a91
ffffe76f
00000210
ffffeddf
00000c26
fffffded
00000f4f
ffffeb6a
ffffee49
00001342
fffff9d9
fffff357
ffffe875
ffffe79a
ffffde2e
fffff981
00000177
00001248
000015ea
fffff69d
00000369
00000621
ffffe8f3
ffffff9a
0000094e
000019fc
ffffda0e
fffffead
fffff848
000016d4
ffffe0b8
fffff390
fffffcdf
fffff2c7
00000c99
fffffe1f
fffff443
000004a5
0000033e
00000022
ffffee8f
fffff314
fffff6ba
00000a4a
00001630
ffffe8cd
ffffdf14
ffffea56
00000390
fffff8c5
ffffdffe
fffffa6a
fffffb77
fffffc80
ffffecc9
fffff5e0
00001120
00000d25
00000522
fffff363
ffffee7f
000012c5
ffffe967
00000012
00000634
fffffabb
ffffdfd6
00000d47
00000c5a
ffffdc4c
ffffeaaf
00001b2a
fffffa4a
ffffd1a7
0000103e
ffffeba4
fffffab2
000009a5
fffffe04
000014b0
fffff6b0
fffff281
fffffaae
fffffbb7
00000549
fffff443
00000749
fffff813
00000cb0
fffffe9f
fffff159
00001039
ffffd4b2
ffffdacb
ffffecf0
ffffe91c
00000c7d
000004e6
00000fc5
ffffd976
000030fd
00002a35
ffffddf9
fffff8ca
00000cd6
00002cbe
0000195b
000013c0
00002191
00000d65
00001c66
fffffcf0
00001a9a
00000bf2
000017ed
ffffe1ba
ffffd0ed
000022e5
00001887
000014ee
ffffe98d
fffff752
000003b4
0000037d
00000f3f
ffffdde0
ffffd5f4
0000002a
ffffde4b
0000076b
ffffea6e
ffffe3e7
000016fa
ffffd8d0
00001f82
00000f4e
ffffe997
fffff2f8
ffffe777
00000872
ffffd910
ffffdca0
ffffe488
fffffba5
ffffd7ca
ffffa994
fffff4d1
fffff1f6
00001481
00000f44
0000269b
ffffc7fa
ffffd0c7
ffffed21
00000103
00001858
000030bc
0000080c
00000d53
ffffd826
00001b8b
ffffec35
0000136d
000006c5
ffffd49c
000023c8
ffffba98
000035a3
ffffb651
00002587
ffffe7df
ffffcf02
ffffd9b4
00000420
fffffd09
000019d0
00001947
fffff417
ffffc3ba
fffff1dc
0000099e
000008ab
000018e9
ffffbf24
00000b34
00003684
fffff01a
fffffab8
0000236f
0000054e
ffffe680
0000017c
00003887
00000cd3
fffff75a
00003ce1
00001144
00001589
000022f0
00000c60
ffffe91e
00000d75
ffffdfb2
ffffccc4
0000470a
00001021
000015e0
00002007
00002e48
00001c60
00000881
00002870
0000056c
00004010
ffffe571
fffffe8d
fffff248
ffffde81
0000053e
000015ab
ffffd407
ffffd752
fffff36e
00003c6f
000047ea
ffffd13b
ffffe193
fffff082
00005a8f
000000bc
ffffd070
ffffc1cc
00001ec2
000002f4
000014b3
ffffd311
ffffef6f
fffff9db
fffff3fc
ffffdce2
00001a10
ffffc634
ffffd343
00000650
fffffe83
00004b39
ffffd185
00000b5c
000004d9
0000344d
ffffbbee
00000dda
00001011
fffff5fa
fffff5ea
ffffd33d
ffffda45
ffffb341
fffff0b7
fffffb12
00000e5b
00001430
00001f13
00003fbb
ffffc262
00004650
fffff7b8
ffffff60
000024da
fffff2ef
00000177
00000500
ffffd382
fffff240
00003db8
ffffeaeb
000010af
000015af
fffffaa1
00000a1a
ffffc14a
ffffc3fd
00001dad
0000028c
ffffd8a4
00002794
fffff558
00000548
00003503
000009d3
fffffff4
000035bb
00002f13
fffff8b0
ffffe9ee
ffffdf6d
ffffd62e
0000002a
fffffaa7
00000d4e
ffffee12
000029c6
ffffd72f
fffffe16
ffffefdc
ffffe84c
fffff257
00003d80
fffff6ad
fffff89c
0000046b
ffffee5b
00000c5e
00000efc
0000006f
fffffef6
00000f3b
ffffc7e1
00000c4f
00000ebb
ffffd7f5
0000049b
fffffd4a
fffff6f7
fffffa75
0000074b
00001f33
00000650
fffff919
fffff38c
00001b49
ffffff0c
00000112
fffff79b
ffffdc8a
00000e9e
ffffd5ee
ffffd091
ffffded7
000013d3
00001a43
fffff181
ffffeae4
00000777
ffffc368
00000e0d
00001fd2
000007d9
fffff676
00003eab
fffff2bd
ffffbe57
0000205b
000001e4
000023c6
fffff36e
00001644
000042f6
ffffe2d9
ffffefab
ffffd738
00000d20
ffffcbff
ffffd883
ffffe3ec
00001584
ffffe66f
ffffd4d1
fffff25b
00000027
fffff694
ffffeb32
ffffff1f
fffff3f7
00001d56
ffffdedb
ffffdc29
000004ef
fffffc21
ffffeaf9
ffffe87f
fffff459
ffffd7a9
000005d2
fffff4e8
00001672
ffffdccf
ffffe518
00003812
ffffee7b
00000f1f
00002edb
fffff420
ffffda60
0000049b
fffff1db
ffffda7e
000003cd
00000c9b
000005a5
ffffe5d9
fffffdbd
00000d6f
00000464
fffffc77
fffffc6c
000007f6
ffffbade
00001395
0000436e
00000926
ffffd02d
ffffd232
fffff441
00000e64
000033df
ffffffdb
00000ffa
00000380
fffff87e
00004afd
000016f3
ffffe890
00000003
00000e9d
00000b20
ffffec17
ffffdfef
00000b11
ffffef57
ffffeb3d
00002c4c
000001d8
fffff2e9
00000735
ffffeb73
0000098e
00001f7f
0000174c
ffffd50b
fffff69f
000002ae
ffff9d2a
fffff926
ffffcc83
ffffff1b
fffffd3c
00001344
fffffced
0000195e
fffffbe5
00002a33
00001f58
00001e76
00001675
ffffecc2
000024ca
00000a1f
fffffc0d
00000e1c
00002656
0000277c
00002227
00002681
0000329e
ffffdd1b
00000f2a
ffffe10f
000005d5
fffff822
fffffb4d
000011c5
0000177c
00001347
00001984
00001251
ffffff9f
00003007
ffffdb4b
000022a3
fffff0ea
ffffec9b
000007de
ffffe6ef
fffffe59
ffffa6cb
000007e1
00000922
ffffd844
ffffd878
ffffdd5b
ffffeda1
fffffbeb
00000889
00001cc4
ffffe393
fffffe4c
00000c63
fffffe26
000000fb
ffffe3a2
fffff69d
ffffe812
0000050c
00000bb7
000025c6
00000982
000000ab
00001ec5
ffffde6c
00001907
fffffe6a
000003bf
00002172
ffffe64f
0000163a
ffffdb88
ffffe9f2
00001593
ffffdc1c
0000267e
fffffa29
fffff446
0000105c
ffffc624
fffff5d6
fffff292
0000397f
ffffd2dd
00000fc3
00001464
0000013d
fffff566
ffffd11f
00002563
fffffea4
fffff3f4
fffffd2e
fffff45e
0000196d
fffffac6
000028f1
00002678
ffffe7ef
00002679
ffffe427
00002d97
ffffcf9c
00001573
00000a83
ffffd035
000011f5
00000ed3
fffff840
ffffcb48
00000f00
ffffbfd6
00001548
00000a60
ffffe3b0
ffffe30d
ffffd1e1
ffffba08
00000de6
00001b02
000008cc
fffff2c1
ffffdc54
ffffdfd1
000028b2
00002120
fffff200
00002d01
000007b9
ffffdc4f
00001011
ffffc7db
ffffff62
ffffdb92
ffffc922
ffffd3af
00000a20
000001b4
ffffd6a5
00001421
fffff4f8
00000948
00002cf5
ffffebcc
00000b30
00002b9a
000003a2
000035e0
00004d73
ffffe6e8
00001088
00001830
0000049d
0000086e
fffff168
000011e8
ffffdf9c
00001da7
000015d2
00003e4e
00000f00
00000d57
fffff55d
ffffe166
0000111d
00005229
00000e39
ffffec93
ffffd195
fffff0ef
00000c16
ffffe608
00001906
fffffc90
fffff584
00000af6
ffffedb5
ffffe7b2
0000174c
fffff426
ffffdaf5
00000896
000001e8
00003b68
fffffcc6
00000034
fffff3ba
00001371
000002ca
ffffd549
00001056
000006d3
fffff4a6
ffffefb9
ffffff8b
ffffe4c0
00000739
fffff2ec
ffffff68
000004d3
fffffb8c
000007d9
0000015f
ffffe23f
000011bc
0000092f
ffffef4c
ffffe634
00000b85
ffffffe1
ffffe384
00001202
ffffd9f5
ffffd7f7
fffffa1e
fffff969
ffffe3cd
000002b6
ffffd02b
000007ea
ffffdb1b
fffffb62
ffffdbac
0000051b
fffff306
fffffc0f
00001d4e
00001717
00001299
fffff9cf
fffff215
000002e3
0000010d
ffffebc1
fffff71a
ffffeb64
00000524
000006af
00001ecc
0000316d
fffff970
fffff4b6
ffffe75c
ffffd4f9
00001b2d
00000645
ffffe889
00001a67
00000559
fffff737
00002a80
ffffe4c0
00000833
00000e88
ffffd58d
fffff233
ffffc012
fffff5df
ffffff08
ffffe127
00000400
fffff497
00000bc5
ffffd568
ffffe7ec
0000194b
fffff61b
fffffe8a
000023d0
fffff237
000029d1
00002859
00002619
ffffef7e
fffff298
fffff894
ffffda6d
ffffffb9
ffffce85
fffffacb
fffffea7
fffff7d7
00001779
0000029c
00000822
00001bf1
ffffd81f
ffffd9a2
ffffec14
00000a2a
00000d70
000031a1
00000898
00000849
fffffa74
00001017
fffffb20
00000015
00001eec
ffffe94f
000010cc
00000438
00000c3f
fffffe5f
ffffe71d
ffffda79
00001e7e
fffff220
00000642
ffffed79
0000037c
ffffe97f
ffffe7cb
ffffe367
000040c5
00001906
fffff992
ffffeff0
00004620
00000d10
ffffeef3
fffff71a
ffffe21a
ffffd941
fffffa8b
00000925
0000209c
ffffe68a
000001d0
fffffef3
000003c8
000019bd
000020de
ffffeb46
00000d00
fffff7b4
ffffe60c
fffffd45
00001f35
ffffff86
0000081f
00000595
ffffec75
ffffe5ff
ffffde8b
0000122c
0000199c
fffffe0a
fffffaa1
00001c36
000013ef
00001927
0000120b
ffffef43
0000075d
00001078
00001db8
00001981
0000056d
fffff4e3
fffffa96
00000455
0000047d
ffffc059
fffff555
000007a2
ffffe57c
ffffe9d5
000008cc
fffff6e9
ffffe407
00000bb3
000005a1
000009b7
fffff882
0000119c
00001d7e
ffffffed
ffffe7a4
fffffd7d
00000842
000005f2
ffffee85
fffff799
fffff9bf
00000ded
ffffea65
ffffee44
00000511
ffffdce2
ffffd52e
00000540
00001c77
00001179
00000198
00000269
ffffecde
00001932
fffff46f
fffff454
00000eef
fffff88a
0000057c
fffff546
0000181e
00001057
000011d7
ffffebaf
00003238
ffffeeb5
ffffdeeb
0000006c
fffffffe
0000091f
fffff438
ffffe8e7
ffffe88a
ffffd7c1
000001fa
fffff8ac
0000132d
fffffa1d
00001c2b
000006ca
000013b3
fffff89d
fffff6de
fffff545
0000184f
000015ef
ffffe67e
ffffda37
0000070c
fffff32a
0000067a
fffffbd0
fffff575
fffff23e
ffffe886
00001513
ffffeecb
00000435
00002dd9
00000696
00000630
00000628
00001d03
ffffd270
ffffd9db
fffffbe9
ffffff16
00001cb7
000008de
fffffcc3
fffff2f2
ffffd47a
ffffe8ed
fffffe6e
000001d9
ffffedb6
000026ff
000018a7
0000015f
fffff911
000014c1
00001347
00002098
fffff8d1
ffffd709
ffffd4a3
fffff185
00000894
00000746
ffffd1b0
ffffeb8b
00001600
fffff409
0000036d
fffff604
ffffe01a
fffffbbf
ffffe258
ffffd177
fffff805
fffffaba
fffff196
0000219c
ffffec12
ffffefe5
fffff40b
000008cb
ffffd2d6
00002633
ffffea6b
ffffe274
0000334a
ffffee4a
fffff051
ffffdf43
00000e1e
00001a9f
000001ed
fffff98a
00001001
00001556
ffffe418
00002472
00002eb5
ffffe582
0000143e
ffffe4dd
00001442
0000157a
000026df
ffffc31e
00000e46
00002e09
ffffc9c7
000034d6
00000954
fffffe09
ffffd0a3
000013d2
00002eb2
000033d9
fffff206
0000370f
ffffee0c
000000ac
00000310
00001a8d
fffffb9d
ffffe1ff
00000c6a
fffffec0
00000488
00000b64
ffffd962
000012d9
000021d9
00001c71
fffffc86
000035bb
fffff6a8
ffffe13b
00001340
00000ca3
fffff56d
00000a65
0000214e
00002be6
ffffd3a5
ffffef39
fffff41e
00001229
fffff7b7
fffff326
fffff548
00001a09
ffffee1c
fffffd16
ffffef5f
00002faf
ffffd58e
fffff73b
0000055f
fffff59c
fffff7eb
000008cc
fffff82d
00002ae2
fffff841
00002dec
00000147
ffffdb2c
00000ee9
00000a06
ffffddc7
000001ee
ffffe1ab
00000a5c
00000d07
0000115a
00000d92
00003d8f
00000cba
ffffe5fa
fffffad8
00000ec6
ffffee9c
00001230
00001a88
ffffc8bd
ffffe555
fffff31c
fffff98f
00000945
fffff1cd
ffffbe36
00001306
00000c33
0000069a
fffffcb1
0000129a
00000ec0
ffffea2e
ffffddef
ffffd30e
ffffe04f
0000284a
000014bf
00000ea4
000017cb
ffffecb9
ffffc5d1
ffffc01c
000019db
00000375
ffffeed5
00000353
00002fc7
ffffefa1
000003f6
000018e3
fffff634
ffffc88f
ffffd020
fffff495
ffffd444
ffffeafb
00000573
ffffe2cc
fffff058
ffffd760
fffff5a2
00001434
fffff164
ffffcb8c
fffff26f
ffffbf8f
00000b21
fffff60c
00000429
00001079
00000206
fffff78b
fffffd4f
ffffe0ad
ffffd475
ffffeff2
ffffec7b
ffffdb2c
ffffde9e
ffffe6a5
ffffcb0d
ffffe0b5
00001a1f
00000f14
00003367
0000477d
fffff3d9
ffffd825
ffffeecc
fffff2bc
fffff5cf
fffff467
fffffcae
fffff00b
00000717
ffffecfb
00001477
00001486
ffffd7d0
ffffdc4c
fffff6b3
ffffd540
00001ddb
000020cf
ffffd6f8
ffffd5a8
ffffdcf4
00000682
ffffff91
fffff0b0
0000051a
00001246
ffffe2d1
fffff486
00000763
ffffd41e
ffffd58d
ffffe9c1
fffff2a2
fffffd66
00000875
fffffa42
ffffed3e
0000088b
fffffb57
ffffe5fc
000007d2
00002987
fffff327
ffffe728
ffffe4a9
ffffddf5
fffff3ff
fffff72f
ffffe4ca
00001bfa
00001f36
ffffd72a
fffff6a9
fffff66d
000012e5
ffffeb16
ffffe6c2
fffffe02
fffffcb9
ffffe806
0000059d
00002f98
00000f98
ffffd0ad
ffffda62
ffffeeda
ffffe69f
ffffc290
ffffed68
0000047f
ffffe4d9
ffffe569
ffffffda
fffff8c6
00001852
ffffd566
ffffdb04
ffffd6d2
fffff4fa
00001037
ffffdbbf
00000697
0000180a
ffffd081
0000171b
fffff2f5
ffffdb2b
00000f30
fffffc72
00001785
ffffdcf5
0000045c
ffffe92f
ffffd4ec
fffffdf9
fffff2a3
ffffe356
ffffe59e
ffffcea9
ffffe53f
00001027
000012b1
000006ce
fffffc41
ffffb602
000025c2
ffffef66
fffff4fa
0000080d
fffff2a9
ffffefbc
ffffbe67
000005e9
fffff357
fffff634
0000166f
ffffee1c
fffff03b
ffffcdfb
fffffe44
fffff5c7
ffffd0ec
ffffbf08
000016a9
fffffab6
000018fc
00000358
00000838
000009b1
ffffcc5f
00001011
fffffecc
00001328
000007fe
00000678
00001099
ffffd3c4
ffffe836
00000288
fffffd3e
0000217f
00000762
0000110b
fffff6ba
00000bc9
00000988
ffffcf8e
fffffae9
00000cbb
00001205
ffffdf6d
fffffacb
fffffd27
fffffe44
000014f0
ffffead0
0000000a
fffff19e
000032cf
00002cd9
00001a17
00000e00
00002ea5
00000e81
ffffecdc
fffffeb0
00000eb1
000009d6
fffff8d4
ffffec54
fffff555
0000027a
00001359
fffff988
ffffe9c3
ffffe4a9
000017ee
ffffead4
00002e7d
ffffe651
ffffcc06
ffffe3a5
ffffff7a
0000398c
000007b3
000022e4
ffffee18
000012fd
0000033f
000006ea
ffffe071
000006ce
00000938
0000052b
00001000
00000190
ffffda80
000003f7
00002a37
ffffe922
00002c5c
fffffb4b
ffffce62
fffff497
ffffedad
fffff4a6
ffffe930
00000f2f
00001b0c
00001ef0
fffffda7
ffffe43b
fffff09a
ffffd9e0
00001e97
00000528
0000069a
fffffb8d
fffff1bd
ffffdf70
ffffed96
ffffef2c
ffffffd3
000029e1
000017ad
ffffff7f
fffff28c
ffffdb40
000005af
00000176
00000d08
ffffd507
000003c8
00001531
000027be
0000076f
0000109a
fffffd53
ffffd7c3
00003554
ffffffbf
fffff60c
fffff77a
ffffff9d
ffffda45
000024bf
000011c4
0000112a
ffffbe72
ffffe57b
ffffdb55
ffffdb4c
fffff505
ffffcbb6
ffffee77
00000a51
000007f9
fffff89c
fffff560
fffffd51
fffff191
000005f1
00000d81
ffffecbf
ffffde3f
000007d3
00001ea3
ffffef09
000001c7
ffffecb6
fffff55d
000029db
ffffe369
000019d2
ffffe4c6
000023a6
00002480
0000033b
fffffad2
ffffffc8
ffffe887
fffffa0a
fffff9f7
ffffda84
fffff572
ffffec2a
fffff583
fffffa45
00000b98
00000973
00003a21
000024b2
ffffe40f
fffff6a9
ffffda24
0000172a
00000e4c
fffff7a4
00000ed2
00001e9b
fffff19e
00000527
00001add
0000100c
fffff871
00001182
0000359a
0000148d
00000fc7
00001039
000009a6
ffffe919
00000c60
00000d97
ffffe7a3
00001540
0000037c
fffff6a1
000014be
00001574
00000ac2
ffffcf69
00001822
00000c05
ffffdf46
fffff7f8
fffff1d6
ffffffb9
fffff16b
ffffdf01
ffffff2f
fffffd16
fffffb54
00000e1b
00000dc3
ffffc3e4
000003b1
000017a9
0000040e
000005b3
00000c80
0000048a
ffffeb30
00000779
00001e41
fffff198
00001a65
00000b66
ffffe429
fffff63b
ffffd8bd
000015b1
00002dae
ffffdbea
00003363
ffffc283
ffffdb07
00002bdf
00001cbb
0000170b
ffffec90
ffffd1af
00000605
000005a5
fffff558
000009a6
fffff20e
00001d31
ffffc7e2
fffff1c0
00000ba8
00002b7d
ffffdfc4
ffffc3a1
ffffc16e
00000678
ffffede9
0000163f
ffffc6f3
0000145d
00002550
0000230a
ffffc7e0
fffff2d0
00001caa
ffffe074
ffffefa0
00003f86
ffffdae2
ffffde4c
0000090c
00002e50
000025fb
00001d7e
0000012d
fffffda3
ffffe1c9
fffffb08
000004f1
0000099d
fffffc4a
fffff978
ffffd236
00001792
ffffcbdb
ffffd733
0000244b
00000780
ffffeb95
fffffde4
00003151
000002e8
ffffe587
00000715
00000ea6
000025d0
ffffff5f
00002cea
00000a20
000026f9
ffffe90b
0000004d
00000514
fffff666
000013a8
00000803
ffffffd5
0000059e
0000050f
ffffea11
0000188a
000011da
000008c4
ffffdc75
00000343
00001914
000010bd
00000e62
0000276b
ffffeeff
fffff7d9
000000dd
ffffe5a5
000026e6
ffffcb4f
00001c05
ffffd8ec
00002008
fffff162
fffff43e
000009e2
ffffd97c
ffffdcaf
ffffe70a
000010c7
00000ab7
00000299
fffff66c
ffffef48
ffffffd8
00000426
0000066d
00001098
00002825
00000249
00000e73
ffffdc06
00002206
ffffff5e
0000050c
000000d3
fffff757
ffffeec9
fffff6a2
fffff22f
000036c1
0000017b
0000186b
00000eba
000023a5
ffffeffe
fffffc07
000028f3
000024fe
00001377
fffff809
fffff198
fffff781
ffffe7fc
000004ed
ffffd71e
00001a4b
ffffef1d
00002123
00002779
0000156d
fffff54c
0000170f
00001687
0000291e
fffffb88
00001427
ffffed3e
ffffdb5a
00001e28
fffff575
ffffff0d
ffffd9c5
00000087
ffffd9e9
00000096
00002a86
000017ea
ffffffe2
00001161
fffffe52
ffffd6ca
00001949
ffffe6c6
000015b5
ffffe3f3
ffffd08a
fffff461
000023dd
000023ac
000043e4
00002580
ffffdf53
ffffdb1a
00003065
00002dfb
000011c5
00000e09
0000007c
ffffe6e1
ffffbe79
fffff0e5
00000517
ffffeea8
ffffea43
ffffd12c
fffff982
00002638
0000008d
00002275
fffff762
ffffe459
0000329c
fffff3d8
000024f5
ffffdbd5
000009f6
00001cb1
000013dc
000000ad
ffffd332
00000b9b
ffffed78
000000f2
000008d8
000028a5
00000739
ffffada9
000004a7
00000d47
00002bdb
fffff6eb
0000138a
00001a4a
00001778
ffffffac
fffff72b
00002309
fffffbd3
000013f0
00000233
ffffec5f
fffff79a
0000180f
ffffed5d
0000193e
ffffef4a
00000ae7
00001798
ffffdd41
00000a2a
00001904
ffffdc7b
00001dc8
000023e2
0000258c
ffffe6a3
00000274
ffffc72d
0000012d
00000f49
ffffe097
00001475
00002080
00001f06
ffffedc9
ffffee0c
00000821
000009c1
0000292a
0000132c
00001545
0000058a
ffffec32
000043ce
00001a1d
ffffd8c7
00002683
00003161
ffffd84f
0000195c
00001aad
ffffe5dc
fffff141
000020b3
fffff845
ffffe916
00002c53
fffff523
00002046
ffffe8ba
00001a2b
fffff2d7
ffffbe68
000015f6
ffffeb3c
ffffeecb
fffff783
ffffe255
00000e94
0000026b
ffffd13e
ffffda58
ffffe1cb
00000430
000014f9
fffffeaa
ffffdc05
00000c71
fffff069
0000109b
fffff832
00001a21
ffffeda4
ffffe4e7
ffffe4ed
ffffcf0e
ffffeca5
0000088b
fffffd51
ffffcba9
00001397
00001b69
ffffdf3c
fffff1eb
000051a6
000012ac
ffff8cd4
ffffea1a
000035c7
ffffe8b8
00001a10
fffff02e
00003242
ffffead5
ffffe773
ffffea27
ffffcaa7
ffffcc40
ffffff8c
ffffffef
ffffe9c0
00000348
000009fd
ffffe7bd
ffffd82e
000002ae
fffff253
00002163
00000017
0000089f
00005737
0000148c
ffffe5cd
ffffc7ef
fffff16f
ffffedb1
000023cf
000047d0
ffffdb39
fffff3d6
ffffe7a4
00001dda
ffffde98
ffffc957
0000154b
ffffdf75
ffffc798
fffffdea
fffff6a7
ffffffe0
ffffe83a
00002b88
00000c06
ffffebd3
000013bb
00000896
00000c04
fffff587
ffffe477
ffffcf5d
000019e7
000029c4
ffffce8d
00001bfe
ffffd9d1
ffffe685
00001a1b
00001dec
fffff3b8
00002929
00000390
fffff92f
ffffe188
ffffebd3
ffffddca
00001155
00001ec6
00001c66
ffffcc19
ffffcd0a
ffffe192
ffffe7c0
00000dce
ffffef1d
000017f0
fffff6c6
ffffe6bd
00001875
00003053
00001422
fffff918
fffff516
ffffbbd0
ffffeb9c
00000415
000002cb
ffffe5c5
ffffd445
000034b4
fffff690
fffff40f
ffffdaa0
ffffecbc
ffffc305
ffffcc0d
0000118d
000009f4
fffff005
ffffdbb8
ffffdb6b
fffffeba
ffffed29
ffffe1d5
0000209b
ffffeea3
00002095
00000800
0000158c
00002e96
0000108c
ffffea5e
ffffb20d
ffffd42e
fffff686
ffffe563
ffffb7cb
ffffe3b6
000024eb
ffffebf3
00000625
000003f3
ffffee3e
00000db0
00005264
0000092d
0000082c
fffff93f
fffff20e
0000000a
00002756
00000f89
00003a1b
ffffe299
ffffee45
00004178
00000168
fffffda4
fffff592
fffff9ab
fffff348
fffff1c4
00001823
ffffeb2a
fffffe01
ffffedc6
ffffe8b3
ffffc692
ffffc9db
ffffc6ba
fffff78a
ffffee55
ffffeed6
00003c2c
ffffdc92
00003874
fffff286
00000de9
000000e4
ffffe65f
ffffeb4f
fffff454
000009cc
fffffffe
fffff4ec
fffff3bf
fffff187
00000e95
fffff257
ffffdc1c
fffffa1d
0000061f
ffffdc35
ffffd4c1
0000150b
00000a69
fffff5ea
000002cd
0000014d
fffff7b2
0000092b
000012ce
ffffeaf8
00001a9d
ffffcb6a
000023ce
fffffba5
ffffe601
ffffed5f
ffffee16
0000023c
ffffd77e
fffff4f1
000000c9
fffff30c
0000046f
ffffeb20
fffffce7
0000090d
00001229
ffffc057
ffffd8ee
00001524
fffffd0a
ffffefe7
00001079
0000023d
ffffd202
fffffeb1
ffffc093
fffffbb0
00000553
fffffaf3
fffff837
0000278f
ffffe358
fffffea9
00001f50
00001416
00001ff1
00000c17
fffff4e7
ffffeaf0
00001c13
00000ce4
ffffe34d
00000a5d
ffffd308
fffff2ec
00002dc7
ffffe739
ffffee85
00000c24
ffffd7b8
00004352
00000a24
00000195
00001de9
fffffe7e
ffffcb5c
ffffeea4
ffffe7eb
00002f51
000003ae
00000533
ffffed9d
00000fcd
00000488
ffffd2b3
00000f83
fffff74b
00000c9a
fffff3cf
00003926
00000a1f
ffffe11e
ffffd341
fffff485
ffffd526
ffffee64
00000853
fffffc63
ffffe346
00001cec
00000690
00000e45
fffffb6f
00000269
00000f96
fffffad6
0000306f
fffff6f2
00000662
fffff862
00000571
00000ee4
0000063c
00001e2e
fffff988
fffff722
0000021d
00000ad1
000011d4
0000071d
fffffa80
00000298
000003a1
ffffd983
00000341
00000dd1
00000b28
fffff4bf
ffffdd8f
000005b4
00000d7d
fffff92b
ffffe05e
00000444
fffff7e0
fffff38d
0000072d
ffffedb6
00000037
fffffe19
ffffe91e
00000a80
ffffee52
000002a1
000001d4
fffff522
0000078a
00000b2f
fffffa2a
00000519
00000ea4
000003c4
ffffe9e1
000005fa
000005a3
ffffdec8
ffffe999
ffffeec6
0000140d
ffffed04
000009a8
fffff353
00000b39
fffffec8
00001d18
fffff138
ffffe2ac
00001009
00000737
000003f9
00000e5f
00000c7c
fffff94b
fffff914
00001f89
ffffff94
fffff201
fffff887
fffffac5
fffff753
fffff701
ffffdc67
ffffed33
ffffd24d
00000686
ffffecd3
fffff5dd
ffffd122
000001c8
00001623
00000097
00000542
ffffc953
ffffd008
00000541
fffff95b
000018eb
fffff399
ffffe188
fffff321
fffffcca
00001c14
ffffe6d9
fffff705
00001352
00001633
00000484
0000030b
fffffd0d
00000945
00000138
ffffedb8
0000110c
000001b7
000006e0
fffff9d7
00000c9e
0000123d
00000b2f
fffff56b
fffffc33
ffffeee9
ffffee36
00001310
fffff10d
fffff50d
00000d50
ffffc9a1
00000982
00000b2a
fffffa7f
fffff305
ffffe268
00001a61
ffffe5fe
00001945
ffffeaf1
00000337
00000739
ffffdef0
fffffcd5
0000082e
ffffea59
fffff181
ffffea23
00000f83
00001eab
0000252f
00001be6
fffffff2
fffffef2
fffff076
000025b3
00001edf
fffff4c2
00001293
fffff711
ffffe473
fffffdcf
fffffbff
ffffe5fe
000027a0
ffffffdb
ffffe52d
fffffda8
00000b7c
fffff489
0000198f
fffffb04
fffff43d
fffff4ef
ffffee12
fffff447
ffffd2b1
fffffd76
0000014c
0000278b
ffffebef
ffffbc9a
00001385
fffff58b
fffff858
000006d9
00000844
00001410
fffff014
00000007
00000906
ffffd450
fffffbce
ffffdf40
ffffd6e7
0000089f
000028b2
000026b8
ffffbd7e
fffff778
fffff912
000009d0
fffff5d0
fffff632
0000067b
00001369
ffffd72d
00000c0f
000012e3
fffff900
00000b61
00000782
0000114f
fffff657
0000067e
0000052e
00002807
0000061c
000004a2
fffffd1d
ffffeedf
fffff937
ffffe647
ffffddf5
0000068f
00000217
ffffeed8
0000060e
00000391
00001dc6
ffffef21
00000b1b
fffff262
ffffe7fb
000001e4
00000ee0
fffff237
00000a20
fffffcbe
fffff567
000008d4
ffffd95c
00000150
ffffe835
000025cb
00000c21
ffffed75
fffffffa
fffffbb9
fffffdbe
fffff7d9
0000067d
ffffd539
ffffe15d
000000ab
fffff701
0000256b
000010e3
00000f36
ffffe9ee
fffff897
fffff56b
00000c21
00000d85
000010de
00001b28
ffffe815
fffff1f9
fffffb01
00000739
000004b6
00000f3a
ffffeda3
fffffa01
fffff004
00000032
fffff7e5
fffff05d
00000f89
00000178
ffffca00
ffffff2c
00000c45
000013d8
00001770
ffffee41
00000c39
fffff803
fffff9f7
000002d0
fffffa68
0000004d
fffff0ff
00000b67
00000f5c
000008bc
000008f8
fffff68e
fffff4ed
00001277
0000052a
00001655
fffffd73
ffffef65
ffffddf9
00000b4e
0000047a
fffff51c
00003067
000027e0
00000e99
0000228d
0000053d
fffff8e4
00000501
00001966
fffff9cc
fffffde1
0000330a
ffffe25d
000015ca
ffffeb2d
ffffe026
00000034
fffffaa1
ffffebd3
000008e0
ffffee7b
fffff70b
000017da
0000145c
0000051f
000002dc
ffffffc4
fffff3b6
000019b7
ffffe411
ffffe62a
ffffe1de
00000b9f
ffffe4e5
ffffd721
00000d41
fffff864
ffffff9f
fffffd69
00001a60
000008f3
fffff0ea
00000dbf
ffffe393
ffffdab7
000002fe
000022d0
fffffc73
00000593
fffff285
fffff871
ffffc6b8
ffffd600
000012e5
ffffc1f7
fffff1ef
ffffeab9
fffff951
fffff87b
fffff9a1
00000101
00001c42
fffffa8c
fffff141
ffffec9a
fffff953
000002c8
0000023d
000018a5
00000ca6
00001bfc
ffffdc60
ffffece7
00000c16
fffff675
000021b9
fffff5e7
00001178
fffff951
ffffe5ea
fffff72b
0000120b
0000207f
ffffdb66
000008e4
fffffabf
000005f0
0000052f
fffff62a
ffffe3b1
00000204
000015e8
fffff894
ffffea40
fffffc1c
ffffe029
fffff9eb
ffffefa5
00000554
000002b3
00000bc0
ffffeeb5
fffffffd
00000e35
00000911
000022d0
ffffee02
0000008b
fffffef3
ffffe885
000011eb
fffffede
0000169a
000007e7
fffffd12
00000d00
000001c4
ffffff0f
fffffe6c
000016a3
ffffff25
00001a55
fffff65e
000026d9
ffffe134
ffffd625
000017c0
ffffe166
fffff573
00000712
0000034e
00000523
fffff1da
0000018c
00001336
fffffca2
0000197d
00000312
ffffe9b3
fffff7f3
00000ad8
00000f1f
00000a32
00000391
0000176d
000001bf
ffffee27
fffff844
000004c5
00001507
fffffade
fffffc1d
fffff786
ffffe744
ffffe1a7
ffffee3b
ffffdea3
00001bb4
ffffffef
000004eb
00000f69
00000193
000002f1
ffffeb5d
00000bf8
fffffefe
fffff223
fffffbf0
00001192
fffffd59
000030ae
fffff041
0000024c
00000378
00000284
000010de
fffff74a
000007a7
fffff26c
fffffcae
fffffe2e
fffff1f1
00000122
00001b20
ffffe798
fffff613
fffffdae
fffffdd4
ffffee12
ffffeee1
00000416
00000961
000017d6
00001b35
fffff3a9
00000edc
ffffe2e1
0000027c
ffffeb91
000009ed
00001bab
fffff4ae
00001575
00001a59
00001555
ffffeb40
fffff2f6
ffffe7bd
ffffff16
00000099
fffffbf5
000008f3
fffff5d7
000013c7
00000815
fffffdf0
ffffe59c
000002bb
000001b1
fffffa7f
fffff1ac
fffff3ba
fffffd4a
00000683
ffffdb89
00000d10
ffffe70f
0000042c
0000082d
00002395
000005d7
ffffffa4
00000eb9
00000514
000012bb
fffffff3
fffff0fd
000002c6
0000092f
0000003c
0000095c
00001554
fffff1ab
fffff506
000003e4
00001f08
0000045f
ffffedfd
fffffcb4
00000bc7
00000fbf
000006b3
fffff982
ffffe704
ffffddca
00000de9
0000084c
00000f09
ffffeb0e
ffffe93b
fffff113
00001ea7
00001151
000002b2
fffffc0c
fffffe67
ffffe859
ffffd599
fffff0e4
ffffe755
fffff7f0
00000a8b
ffffea4e
fffffedf
00001257
fffff616
fffff87e
fffff3f5
00000194
fffffae9
00000617
000015bf
0000067f
00000f4f
000018f2
00000222
00001212
00000829
ffffedb0
fffffea4
00000b64
0000084a
ffffe9a7
00001382
ffffe979
fffffcb2
00000629
000002a1
00000e61
00000411
00000148
00001d34
ffffdcfd
00000fef
ffffda6a
ffffc9a1
000034aa
ffffd1ec
fffff08f
ffffefe3
ffffdac0
fffffeb5
00002cf7
000042fc
fffff8a1
fffff1f0
ffffeace
ffffe97c
fffff5c5
ffffed72
00001846
ffffef44
00000851
fffff8cd
fffff5b2
ffffe686
00000a9a
ffffe70d
000011d5
ffffeb8c
00000671
000008b6
0000072a
ffffd7d3
00000d0f
ffffeaf1
ffffd80d
ffffe4b3
00002358
000010e3
00001b9e
0000242e
00000174
fffffcc5
ffffffc0
00001f94
fffffa1b
ffffdb3e
ffffea21
00000957
0000014f
ffffed84
00000bc7
ffffe9b2
00001dba
ffffc5d8
00002b89
ffffe720
000018db
00000f19
ffffffcf
00000eaf
fffff2dc
fffff548
fffff817
fffff003
000002c1
ffffce22
fffff098
0000055e
fffffa9b
0000353b
ffffda01
fffffc7e
ffffe224
ffffe3e0
ffffeef0
00002d38
fffff900
000021e9
ffffd6b4
ffffede1
ffffef74
00001c31
fffff798
000006e2
00000cef
fffff947
ffffeb67
ffffea26
ffffcc28
00002400
00003e8e
ffffde4d
00000e25
fffffb2c
fffffcb1
ffffe04b
fffff965
000017fd
00001b30
00001ccd
ffffecf7
ffffdff1
fffffd53
fffff40e
ffffcb9d
fffffe9a
ffffc04f
ffffef9d
ffffe433
ffffb441
fffffc39
00001d1c
00001beb
00001177
fffffff1
ffffdc45
fffff621
ffffe5eb
ffffdbbc
ffffeb25
ffffdb1c
ffffef6a
fffffc7a
fffff089
00001ddb
ffffe25f
ffffdb40
ffffd030
fffff28f
000016ff
fffff170
000011e8
0000088d
000008f7
fffffc88
0000141d
ffffffa0
ffffda7f
ffffee84
00000d07
000053a6
ffffce04
000007e7
fffffe34
ffffcb98
fffff240
fffff1e5
000033b4
ffffe4ab
fffff6d3
fffff4ac
000011d1
ffffe254
fffffc6f
ffffe724
000019de
00000e6a
fffffe2e
ffffd57d
0000336e
00000f2d
00001103
ffffd7a8
000011bc
00001fe4
ffffe470
00000168
ffffc660
ffffe721
ffffeb85
fffff844
ffffea7d
ffffff96
ffffe86b
ffffe74b
00001531
000013c1
0000137e
fffff124
ffffed41
ffffe042
00000870
ffffdb3b
fffff48f
fffff2bf
0000204f
ffffe675
fffffbd2
fffff978
ffffd648
00002297
00001c9c
fffffc1d
000008a8
fffff528
fffffafa
0000009f
00002e26
00000fcb
0000163b
000020d4
ffffeb06
ffffec0f
0000403e
ffffe2e0
fffff4b4
000007f8
00000491
fffffd67
00000930
fffff20d
0000018d
ffffee86
fffff443
ffffd6b5
00000537
ffffec11
0000154e
ffffffeb
00000ec0
000006a2
000004e1
00000b5a
ffffdead
ffffe936
000017e4
ffffdf54
fffff7c1
ffffe60a
00000bb1
ffffe6bf
000012d8
ffffe717
fffff99f
000009ea
fffff09d
fffff574
000012ea
00000dd8
00000a6d
fffff60a
ffffe737
fffff02d
fffffaf1
000007f3
00001129
fffff7d8
00000669
ffffee31
000009eb
00001cdc
000021ce
00000832
00000910
ffffe07b
ffffe34d
000017a7
fffff45a
fffff428
00000d0e
000021c4
fffff6ba
ffffe74c
ffffed30
0000050c
00000606
ffffe15b
0000125a
fffffe24
000016c0
ffffee71
ffffe3bc
000004e6
fffffd5b
ffffff40
ffffd6c9
00000aca
00000c08
fffff505
ffffd34a
00001af5
ffffea22
00000752
0000050e
fffffe8c
000011a0
000020bc
00001c41
0000336c
ffffe1c1
fffff91d
000023e1
fffff832
ffffee2b
fffffd5b
ffffef60
00001c59
00001eec
fffff4b5
ffffeba2
ffffec46
000001cf
00001f11
ffffff5d
00000e14
ffffec4c
fffff6cb
ffffec9d
fffff49c
ffffe4d4
fffff36e
00002431
00000d29
fffff8bf
000007d4
fffff2a8
00000796
ffffb53d
00001683
ffffe367
000011e5
fffff4f5
fffffc8c
ffffed4c
00000601
00000e01
fffffdc7
00000337
fffff766
0000113c
ffffed0e
fffffa1c
fffff081
ffffe9f0
00001bdf
ffffcc42
00000b11
00002088
0000068b
00000c38
fffff95c
ffffda89
000014ed
ffffef96
ffffe648
fffff0cb
00000026
ffffdd0d
00000137
fffff4d8
fffff16e
fffffd1d
00001d02
00001872
fffff644
ffffdddc
fffff997
00002869
00001986
fffffda3
fffff0b9
fffff05f
00000997
ffffe1fe
ffffff38
ffffd70b
00000d5b
ffffffbe
ffffef22
ffffee39
ffffe900
00000c4e
0000061e
fffffb71
000003a7
ffffff9b
fffff2ca
00000322
ffffff52
ffffe58e
000009fd
ffffe8a2
fffffb1c
ffffded5
fffff061
00000a72
fffffbad
fffffc5a
fffff5a7
ffffe1b7
ffffebee
fffffdd8
ffffe221
fffffa34
ffffdfe5
ffffdd80
ffffd611
ffffe95c
ffffffc9
fffff0fe
ffffdd85
fffffe6b
00000971
0000152f
ffffce95
ffffcdd9
000005a0
fffffcc6
0000092a
fffff9c0
00000e53
000014c1
ffffdb22
000022a8
000005b6
ffffd98b
00003cf4
fffffc77
fffff3e7
fffffc7f
000012b8
ffffeaca
ffffdf8f
ffffe0a6
0000021c
0000079f
fffff1c0
000027f9
fffffdbf
0000067a
fffff388
000001da
000012e8
00002110
ffffee23
00002863
ffffedb8
ffffddb2
000013ac
00002309
ffffd878
00000e38
ffffde0f
00001c2d
00001c1b
000000ae
ffffff61
fffff7ae
ffffeafc
fffffafe
000005ac
0000142e
ffffe595
00000da7
00000f9b
000022ce
0000011e
00000d67
ffffe0e1
00000575
00002526
00000f60
0000167c
ffffdf80
ffffe7b5
ffffed50
ffffdf24
ffffe3f2
00001c1d
ffffe686
000012bb
ffffeba5
00003c19
000027ce
00001872
00000001
000012c7
ffffea2a
00000c51
00001310
fffff698
00000962
000011ff
00000fa4
00000d29
ffffc4ea
00000f3d
00001f32
000000b6
0000113d
000014e4
fffff6c4
00001484
0000010f
00000504
00000c09
000006ab
ffffeda5
ffffe596
000001aa
ffffee1d
ffffeeb1
00000c40
00001494
ffffdf06
ffffff31
ffffe193
ffffe75d
ffffde0c
00000c51
000022bb
00003e40
ffffd24f
00000f37
000036b0
00000b8d
fffff48d
fffff438
ffffcf34
00001af8
000012c6
0000177b
ffffcabd
fffffcf4
0000337b
fffff11b
ffffe3a8
0000084e
00001af7
00000645
fffff876
00001746
fffff503
ffffee28
ffffc056
00000b2a
0000023d
ffffe667
ffffe4b4
00001afe
ffffd987
ffffc567
00000432
00000de2
fffff776
00000079
fffffcf0
000006bb
ffffef5a
00001f5b
ffffe0f5
00000ba2
fffff82e
0000122b
fffff3d9
0000127b
00002d6f
ffffd6cd
ffffe97c
ffffda9f
000009b2
fffff02e
ffffcc79
0000111c
ffffea6b
00005298
00001fb7
fffffe08
00001b4f
fffff1c8
00001a29
00002914
fffff776
000037db
00000836
fffff089
fffff36a
ffffc291
ffffe40e
00000aab
00000d3a
00000f8e
ffffc46c
ffffe2d8
00001014
00000c53
fffff49f
00001a18
000010d9
ffffd9d7
00000902
000025b9
00000291
ffffd28a
000011a8
00000e1a
ffffda13
00001d24
fffffcf4
00001ab7
00003f00
00000eca
00001a7d
00002126
000024bc
ffffd059
fffffc77
0000056d
00000803
0000118f
fffff05d
00000806
00001c94
00000624
fffff603
ffffe1a9
000010af
00000801
00002762
ffffe32a
ffffd4fb
ffffead6
ffffcc45
ffffdccd
ffffd27e
ffffc262
ffffd6ab
ffffeef6
00002a18
000005ed
00001897
ffffc596
fffff015
000015ff
fffffeea
fffff48b
ffffe422
ffffdc4a
00000bfe
00000ff7
00000967
00000cd0
fffffad9
000002bb
000017ec
ffffb42b
fffff3bc
00000546
00000612
ffffe503
0000511a
ffffe432
00007277
000004c3
00000928
ffffffcb
000014dd
ffffece3
ffffb535
000003dd
fffff71f
00001e4f
ffffc815
0000244d
00001fb5
fffffa3d
ffffeaf5
000001a8
ffffeaf6
ffffe440
ffffdbc9
fffff8ab
fffff9f5
00001470
ffffc2c7
ffffdc35
0000153b
ffffcd44
ffffd8b1
00001670
00001bb6
ffffed9b
000040a9
ffffe14c
fffffdce
fffff627
00000271
ffffeb32
000016da
0000198a
00001041
fffff8f8
fffff830
ffffc48a
000019da
00000b1d
ffffbf8e
00001b8e
ffffb99c
00003456
00001e22
ffffe654
ffffeed0
000008be
ffffc50e
000019fb
ffffed02
ffffe5a5
ffffff89
ffffeea1
fffffd30
ffffe975
000016a2
fffffb96
000016f5
fffffb12
