fffffedd
00001a5d
fffffbf0
0000167c
0000336a
ffffe7a4
00000e6a
fffff473
ffffff52
ffffec23
0000325d
ffffe542
0000186a
000014d9
ffffffb7
00001dc1
00002b2b
fffff617
ffffed38
fffffd69
ffffeaf2
ffffe4e5
fffffc41
ffffebd0
fffff4ce
00002c22
000003c5
fffffd4b
000017f9
000008d3
00001b5e
fffffa9c
00001e5f
000013ed
000005fe
00000ee0
000002e1
00000e43
fffff753
ffffee28
00000746
00000a8f
ffffdc1d
fffff787
ffffd990
00000c9c
ffffea48
000010b1
fffff62c
ffffdef1
0000109b
ffffd92c
ffffe8cf
ffffd876
00001f5e
00001952
ffffee16
000005ce
fffffe25
00001ac3
00001cee
ffffe566
0000070f
00000501
ffffd885
ffffe983
00000be0
fffff32a
000011de
ffffeb8e
ffffda83
ffffec5b
00000eed
fffff26f
00000cc0
00000181
00002091
ffffeeed
ffffedcb
fffff8e2
ffffd563
fffff1fe
00001c72
000001e8
fffffb8a
ffffeafa
fffff480
fffffc46
fffff512
ffffdd22
ffffe81d
fffffa7c
000001d2
ffffeea4
ffffc346
fffff90c
000007ac
ffffd3d3
00001365
000001aa
0000128b
00000c86
ffffebe3
fffffc17
00001598
00000169
000013b1
fffff1e9
fffff657
000003b7
000009af
ffffebbf
ffffef4e
00001543
000003e5
000006e8
fffff7b7
fffffdee
fffffe02
fffff751
00003eba
ffffe277
000001c0
ffffee22
fffffc4e
fffff368
ffffceb2
ffffe991
ffffffce
000004dd
0000308f
fffff3b6
fffff25f
0000070b
fffff972
00000747
00000471
00000637
fffff421
ffffec15
0000171c
0000118d
ffffee43
0000054f
ffffa87b
fffff45d
fffffec9
fffffe5a
00000271
000007f2
ffffdee5
ffffda5c
fffff266
00002504
000002c2
00000f1d
0000280f
ffffd086
ffffeef0
fffffbbc
ffffe885
ffffeb48
ffffe287
ffffec5b
fffff6fe
fffff245
000018c9
ffffd542
00000768
fffffc5b
ffffdeec
ffffdf22
000028c1
00000e26
fffff8a3
00000d23
ffffe7a7
00001923
ffffee8c
0000322c
fffffeb7
ffffc0a1
ffffe379
ffffeff0
ffffef20
000019f8
0000125b
00000dce
fffff6a3
00001ae5
ffffd8ee
000013fa
fffff414
00000532
000006ee
fffffaa0
fffff527
ffffe355
ffffebf1
000002fb
000011ef
fffffde7
ffffd7b9
000013e4
fffffd74
ffffe42b
fffff5c4
ffffcbfa
fffff7a9
00002c99
0000087f
00000706
fffff27a
00000bb7
000003a9
00001366
fffff4fe
fffffd95
00002335
0000159e
ffffe7be
00000afe
00000703
00000ce9
fffff29a
000002d0
fffff29d
00002a92
0000060d
000004e6
00001522
ffffc7bc
ffffe1da
00000eb0
000012e2
00001948
00000130
00001890
00002ac9
ffffea19
fffff6b8
ffffec3d
ffffde22
fffffb15
fffff15c
00002b46
ffffd3d7
0000096e
fffffe44
fffff871
ffffe1e9
ffffdaf3
fffff773
000024ac
00001a8c
ffffee3c
0000313d
fffff914
ffffc551
00000ebf
ffffcfde
ffffea3a
00000dc2
ffffd478
00000a44
000008f0
000003cf
ffffd7d6
ffffe1a5
fffff19f
00001fdd
00000208
ffffeaa9
ffffe446
00000c8c
000017b4
ffffe95d
00002afd
000006cf
ffffdbeb
ffffdfd9
ffffd606
ffffe94c
00000574
ffffd6ae
00000858
ffffe916
00000bb3
00001b92
00000a54
000020e3
ffffd2d9
ffffe142
00000922
0000175b
00000cb0
0000157d
00000034
00002521
000014b4
ffffd640
000012d3
ffffd5ac
000010d7
fffffe0a
00002282
00003aa3
fffff48b
000032df
fffff4a2
ffffdd1e
00000d6f
00000a9f
ffffe8ca
00000e3f
ffffef45
fffffdce
fffff361
ffffee0f
fffff722
ffffe493
00004ef5
0000199a
ffffec1b
00000ada
fffffc75
fffffdaf
fffff986
fffff025
000010fd
000029f4
000006f3
ffffed58
00002ee3
fffffcd9
ffffdb71
00001290
00002194
fffffe83
00001510
fffff639
fffff8cc
00001d65
fffff2d7
00003558
00001b1d
fffff01a
00002330
000004f6
00003eec
ffffec70
ffffddfd
ffffee67
fffffe3a
fffffea1
ffffe7f5
00000b08
ffffebce
fffff623
ffffebed
000001dd
fffff4bf
0000073a
ffffedc6
0000200c
ffffda58
0000089c
00000c4a
00001396
fffff8d3
000006c4
0000131f
000009dc
ffffefdd
fffff382
000001ee
000008eb
0000130a
fffff636
fffffe86
00000caa
fffffba8
00000d33
000000d1
ffffd4d0
ffffe8d7
0000281b
00000b50
fffff894
fffff504
00000b1e
0000127d
fffff603
ffffe800
ffffe3ad
ffffec3a
fffffdfa
ffffe4be
00002366
0000238c
ffffee32
ffffe5f3
000014a9
fffff14f
ffffecce
00000594
00001925
00000d95
ffffef96
000021b9
ffffd248
ffffeb5c
fffffbe8
00000bb8
fffff832
000026a3
0000161a
00000c73
0000162a
ffffe9b1
fffff6ed
00003e55
000011e8
00001054
000013b3
0000145c
fffffa9c
ffffe526
000033b2
ffffd792
00003bd7
fffff178
ffffe42f
ffffef32
00001106
00002ef9
0000122f
ffffdd2f
00000b74
00001189
fffffcc3
fffff3dd
fffffe60
fffff798
ffffbc66
0000396f
ffffdc62
000007d6
fffff40f
fffff441
ffffdd32
00001620
fffff821
00000afb
00000f19
ffffd37c
fffffe17
fffff022
ffffe8ba
ffffcbe7
00000a6d
000016ce
000005a9
000016b9
00003006
ffffe2c4
ffffeacc
00000e95
fffffb79
fffff151
ffffe2b0
0000013c
ffffe54f
ffffe7fe
ffffd9b0
000028ae
ffffeff9
fffff075
ffffff21
000004fa
ffffb70d
fffff3b1
ffffeaec
00001a33
fffffc5c
ffffe6ef
00000635
00002c6f
ffffe6dd
000030ee
000011e7
ffffe3cb
00000cc1
fffffb3e
00000d88
00001361
ffffdfb9
000000da
ffffe5ac
ffffed82
0000169a
00000227
00001e98
00000718
fffff7fe
00000be8
00003264
0000062a
fffff866
ffffff29
fffffe1b
000000b9
ffffcee7
00000ab4
fffff3b4
00002c21
ffffd728
00001769
0000361e
000005b2
ffffe962
00001789
00000810
000002a6
000008d3
ffffd4c8
00000a5b
ffffc8e3
00002adb
fffffec0
ffffeb3b
00000d32
fffff226
00001e24
00000353
ffffe0cd
000013fb
00000cdf
fffff8a9
fffffed5
ffffe418
ffffdc6b
00000b8f
00001803
000003d0
00001533
000013cf
00001a25
fffff2d6
000002f2
ffffc91e
ffffeaf3
00001853
00000e24
ffffd367
ffffde3c
ffffff64
00000b95
000020b3
fffff793
00001cc1
ffffdc44
00001381
fffff91a
ffffeee1
fffff7c5
00004280
000015bb
00003294
ffffffd9
ffffff71
fffff735
fffff2c8
ffffde5f
ffffd9ac
0000190f
fffff62d
ffffefe6
fffffb40
00001b10
000006b7
ffffe5e8
ffffe6eb
00000aae
00000134
fffffc72
fffff90f
ffffe0a0
ffffce76
00001bb9
000025e5
ffffcae6
00001a2b
fffff184
000015aa
000014cc
fffff7eb
ffffedab
0000318b
ffffe98c
00001a31
ffffdf9d
00000631
00000941
00000244
ffffe8b5
fffff571
ffffc78d
ffffe660
00001c8a
ffffde0b
ffffd2c5
ffffe5c1
00000168
00001534
00000262
ffffe956
0000040e
fffff56f
fffff2ca
fffff9b0
000007bc
ffffbb4d
00002013
00000008
00000aa0
00001d0f
0000064e
ffffecdf
ffffe2ea
fffff261
fffffab9
fffff7dc
fffffc8c
ffffffb5
000003c1
00000b28
ffffdc0b
00002347
ffffedd1
0000122c
0000047e
00000c66
000004e1
fffff1a7
fffff40c
ffffff0c
fffffc79
fffff67c
ffffeb8b
00000554
00001463
fffff252
ffffe355
0000191f
fffff67d
ffffcf2e
ffffdee3
ffffce25
00000952
00001a79
00002e73
ffffff2f
ffffe361
00000e80
ffffe801
00002f7c
ffffea29
00001626
00000201
fffff3e4
00000d59
00001062
000031cc
0000279f
00000705
00000095
0000010b
ffffe6db
000013b4
ffffeaee
00001017
00002ce4
00000da6
fffff493
00001b30
00000f20
0000087b
ffffe6d1
00000581
00003710
00002122
fffffe8f
ffffe690
000008eb
fffffce8
000008c3
ffffec5d
ffffbc94
ffffdf76
fffff826
000021ea
0000352f
00000b91
ffffeb79
ffffff62
00002986
00002a1e
ffffe51f
ffffdb0e
ffffdb08
ffffe52f
00001a24
ffffce3e
00001a99
ffffdfe8
ffffee9f
ffffed6d
ffffc7e7
000010dd
ffffcbfd
00000b4a
0000043f
00001614
000004e7
fffff324
ffffe329
fffffdeb
00001c1d
000006dd
00001848
000039d9
fffff121
00001520
00001c69
00002aee
ffffecc8
00000be2
000012ac
00000e0a
00001c97
ffffd9e4
fffff6a6
fffff68d
00001504
000009a8
0000136c
00000368
fffffe15
00000567
ffffeb2b
0000051b
00001656
ffffdb85
000011ba
0000018e
0000209b
00000c41
fffff126
ffffe670
00001013
00001df9
00001515
ffffefa3
0000146b
fffff685
ffffd836
ffffec84
00000111
fffffab9
ffffe915
fffff34e
ffff8ec0
fffff06f
000020f6
fffff8c8
00000475
00000683
ffffed23
fffff19a
ffffde19
ffffc8dc
ffffff95
ffffe2c1
ffffd8f8
fffffef7
ffffe236
000014d7
00002ca4
ffffda59
ffffe565
ffffef55
00002642
00002903
ffffe0b3
ffffed1b
00000c8b
000001dd
ffffe612
ffffda03
ffffe4cf
ffffebfb
00003ca3
fffff966
0000080d
00001df7
000005f9
ffffd91c
ffffee4d
ffffdd0c
00001782
ffffdbb8
00000b11
0000068d
ffffe14e
0000172b
fffff50e
000008f2
fffff3a4
ffffcd51
00002400
ffffff7d
ffffef79
ffffc9a7
ffffeaf2
ffffe790
ffffe82d
00000fb1
00001f16
ffffdef9
00001947
000032a3
00002254
ffffd9ba
fffff31d
ffffef6b
00001785
ffffe0d0
00000184
000001a1
ffffddc3
000038c0
fffff2a7
ffffdc73
ffffef5f
ffffee52
000027c5
ffffe06b
00000db9
00000383
00000742
ffffc3b0
ffffd339
ffffcb84
ffffeb5d
00000a0f
fffffa02
00001c93
000024de
ffffeec0
fffffc9d
00000224
fffffaa4
00001cf7
ffffee17
000009a7
00002954
ffffec2d
fffffd93
00001e31
00000de5
fffffbaa
fffff858
0000158b
fffffaac
ffffe272
00000c44
ffffe5cc
ffffee4a
fffff580
ffffdaf9
ffffd208
ffffdf9e
ffffd950
ffffe2da
000012ce
fffffc0b
ffffcaf1
ffffeb8a
ffffdb17
00001d53
fffff740
00000a34
ffffde81
00000ee7
fffffc67
ffffe0bf
ffffebb7
000005fe
00002b6a
00002632
00000da4
fffff19b
fffff9bd
00001a51
ffffb111
ffffe042
0000239c
ffffebed
ffffd4a7
00000fa0
00002c06
00001b72
ffffceef
00003022
00000c5e
fffff493
fffff5a5
000004a2
fffffdb9
ffffd3c3
ffffe9c3
fffffb1d
000024e3
00000511
00003546
ffffe7dc
fffff34a
00000019
ffffee90
0000091d
fffffa18
fffffeef
00000ad4
00001915
00000126
fffffb3b
000004d7
000025a5
fffffd72
ffffdda5
000009b7
000005df
00000332
000005e8
fffff563
fffff873
000027f0
fffffa06
0000023a
ffffd9a2
ffffdd3c
fffff9a3
ffffc578
fffffaac
fffff699
00000dee
fffff267
ffffe5f6
ffffeed9
00000c7a
00000a15
fffff0f6
000011fb
00000b65
000013c3
ffffec64
fffffa0b
fffff220
fffff490
00001222
fffff6ba
ffffe77f
00001557
fffff51a
00000b8a
000003b4
00003aef
00002246
0000007a
0000147b
fffff7a8
fffff739
0000062d
0000164c
ffffed1f
fffff039
ffffea74
ffffe658
000028e6
00000428
000008c1
0000044b
00000114
000008ed
00001477
fffffd91
ffffd5e2
fffff8ca
00000a91
000018e0
00000d4a
0000002a
ffffe2be
fffffef7
ffffe7a8
fffff9e5
00000f13
fffff1ff
000001b8
00000dd4
fffffdce
000006ad
ffffe34d
fffffadf
ffffea96
fffff399
fffff025
fffff05e
00001e06
fffff87f
ffffed54
ffffee56
fffff70c
00001f82
fffffa38
ffffe1b8
0000037b
ffffef36
00001e13
00001efe
00000132
fffffad4
fffff809
fffff262
fffffc23
00000d97
00002582
00001892
ffffd634
fffff2c8
fffff962
0000045d
00000814
00000c62
00001c21
ffffe9b9
00000519
0000033f
0000147a
000032ff
ffffefb9
ffffd80b
fffff6a9
00000d5b
000008da
fffff966
fffff090
ffffb9ec
ffffebcf
0000081a
000010e6
ffffe795
00001e5f
00000cff
ffffef43
00000133
00000265
00000a54
ffffef3e
fffff5c3
fffff921
fffff6cd
fffff01b
fffff9e3
0000192d
0000122f
fffffd73
00000e7c
ffffffb3
00000147
ffffe2f8
ffffc1ba
00002cd0
000007b3
000001f1
0000161e
fffff3c3
0000057d
00001075
0000185a
fffffed1
00000bf4
000037ac
00001962
ffffec6b
000024e4
ffffed56
000003dc
0000019d
ffffdcfa
fffff0a2
00000efd
00003b66
00000cb0
ffffe410
000018ff
0000007b
fffffafd
fffff645
00002694
00000f97
ffffe66d
fffffd79
ffffe8f4
fffff13f
00001378
fffff659
fffff7a4
00000f0e
ffffdf7d
00002885
fffff930
fffff924
000005bd
ffffcb97
fffffea1
000016ca
ffffc49b
ffffff89
000004f3
ffffe181
fffff61f
0000003e
ffffec6c
fffff8ca
0000079b
0000141d
ffffe9f2
0000027c
00000885
ffffe8af
00000487
ffffe805
000043d5
ffffe533
000007b4
ffffccaf
ffffe34f
00004711
00003bf5
fffff9ee
ffffe2fa
00000214
000015b1
00000680
ffffe15e
00000b7b
00000761
000012cf
00003d5f
0000200e
ffffe4f8
0000230b
0000137e
fffffae9
ffffe1ff
fffff98d
00001072
ffffff4b
0000092b
00000015
fffffde0
000005b4
00000c04
000024e3
000001de
ffffd7d5
ffffea53
fffff59d
00002618
000037b6
fffff8c8
ffffcd3d
0000092e
00003443
ffffd49b
00000c9d
ffffcaba
0000019d
fffff51b
00006ed6
ffffff80
0000097e
0000169b
ffffe94f
ffffe267
000034aa
ffffd270
ffffe55f
fffff2dd
0000003c
ffffd606
00001232
ffffe68d
00000810
00000089
0000299f
fffff92a
00000449
ffffe39f
00002bfe
ffffe887
000010d5
00000dec
000021a8
00001b07
000026db
0000163b
fffff0bd
fffff336
ffffef61
ffffe9c6
00002cd9
fffff48d
fffff810
00000126
0000031d
000024c5
00001df2
00001ee4
000005a5
000009ef
00000fc2
0000020a
00001944
00000437
fffff201
000001bb
fffffd3d
00000824
fffff2ce
000009ca
00000874
fffff07c
ffffee46
000006a5
fffffa09
fffffae3
00000666
fffff077
00001b94
fffffe69
000015c4
00000fad
00001e11
ffffffdb
00001435
ffffe225
fffff46b
00002908
00000433
fffff631
000016ab
ffffe395
00001a18
000006fe
000007b0
00004e1b
000032e0
00000441
fffffc0d
ffffe683
fffff1e4
fffffa33
00000469
fffffd1b
00001a24
ffffea41
00002803
ffffe55e
00002341
ffffffbd
fffff9c1
fffff06b
000005e4
ffffdce2
000012d4
000030f1
ffffe928
fffffdc9
00000612
000002c7
fffffd50
000002b2
fffff94c
fffffa0c
fffffe32
00000501
fffffca2
000002dd
00001303
fffff0f3
00001582
fffff43b
00000d7f
00001938
000002cb
00000f3e
00001dbc
ffffeb34
00000aaa
fffff0fa
00000ac5
fffffd87
0000088e
ffffeafe
ffffe7aa
fffff2e3
00000247
ffffd0f5
ffffeb3d
00001cd9
0000076e
0000084a
000001c9
fffff81a
0000167c
00002c54
ffffeafa
ffffeb2a
ffffe7ba
00000422
ffffeeb2
000005ac
fffffd81
ffffee1f
ffffff85
fffff3e4
ffffe414
0000006e
00000968
000025bf
ffffe211
00000391
fffffccd
ffffea66
fffffe3f
ffffedfa
00000583
0000138c
00000f24
000001f6
000012e2
00001f50
fffffd84
00002209
00000c42
000003cc
000019dc
000008ae
fffffe5a
00001418
0000111e
ffffd173
fffff3ba
fffffbf8
fffff655
00000501
00001c0e
00001383
00001a58
ffffede3
ffffdbe0
fffff9e5
ffffe6fd
fffffe07
000015a6
000016e7
00000235
fffff496
ffffed8d
fffff9b1
ffffede2
fffff6ea
fffffc4a
fffffa1c
00001b6e
00001888
00000695
ffffed5d
fffffbe3
0000183f
ffffe873
00000dfc
0000178a
00000956
000006d1
fffffe6d
ffffe80a
ffffe0da
00001278
000003c5
00000f02
ffffee20
000001df
fffff818
ffffffe7
ffffeece
00000fb1
ffffd92b
000015d7
00000877
fffffa1e
00001215
00000fa9
ffffce9f
ffffff76
fffff84e
fffffb75
ffffe389
fffff82d
0000083c
fffff9ab
fffff90a
0000177e
fffff91b
ffffead4
fffff737
000009b0
00001133
00001b04
fffffa88
00000d5c
ffffe6ff
fffff970
ffffff52
00001a1e
fffff76f
00000005
fffff3ee
000027a0
00000f11
00000e0c
ffffd8b8
00001b1c
0000176b
000005f1
00000ae0
000006c7
00000228
000014dc
ffffeb95
000015ef
fffffeb8
ffffd45c
fffffa13
000009fe
ffffe907
0000332a
ffffdeec
fffff374
fffffde2
000015ef
fffffe83
00000738
00001f35
00000879
00000ac9
00000fc4
fffff664
0000007b
00000198
00000fde
ffffe6e2
fffffbab
ffffe356
fffff99c
ffffd869
fffffd80
ffffe7dc
fffffdd3
fffff99b
ffffe2dd
ffffc709
00000195
ffffdfe0
ffffda49
000003b9
00000e72
0000103e
00000164
ffffe470
fffff092
00000ea6
00000153
0000110a
00000900
00000212
00002b88
fffff19a
fffff2e0
fffff56a
0000182f
00001dab
00000aa1
fffff21d
000004ff
00000334
fffff5ea
0000072d
ffffe18e
ffffdeb4
00000c66
fffffae8
fffff8c9
fffffe03
fffff714
000009d7
000030be
ffffff0b
ffffe887
00000863
00001d6f
00001493
ffffeb58
ffffe36b
fffff82d
000003f3
ffffec53
ffffe72e
0000023e
0000069c
0000059c
00001c1c
00001214
00001459
fffffb0f
000006a5
00001f9e
00001719
fffff756
00001c25
ffffcef0
00001b03
000001d5
ffffdc9a
fffffb66
ffffee82
fffff266
ffffd45f
00001b3f
ffffe7f2
00001561
00001cc0
00000ae5
ffffde7e
ffffd910
fffff609
fffff744
00000730
00000c56
00000c62
0000037f
00000e1c
ffffeb57
fffff00b
00002f49
00002e0e
00002c39
fffff7cf
00001a9e
000012ef
00001a20
000002f0
fffffa2d
ffffd84d
ffffee1e
00000f20
ffffe226
fffffbe5
fffff57e
000022ec
000001ac
fffff76b
ffffe76e
ffffe1ae
000029f6
fffff927
ffffc7f4
0000041b
ffffe4fd
000004bd
0000183d
ffffe82f
00001567
ffffc5b6
00003ece
000017ac
000023de
00001f87
0000133b
00000089
fffffc4a
000038fc
ffffd349
00001680
00001d91
0000116e
ffffe31d
0000086f
ffffeed1
ffffe220
fffff8bb
00000bc3
fffffb0a
ffffad24
000017ad
00001788
ffffdb29
fffffd28
fffff961
ffffe913
ffffccd2
fffffbb0
fffffbc8
fffff49a
000005a4
00000511
ffffd058
ffffe864
0000267f
00002bf8
fffff515
fffffefe
ffffdf36
fffff6c5
00004810
ffffc666
000020ab
00000ad1
0000103d
00000f03
fffff0f4
00000dbb
fffff73c
00002ef1
00001ac3
000002d0
ffffe102
ffffe534
fffffe13
fffffb85
ffffe229
fffff7dd
00001bb3
00001ab7
00002350
000006a6
00002a1f
00001257
ffffdf9c
00001172
fffff4e4
ffffdeb7
000019bb
fffffe74
000018d3
000026cc
000002fe
fffff67f
000019a9
0000042a
fffffa60
00002e46
fffff4b4
ffffdb2d
0000100d
00000d0c
00000f5c
fffff6b8
000023f5
ffffe491
fffffcf0
00001eff
000014b1
0000390b
000002ba
00000817
0000220b
fffffb3f
00000cbe
fffff9a7
fffff07e
0000012b
000012dd
00000ff8
000011ee
fffff25a
000023d2
ffffcfb6
00000bd5
ffffe9b3
00000480
ffffec3f
ffffe228
ffffb723
ffffec69
00000957
00000a6c
000010c2
ffffee20
00001961
ffffd7af
ffffeda0
ffffc45f
00000155
000019cc
00001a96
000000ec
ffffee66
fffff97e
ffffedfc
00000f49
ffffeb12
000017cb
ffffb32e
00002305
00000ab4
00000f47
00000772
ffffea5c
fffff35e
00000132
000009ed
fffffcff
ffffe8e4
00003acd
00000669
0000237a
ffffef78
ffffe6ef
000023d8
0000027f
00000f6f
000004d8
00000c0f
fffff787
0000025f
fffff3a8
000029fb
ffffff1e
ffffff92
ffffe305
00001d83
ffffe48c
fffff0af
fffffb56
00000b40
ffffe6e6
000008e3
00000515
fffff8e8
000011eb
fffff1d8
00000805
000006ea
00000819
000028b7
0000146a
00001078
0000304b
00000140
00002817
ffffe38d
fffff613
000031fa
ffffec9b
ffffe155
000020a1
00000090
0000017f
ffffcba7
ffffe62c
000004d5
00001144
00000d71
fffff984
000012c5
00001234
00000358
000048f8
0000280e
fffff9e4
ffffe1f5
0000022c
0000147d
ffffee05
0000114a
fffff3fa
000008d5
fffff4c9
ffffec76
00000043
00001ac6
fffffb02
ffffef9c
fffff8e9
fffff608
00000b3c
00001a35
00000405
00001452
000003ce
00000e0e
fffff382
00002dd3
fffff33b
ffffc49c
ffffe8b2
ffffe3c7
ffffcd6a
000048cd
ffffee8a
fffff134
0000029c
ffffe79f
fffff107
fffff087
ffffd7b5
fffffe63
ffffce63
00000325
00000a01
fffff0f7
00001ee1
ffffefe2
fffffe13
ffffdccc
ffffe1f7
fffff495
000012f4
fffff490
ffffe971
00003e8d
ffffefcd
ffffe773
00000a67
ffffed04
00000ae6
000006fb
ffffeffc
000037c6
00001b17
00000d40
000014bd
00000d31
0000442b
00001fab
000009c9
00001cf7
ffffdc75
fffffc73
00001dbc
00000912
ffffe32a
ffffd677
00002a9d
00000865
fffff7e3
000011e6
00000ca2
fffffcb9
fffff535
ffffee84
00000e1c
ffffda6c
000001fa
ffffe52b
00001ee8
fffff626
00000b82
00000ff9
fffff39c
00002a31
ffffe919
00001a1b
ffffe672
ffffc476
ffffeef3
ffffe859
00000191
fffff4d9
00001acb
ffffe162
000014b3
0000171c
00002c00
00000023
00001815
ffffe479
fffffef9
00000c18
ffffdaf3
00000d95
fffff10d
ffffffe1
00000c45
00001225
000007f6
00000b02
fffff6a7
ffffcf7d
ffffe49d
ffffea2f
ffffee6d
00001752
fffff833
00001cd1
000020fd
ffffc67c
ffffec0b
000018f6
00002609
ffffe9b2
ffffe8d5
00000f24
fffff86f
00002469
0000111f
0000270c
00000361
00000431
0000057f
00000448
00001899
0000148f
000012a3
ffffe621
fffff1ab
00000801
ffffeff4
0000001e
fffffc43
00000e7c
0000131a
00002911
00000033
00001ab8
00000259
ffffea44
000019d0
fffffa46
fffff4b1
00000e2c
00000873
0000079a
ffffdd85
000023d1
0000114a
00000dbc
fffffff4
00000ea5
000015d3
00002c50
fffffa00
ffffd970
fffff8d8
0000236c
ffffdf66
00001450
ffffd513
ffffefd4
fffffbe4
ffffee48
ffffdde6
ffffda63
00000c56
fffff76b
0000037f
ffffec1e
00002a33
000002b4
ffffe6bf
00002e9b
00002d99
000004a3
ffffe818
000024b0
fffff921
000018cd
0000184f
ffffebb2
000011a5
ffffe0c5
ffffd2e7
00000c36
000014db
fffff1fa
ffffec2a
ffffe45d
00003726
00001ec2
ffffeee9
ffffcc22
fffffe04
00000876
00000712
0000011e
fffff3b4
000006e0
000026b1
ffffe98c
fffff48e
0000056b
000028e7
0000293e
ffffed95
fffffe93
ffffbc46
ffffdc86
00000b2d
fffff279
00000417
000028e9
ffffe914
fffff5bd
fffffdb0
ffffec42
0000231f
ffffda32
ffffd081
0000002d
0000015e
ffffe642
ffffde8e
ffffdec3
ffffe32d
ffffe4ce
00000070
0000030a
ffffeb73
ffffedaa
ffffefd6
ffffd8da
ffffd4f0
fffffac0
fffffceb
ffffeeb7
ffffd54e
ffffdaba
fffffd59
0000009d
00000ab8
ffffdc53
fffffad5
fffffeae
000018c8
00001390
fffff94d
000003c2
00001c45
00000110
ffffeafd
fffff183
00000895
ffffdf8a
00000e9a
fffff5ef
00001af2
ffffcf6a
00000bd4
ffffffa1
ffffff48
00003ae2
fffff573
00000246
00001cc5
00000958
00000f61
ffffd6a3
fffff591
ffffe6ac
ffffea83
00000a95
00000ef7
ffffea1c
00001cf5
00000e48
00004884
fffff901
ffffea09
ffffe964
000011b9
ffffe282
0000271c
fffff0ad
ffffd75b
ffffec39
ffffd5e5
fffff754
ffffe519
000008d8
ffffe49a
00003775
ffffe15b
000001fd
00000712
ffffe3a8
fffff187
fffffb3a
ffffff11
000012fc
00001aae
ffffd1f5
00001004
000006cb
00002ee6
00001968
0000109a
ffffdc3b
ffffd759
00001c15
00002d15
00001e41
ffffec01
ffffe5e5
ffffd187
00000115
ffffed9d
ffffd9ad
ffffda9d
00000b75
ffffe15b
ffffedee
00001732
fffffeb3
000009cb
fffff624
000027aa
fffff4cb
fffffe10
000001dc
fffff163
0000203e
00001296
fffff672
000028be
ffffebbd
0000320e
ffffeee5
fffff110
0000249d
fffff902
000012f0
00000056
00000b4f
000019ff
00002426
ffffee1f
00001c38
00001538
0000165f
00001627
ffffee0a
000014ca
000010f3
fffff1c2
000008d2
ffffffee
00002d28
ffffe7a4
ffffdf50
00002532
000005e9
fffff8d8
00001a15
000002ec
fffffa63
00003ec6
fffff7d4
0000000f
ffffe114
0000055e
00001c56
00000e2c
000000c3
fffff909
00001dd7
000000e2
000027c5
fffffa37
00001a5b
00000b82
00000bfb
fffff1b0
ffffe229
ffffe47b
0000469a
fffff729
ffffeaad
000035f9
0000034c
000001a9
00000850
fffff124
00001f08
fffffeb5
fffffff4
fffffff6
00001a43
000022df
000004e2
00001d3b
ffffff67
fffff4a2
000006ef
ffffe595
fffff87e
ffffe107
00002c7a
000029d8
00002e3c
ffffd239
00000e03
0000156d
ffffd437
00001f85
000019f5
ffffed90
0000130a
00001ae7
ffffd58e
0000037c
ffffde16
ffffef90
fffffeaa
00001768
00000277
ffffd5e7
ffffff48
fffffb79
00002af7
000015e7
0000054b
00001953
00000571
ffffeb0b
ffffe9d8
fffff698
ffffafdd
fffff94c
00001d7b
000005e5
fffffd7c
fffff79f
00000e4a
0000012b
fffffc57
ffffe3c5
00000e78
fffff67a
fffff1bd
fffffead
00002f65
00000c2e
00000974
000013d5
00002d1c
ffffcdf7
ffffc3eb
fffffed2
0000013a
0000122a
00000bb0
000007dc
ffffd7fc
00000522
0000195d
00001f35
000009f4
ffffc838
ffffccd9
fffff490
ffffdf1b
000001f4
000015ea
0000115b
ffffe5ee
fffffa3b
000007b9
ffffedd6
00001f24
fffff9ba
00000634
ffffe4dc
fffff2d4
00000a6c
ffffd5cb
fffff3a8
fffff330
fffff2c9
00000bff
000012c7
00002656
000017ad
fffffb59
000010d9
0000017f
fffff2a0
fffff2ab
ffffddde
fffff9f0
ffffbe09
ffffcf6c
00000983
00002bd9
00000e01
00002503
fffff588
0000146e
00002c29
fffff322
00003c0e
000020a4
fffff341
fffffe3a
ffffe84c
00003e07
fffff916
00000800
0000262f
ffffffbc
fffffbc7
ffffdc2f
ffffeea3
000004d5
00002320
000002ce
00002ae8
000008df
ffffd22a
00002b23
fffffe78
0000045d
0000198c
00002527
00000c93
ffffda65
fffff83b
00000ac9
000004f4
fffff530
000018da
fffffc02
00000e82
fffff473
00001882
000026aa
00001acb
00000642
fffff8a6
fffff0cf
000005ff
000012f5
00000a72
00000ea6
fffff480
00001381
fffffb5b
0000343f
00002a67
0000211a
00000369
00003142
ffffebcf
ffffdd86
fffff8ad
ffffd263
fffff235
0000042e
ffffedb1
ffffd8a0
00003615
0000049f
00002b7e
00001acd
ffffd5d3
00002106
00001bed
ffffd594
fffff65b
00000769
ffffcec7
00000231
ffffeddc
fffff9ac
ffffd6df
000014dc
00001fc8
ffffdc05
ffffca47
fffff6dd
00002463
0000295d
00002347
ffffff42
ffffdb5a
000015ad
ffffedec
ffffe459
0000225a
fffff6a3
ffffd0d5
ffffc9ab
fffff16c
000030c1
fffff6aa
ffffbdb5
ffffd878
00001610
fffff706
00000d0a
ffffd4d0
000012c0
fffff0a3
ffffcf36
000001fc
00000218
fffffac5
fffffac1
ffffeaf3
fffff667
fffffc1d
000016d1
fffff0a1
00005afd
fffffed7
00001ba4
000034a4
ffffd8fe
ffffdfae
ffffe654
0000042c
00003506
0000127c
fffff70a
ffffe372
ffffca28
00002360
fffff3c6
fffff773
fffff8a5
000024a4
ffffdf8b
ffffe29b
ffffdad1
ffffd4d5
00002d3c
00000369
00002c92
ffffd71d
fffff34e
000025f9
00003790
ffffe5ae
fffffc2b
00000544
00000a29
000023f8
fffffe6c
ffffe3c4
00002eae
ffffe775
000011e8
00001509
00000c86
fffffaa8
00001b84
fffff0fb
ffffdf24
ffffebbf
fffff81c
000026a9
000027db
fffff3d6
000001b0
00000cc8
fffff18b
00000a39
00000e90
00000184
ffffebfe
00000401
0000121c
00001c9b
00000477
000013c2
000008d6
00000172
fffff118
fffff78c
fffff6aa
00000a7e
00003967
00000909
fffff0d5
00001311
ffffeea7
ffffe81c
00001950
00000090
0000170d
000004ed
00000036
ffffdc22
ffffef3d
0000062e
00000951
fffffe85
000009a4
ffffff47
000009bc
fffffeca
00001598
000009c2
ffffcfe8
00001396
00002038
fffff4b6
00002958
00000f3e
00000f90
ffffdb67
00001ede
ffffef6b
fffffc09
00000db7
00001cf8
00002148
0000081c
000012b4
00000bd3
fffff598
000010b9
000002c7
ffffe0d2
00001bc1
00000c4f
00000768
00000fef
000021b4
fffff823
ffffe759
fffff9b8
ffffe393
fffff6ad
000004c7
fffff3a1
0000064c
0000089f
fffff3c3
fffff73d
00001235
fffff05a
000018f1
00000b91
00003e3d
000001c0
ffffd280
000004c5
fffff90b
0000165e
000001b1
ffffe770
fffff399
000004e1
fffff64b
00001188
ffffdf04
fffffe1f
ffffe0db
0000038a
fffff203
ffffd18a
0000108d
00000385
00000842
ffffee02
00002794
00001374
fffffcb1
ffffefae
ffffe7e6
0000029e
ffffef2c
00000efd
0000264d
fffff883
ffffe851
fffffc96
ffffdfd1
0000254d
00000189
000008c9
fffffc28
00001946
fffffd50
fffff4b0
fffff0a8
fffff2b6
0000107e
00001cc6
00002111
00000070
00000733
00000ee9
fffffaf6
ffffe6e7
00000b15
ffffe885
0000116a
0000278f
ffffff80
ffffdb9c
0000090d
000004ef
00002287
fffffdfe
fffff2be
ffffed5f
ffffeeef
fffff603
ffffdc32
ffffe29e
000003d7
0000084a
ffffff3d
00001cb0
000000c8
00001226
ffffe18d
00000827
00002e98
fffffd0b
fffffe9e
ffffe7d7
00001057
fffffba9
fffffdf9
00000d2b
fffffc0c
000009d1
0000190d
00002fce
fffff0b8
ffffe8e7
00002551
00001c83
00000cbe
fffff74f
0000275b
0000181d
000011d5
fffff8d8
000016dd
00000da3
000005de
000005d5
00000140
fffffd43
0000017b
ffffed9e
00001665
0000205e
fffff4bd
fffff3d6
ffffe6a4
00000ac6
00001776
00000523
0000297f
0000045e
0000057d
fffffecf
ffffea1c
00000b41
fffff41b
00000a2e
fffff5db
fffff07e
00001247
00000264
00000eba
00001421
fffff282
fffff0c9
0000153c
00000ef9
fffffe47
00000761
ffffe3bf
00002013
000021e4
00003470
fffff0f3
000027eb
00000140
000012f5
fffff99d
fffffaf3
0000027b
fffff703
ffffff3e
fffffe9b
0000084e
000030e1
00000cab
fffff7f3
00001084
00001df9
00002325
fffff1fa
ffffefb1
fffffb0b
00000aaa
ffffdb49
00001140
00000a76
0000116d
00001acd
0000014c
fffffaaf
000015c1
ffffec08
000011d5
ffffe374
fffff3bc
ffffe6aa
0000040b
00001e8f
00001717
fffff4cb
ffffe671
ffffede3
00001461
fffffd00
ffffffb9
fffffd3f
00003565
00001340
00000961
00001162
fffff2f8
ffffdfc1
000000b9
ffffe03a
000032ef
00003df8
ffffee95
ffffe592
ffffe771
fffffb30
00001b01
ffffeba1
0000144e
00000f47
ffffd1e5
ffffe4a2
ffffffb8
0000100b
00000ece
ffffecb3
fffffc73
fffff9cb
ffffeb4b
00000283
ffffddb8
00002e41
0000040f
000000ce
ffffdf44
00000079
000010f7
00000983
00000481
0000292f
00000fe0
00000921
00001a9c
ffffd0af
00000ade
ffffcdea
ffffd5f5
0000224c
ffffe1e9
000007bc
00000cdd
ffffd985
fffffa3f
fffff830
000013f6
000011e8
ffffcdb1
0000045c
00001f82
ffffea98
fffffbb2
00003395
ffffe7cb
00001de6
00001855
00002284
ffffb088
ffffe3ed
ffffd90b
000003d0
ffffc8dd
ffffcc31
00003585
00001979
00001527
fffffa69
fffff6be
fffff219
00000ca5
fffff97e
fffffd59
00000723
fffffc28
000023ec
fffff14b
00000e56
fffff1ad
ffffef87
00001e1e
0000057f
00001182
ffffd2d1
fffffa03
000027ce
0000162f
00002da3
0000232e
ffffed95
00000e17
00000d91
fffff34e
fffff062
ffffea0b
ffffff79
fffffd26
000022e3
ffffecd5
0000025c
000051bb
ffffe035
fffffac7
fffffeca
000018ab
fffff9d7
00001fbb
ffffe8a4
000001a6
00000673
0000431c
00002b1a
fffff83a
00001168
ffffb2cb
fffff446
00000944
00001687
0000113b
0000390b
fffff302
ffffdd9d
00000dda
fffff544
000006ee
fffffa5b
000005c0
fffffa8c
fffff98f
ffffeb6a
0000098d
fffff7bf
00000a7d
000012bb
fffffedc
000028da
ffffed4a
fffff367
ffffe4c6
fffff86a
00000ad2
ffffe468
00001cab
ffffddfd
0000197c
00000284
0000020c
ffffd408
000010db
000009f0
fffffb08
00000812
ffffd81b
0000071e
0000063f
000004f9
fffffba9
000006ca
000047a9
00001bb3
000008e5
fffff3e2
ffffd5b0
ffffe41b
ffffecbd
00002525
ffffee24
ffffd5c3
000041f0
00000940
0000028c
ffffdc58
ffffe1c8
00000c0c
00001af9
fffff12d
00000072
00001564
fffff4f2
000017b1
fffff529
00002c15
fffffdd7
ffffe093
fffff41a
00000ba4
fffff3af
000033fe
fffff987
ffffef66
00002082
00001745
ffffffcb
00000714
00000a7c
fffffab8
00004449
000035ee
00000262
00001422
ffffe9ce
00000e8a
ffffd97a
ffffef78
0000059f
fffff7d8
00001398
ffffff8e
000009cd
0000082b
fffffe43
00000ccc
fffff9f4
0000040a
00000551
00001370
ffffe488
ffffeb24
000014d1
fffffc77
ffffec33
00001a7a
fffffb88
00000548
fffff426
ffffed0b
ffffef48
fffff257
fffff173
ffffffb3
fffff511
fffff05b
fffff65a
000011c1
000012f1
ffffe448
00000436
00001b2b
00000fbc
00000cc4
fffffb8d
ffffe8d2
00001b21
fffffb76
ffffe913
fffffe9f
fffff8f3
000005b1
fffffe0f
ffffdb84
fffff47d
000022be
0000001e
000032bb
ffffece4
00000579
000019bc
00000180
fffffdec
00000e34
fffff9aa
00000f5b
000011b8
000013be
000003d1
fffff518
fffff41f
00002cd8
000002f7
fffffb29
000004eb
fffffc4c
000032a5
00001ba5
00000de9
ffffec12
00000049
ffffdb20
ffffe7a7
ffffe17e
000033c9
fffff07b
ffffea40
ffffff28
0000060f
0000159b
ffffe28d
fffffbe4
ffffe215
000017c4
ffffeb1f
ffffee10
fffff163
00000aec
00000ced
00000997
0000192a
fffffe1a
fffff48e
fffffecb
ffffeac5
fffff2db
fffff32f
ffffd436
fffff4b9
ffffd28d
000014cb
fffff1ee
fffff721
00000132
00000e20
fffff983
fffff556
ffffe79a
ffffff0f
ffffcf9b
00001697
00001743
00002116
00001c9a
ffffcc09
ffffd693
fffff6f1
00000530
00000886
fffff420
00001c23
00001f81
000008bb
00000603
ffffd44d
00000489
ffffc28f
0000058e
ffffdd8f
fffff992
00000130
00000093
fffff7f1
ffffe744
00001419
fffffc96
ffffcfda
fffff532
fffff8d3
ffffe331
00000744
00001a3b
00002172
ffffec93
ffffe79d
00000af3
0000033b
fffff1fa
fffff61f
ffffedcb
00000f04
00003931
00003c77
0000010d
000006ed
000025ea
fffffa77
fffff357
000001e0
ffffef08
000008a4
ffffe98f
fffff37f
00001b96
000000ec
00001b1d
ffffe595
00001336
fffffdec
ffffe672
000005d8
000016e6
ffffc665
fffff511
000017eb
fffff321
ffffff20
ffffe83f
fffff77b
000000ce
ffffe533
00002082
000007a4
ffffb672
000011a5
00002b11
00000c57
00001645
ffffe648
00000db4
00000774
ffffed0e
0000077d
00005036
ffffeba3
ffffd33b
000040a4
ffffe066
00000e38
00000fd4
00000ef0
00000724
00003b22
00000398
fffff1c1
ffffe99a
ffffeb7b
000001b6
000027a3
000002c7
fffffed9
ffffed53
fffff375
ffffc8b4
ffffe8da
fffff4d9
fffff1ec
00000920
fffffd95
fffffb67
ffffe694
000017cb
00000f7e
ffffed91
ffffe411
fffff1a2
00000589
ffffdbd4
fffff3e4
fffff50c
ffffcfd9
fffffe3f
ffffddee
0000073d
ffffe0e7
ffffff1b
ffffec9c
fffffb2a
00002e87
ffffeecf
00000def
00000e0a
00000be1
0000228b
ffffe20e
000012fc
ffffe39b
0000198a
000023cc
00000c49
00000ba8
fffff4c2
ffffcb95
00002a96
0000223d
00000c8f
0000072f
00001b12
ffffc9a6
ffffeb7a
000008fc
00000ce8
0000260b
fffffaa2
0000099c
fffffef9
ffffdd16
00000dfc
00001a43
00000b70
ffffe56b
fffff951
00001941
fffff9f0
ffffe7e5
fffff7a5
fffffd11
ffffe6b8
00002ada
fffff292
ffffe523
ffffde51
00000d1b
fffff046
ffffe761
0000147f
0000009a
fffffc55
00001897
000003b9
00000d12
00001ba4
000002c9
fffff9d6
00000eef
fffff907
fffff4c0
0000140f
0000158b
0000243b
fffff948
fffffcbd
0000115f
00000a8f
ffffe4aa
00000049
0000088d
0000057d
ffffe827
fffff377
fffff94b
fffff848
ffffe104
fffff3bb
000012bb
000007bb
00001404
00001a40
000008bd
fffffb05
ffffdf65
000001a3
fffffc0d
fffffa4c
fffff405
fffffff8
00000730
00000057
fffff428
0000053c
000010fb
00000713
00000496
fffff00a
fffff3b8
00001963
00002977
fffff989
0000038a
fffffd86
00000186
00000f60
000001a2
00000f3c
ffffe8c7
ffffeefd
ffffeea4
00001154
0000223f
fffff7d1
fffffaf3
ffffd38d
ffffe783
00000d54
0000080c
00000b13
000000af
000011a8
ffffea92
fffff433
0000236e
00001722
ffffddb3
00001d28
fffff7eb
00000ca9
00000b73
ffffefdd
fffff03e
fffff0c9
ffffff1c
0000100c
fffff976
00001d81
ffffee09
ffffe02a
00000af6
ffffedb5
ffffe691
fffff1c5
fffffd5f
ffffd73d
00000207
000033bd
000000d9
fffff676
fffff254
00001cd0
fffffc2c
ffffec5f
ffffd0d8
000005f9
0000120d
00001720
ffffee8f
fffff17d
00001efa
00002042
fffff6c9
00000c83
00000c96
ffffe579
fffff49e
00000c60
fffffcbb
000009bd
fffff34b
ffffba75
fffffcaf
ffffedc7
ffffd470
ffffc7ee
ffffea94
ffffff67
fffffd2f
fffff09e
ffffe7e4
fffffd37
0000082f
ffffcf19
0000049f
00000e61
fffffb9f
00000e14
fffff1b2
fffffefe
ffffe42f
fffffa2f
00000fcf
ffffee51
fffff5d4
ffffec1d
0000164c
000025ee
ffffd876
fffff067
ffffe9ac
fffff4cc
000000db
ffffeca0
ffffedf7
ffffee54
00002abf
000027a8
000032a1
ffffd7fb
fffff49a
fffff19c
00000849
fffff22d
ffffca82
fffffd84
000000d9
000042af
ffffce58
000016ec
ffffca45
ffffe220
fffffb3f
ffffed85
00002092
0000014d
000018b0
00001886
000009f3
00002f17
0000181e
fffffe16
ffffe6d2
ffffc3f7
ffffe3b9
0000253e
ffffee71
00002ca0
ffffe549
ffffda97
000009ff
fffffc98
00004885
000007fb
00000bc3
000026a2
fffff03f
000006fc
ffffefd3
ffffbed0
00001435
000009bb
0000023e
ffffc9e1
fffff87a
0000113a
ffffd737
ffffa3e2
fffffee4
fffff9ab
00000a5e
00003330
000018d8
00001abf
000005b0
000003d8
00003995
ffffeaf8
fffff8bc
00003454
00002122
00000bde
ffffef91
000042e8
00002d4d
ffffe6ad
fffff6a9
fffffda6
ffffd9dd
ffffc8c8
fffffffd
00000051
00000d48
fffff4f8
00000613
ffffd49e
ffffdc75
fffffabc
fffff1d8
fffffaca
fffffc9c
ffffe2b3
ffffe85f
000012a6
00000760
ffffffda
000017ca
ffffdb15
ffffd146
ffffde2f
fffff427
ffffe306
00001989
000019bc
0000073e
ffffee59
ffffefd0
ffffde4c
000010af
00000636
ffffca31
00000f51
00000618
fffff970
0000197b
000043a6
00001f28
00000558
fffffb93
ffffe884
00000293
0000270b
ffffdae8
00000f09
fffff371
fffff6fd
0000129b
00000a7b
00001c2e
0000022a
0000058d
00001245
000008f5
00000fe5
000002e3
fffff3c2
fffffb16
fffff55b
ffffcfd2
fffffbff
fffff9c7
fffffc3d
00000379
fffff955
00000c9e
00000181
ffffe5e3
00000d23
fffff0a7
0000139a
fffffb96
00001c17
00000751
00000b41
fffffb4e
fffffba6
0000005e
ffffefbb
0000065f
00002805
000003df
000019c6
ffffe998
00000e03
fffff744
000001fa
000007f2
00000b86
00000b36
ffffff87
fffff280
fffff3e0
ffffec18
fffffe01
fffffda0
0000092c
ffffe7ec
0000039d
ffffec83
0000032d
00000c39
00000ae9
00000b4b
ffffe722
fffff5a0
0000122f
000011c4
fffff29e
fffff8ee
0000004a
fffffd7a
ffffdd7f
fffff63b
ffffe779
000007db
fffffbeb
fffff7db
00001133
000002d0
000003d1
fffffe9e
00001900
00000284
00001295
fffffb8b
ffffe119
fffff6b2
fffffbad
ffffe82e
00001130
00001afd
00001f96
fffff537
00000b53
fffff021
fffff67b
00001277
0000011d
fffffe15
fffffaaa
ffffe8f9
00001c7c
ffffd8ff
fffff6de
000015a9
00001eed
00003dbb
00000417
ffffee21
ffffc65a
ffffdfbd
000000c1
fffffbd6
00000e0b
00000324
fffff02a
00001486
ffffea42
ffffeb1a
fffffbb9
000003ab
00000214
fffff7fa
fffffcc7
fffffd25
000009f2
000001e5
0000017b
00001f1e
fffff67f
ffffd436
fffff604
00000910
00000c65
ffffff3a
fffff87d
ffffedb0
00001c88
0000171f
00000359
fffffe75
00000310
fffff97a
fffff093
00000a4d
fffff3a6
00003368
fffff69a
00000c81
ffffe968
fffff8b6
fffff8ae
ffffec9c
00000bdd
0000026f
00001d0b
0000099e
000005e4
ffffeb75
ffffe5b9
000004e1
ffffd93f
fffff191
ffffeeb1
00002241
fffffc1c
000003c6
ffffee62
ffffefc2
fffff1b4
000008dd
00001b3e
000014d2
000002d1
000028fe
00001402
000040c5
000027b0
ffffdb66
000006e1
ffffe159
0000228c
ffffda18
ffffd9f7
ffffe9d9
0000088c
00000694
ffffe9b3
ffffc4ba
00001f48
ffffc4ef
ffffd5d2
0000152e
00000a98
ffffeb7e
fffff9bc
ffffdaed
00001a67
0000218e
ffffee07
000021c7
fffffdc2
0000002d
00001286
fffff470
00000ab1
00001c48
ffffd446
0000042f
00000d69
ffffe1a5
ffffde4d
fffffc1f
ffffc29a
0000086c
ffffec62
00002485
0000101e
fffffc53
ffffd62f
00000595
ffffe6c0
00001998
000017fb
ffffcc6b
00001ad6
fffff0b6
fffff1aa
ffffe52b
00000661
fffff575
ffffec26
00000796
00000f17
0000117e
000008d6
ffffea9a
00000fb9
00001562
fffff303
00001264
ffffe340
00000247
0000023d
ffffe70c
fffffdf7
fffff712
00004309
fffff67a
0000095f
0000057a
000000cf
fffff5bb
00001842
ffffef88
00000dae
000006c0
00000c84
000005e1
ffffc615
fffffc55
ffffe3fd
00004c3a
00000a3a
fffff637
00002fb4
00000e54
fffffe17
00000010
00003b1e
ffffe7f5
00001fea
ffffdf43
00000b36
ffffe59e
000001d4
ffffe811
ffffe643
00001d76
00002251
00001603
00001669
000001ac
0000162f
ffffeaca
00000e01
ffffe077
fffffab9
ffffe7ab
00000c02
00000d48
ffffe510
00000002
fffff26b
fffffb6f
ffffccc8
00000c07
ffffd991
00001ef5
ffffe461
fffff03d
ffffd4a2
0000197d
000005d8
ffffdcd5
00000291
00000d3e
00000a72
fffff309
0000089f
00001255
ffffef6c
00000930
fffff1a3
00000c3e
ffffe67a
00000b01
ffffd575
fffff10c
00001141
ffffec95
ffffd7c7
ffffefe4
000010b8
00001f94
ffffeafb
ffffebe8
00001183
fffff93d
fffff3e8
fffffc1b
000001db
00001a3b
fffffd9e
00000bd2
00000267
fffff194
00000f3a
ffffe7d8
ffffda28
ffffe1ec
00000482
00001b42
000004b6
000009c0
00001390
ffffebcb
fffffb46
ffffd9cc
fffff59e
00001588
00000ef3
00001e3c
0000140b
ffffbc3d
fffffbb6
ffffd29c
ffffefa3
fffff933
00002c60
ffffec1b
fffff1e9
00006120
fffffed3
00000df0
ffffe890
ffffd019
ffffefe6
000001e9
fffffd42
00000412
fffff725
ffffeaf8
000010b7
ffffe585
fffff9cf
000012c7
fffff326
00000a67
0000219b
0000081f
fffff50e
00000f10
fffff6da
000006e2
00001b87
00000182
000003db
ffffefc5
00001097
ffffeae5
ffffe51b
000002e4
ffffdd4e
ffffe223
000014ec
fffff6e8
ffffee67
ffffef54
00002ace
ffffdeca
000014fd
00001c4b
00000ee5
00000304
00001461
ffffeb0f
ffffd788
ffffede6
fffffa0e
ffffeaa1
fffff211
ffffe604
ffffecf6
ffffff0c
fffffcbe
00000e9d
0000222b
00001ce8
ffffeaca
00001569
ffffffb7
0000071b
000001e1
fffffae0
00002340
00003f78
00002b23
00001650
ffffeed4
fffff950
ffffcc91
ffffe3d2
ffffe628
0000010d
fffff95e
00001c02
fffff192
ffffe37a
fffff034
fffff5f7
00003688
ffffca6b
ffffddbf
00000100
fffff786
ffffde4e
00000a9a
ffffe4d0
00001c36
ffffe3d4
00001463
000009cc
fffff29a
fffff3ca
000033da
fffff42e
00000c0d
00000d3d
fffff820
ffffffe4
ffffed15
fffff522
00000c28
00000226
0000044a
00003b37
ffffd1e6
00001293
ffffd0c7
ffffdfef
000022b5
00000425
ffffe64f
00001466
ffffe24e
ffffeaff
ffffea5b
ffffd814
00001989
ffffe0f1
fffff185
0000108c
ffffe9fe
000004d8
fffffb29
ffffdf63
00000b84
00000438
ffffe61c
00001fde
0000198a
ffffe845
ffffca28
fffffe78
00001bb1
fffffa32
00000395
ffffedaa
00000635
00000e04
fffff70e
ffffe98d
fffffc1d
00001e34
fffff659
ffffdd6d
ffffed1f
ffffb602
00002200
00000101
fffffa0f
00001706
0000133c
fffff59f
ffffe7cc
fffff6f2
ffffc816
ffffebb7
fffff93a
ffffe11d
000026b6
ffffece8
ffffe2f6
fffff8fc
ffffff17
fffffe29
00001f78
00000ae5
00001ffa
000008c8
00001dab
00000fd9
fffff9e0
0000122e
fffff5da
ffffdf89
ffffcce4
0000136e
000014f1
00001a77
ffffd9be
00000452
ffffffdc
ffffdf55
ffffee80
ffffbd2b
00000c95
fffffb77
ffffeed5
00003af3
00004d69
0000030b
ffffed7f
000029fa
ffffeb4c
fffff8a7
fffff557
00000ec7
fffff55f
00000a3b
ffffc3cf
00000237
00001f35
ffffd9d1
fffff545
fffffbf3
00000ef5
ffffbd86
0000425e
00000642
0000124e
000027d8
00002ece
000025a1
ffffe12d
000029ba
ffffd0e2
00002b00
ffffe74b
0000151f
00000922
ffffde40
000022f9
ffffdfff
ffffebc5
ffffd7d3
000007a4
0000165a
ffffdb95
00000ad2
00001b5e
fffff91d
000010aa
000022a1
fffff4f3
ffffd7a0
ffffd40f
ffffdbe9
00000276
ffffce72
00001b71
ffffd594
000025e0
ffffe3b0
ffffe823
00002e64
00001fd6
000001e9
fffff454
fffff80b
ffffe2ed
000002b3
fffff527
00002806
000001b8
0000033d
00001564
ffffd6d3
ffffd7a6
ffffdc0d
ffffcfcb
ffffd73b
fffff87d
00002844
00001b02
00000989
00001841
ffffd9c8
00000dba
0000310d
000001ec
000044e5
00002a93
00003784
0000083d
fffff0b1
fffffded
ffffe9ef
ffffdbc8
0000142e
fffff571
ffffc1fa
0000080b
000013fb
00000c3a
0000045f
fffff640
fffff765
fffff960
000002ef
fffff094
ffffdbdc
fffffcc2
000011d3
ffffd934
ffffea9c
ffffff34
ffffb68b
fffff664
ffffb9eb
00001d51
000006d1
fffff1ae
ffffc598
ffffe91f
ffffdcfd
000008fd
00001413
ffffcead
000002e8
000034f3
00000577
ffffe932
000025b7
ffffd349
00002a6d
fffff34d
0000130c
00002a3b
ffffb79b
ffffd697
00002c99
fffff614
00002b3e
00000f78
ffffe80f
000016fd
00002016
0000164a
ffffef57
fffff4ab
ffffe1e7
fffff959
0000012b
000030f2
00000073
ffffdb02
fffff1ce
0000127b
00001bc8
00002d1a
ffffdd0e
ffffc405
ffffd9f4
fffff409
000017c0
fffff210
000006e8
fffff77b
00004ef3
00002154
ffffe17f
00001623
fffff9eb
000026b4
ffffe318
fffff845
ffffba84
000010fb
00000871
0000109f
00004c15
ffffea53
ffffce1c
00002b9b
00001588
0000002a
fffff1c9
ffffd27f
ffffd943
000004d4
00002c9b
fffffd25
ffffd898
00002f77
fffffb88
ffffdd78
00000e19
00002c59
00000cc5
00002f42
00000756
ffffdf36
00001da9
ffffcf1e
fffffcd2
00001882
ffffd65c
ffffebc1
fffffceb
000023be
00000c12
fffff979
ffffe432
fffffd74
000000ec
ffffeb94
ffffbd3b
00001ea3
ffffe224
00000438
ffffd327
ffffd373
00002990
0000078d
0000058d
00000364
000014e2
ffffeffd
ffffe84f
fffffc82
fffffc73
fffff49e
ffffdcae
fffffbaf
ffffe22d
00003312
ffffec5e
fffff974
00000048
00000b57
fffff330
fffff712
000008e9
00003cec
ffffef86
fffffec8
fffffaa3
00001c7d
00000604
fffff190
ffffd3d3
ffffef10
00002566
ffffe80e
0000092b
0000181a
0000142c
00000a26
fffff3fe
00000de1
00000ba0
0000021b
0000189a
00000d19
fffff36b
00001136
fffff320
00000b08
fffff003
000002e9
00001898
000003cb
00000efa
fffff741
ffffeff0
0000098d
000029a5
ffffe549
00000c0c
fffff2c7
00000f02
00000ad4
fffff2b9
fffff419
000007cb
fffffccc
ffffee71
fffffa47
ffffecf3
fffff654
fffffe20
00000c20
ffffdf76
0000295b
00001769
00001afa
ffffedd0
fffff420
ffffebe5
00000942
ffffe014
ffffed9f
fffff91e
ffffef5d
00000e89
00000d1d
00001257
00001410
fffff1e2
0000079f
0000044f
ffffec0e
000005fb
ffffebdf
0000077e
fffff3c1
00000d24
00000568
ffffe8a5
00000375
fffffde4
000007a8
fffffec0
ffffd95c
00002930
fffff34f
000002c5
ffffe52c
00001069
000022ea
0000059e
000007f1
ffffed60
fffff759
000012bc
fffff5d2
0000135f
ffffd3cb
000004e1
000006bd
fffffbeb
0000143d
00000e72
fffff795
ffffffef
ffffe805
00000b59
0000082f
0000126b
00000e6b
00005917
fffff462
ffffca0e
fffff7f6
ffffb241
00001159
000003af
fffff70d
ffffef57
ffffe793
00000315
0000185f
00001808
ffffe485
fffff920
ffffd6a8
fffffea3
fffffd0f
000012ad
ffffed83
ffffffc0
ffffda22
fffff680
ffffe553
00000557
fffff64f
000007a0
00000ecb
ffffe7f2
fffff71e
ffffea85
00000b42
ffffd0ac
ffffc61d
fffff1fd
00002166
00002d57
000002aa
00002945
00000479
ffffd87e
fffffaa8
ffffd450
000041b1
ffffded3
00002f8c
fffffc6f
00001be4
ffffb370
00006f23
ffffe303
ffffee68
000002d1
00001a18
0000045a
ffffdfe0
0000048c
00002298
00000311
0000215c
ffffe215
00000ced
00001c9e
000004f3
000037d3
00001eae
ffffe50f
fffff4e8
000009c7
fffff49c
ffffeb1c
0000202f
ffffaf36
0000037f
ffffdc42
00000281
00005f75
00001154
00001a48
00000f54
fffffa77
fffff07b
ffffd406
fffff3f8
000029cd
000021b3
ffffa588
fffffaa6
000019c8
ffffc713
00001b86
fffffc2e
00004cc3
00001dbe
0000117a
ffffe613
fffffda1
fffffaed
fffff1a6
00001c4c
ffffdc84
ffffffaf
00002051
ffffdae1
ffffd666
00001b6b
00001359
00004264
00001e83
00001913
ffffde06
00000ae3
ffffe891
00000bf2
00000f1d
ffffd145
00001ad6
fffffed4
ffffe704
ffffec03
fffff056
fffffb4f
fffff02b
00000520
ffffbc90
00004117
ffffc957
ffffedd9
0000392e
00000757
00001848
000011cb
0000250a
fffff5d8
000001f6
fffff66f
ffffb2ea
fffffc05
000018d5
ffffe2d1
ffffb53e
000015c4
fffff3a6
ffffdf14
00003c6a
00001118
fffff804
ffffee25
fffff080
fffff601
00000c14
000038ad
00005875
00000065
000003c0
ffffe5ae
ffffec82
fffff6bb
000010dc
ffffd7e5
fffff3fc
ffffedca
fffffe72
fffff2d2
ffffdc61
00001bea
000023e6
00002103
00002809
ffffdabd
ffffe7e5
ffffd1cf
ffffea26
000020ca
000028a8
000006df
00000520
fffff015
00000fdc
0000061a
fffffa73
fffffad4
00000608
ffffe5e5
fffff7aa
000015f3
00001a43
fffffb18
00004107
00000641
0000140d
fffffd5c
00002129
ffffff17
ffffda49
00001c1f
000012a7
000016cc
fffffdec
fffffa2a
00000aab
000010e7
00000c72
00000f9e
0000087e
00001b34
0000064a
00002027
ffffef7a
ffffe0ea
00000573
ffffd638
fffff358
00000c0c
00000bfd
00001740
ffffeb0b
fffff763
00000943
0000140e
00001563
00000e6f
000013df
000030c5
ffffebb7
ffffe985
ffffeba0
ffffed3a
ffffef4d
ffffe953
fffff323
000001a6
00000751
ffffdfde
fffff284
ffffcd07
00000375
00000e3b
fffff10a
ffffff7f
000019b1
fffff103
ffffffce
00000594
00002606
fffff6ce
00002896
fffffe18
fffff182
fffff0a9
ffffea8f
fffff2b7
00001edd
0000065b
00001ba8
0000194d
ffffea8b
ffffdfa2
ffffefba
0000188c
fffff8d5
fffff357
000002c0
00002416
00000134
000008f0
00001169
ffffebc6
00002241
ffffd425
ffffd12f
00000266
ffffeb93
000006fc
00000250
ffffc6d7
fffff82b
000009bc
ffffd752
00003730
ffffdb86
0000157b
fffff6cd
00000a68
fffff1ef
ffffd2f8
ffff9bcd
00000fab
ffffea3a
ffffdc8e
ffffd4b6
fffffa7a
ffffce0d
ffffdf3d
ffffdfd4
000001d1
0000072d
000004af
00000043
00001b29
0000034b
00002780
ffffe745
0000332b
000021f9
fffff25d
ffffeada
fffff409
ffffd82b
ffffccf8
00000533
00001606
00003149
ffffd03a
ffffc5c6
ffffdf5e
00001ca8
ffffe6b0
00001c51
00000808
00002cab
00003477
000024af
0000029f
000001e8
ffffdd7b
00000e66
0000126d
ffffdf20
ffffe740
00000d1d
ffffdd79
00000c8b
00000100
00003a52
ffffe43e
ffffd89e
ffffd2f7
00000906
fffffec7
ffffe60d
0000032c
000027d4
fffff02f
0000389e
00002a13
00000588
00002675
ffffd6cb
fffff61a
ffffbb6f
ffffdc0e
ffffc616
00002129
000004f2
000021ca
ffffd9bb
00004c96
00003517
ffffe987
000012a2
fffff899
ffffc895
00002ef4
ffffdf22
0000071a
00000054
ffffdea5
00004ec7
fffff8b0
00001e79
00003043
fffff084
0000174f
00002c37
00001e34
ffffeb4e
ffffee97
0000019a
ffffe9e5
fffff9a3
fffffce2
ffffdfb4
fffff2d6
fffffb51
ffffd7b9
00003832
ffffe1a7
ffffd255
fffff9e0
0000233e
0000536c
ffffe556
ffffde5f
fffff535
fffff6db
ffffdb2e
00002b4a
00001f71
0000246b
ffffd640
000003e2
00003938
000007a6
000023de
00001b28
00001878
fffffac9
000048ab
fffffc83
ffffd9b9
ffffec59
000026dd
fffff6f6
fffff28b
ffffe0d7
ffffe7d7
fffff182
00000706
ffffe986
00000b13
00004ff2
ffffed4b
00003822
00002a1f
fffff6c2
fffff38a
ffffe9ec
000071cf
ffffd468
00000311
ffffe2ed
ffffe36a
00001725
fffffb80
00001994
fffff7ae
ffffdf91
fffffbd9
ffffe72a
ffffeb71
ffffe725
00001831
ffffc47d
fffff0e8
000010b6
00000f2c
00000ccd
000002c2
000014a3
ffffe7c8
ffffe254
000007ff
00001d1f
fffffa8c
ffffee15
00003550
ffffca0e
000000ee
00001b6f
ffffe753
00004150
00000879
00000ddc
ffffe57c
ffffd9dc
00001f37
00003d78
ffffdab7
000015a3
00000aad
fffff67d
ffffe013
fffff086
00000ed9
00002105
000036b9
0000046e
fffffb7e
00004c0f
00000c44
ffff9f07
fffffeeb
ffffbdf1
00002035
00002a17
fffff7dc
00000277
00001c89
ffffe5b9
000011a8
000003e2
ffffebd1
0000042a
fffffe21
ffffedf6
0000104d
000012e2
00002111
fffffa08
0000108c
00000f19
fffffdd5
0000122e
000008a8
0000247c
000019cd
00000ca2
00001c31
000013e9
0000076a
0000004c
000003ad
00000bf0
ffffd224
00000485
000014a9
000029af
ffffb7ab
0000006b
ffffeabf
00001e4c
ffffe967
00001e1e
fffff634
00000a2f
00001bbe
fffff563
ffffe4d0
fffffe47
000001e5
00001995
fffff882
fffff7d3
fffffd9d
0000133e
ffffda48
fffff16c
fffff884
fffff0f5
0000219d
00001fb9
00000e3d
00001476
000003f0
ffffdc37
000022c2
ffffe6ec
000006fd
ffffeb1f
000008f1
000002cd
0000103a
ffffc789
00000328
ffffeb0d
ffffe78b
ffffdf9a
000028ec
fffffce9
00003819
fffff109
00000856
00000144
00002d57
fffff8f7
000013f5
ffffe930
fffffb01
fffffe15
0000011c
fffffec1
00001cec
00001548
000002c7
00002b80
00001a1a
fffff6ed
0000262c
000003c3
000001aa
ffffde6a
00002667
fffff843
00005099
fffff4ac
00000732
0000070c
ffffeff7
ffffff4d
000007c8
ffffdc2a
000024ed
000010eb
ffffd8fe
00001427
ffffd02c
fffff36a
000007f3
0000086b
00001ba9
000009de
000013c5
00000276
00003de9
fffffc09
00000ae9
00002167
00001c49
fffff722
000009ad
00001b8f
fffff7bd
fffffc40
00003d7b
000012c1
fffff2b5
000004cc
fffff5e4
00000c54
000013be
000012e7
ffffd5b6
ffffdc58
fffff416
ffffe905
000015ff
00001896
000001c6
0000141b
ffffef3c
000019e0
00000fa3
ffffea8f
00001366
00000120
ffffe434
fffff278
000013e4
fffff902
00000cc3
fffff7f8
ffffea8c
ffffd8be
000017c4
ffffe81e
ffffe954
fffff6d7
000027e4
00002fcf
00000101
00000cf2
00001321
0000173a
0000395a
ffffde59
000001c6
fffff4cd
00000fc5
00001344
fffffeb1
ffffd4c3
000007b2
000028a3
000000ba
fffff6ae
000017da
00001c2f
000022fd
000013b1
00001433
0000447c
00003063
0000366d
000002fb
fffff4f9
00002b39
ffffe5b9
00000582
000007fa
fffff584
00000969
ffffda99
ffffcb8c
ffffe559
ffffe6b4
00001f92
000001f3
fffffdfc
ffffc5d3
0000284c
000032ca
fffffe47
00001772
00000ec7
fffffcf9
ffffbc04
ffffd7a6
00001153
ffffea36
fffffca6
00001749
000017d1
00000016
000011f7
fffff02d
fffffac2
00002cbf
00002df9
fffff503
fffffa10
000009d0
00000c75
fffffca6
ffffed3f
00001405
ffffebfb
00002a9a
ffffefa0
000009cc
fffff06a
fffff3ea
000007f7
000002d0
000011fa
00005fe0
00000b48
ffffea9f
ffffe0ac
ffffe695
ffffdd80
fffffdb5
00001423
00001378
00001381
00004811
00000e1e
00001571
000001f7
fffff2ad
0000056d
fffffad3
ffffdaab
ffffd9ed
0000127a
000063d2
ffffe5c0
00000cbb
00000b22
00000e9f
000037dc
fffffee6
000015f3
ffffe78b
00002029
fffffc22
fffffd21
000002d1
ffffc0f2
ffffccda
ffffc900
ffffeb55
0000103f
ffffe875
ffffb84c
0000376a
ffffd2f6
fffff11e
ffffed31
0000053c
00001681
ffffee27
fffffd97
000012dd
000024e2
000025c2
00001d51
00000d5b
ffffee4b
fffff226
ffffdb79
ffffda01
ffffcbde
00003057
000056df
000018fc
00000041
00002c5e
fffff20c
00000753
ffffe577
fffff95e
000018e9
ffffd44b
0000162c
ffffdbce
000000db
ffff8e36
00003eed
00003824
00000724
00003956
fffff020
00001913
ffffcf48
000027bc
00002368
00000778
000037ff
00001d08
ffffbcf0
ffffc2a1
000023e8
0000167d
ffffe4a6
00000a70
00002cbb
000012ba
ffffe162
00000380
00001af5
ffffd330
00002ee7
00004a17
fffffbf6
0000140e
00002c1c
ffffe774
000032b0
00002262
ffffea19
ffffe044
ffffedea
000016b9
fffff0f9
ffffda28
00001753
000016dc
000001a7
fffff5b4
ffffedf7
00000e48
ffffd66d
00002919
00001864
ffffb3b6
ffffeff1
ffffdb32
00002c8a
00003276
fffffa3b
0000275d
00003d1b
00001550
ffffcfbe
ffffe6e0
ffffeb59
00001b3c
ffffd3b0
00001132
ffffdc47
fffffc68
0000185f
ffffc09a
00000cf9
fffffdc1
00000396
00001cad
fffffb1b
00000397
ffffeca1
ffffef6f
fffffdaa
ffffe0c6
0000109d
ffffe096
00001c73
fffff8d5
000040c4
00000890
fffff264
fffffffa
fffff8bb
fffffe34
fffff845
00003930
000029bc
00003ca0
00000728
ffffbec5
00001183
ffffe93f
00007710
00004770
ffffe1f6
ffffe8a1
00001803
fffffc59
00000dc0
ffffeafc
ffffffda
ffffdc73
000060a1
00004317
000005b7
000015ad
fffffabd
000001c5
fffff954
ffffe030
ffffd111
0000005e
ffffddb9
00001304
00000695
00004340
00002c9e
0000023e
00001bb8
fffff331
ffffd786
00002491
ffffe283
000025ee
fffff568
000018b7
00000090
fffffcb9
000007fd
00000413
ffffffbf
fffff57f
00001217
ffffd759
00000859
ffffea8c
00001335
ffffe7e9
00000489
ffffc893
ffffc841
ffffe5b2
00000023
00000619
00000452
000002db
00002872
00001bd3
ffffcc37
0000188c
fffff60c
ffffb92c
0000632d
0000391d
00002059
ffffd3c6
000013c6
ffffff41
000022cd
fffffc3d
ffffe6a1
00001bf5
ffffeb83
ffffee74
fffffc03
00000ee9
ffffc5b7
fffff177
fffff554
fffff50a
ffffd3ce
00000766
fffff7d1
000010f9
0000208a
00002915
00000c25
ffffdafe
fffff0f4
00000782
0000270f
ffffe8cf
ffffdf73
ffffe2e9
fffffaf0
0000140c
ffffdafc
000015d2
fffff8ff
fffffea9
fffffc2e
00001119
000000f2
ffffe6c4
000036b7
ffffe408
ffffdde5
ffffeae4
0000071f
ffffd83d
ffffc8b1
ffffe617
00000a39
fffff1e7
fffffced
000002e6
fffffd22
ffffe491
ffffe5bb
ffffce16
00000b49
00001368
00000f1b
ffffe854
0000100c
ffffbc14
000023f1
fffff23f
0000007e
ffffda8e
ffffe35f
000009f2
ffffe890
ffffc8bb
ffffce74
000010c0
00000096
00002242
ffffe8ef
00000c0b
0000112c
ffffec03
ffffe6d6
ffffdfea
00002041
ffffeb16
000031f1
ffffeda0
fffff771
00000b21
0000102f
000014e9
ffffe322
ffffee2e
ffffdeb1
000020a7
fffffa9c
ffffeed8
ffffe6c4
ffffe934
0000151f
ffffe4f6
00001016
00000b36
ffffde58
ffffec0f
0000075d
00001673
fffff9a8
fffffedc
00003b54
0000014b
00001564
00001b86
000023df
000006db
00003d99
fffff93c
ffffea4d
00001012
000013db
00000d22
ffffebe7
ffffda6a
00001529
ffffdda1
ffffe35c
000006cd
00002df1
00001ae1
00001703
fffff532
ffffe490
00002725
ffffe916
ffffee46
00003a8c
fffff1b1
ffffed7f
000028ed
fffff45b
00000c93
00000a1a
ffffd496
ffffe267
00001d4b
fffffada
ffffe777
0000174b
fffff38a
00002716
00001ddb
ffffeb53
00000408
ffffdb76
ffffc407
000003eb
fffff2ac
0000018f
fffff239
0000186a
000023a9
ffffc8da
00001c1e
000014b0
0000007c
ffffe341
fffffe74
00000dc2
00000690
ffffe01b
00002a7f
0000020b
000002fe
00000001
ffffd6c6
000011a9
00001f0c
ffffcb6c
00001752
000001d2
fffff4cf
00002242
0000141c
00000f62
00002ea7
ffffd9d7
00000b1a
ffffed25
fffff2bb
ffffdf70
fffffb34
0000228a
fffffd21
fffff687
00000c91
000019f0
ffffef8b
00000dc0
fffffb05
ffffdecd
fffffea1
00001c5e
000023a1
00001d89
000073d6
ffffe209
00004c4a
00002086
00001dfa
0000047b
ffffebff
0000124f
fffff95c
000004e5
fffffd73
ffffdb4f
fffff3dd
0000300f
00002140
fffffc92
00001c1f
00000efd
00001e29
00001fbf
ffffe591
ffffe9d0
ffffd3da
ffffe917
0000436e
ffffd5e8
ffffec0a
fffffb77
ffffe7f3
fffff633
0000175e
fffff423
00000b4a
ffffb707
00000b38
0000070d
fffff83f
0000143f
fffff260
fffffbf8
00003c8a
ffffe739
ffffdd1d
ffffea67
ffffef29
ffffd69d
ffffeafa
ffffffb4
ffffed4e
000018e4
0000023c
00003b6e
ffffdb21
ffffed4a
000042cb
00003210
fffff873
00000e3a
ffffdc67
fffffc19
fffff5b3
fffff10b
fffff950
fffff0a7
fffff579
ffffe66f
000007f2
00000835
000016b1
ffffedd5
00001cfe
ffffdf3b
000012a9
ffffe3c1
ffffed3f
000014bf
0000031b
000018ae
ffffe704
ffffd5e1
00001aa9
ffffff62
fffff4e8
00001873
ffffc69a
00001d8c
fffffb75
000015a4
0000074a
ffffed22
000003db
ffffe574
ffffe073
ffffc05d
ffffea5f
ffffe4cf
00000172
fffffbcf
fffffae6
00001048
fffff705
00001ac4
fffffe41
00000825
00000170
fffff60e
fffffbf5
00000d5c
ffffe35a
000008e4
ffffe8cb
000006a8
000010f1
fffffe80
00000e9e
00000254
00001191
000004f7
00000df2
ffffed41
000006d3
fffffbf0
fffffe4a
fffffc96
fffffdfd
00000619
fffffbb7
000002f1
fffff8fd
fffffed8
fffff81c
fffff06c
0000046c
fffffe3f
00001303
fffffd25
fffffd24
0000071a
fffffe7e
000012a7
00000c44
fffffb3e
fffffee9
00000871
ffffe7d1
fffff84a
000005a2
00001614
fffff94d
ffffedd6
fffff11c
00000e79
000001e4
fffffc52
ffffeca6
fffffb23
000007e3
fffff5af
00000f1c
00000473
ffffe525
ffffe380
fffffd19
fffff9cb
fffff554
00000399
00001042
fffffa66
00001921
ffffeb16
fffff3db
fffff370
00000d09
fffff444
fffff62c
fffff341
00000098
00000a92
0000039c
0000080b
fffff6af
fffff873
fffff347
ffffee3e
ffffe847
000003a0
ffffeeda
000000e6
fffff5d2
000010df
fffff945
ffffdc84
fffffa43
0000135c
fffff339
00001188
fffff7f6
fffff888
00000340
fffff7ca
0000053f
fffff0f0
00000190
0000088d
00001120
fffff863
fffffd0d
ffffff21
fffffd74
ffffe547
0000062a
00000b68
ffffffed
00000779
ffffe2da
00000b80
00000545
0000014a
00000e6b
00000100
00000c8e
0000020c
ffffff61
fffffa45
fffff975
00000ec7
0000076e
00000583
fffff643
00000a3a
fffffab0
00001e3f
fffffccd
fffffaac
fffff152
fffffcfa
00001165
fffff6c6
fffff4cf
ffffe802
00001146
ffffda15
fffff935
fffff619
00000a33
000002ba
00000601
000007f5
00000156
fffff093
fffffae5
00000c2f
ffffefc1
0000197a
ffffd41f
00000e69
ffffe2b8
00000bb6
00000594
ffffe8e1
00001a20
fffff1d8
00002866
ffffef4a
000006f4
fffffa22
000010b3
fffffdb7
000022ba
00001448
0000014e
0000092f
ffffef99
ffffbfd5
00000654
fffffd6a
00002b36
fffffa07
fffff833
ffffec4c
ffffe70e
fffffadc
00002146
00000539
ffffea81
000011ba
fffff4bb
000019f2
000000d2
fffffbe6
ffffe02b
00001332
000006a3
fffff1fa
fffffc62
fffffd24
ffffe789
ffffda3f
ffffe461
ffffd18c
0000295a
00002206
ffffe07a
0000198e
00000021
00002310
00002434
fffffa25
ffffe9b5
000000ee
fffff2e0
fffff230
fffff1e8
ffffc727
00000ced
fffffc1a
000022ff
ffffe072
fffffd32
00000fa7
00000295
fffffa9a
00000f97
00001343
ffffe5c6
fffff3cc
ffffeecb
ffffd367
ffffcab4
ffffecf2
0000114c
ffffffde
000013b6
00001ff1
fffff828
00000e50
000023bc
fffffff0
000007ed
ffffea10
00000459
00002247
00002715
00001937
0000119a
000001d9
000015e7
00000dd8
fffff488
00001291
000013c8
ffffec2c
fffff261
00000aee
000004c9
ffffead9
fffff36a
fffff038
00000415
fffff1cd
00001cff
000012a6
fffff500
000021ba
00000928
00001739
0000047d
00000559
00000653
00001646
00000a80
fffff105
000014eb
fffff424
0000090a
fffffa20
ffffec1e
00000578
00002298
00000a17
fffff694
ffffe94d
0000016d
00000a50
00000415
fffff046
ffffddc9
00001039
ffffe428
fffffa35
000003c9
0000166c
0000050c
00001912
ffffe052
ffffe3d5
0000008a
0000031d
ffffffb5
00000e43
00000562
00000aad
00002bb8
000007c9
00000a1c
000003bd
000011bd
ffffcc2f
00000559
ffffe2cf
fffffae0
000007d4
fffff773
0000056f
ffffe4a7
ffffffb7
fffff035
00000b5a
ffffe6ae
00002295
ffffd51a
ffffdbc8
ffffd27a
000013c4
ffffdb5b
000004d0
00003807
00000947
ffffce82
00001739
00000817
00000d00
00000cec
ffffefbf
ffffefed
fffff2f9
00000551
fffff72f
ffffd7e0
000003cd
fffff313
fffff27d
fffffd71
0000020f
0000093b
00001bff
ffffd8de
fffffc32
fffff92b
fffff3f7
00000f30
ffffc365
000007fb
0000013c
fffffb87
fffff3c3
00000b73
fffff89e
00000dd1
0000147a
fffff347
ffffe923
00000d1a
00000f47
fffff942
00000597
00000136
000024ab
ffffe44f
fffff982
00000367
ffffe7ff
ffffc8d3
ffffeaa6
fffffd9d
00000aaa
ffffee28
fffffa2b
ffffee97
00000f9f
fffff9c4
00001fe5
00002f12
00000c97
fffffa4a
0000256d
0000138d
0000003a
fffffd78
00001916
fffff748
fffff0a1
fffff0fb
ffffe5bc
00000aaf
fffffdc6
00002500
fffff4fe
00000579
ffffeb5b
000018ff
00000a13
00001945
00001271
00000f98
fffff706
fffff7b0
ffffe279
00001854
00000e5b
0000293b
00001103
00000495
00000176
fffff517
00000820
fffff057
fffffb0c
00000267
fffffbb8
ffffed3c
fffff696
fffffe68
00000e54
fffff7b5
00002927
00001102
ffffdde6
ffffdb8f
000004bd
00002146
0000244f
0000005f
fffff6bf
fffff745
00000c1a
fffffc3c
ffffda38
00000c6c
ffffd62f
00001a41
00000aa4
0000112c
00000f6e
000011e8
fffffa4d
fffff9b6
ffffe7fc
00000e0b
ffffe9c9
fffff7af
ffffe596
000002ec
ffffdd51
00000051
000008c0
0000162d
ffffece7
ffffe4a9
00001d3e
0000023e
00000fd0
fffffcaf
fffff557
ffffe727
fffff653
ffffe5af
fffffb64
ffffe34f
000014ea
00001e9a
fffffd7d
000011a5
000004ad
fffff90e
ffffea5d
000003e1
000010d0
ffffd247
00002113
00006020
0000076e
000007be
ffffe0c6
fffff3b9
00000f4d
00002ec4
ffffdaf7
ffffe302
ffffdce2
00002cc0
ffffdbed
00000875
0000064c
ffffeca5
0000114f
0000135b
ffffe3db
000015e4
000029d3
000000ff
fffff0fe
ffffe883
ffffe8b4
ffffe6f9
fffff2fe
ffffe861
000000ef
00001195
00001077
ffffe86b
fffff095
000000c4
00000b35
fffffe2d
0000099f
00000814
fffffda5
00001e63
00000c4b
000028ae
0000108a
0000177d
00000b32
00001706
00000acd
000040a2
00002272
ffffe25a
00000a67
000019a4
00000162
0000003e
ffffec4a
ffffff8a
00001025
fffffbbd
00000dc5
ffffdf8c
ffffe19b
fffffd90
fffffdbb
00000594
00004bf8
ffffff3b
00000607
00001695
0000044c
00000f9a
fffff3fb
00001a15
fffffbed
fffff89c
000008af
00001484
fffff2af
fffff20f
000018fa
fffff58d
ffffd025
00000870
ffffecb4
fffff0d3
ffffec64
00001829
00000fc7
000016d8
00001627
0000085b
fffff19b
000000ab
ffffdcea
fffff956
fffffaa4
fffff0c9
0000097b
fffffc67
000001c4
000016a8
ffffecf6
00000b66
00000030
0000065f
fffff746
ffffc8ab
ffffea7a
00000525
fffffa89
00000470
fffffad1
fffff8af
ffffeac1
00000107
fffffa35
fffff092
ffffdde7
00002cdf
000014be
000019ea
fffffb40
ffffd93a
00003f64
0000215f
ffffd5f1
000012f2
00002846
ffffee85
ffffe92f
000012f7
fffff241
00001bdd
ffffe3d9
ffffe865
0000133e
ffffe7bd
fffffa69
00001b88
000005e7
0000249e
ffffcf48
0000084a
ffffcfaf
ffffed9a
00000599
00001584
ffffd631
0000122a
ffffe683
00003ce5
ffffc1d1
000031f4
ffffe121
ffffef19
00003ba6
ffffee78
00002282
00002e0d
ffffeae4
0000003a
ffffe8ab
ffffe1b9
fffff974
fffff9a0
ffffec61
fffff762
ffffed67
000019a6
fffff846
fffff8ab
00001a42
ffffda20
000039bb
000027de
00000cba
fffffc5e
00001544
fffffd06
000007ba
ffffd7a8
fffffbe6
fffff8a6
00001507
fffff75d
ffffed25
0000030d
00001090
ffffdfdb
fffff663
0000018b
00003f71
0000128c
00001375
ffffe0c9
0000006a
ffffec12
000001f0
fffffbc0
0000108e
ffffe1f5
000008b4
ffffcc66
fffff521
000005c6
fffffc65
fffff381
ffffff04
fffff0ac
0000155a
000011bf
00002447
000012aa
ffffd4dd
ffffdbcc
ffffcb39
fffff5d3
00000645
00000fd9
fffff15c
00002ca0
ffffe563
000016cd
ffffe5f4
ffffecca
ffffd27e
000022ae
ffffe39f
00001fce
fffff07b
fffffa04
ffffd8fa
000018ac
00001e60
ffffd970
00003b9e
fffffdc7
fffff7d4
ffffe6e4
ffffdb52
ffffd894
ffffaf50
ffffe5ae
00001dc9
fffff7cb
fffff48a
ffffe93c
ffffd022
fffff69d
fffffff9
fffff895
00002233
000021a1
00000301
00000fa1
0000179b
000019b2
00000fff
00004158
000028cf
00001a45
0000279d
ffffefea
ffffe5dd
00002dee
fffffcf0
fffff410
00001e09
0000258d
ffffffe3
00004bb5
000006dc
ffffe707
000010d2
000014e8
00000023
00004817
00000aa0
00000eff
00000954
00001bf0
ffffff9f
fffff602
fffff291
ffffee30
00000c11
ffffeb37
00000361
0000089f
00001839
ffffd70e
00000171
00001240
00000b94
00002b27
ffffef4e
fffffdf8
00001951
fffffb9e
ffffef2a
0000037f
00000d91
fffff4e4
000013a1
ffffed7b
ffffcf0a
00002b6e
000004f6
ffffffaf
00000271
ffffe854
000005e5
fffff0d5
000000e3
fffff263
000017fd
fffff920
000004a7
00001106
000022e8
ffffec3e
0000265a
ffffeda5
ffffe3e1
000014eb
0000109f
fffff3e9
00000e46
ffffd363
fffff51b
00000565
fffff3df
fffff826
0000060a
00000d14
fffff909
ffffe89e
000011dc
00001c8b
00000a99
000005b2
00000010
00000b5b
00001125
fffff6b5
ffffef8d
000005f8
00001f4f
ffffef88
ffffe1c0
ffffda96
ffffeff1
00000530
fffffd4d
ffffeb4a
fffffb46
fffff0d1
ffffec19
0000152c
ffffe056
fffffe16
000025ac
ffffeaf6
ffffd69e
000023ca
00000443
00000c36
ffffe36a
ffffc7e4
00003c9b
00001626
00000c35
000006f6
00001848
000003dc
ffffe54d
00001ec3
fffff44f
ffffde81
ffffd0af
000020e2
000000aa
ffffff39
0000062e
ffffe113
fffff593
000005f2
fffff8d7
00002c1d
00002c22
000014eb
00002b70
fffff4dc
00001b74
ffffefe2
0000091a
00001596
000007ef
000007df
0000245f
ffffdcb7
ffffd461
00002b84
ffffdc81
ffffca7a
00001b59
000011bb
00001c1c
fffffe9b
00000c1b
00002b5d
000004fc
000001fd
ffffda18
00001398
000010e6
fffffd5c
000003cf
00001773
00000078
00001c8d
ffffe833
fffff1b7
ffffd8f6
ffffedd9
00000143
000016aa
000003ce
00000156
00000a95
ffffda5d
000015b8
ffffd030
ffffe53f
0000192a
00001b02
fffffb90
fffffd8f
ffffd8e9
ffffbec6
00002be8
00000c8f
ffffea80
fffff50e
000002a9
00002f96
fffff7d4
ffffdc69
ffffd5d2
fffff866
ffffffe4
00001838
ffffec13
00002924
000002cb
fffffcf1
ffffddac
00001748
00000c17
fffff8c1
00000edb
00001f45
fffff286
ffffd5da
ffffce1d
fffff968
fffff241
0000283e
ffffd98b
0000143b
ffffeff8
00000c99
ffffecd4
0000165d
000005ed
ffffe036
00002a4c
fffff942
0000068b
000020b9
00001316
00000fa9
ffffd680
fffff189
0000219d
00000c09
00000f54
00001d52
fffff678
000009ca
00000eb7
ffffd3cd
00000a69
00000375
00001a0e
0000115f
ffffddcd
00002b5d
00000701
ffffdb22
000033ec
0000180e
000006e4
00001ac0
00002b64
00001bc0
000001e0
000040f5
00000fae
ffffd3d4
000006be
0000337d
ffffcca5
ffffd94d
00000574
00001054
00001562
00000f74
00000b0e
ffffee04
00001698
00002768
ffffe8ab
000030b1
00003b03
fffff7c1
fffff692
ffffeac9
00000bb1
ffffe74d
ffffe816
fffffff7
000002c9
fffff966
ffffd73b
ffffe581
00001de3
ffffe31f
0000126f
ffffe402
fffff097
ffffd93d
ffffc124
000015cb
00003258
ffffe37b
000029a8
fffff9ad
000006ee
00001d1d
00001c5c
fffffddb
ffffd101
000000fd
fffff71b
fffff676
fffff576
ffffff21
ffffef79
000027e1
00001832
ffffed53
ffffeb61
0000043f
fffff823
00002308
ffffc885
fffffa08
ffffdbdf
00003323
ffffe3a1
ffffe88f
fffffec4
ffffd4b6
00000104
fffffdff
ffffe542
ffffeb5b
ffffeca0
0000130d
ffffe2f8
fffffb70
00001718
0000029b
fffff066
00000c60
fffffca4
000009ac
000031c8
000004eb
0000056c
0000005c
00000306
0000026f
ffffd492
fffffdd8
0000168f
fffff281
ffffe5e5
00000192
000010cb
000006f1
fffff26c
ffffe8a6
0000054b
000003c3
fffffc7b
ffffcf74
0000113a
00001021
000012ab
ffffe680
fffffc6c
ffffe6a3
fffff9c1
000025a1
00001520
00001a24
ffffff1c
fffff688
fffffaa4
ffffba89
ffffeae8
00001311
0000010f
00001ac6
00000a55
fffffe36
00000a53
00001457
ffffeef0
00003671
00000330
ffffd8c0
00000afb
ffffea6d
ffffd284
fffff964
000009c8
fffff908
00000695
000001e1
000009fd
000007f0
000009bd
00001230
00000f14
0000047e
ffffe66a
00001b37
fffffeba
ffffe17d
000011e7
00001428
0000001b
fffff96f
ffffed9b
ffffef24
ffffff7c
ffffd42a
000030f2
ffffef58
000030c5
00002f5d
000013ab
ffffe3d5
0000290e
0000140c
ffffddb2
ffffef44
00002148
00000931
fffffc7d
ffffe0c1
fffffffc
0000116d
00002d76
fffffe70
00003099
00002f65
000002a7
fffff46e
fffffb1b
000005cf
0000138b
0000025d
00000fca
000011e2
000006e1
00001df6
000008ef
00000448
fffffded
00001964
fffff84a
fffff9db
00000000
00001e92
fffff992
ffffeda5
fffff53d
00000dc8
fffff54a
00000183
00001e82
fffffc3c
ffffefc5
000043d0
00000361
fffffe43
00000f7c
ffffcd51
00000914
ffffd834
00000f49
ffffeece
fffff742
0000012e
00001273
00003998
ffffdbe8
ffffed34
fffffdec
000009a7
ffffe200
ffffea4f
fffffbcf
00002ca8
ffffee42
000009f2
000022a2
00000be4
000010bf
00001142
00001e70
fffff30c
00001c68
00001639
00000dad
00001283
00000a0f
00000aee
ffffff71
ffffca3b
ffffe76d
ffffcd45
000025dd
ffffef5a
00001d31
ffffe0fb
fffff855
ffffdb38
00002e05
ffffd93c
ffffdb43
fffffae2
00002b6c
00000686
ffffe8c9
ffffccd8
fffff89c
000012de
fffffdf9
fffffba6
ffffff83
000002e0
00000195
000019f9
00000651
ffffe35d
ffffd94b
00000e07
0000216e
000024de
ffffcc34
0000070e
000008fc
ffffc924
00002167
00001ed3
fffff308
0000381a
000017bf
00002af1
00002fab
ffffdeba
00001084
ffffe33e
ffffebd2
00001759
ffffe184
00000639
000032b2
fffffa6c
00001222
ffffe650
00002d6b
fffff353
ffffebd9
000010fc
ffffcbde
0000198b
00000e26
0000282e
00001d44
0000217b
00002d5c
ffffdb28
00000304
fffffe9c
0000461c
000006f7
ffffd7f4
fffffbf9
ffffd271
fffff5d3
00003176
00001bd5
fffffc50
ffffceff
00000b73
ffffec9d
000019bd
fffffc9e
ffffd429
0000203f
ffffdd28
00001f94
00000455
000000aa
fffffffe
ffffe212
ffffebe3
ffffdb5c
000003ba
00000668
ffffec4d
00000eae
00001ea9
00001417
fffff116
00003d51
00000e1d
00002888
00000cd1
ffffb4d7
0000224e
fffff223
ffffd96f
fffff9a0
00002967
fffffe90
000033cb
00001c64
fffff54a
00001366
fffff2c5
000033fa
ffff9f79
00000a28
00001bfa
ffffeac2
fffffa15
000015c0
00001144
0000241c
fffff8f9
000025d6
0000089e
fffffdc9
ffffea90
fffff3e7
00003234
00001407
ffffe7b1
ffffe64a
ffffcabb
00000a45
fffff767
000021a2
fffff6f2
ffffe17e
ffffd169
0000029b
fffffe83
00000b48
000001a1
fffff5b5
ffffe213
ffffda10
fffffcbb
fffffe48
0000359f
fffffc82
0000194e
0000147b
ffffdcb0
00000e1a
fffff843
000006ef
00001445
000006df
00001b4c
ffffeac8
000018b2
00002231
ffffde06
00003de5
00003d2d
00001893
ffffbc8b
fffff416
ffffed6b
ffffebf3
ffffca1c
00000f3d
ffffdf77
0000075e
0000096f
000003a0
00001673
0000069e
ffffdb8b
000024e7
00002c58
fffff3f0
fffff037
000007f7
ffffef69
fffffc02
ffffe5d6
000029af
ffffc668
00004667
fffffe9c
ffffd8d5
ffffe5c1
fffffaf2
000015c7
0000147d
ffffdd8c
00002621
ffffeca1
00003b29
000012d0
ffffdcae
00003565
ffffeeae
ffffadee
ffffcaf0
ffffa9be
fffff15e
0000087d
ffffb685
fffffdad
fffff0ad
000004b8
ffffc29e
fffff585
fffff6fe
00002a08
0000387e
ffffe862
ffffcbd1
ffffffdc
00000ac6
ffffd988
ffffe547
000019ae
ffffdbac
00000e27
fffff77a
00001fd4
ffffe48e
0000132d
ffffe618
ffffdc0a
00001eed
ffffe12c
00001c11
0000176c
00000d77
ffffdfe1
ffffff98
00000b52
00000dd4
ffffdd26
000026be
00001e7c
ffffdb17
ffffd819
000016eb
ffffec7b
fffff86c
fffffe48
00001572
ffffcc3b
00001af7
00003697
00002850
00001a74
00000be3
ffffcc0e
00001989
00000c5e
00002da0
ffffee89
ffffeec1
00000fed
fffffa34
00000154
00000005
0000058e
00001abe
fffff1a9
0000010a
000002c8
000004c2
fffff34c
ffffe800
00001565
ffffeec1
00000d16
ffffef5c
ffffefd9
00001831
000021a6
0000145d
ffffc674
ffffe625
ffffed93
00002182
ffffd2c5
ffffdda4
ffffd5a0
ffffd50b
fffff8b8
00001356
000005bf
ffffeb0b
ffffaf2b
0000282f
00001cf3
00000890
00001ebd
fffff3b0
000018c9
fffffee1
ffffbaff
0000020b
00000da7
fffffa4f
00001268
00002909
000025f5
00000fe2
fffffde0
ffffe253
ffffe00c
00000536
fffff2fc
00003e7d
00002cae
000002c7
00001de3
000012c5
0000084d
000011f1
0000207d
00001339
ffffcaa8
00002184
ffffc6b3
fffffdea
00002293
ffffea6b
0000223c
ffffc848
fffffeec
fffffdfa
0000022d
0000059d
00001ee0
00002324
ffffe683
00000848
0000195b
ffffe307
ffffcbc6
00001284
00001133
fffffc6d
000001a5
000029ff
fffff020
fffff0bb
fffff68d
ffffff33
000017b0
fffff39a
0000185b
ffffe56c
000007f7
00002049
00000f9f
00000b51
fffffece
fffffde9
00001dd8
000004e2
ffffe7ec
ffffe588
000013b0
ffffeba4
000001c4
ffffecb4
fffffab2
00000efe
00000d74
ffffc8c7
00000609
fffff053
fffffd9f
00000349
000033b4
fffff811
ffffd7ee
fffff08a
ffffe865
fffff4ec
fffffbb5
fffff345
ffffdde0
ffff94f2
00002129
0000333d
fffff175
000004bb
ffffdcfd
00001c5b
000002ec
00000779
fffff7fe
ffffeb74
fffff01f
000007be
ffffe8cd
ffffee2f
00002cec
0000275e
ffffc407
ffffeebe
ffffe92d
fffff6c5
000018b3
fffff210
fffff129
fffff41c
00000113
00001455
00002c9b
00000cb9
ffffee03
fffff575
fffff3a0
ffffcc8f
fffff8c1
000006be
000011d7
000011cf
00000707
000019a7
00001336
000018f8
000004ec
ffffdf5a
fffffccf
fffff698
000004f3
000021d8
fffffa41
ffffddad
00000833
0000116f
ffffcc2e
00001737
ffffe1a8
00001df7
ffffff98
fffffaa2
fffffdad
00001fa0
ffffec5c
ffffffde
fffffe63
ffffe154
00002b0c
ffffbe8a
ffffd45a
ffffe2fd
fffff4ba
fffff0fa
ffffcf41
fffff5aa
ffffdbb5
00001ae3
ffffce38
0000113b
00002014
ffffe709
00001d4f
0000177b
000009b6
fffffb24
00001822
000035f8
000003ed
00000970
00001017
00000740
ffffff49
00001341
fffff46b
000007ef
ffffecea
00000a38
00000fe6
ffffeeb7
fffff7e8
00002e17
000044ee
00002760
00003ebd
0000122e
ffffe03d
fffffd88
fffff99a
00000ed0
00000abe
00000d4b
ffffdab3
ffffdb74
ffffe67e
fffffbd1
000007e3
000038a9
0000045a
ffffe8e4
ffffe183
000005c4
0000087f
ffffeb25
00000a0a
00000a60
ffffd8ea
00000ed9
ffffdc63
0000057c
00000d06
fffffa76
00001390
00001970
00003327
fffffeab
ffffe192
fffff3b7
00001992
00000151
00002987
ffffff45
ffffefa5
ffffd0c5
fffffbc6
fffff278
00001226
00000a7e
000006f7
ffffe926
00000f94
00001d0a
00000a0c
000011d9
ffffee15
ffffffe2
00000793
000007dd
000029c4
0000012f
00002ec7
fffff19e
ffffe536
00000f26
000015df
00000498
fffff6c6
ffffff0e
000000ca
fffffd62
fffff8db
ffffde6a
ffffd137
00001aea
00000479
00003df3
000004c6
00000460
000000fe
ffffebab
00000581
00002545
00001f2d
0000416c
00000c76
fffff1a3
fffff593
0000140c
fffffdc3
fffff613
0000045b
fffff21b
ffffe5de
ffffeab9
00000e51
00001bc7
00000838
fffffe93
fffffb9c
00001226
ffffdc99
fffff1d9
ffffe197
ffffbac9
00001fe7
ffffff64
fffff5eb
ffffe988
fffff834
00001110
fffff59c
00000070
ffffe175
ffffe847
fffffe34
fffffb49
00000df3
000008be
fffff251
ffffef39
00001dbe
ffffcfbf
00001a64
00001928
fffff2c1
ffffe84b
00002387
000023af
ffffd939
00001cb5
ffffdd38
00001abe
ffffe392
ffffcf08
ffffbdf7
00001c7a
ffffed69
fffffd43
ffffe781
00001b02
fffffcbe
00000df7
ffffe012
ffffef7d
ffffe873
000010c9
00000db1
00001226
ffffd2bb
000007ec
00003876
000035f2
00000a60
ffffebec
ffffe740
000011df
fffff39a
fffff28e
00003aa3
fffff190
ffffd67b
00001401
00000bcf
fffff4d2
00000d74
00000131
000010d5
00000c3e
ffffeff2
00001337
00000840
00000042
fffffa48
fffffe0e
0000244e
fffff643
00002050
fffff317
ffffdb7d
00000da8
00000b17
fffff0d5
00001512
fffff006
00001e57
00001fd8
0000153e
fffff96c
0000104d
ffffff7e
ffffff0b
000026c8
ffffe028
00000840
00001267
fffff2fb
fffff200
00001ee5
ffffd0b9
00000e87
00001a85
ffffc9ae
000014c5
ffffecaf
00000c28
00001c78
ffffed58
ffffe42e
ffffe737
00001a85
00000e17
00000f4b
0000040f
0000287f
00001754
ffffd9b3
fffff903
00000267
ffffcad8
000007d9
0000008d
000016a0
0000297b
00001735
fffff6ed
00002109
00002f7b
fffffa6f
ffffd684
fffff323
00001ac1
ffffe15b
00003283
ffffe527
00001fd2
fffffd7b
000014e4
fffff4c8
fffffea3
00002ca4
0000042f
00000775
00000b3a
ffffff48
ffffe9d5
00000d1d
ffffe0d7
ffffe529
fffffe47
000018a0
00001dce
fffff799
00000da6
000015b4
fffff44d
0000368d
ffffe3b4
0000102c
ffffd5c4
00000683
ffffe6da
00002817
000004d3
00001161
00001cfa
00003165
fffff590
ffffeaff
ffffe899
ffffff3b
000008db
fffffd24
ffffcf01
ffffd68c
000031c6
00000484
000026dc
ffffd287
ffffe448
000019bf
fffffb39
ffffe767
fffff865
fffff617
ffffef91
0000004f
ffffcbe6
0000024e
0000027d
00000ecb
fffff0c0
fffff6c9
00000316
ffffe0ca
fffff445
ffffe2ce
00000e33
00000422
fffffe75
fffff2c5
ffffec13
fffff343
fffff4e8
ffffe514
0000063d
00001fa5
00000e11
000003a5
fffffa8a
00000cfb
ffffedf2
fffff2b9
fffff2c3
fffffb69
fffffd73
00000871
000007d8
fffffcb7
ffffeab8
000006fa
ffffffcf
fffff248
00000a6a
00000754
ffffd3e8
ffffee70
0000041c
fffffce3
000013e9
00000bfd
fffffd19
0000063a
000021e3
000011c7
0000097a
00000c88
00000494
fffffe6f
000007f6
ffffec2b
000023ef
00000f8a
fffffe24
0000061e
0000178c
000027ca
fffffc75
fffffb6e
fffff501
000001dc
fffff762
00001656
ffffe1b9
00001500
fffff097
ffffe30b
fffffc11
ffffe981
ffffcd9c
ffffda84
ffffe32c
fffffc87
00000c1d
ffffe90d
fffffadd
ffffd0ce
00000e96
ffffe735
ffffe8d8
00002fb0
fffff5cc
00000402
0000239f
fffff860
000002ad
ffffee32
00000a94
00000a13
ffffcb51
000000a3
fffffa6f
000006fb
00000552
fffff815
000023eb
00000d73
00001b24
ffffdcf3
fffff4ac
000015b9
fffff029
fffffc2b
fffff892
fffffe36
ffffec06
fffff9d3
00000360
000017d1
0000040c
0000218a
fffff1f0
00000348
0000019c
000022e0
000004c0
0000068a
00000a42
ffffebe1
00000d40
fffff23b
ffffd1d7
000014be
0000122e
000001a3
00000b73
ffffce67
000000d4
fffffe0f
ffffea7d
00001e9d
ffffede5
fffffa94
00001b15
ffffe6d6
000016fd
ffffedf0
00002bbd
00000031
ffffdf37
ffffe530
fffff544
00000f88
0000118c
fffffce9
ffffdc94
ffffdd68
fffffc71
00000c1b
000005e1
ffffea56
ffffce41
00001b31
fffff2c8
00000ec0
00001aaf
fffff226
00001f8d
00004013
ffffeb38
00001f97
ffffe1fb
00000dbd
fffff035
fffff741
00001672
00000a2c
ffffedd6
00000160
fffff616
ffffe701
00001f01
ffffcc7e
00001c9f
00003585
fffffed5
ffffe51a
ffffefd0
000012b7
0000148d
ffffe362
00001320
ffffdb99
fffffa46
00000967
ffffdfdf
00000796
ffffee67
ffffe9dc
fffff276
0000110e
0000192f
fffffaa9
fffffb03
fffff068
fffff990
ffffe381
fffff1e8
00001404
000001c5
ffffe4b4
ffffed6d
00000831
00003a05
fffffed2
000001ba
fffff9fe
00002da3
ffffeee7
ffffccfc
ffffec78
00000bef
ffffecfe
fffff9d7
ffffee38
fffffe74
0000274c
ffffe915
ffffe9ed
ffffea90
ffffeb6d
fffff3b8
00000a9f
00002ae7
00000278
ffffe243
00000245
ffffe47c
0000002a
fffffb3d
00001d9d
ffffd7f7
fffff7f8
00000c22
00000e25
00000bbe
fffff260
0000262c
fffffa92
ffffec58
00001d76
ffffcc5e
000000ac
000032c3
ffffff71
ffffcf24
00001a90
fffff94f
00000297
0000164d
00002490
00001075
ffffe7e9
00003175
00001832
ffffea60
00000c5f
fffff57e
ffffff0d
00000600
fffffbd7
ffffef0e
fffff878
00001907
fffff74e
ffffecfb
fffffcd3
0000108b
ffffeb8c
000011e8
ffffc848
ffffe472
fffff1c0
ffffde82
00000c13
000019e9
00000761
ffffcf4e
00000688
ffffdb7e
00001e3b
fffff699
ffffeb14
ffffef5d
ffffdf1b
ffffe0cb
ffffec65
fffffab9
fffffc8a
ffffcc71
fffff403
ffffc746
fffffa2a
fffff351
fffff81e
000012ab
000007a2
00000447
ffffdba3
fffffbf8
fffffa0a
ffffe0cc
000008f9
000058ad
00002c9e
ffffeb48
fffffdf2
ffffde6d
0000028b
00001b17
fffff748
00000e78
ffffd57a
ffffd32d
00001f36
ffffda27
ffffd0a1
ffffdda7
00000e09
fffff385
000029b0
ffffe191
00001eab
00000650
0000154c
000029c0
00003751
ffffed3a
00000ad6
ffffe8f8
000015d2
00000791
fffff456
00000921
ffffdda7
fffff409
00001069
00000f8b
ffffed20
00000051
ffffdbac
ffffc6c3
00002bad
000002b4
00000792
ffffe14e
fffff373
fffff111
0000153a
fffff5ab
00000ab6
000000fb
00001351
ffffda8b
fffffb66
fffff017
00000388
00000a40
fffff54b
000002e9
fffff7df
00002b37
ffffde9b
00000b76
00003b99
ffffe2fc
ffffe9f0
ffffe45f
00001cc4
ffffee29
00000ef3
ffffff73
000003f9
ffffdb0a
00001a1b
00000817
fffffb89
ffffc480
0000006f
ffffff1d
0000102d
00001d14
ffffef09
00001063
ffffd7f9
ffffeaf8
ffffe599
fffff142
00000465
ffffe176
000003f7
ffffdb53
fffff960
fffff20d
000017b8
00000bbc
fffffc41
fffffda8
ffffe547
fffffe70
0000038d
ffffd86f
000019dc
000001fe
00002973
00000112
000001bb
fffff820
000003a0
fffff681
000030a4
fffffd9b
ffffeefa
ffffff03
ffffe7b9
ffffcc82
fffff0af
ffffead0
000007cf
ffffef74
ffffe2a7
ffffee5f
00001bd3
000014f1
000004f5
ffffff4f
ffffdec5
0000084e
ffffc845
fffffbb6
fffff819
00001d3d
00001230
00000729
fffff6a6
000001c9
fffff765
ffffc525
ffffe15c
fffff023
0000050f
ffffd3e5
ffffdcd6
00000a44
fffffe33
fffff6a5
00002669
ffffe8eb
0000010f
00000f13
000004d9
ffffde09
00000e2b
00002d6c
ffffe905
ffffe894
0000209a
00001c9a
fffff79e
ffffeb35
ffffee78
ffffd4f3
000000f0
ffffeb1c
fffffb4b
ffffeca4
fffffd26
fffff6be
fffff26f
ffffeaba
00000c67
00000b44
000012e7
000007ed
ffffd751
00001867
00001096
00002047
0000158c
00002677
fffffc86
ffffc8c3
000019bb
0000071b
ffffffd6
fffff9ee
ffffe1af
ffffcb2f
000022ec
fffff717
00001259
fffff845
ffffeebc
00000588
00001474
ffffff57
ffffe5db
ffffff84
0000212b
00000a94
00000790
000000ca
00002369
fffff56a
fffffd95
ffffe155
ffffe0e1
00000b9c
ffffc81e
00001eaf
fffff9c6
fffff638
00000794
0000063c
fffff6f7
fffff791
0000148b
000007fc
ffffec4c
00000889
00001191
ffffffeb
000007e5
0000279b
ffffe99f
ffffdd51
0000334b
ffffda69
fffffd1a
fffff283
000011ee
000016c7
ffffeaef
00000eb0
00000318
00002161
fffff070
fffff0f9
ffffea3e
ffffe602
0000153d
000013de
fffff861
000001b8
fffff92e
ffffe2c6
ffffdd25
0000118e
000013ff
0000026a
fffff75d
000001f2
ffffe7ae
00000d7b
ffffffbb
ffffe817
000020b1
00002869
ffffd2fa
0000090f
000038b8
fffff12f
fffff780
fffff681
00002539
00001ebe
00000211
00000696
0000039f
fffff956
00002745
ffffdf62
ffffe408
0000143c
000012e3
ffffe5cd
ffffec9a
fffff93b
00000fc0
00000260
fffff631
ffffe022
000009bc
0000045b
ffffecb9
000011cc
ffffe3a3
000013dd
00001184
0000266a
000011ff
00001500
ffffbf12
ffffe74c
00001830
fffffde1
00001dd7
00000546
fffff8af
00001b72
000018ad
000001a9
ffffff83
ffffebb5
00000206
0000000b
00001839
ffffe0de
000010a1
ffffc817
ffffe959
ffffe0d9
fffff617
fffff4d0
00000a75
00000f3e
ffffe013
0000080f
ffffc519
fffffca0
ffffc305
00000857
ffffeb9d
0000292a
fffffe4e
000007a3
00000c98
0000088d
ffffe542
ffffde36
ffffe9a7
fffff70a
000001f2
fffffa4f
ffffece8
ffffe622
00000808
00000207
000022a5
000000c5
fffffac4
00002a98
00000809
fffffc18
fffff131
fffff2ae
fffff175
fffff565
000005af
ffffe398
ffffefd0
ffffee69
00001b49
ffffdff6
00001199
0000042e
fffffb51
fffff7a4
fffffa11
00001b0e
00000a6d
00000a72
fffffc11
fffffa6c
000013b6
fffff729
fffff386
fffffa42
fffff211
000025cc
fffff074
00001738
000038d4
0000131a
00000601
ffffe330
ffffe884
00001b97
000000f0
00000f29
ffffd6d8
00000217
0000155f
00001259
00000ba4
000006bd
0000003a
00000f37
ffffd945
ffffdf2a
ffffefdf
ffffe316
ffffe66b
00001c1f
00000b0c
000009a5
fffff137
00002315
ffffefd1
00000385
ffffc995
fffff691
ffffeeab
ffffcbca
ffffe531
00001b68
000012cf
00000262
ffffd591
ffffef0e
fffff94a
00001adf
000018c3
0000198c
00000bc5
fffffd54
0000036f
ffffff9a
ffffdaab
00001c61
fffffdb6
fffff971
fffff92f
ffffe635
00000669
fffff8c3
00000475
ffffdd1b
ffffed24
0000115e
0000149b
fffff6ec
ffffe9d2
ffffe1d5
ffffd9f5
00001273
fffff38f
00001ee7
fffff136
ffffe5d2
00000921
00001daa
fffffe55
fffffe1f
fffffaf3
fffff52a
00001bc0
ffffccac
fffff843
000025d5
fffff6e0
fffff157
fffff52f
0000120b
0000033c
000011e8
000030dc
00000ddf
00001e6e
000002eb
00001389
00001f54
ffffddd3
ffffd3ed
fffff5e0
fffffd04
ffffd646
ffffd9b6
000001e0
fffffb2a
0000059e
0000367a
0000183f
00000bac
fffff1cb
00000762
fffffdfe
00000710
fffff5d1
00001288
fffffa94
ffffddf3
00001211
0000134e
00001911
ffffbc79
fffffcf8
00000e44
fffff3db
000008ed
ffffeb59
ffffe1f0
ffffdd74
00000593
00000d6f
ffffed98
ffffede3
fffffa64
fffffb23
00001241
fffffde0
ffffeb36
00002ab3
00000976
0000024c
00000ab3
00000bca
ffffeb6f
ffffc061
ffffe1ad
00002df2
0000098a
00000dad
00001e53
fffff00a
000005bf
00000435
ffffff64
fffffe2d
fffff9bc
fffff86b
00000eff
ffffeaf5
ffffff92
fffff298
ffffffcd
fffff3ce
00000a3c
ffffd6cd
00000781
00000297
00001676
00000903
ffffffd3
ffffea08
ffffecf3
fffff7c9
fffffad8
ffffef68
0000136d
ffffeabb
000006cf
fffffdf5
fffff33a
ffffe319
ffffd0e2
fffffa9a
fffffa15
00000732
fffffda7
ffffec5b
ffffecd9
00000b95
00000338
00001b1d
ffffe8e2
000001c2
000008cb
ffffeade
fffff690
fffff14b
fffff247
00000d16
fffff70e
00001a67
ffffe8cb
ffffe59c
fffff0dc
00001138
0000184f
00002146
ffffee32
fffff9df
ffffdfe2
00001ddb
00001dbb
00000863
fffff90c
00000238
00000303
0000172b
fffff1d2
fffff8eb
00000b18
0000073f
fffff89f
ffffe6d9
ffffeb16
fffffd26
fffffe65
00001035
ffffd621
fffff4fb
ffffefcb
00000a99
000005db
000005e2
0000049d
fffffa66
000014ac
ffffe439
00001704
ffffdadc
00000740
fffff07d
00001686
00000d14
fffffd07
fffffdc2
ffffd794
fffff2d2
ffffe00e
00001275
ffffc1cc
00001fd0
ffffe189
00000d31
fffff99a
ffffe3c3
00000018
0000197c
fffff4f9
fffffa6a
ffffd44c
fffffaca
fffffa65
000005cc
00001b1d
000027a0
0000166d
00003509
000006f1
fffffebf
ffffccaa
ffffc461
ffffef5a
00001dea
ffffda98
00003650
fffff323
000006c8
0000214f
ffffdc55
00002546
00001764
00001d25
fffff616
0000161b
fffffa12
ffffe03a
fffff6b4
ffffd6ca
ffffd0f9
00000e34
000012f1
00000f89
00001e28
0000218a
ffffff69
ffffe1c4
00000634
ffffdf00
00001b6c
ffffefd1
fffff396
ffffe437
ffffd7b7
fffffcb3
fffffdbf
0000158a
00001923
ffffe0ec
0000049c
fffff1da
ffffdfd1
ffffe3c2
fffff3a4
ffffeee6
000004b0
00002089
00001281
fffffbc6
00002bcc
00001715
fffff8cc
ffffe3c0
00000ca9
fffffcda
fffff4b9
00001928
0000066b
ffffe8b9
0000085f
00001596
00000268
ffffe8f0
fffff438
ffffecfc
00002401
000006a6
ffffdb2f
fffffe8d
fffff7ab
00000804
00000173
ffffe6f2
ffffe3b8
ffffe8b2
0000247d
00001c43
ffffaed9
ffffe044
ffffeab0
ffffdb80
ffffefc8
fffffeec
0000005e
00001179
ffffe9e8
00001235
0000151f
00001fb8
00000a39
000023f8
000004dc
0000017e
000006d9
fffff486
ffffe0dd
ffffe90f
fffff5b0
00001531
00000eee
00002453
fffff780
ffffff21
ffffeb1d
0000300b
ffffdf02
00002946
fffff7f3
00002066
000016dc
ffffd7b7
00001a90
00000946
00001821
ffffdea6
ffffc71b
000018d6
ffffd31e
ffffd34c
000005af
00000985
fffff85d
00000fc1
0000125e
00000c05
fffff31a
ffffe4fa
ffffed9d
00000b1d
fffff1a3
000005e5
ffffe4b2
000053e0
fffffe5d
00002d9d
00000d20
ffffeace
ffffee0a
ffffc311
0000044e
ffffd9dd
0000345e
fffff68b
ffffbf53
00001d02
00000434
fffff419
ffffdcc3
0000016e
fffffe90
ffffff36
000000d4
ffffc37f
ffffd4e0
ffffe9b3
ffffe3dc
00000803
000019cd
000003b8
0000198d
00002736
fffff790
ffffb212
000010e5
000026ed
00002010
00003278
ffffd7f5
ffffc585
ffffdee2
ffffcaa7
00002574
00000970
00000259
fffffc45
ffffe3ec
ffffce5b
0000315a
ffffd9b1
ffffaea3
00000071
ffffc37b
0000007c
ffffecaf
00002c30
00002b23
00002002
ffffe952
00002694
00000c5e
ffffd3a5
ffffd776
ffffe612
00001d7f
ffffda27
ffffe361
ffffed0d
ffffb669
00001a34
00001064
000005e4
000000f0
fffff195
0000441a
fffff1ac
ffffeb8a
ffffe5fb
ffffecfa
00000db8
00000bdc
fffffebb
fffff37a
ffffd585
fffffa29
00000655
00006377
ffffe80e
ffffe59a
0000267b
00000389
00001d6d
00001aef
fffffcf9
ffffe273
ffffd25c
00000629
ffffc449
fffffb8f
00004a3e
ffffdf8d
ffffe5d6
ffffe048
000005d1
fffff688
fffff0e7
00000ddd
00001b80
ffffbe71
000019f4
00001622
fffff664
00002434
00002ec5
fffff199
00004f94
000054d5
fffffd59
00000880
ffffcfe0
00000b86
ffffe94a
000008bb
fffff0c6
00000a72
0000114e
00000a16
000056fe
00003eb5
ffffc86e
000002e9
000008b1
ffffff73
000008c2
00000e09
ffffd135
000006f0
fffff4d9
00000a7c
fffff389
ffffefb8
ffffe371
ffffed12
ffffe119
ffffd213
fffff6b4
ffffd173
000024cb
0000293a
00000c5b
fffffb45
00001a2e
ffffdc01
ffffef7b
ffffd54d
ffffeafc
ffffe6fe
00001675
ffffd790
fffff380
fffff74d
00000817
fffffbd0
ffffec81
0000281c
000001d1
00002e10
00000677
000025de
000025cd
ffffc673
000005ce
00002af2
00001a29
000031b2
fffff896
fffff573
00000101
fffffc21
0000168a
00000b77
ffffff3f
fffffe05
000022db
ffffdc0a
00000509
ffffbce4
000002c4
00001bd4
00001c5a
fffff0f0
ffffc38d
fffff716
ffffe38d
ffffe53d
00002e72
fffff018
00002738
00000808
ffffe2fd
fffff6ba
fffff48e
ffffdc1c
fffffbc5
ffffeaf6
fffffdc2
ffffedde
ffffe92d
fffffedc
000003e1
fffff928
ffffff94
fffff814
00000f11
ffffe710
ffffdd9a
ffffeb70
00000cc6
000049d4
ffffb4d3
000036c6
00001347
fffff2ca
00000929
ffffe706
ffffe05f
0000263b
000002ec
00001b85
fffffdc2
00003ed0
ffffdd94
000030ff
ffffec54
fffff7c9
0000029c
00001dd1
ffffd464
00004c8e
000013ad
000006a2
00001224
ffffdd68
000014b7
00002d36
ffffeb5a
000017e3
ffffe7e9
000023a9
fffffbde
000008be
ffffc2ec
00001780
fffffd27
00000be8
ffffefcb
ffffeff3
0000015f
ffffa123
ffffe6b4
ffffd265
ffffea87
000001f4
ffffeac2
fffff266
000033ef
fffffb05
00001b92
ffffd34f
ffffee5c
00002ecb
00000321
00002b78
00002037
ffffdbec
ffffea5d
ffffde92
ffffece8
ffffc4f0
00001e7f
00002479
ffffd34e
fffff665
00000d6d
000009ba
ffffee23
00001112
ffffcf4d
fffff36e
ffffefd3
ffffebd6
ffffe3f5
ffffcfd6
00002002
ffffdbc0
00000f5f
000002bb
00000295
00006237
ffffcb70
0000085c
fffff774
fffffbf0
fffff3a4
fffffc0c
00002a60
00000515
ffffd825
00000eeb
fffff7e4
fffff0c5
ffffe6bc
ffffdfbf
00002059
ffffdc79
00000b89
ffffcf5a
fffffcc3
fffff607
00001987
ffffe580
0000170d
ffffc677
fffff9db
fffff268
00000654
fffff5b1
00000cf6
00001d71
00000b96
ffffe1c3
0000122b
000004c7
000000b7
ffffc682
fffffeaf
0000295c
fffff4cd
00001627
00001857
ffffe900
00000b05
ffffe224
ffffde36
000009fe
00001152
00001995
fffffa45
ffffceb7
ffffcfb0
fffff546
00000116
000016c1
ffffea8e
00001500
ffffeb1d
ffffe768
ffffd4e6
ffffc888
ffffd1ce
00000625
ffffe2a2
ffffb5fe
ffffe1eb
000009ca
ffffddf6
00000582
fffff1e0
00001e93
0000272f
000033c7
00000e6e
00001378
ffffe7f5
00001092
00000726
fffffc4b
fffff367
fffff674
00000b6a
fffff9f3
00000d03
ffffe073
0000105f
fffffdaf
fffffbee
ffffdd30
0000197d
ffffffda
000013ac
0000260a
0000242c
00001ad0
00000d2c
000012bf
ffffeeba
00002266
fffff116
000018ce
00002899
00001d4c
fffff16f
fffff537
ffffe6d2
00000775
0000047f
00000f3a
ffffddd8
fffffd1d
000007d3
ffffe80e
00001933
fffff9f6
ffffca21
00002f01
0000178e
fffffd44
0000089c
0000160d
ffffdf21
fffff705
fffffa90
0000181e
0000342c
fffff895
00000a02
ffffcd6b
ffffea4d
00000a74
fffff3de
ffffc321
fffffdcd
ffffdaa6
ffffef94
ffffd068
fffff1ad
0000113a
fffff838
000017ce
00000aca
00001315
00002abc
ffffea40
ffffe6e5
fffff7e8
000004d9
00001ffb
fffffd0b
0000409d
ffffceb2
00001447
00000970
00001a93
ffffba86
000011cd
ffffe608
ffffe133
ffffef04
ffffd91d
fffffe27
ffffdd9c
000026eb
ffffcd67
fffff1a0
00001731
00004afc
00003be3
fffffbf2
ffffdb89
ffffd94d
ffffe9a3
fffff84d
00001d6f
000024bb
ffffddc5
ffffd39c
00001242
ffffecbc
00000466
fffff730
ffffdf36
ffffee68
fffffa50
ffffd851
000004ed
ffffe8d8
ffffbbb0
fffffead
00001523
fffffee9
ffffee62
fffff8c7
fffff4da
fffffeef
fffff04d
fffff36e
ffffce53
000011b4
ffffeb81
fffff8c1
000006f8
000013e7
fffff0ee
ffffd9c6
ffffd6e8
00003d89
ffffec76
fffff3b9
fffff784
00000845
ffffd31d
ffffee15
00002d7e
fffff9c8
0000145a
ffffd205
00000760
ffffea72
ffffafc1
00001412
fffffef2
000007a6
ffffee0a
000001c5
ffffec10
ffffe834
ffffdb7b
fffff1b5
ffffe2eb
ffffeb8e
00000a0a
ffffe5aa
0000182e
fffff0aa
ffffdf55
ffffe426
ffffc88e
0000021a
ffffbca8
ffffff71
fffffb80
fffff66e
ffffe7e7
00002a26
ffffcc2f
00002a39
ffffe41f
ffffdbe3
ffffef26
000001f4
000000b3
ffffe1ab
000017a7
fffff4ae
ffffe481
00002254
ffffc291
fffff2dc
0000091f
ffffc99e
fffff4f0
0000079b
ffffeacd
ffffe14c
ffffd3ae
000001bf
ffffef06
000016d3
ffffe47c
fffffb2d
fffffdb6
ffffed23
000003a5
0000261c
0000087e
00000ace
00003ddd
00001e78
0000223a
fffff651
fffff538
ffffcf23
0000043b
00000547
00001020
fffffae5
00000fab
fffff262
ffffbfa3
00001c1a
00002078
00002777
00000c02
000001ca
00001441
ffffe6f2
fffff4a0
00003f03
000024a2
ffffdc4d
ffffd50e
fffffe5a
00002705
fffffe21
ffffcc18
0000143b
ffffcac0
00002524
ffffd1e6
ffffe192
ffffe776
0000238c
ffffff5b
00000250
000000bd
fffff4f8
000002d2
00000bae
ffffdff0
fffff278
0000055e
00000fd9
fffffecc
fffffe39
000006da
00000a14
ffffe720
00000133
00000d45
fffff6dc
ffffeefc
ffffffa2
00000698
00000002
ffffe9db
000000a8
0000095c
00000219
fffff533
000010d8
ffffe954
000006ef
0000161c
0000071e
00001114
ffffeec7
0000142b
00000276
000000e2
00001c01
fffff081
fffffca4
00000968
fffffed9
fffffe7a
fffffacc
ffffefa3
fffff051
00000b4e
fffff5a5
fffff0ed
ffffdfdf
fffff5c6
ffffdbf6
ffffe3f4
fffffd6f
ffffecec
00000404
fffffb71
ffffe338
fffff69c
00000909
0000143f
fffff6c9
0000028b
fffffacf
ffffee7c
000004f5
00000311
fffff6f2
ffffdba1
ffffd3c9
00000220
0000022d
00002884
000017ec
fffffbeb
000012a3
000014df
ffffff7a
fffff973
fffffecd
000007ac
0000149c
fffff902
fffffc9f
ffffe1e3
fffff62b
ffffd3ef
00000144
fffffece
000014e7
fffffc28
ffffeff7
fffff698
ffffeddc
ffffe77d
fffff5cf
0000087f
00000a04
fffff636
00001923
00000052
fffffafe
fffff37f
000008b7
00001cf2
00000afd
fffff997
00000756
ffffe93e
0000038a
ffffef1e
fffff5e7
00000c8d
ffffecc8
00000701
000010a7
fffff103
fffff76c
ffffec95
fffff040
00001195
00001619
0000091d
ffffefe1
ffffec41
00000860
fffff5c7
000001f3
00000ee3
fffff936
000017e6
000017bc
fffff362
fffffc69
fffffed6
00001257
00001054
00000784
ffffcdce
ffffd510
00000faf
00000f8b
000000bb
fffff757
00000b92
fffffe1c
fffffc27
00002357
ffffea3d
fffff46f
0000050a
fffffd8a
fffffdbf
00000163
00000015
ffffef27
000006d6
ffffeca0
000014e5
00000877
fffffdb2
00001154
00001485
000012af
ffffed84
fffff4b7
fffff2a1
fffffbf0
00000637
fffffa2b
00000788
fffff9e2
00001d07
fffffa4f
0000124c
000027d4
000013f3
fffffeb5
fffffb43
ffffebc6
00001bc5
00001060
000006cb
0000278f
00001509
00001578
0000092d
fffffc41
00000d3e
00001b84
fffffb07
fffff72d
0000148e
ffffe67d
ffffe592
ffffede7
000016b8
fffffae4
00000cbd
0000149e
fffff948
fffffa44
fffffdf6
0000214d
fffff05c
ffffdc2e
00000954
ffffe9d3
00001b45
00000b3d
fffff38b
0000135f
00000613
ffffefa4
00000e18
00000587
000009df
00001482
fffffe07
00000d2b
ffffe8da
00001b0d
00000f69
00000104
0000101e
fffffb4d
ffffff4a
000026ed
0000067b
ffffefdb
0000129e
ffffd736
fffff800
00000e7c
00000379
fffffb42
fffffe89
fffff74d
fffff747
00002138
00000679
fffff846
ffffdf6e
fffff5df
00000782
0000081a
00000e9d
ffffea61
fffff028
000005a5
ffffd6bc
00000cd5
00001e1c
00001936
fffff95e
fffff948
ffffc838
fffff6e6
fffff286
0000019e
00002802
00001286
00001bd1
00002aa0
ffffed6d
0000103c
fffff60b
ffffeb89
fffffdc5
ffffdd04
00000ae4
000001b4
ffffe228
0000023e
fffff97b
00000c42
fffffee3
0000214e
0000112c
fffff5b6
fffff714
000001d5
ffffefa7
0000023b
000002a5
ffffeec7
00000d08
ffffd88d
ffffeaca
ffffe9ca
ffffff02
000006e8
000006cd
000011d6
0000147b
fffff7f7
0000185d
ffffe372
00001044
ffffd4d7
fffffea2
ffffe9fc
ffffe65f
fffffa8f
00001ab4
000026a1
00000cc0
00000146
00001428
00000e5d
000024ac
000010db
fffffc50
ffffeadd
fffffc33
ffffff5d
fffff704
ffffee29
00001aff
00002a43
ffffefee
fffff34a
ffffead1
000005fa
00001308
fffffac3
fffff75d
ffffe07f
000002fe
000001df
00000b5a
ffffed32
00000f67
00000686
ffffdd4e
ffffe8d1
fffff269
fffff8a3
ffffff43
00001237
000009b8
ffffebbb
ffffe487
0000018a
ffffdba7
ffffe68b
00001369
ffffe612
ffffe85e
fffff398
ffffffb8
fffff039
ffffdb2a
fffff786
ffffe47e
00001610
00000831
fffff882
fffff947
fffff169
0000192e
ffffe30b
ffffe5d9
00000996
00000232
ffffff83
fffffd22
00000ba6
000002ea
ffffffd4
00001285
ffffd34f
fffff143
ffffef76
00001f01
ffffff80
ffffeb69
fffff6e1
0000050d
ffffdb54
ffffe18c
ffffe598
00000fae
ffffc647
ffffe8fe
000002e3
ffffe1a3
fffff3c3
fffff21c
00001c21
0000015b
0000256f
00000f6e
00000830
fffff036
0000140d
000005be
fffff9bd
fffff475
fffffe77
fffff46c
fffff458
fffff54e
ffffc772
000010fe
ffffe58a
00000038
000012dd
0000032c
fffff99e
000002f6
fffff3b1
00000f2b
fffff5a2
000007ce
000000fc
0000057b
00001d7e
fffff12c
fffffb4d
00000579
ffffd42a
ffffdd3e
ffffc895
00001ca7
00001c6b
00000679
0000132b
00001496
000009ed
00000ca4
fffff399
00001122
ffffcbc4
fffff7ec
ffffe4a1
00002b50
fffff782
fffff310
000003a6
00000414
00001046
fffffab1
fffff060
ffffde59
00000a10
fffffb0d
ffffff65
00001d6b
00001157
000001b3
00000ed0
00000dc3
00000476
ffffffff
fffff784
ffffe99e
ffffef1f
000008db
00001810
000008d5
ffffdf3b
00000e69
00000e27
000005a0
fffff496
0000108b
fffff9e6
0000234f
fffff53b
ffffff8a
000014ab
00001488
00002a5e
00001a46
0000032f
00000c9e
ffffc67b
fffff604
00002135
fffff81c
000003ba
00002960
ffffe787
fffff3eb
00000ed2
ffffe9b2
00000d00
00000c7f
000003a2
fffffac0
ffffc1ee
00000097
fffff58d
ffffe741
00001bde
00000709
0000047c
000004f9
00001dbb
ffffe10b
0000025a
ffffe143
ffffff3f
00000e51
ffffe88f
ffffeb9b
ffffd87f
ffffd1e6
ffffec1e
00000c99
000005cf
ffffef95
00002782
ffffd712
ffffdc44
0000081b
fffffaab
00000c15
000005ba
00000080
0000029d
ffffd5c8
000000f9
ffffdf43
ffffee86
00001eed
ffffd501
ffffd0ae
000001c1
fffffeaa
000005a7
00002376
00001bc0
0000091e
ffffff4d
00002c0c
000046b6
fffff227
ffffc6a0
fffffe4e
fffffe9c
fffffd8c
00001802
00003590
00001c6b
0000045a
000024a1
00001cb0
00000438
ffffe716
ffffdcf0
fffffb5c
00000319
fffff3bb
00000fbf
ffffee2f
000002c0
fffff398
fffff629
ffffee37
ffffe099
ffffe3ad
ffffec9d
00001628
00002ce2
000021bb
ffffeff1
00000eef
000010ab
000001e6
fffff864
000007ee
000000cd
000005c6
0000063a
000002c5
0000027f
ffffff27
fffffc3f
000006c0
ffffe651
fffffd9a
ffffd674
0000115f
00000f75
ffffeffd
000016cd
ffffdd62
00000d23
00001159
ffffed7d
ffffd4dc
ffffe585
00000f6e
00000b80
ffffea3b
fffff4f0
ffffe76d
00000a97
fffff08f
fffff962
00000663
000017c7
ffffc67e
fffff071
00000e61
fffff882
00001815
fffff227
ffffd8e6
00001d1f
ffffea6d
00000cb4
ffffd883
ffffefe0
0000109c
00000f29
000007e4
ffffe97f
ffffd90f
ffffd7b3
fffff779
ffffec4a
00002551
fffff649
ffffe725
fffffa2a
ffffe24f
ffffece0
fffff810
000004a4
fffffc8d
00000558
00000d40
ffffd915
ffffe334
fffff465
fffff752
ffffbadf
fffff953
000006ce
00000107
ffffdc36
ffffdcde
ffffece1
00000a66
00001140
fffff7f3
00000fdf
ffffed01
ffffeb34
ffffd84a
0000118a
00002197
fffffd31
00000b2b
fffff988
00001edd
00002bac
ffffe8c8
fffffd54
fffffc2a
00001292
ffffff08
00000405
00002fed
00001693
00000d93
00000854
ffffde7b
fffff7a1
fffff3bb
000016a3
ffffec08
ffffd59f
fffff8cb
ffffe272
fffffd4e
0000148a
00000cb6
fffffef0
ffffe6ba
ffffdb54
00000804
ffffdf75
00000888
ffffe9b9
fffffe18
0000236a
ffffbfb6
fffff41c
000013ea
ffffcdbf
0000152a
fffffb19
fffffbc7
ffffe752
ffffeed0
ffffd145
000013c6
000006be
00002695
ffffd292
00000957
000029c3
00001882
000007a5
000005f4
00000258
ffffd395
fffff89e
ffffefa6
000001c2
00000358
00003fb6
00001c73
ffffed25
000005c2
00000944
ffffb9b5
000003d1
ffffbd51
fffff9d8
ffffd86b
fffffe48
ffffe119
ffffde96
ffffffd3
fffffc20
00000c4e
00001c74
000008f4
000004c6
ffffeb96
ffffe96a
00001b08
ffffe44b
fffff8db
00003a10
000004c5
00000273
000016d9
000013e8
000021cd
00002058
fffff4d0
ffffe27f
ffffecdb
ffffe02b
ffffdf05
00001c03
fffff2ee
00001788
ffffe267
fffff67f
ffffff79
ffffcde8
fffff9ca
00000ac9
000005cc
00001033
fffff863
fffffdce
000013ff
ffffde5b
ffffecbe
ffffea3e
ffffca81
fffff8ca
fffff033
ffffe01e
000006bd
000013dd
ffffdf0f
0000144c
fffff93d
000005f3
0000534c
000011fb
000010cf
000006d1
000017ff
fffffd24
00000a43
fffff8c6
000017b8
ffffc24c
fffffe32
ffffe200
0000068d
00000c06
00002be7
fffffb22
00001474
0000046a
fffff062
000026e8
ffffe4b2
00000846
00002a04
fffff9e8
00001840
00000ed3
fffff3c9
fffff736
fffffe59
ffffd2c7
00000dfd
ffffe9e5
00002008
fffff242
ffffedce
fffffadc
ffffe12f
fffff548
00002200
fffff6fa
fffffdf4
000001cd
ffffea19
00000201
00002bc4
fffff740
ffffd38f
000019dd
ffffdc0c
ffffeee3
ffffe59e
000020f8
fffff2b2
00002c39
00000628
ffffef9b
00001605
000002e7
00001079
000011ca
fffffc27
0000161f
ffffe143
0000226b
ffffda2d
ffffdd9e
00001c8a
fffffa8f
00001cfe
00000655
00004f31
fffffadf
00002bb3
ffffd272
ffffdeca
00004a33
fffff4c4
00001406
00000171
ffffce01
00001855
000000b2
ffffe83e
00000c62
000045e9
000009c7
00000f17
0000017c
ffffeecb
ffffef29
00000d42
00000c6c
ffffcc7e
00001e5b
ffffeb45
ffffef6d
000018a5
0000084f
fffffe7a
ffffdbb5
0000051b
fffff000
ffffecb9
00001541
00001ceb
fffff824
00000e2a
00000654
fffffe12
00000e20
ffffe801
ffffec0f
ffffdbf5
0000039c
ffffce87
00002b6f
0000008e
0000197a
fffff509
ffffdf8f
000012eb
00000e76
000006e0
ffffd819
ffffd22a
ffffe210
00002d1a
000021cc
fffff320
fffffa6e
0000295f
ffffe393
fffffb9b
00001a41
fffff6cf
0000082b
000000d6
00000312
000002e2
000008c5
00002681
000026dd
00002fb9
ffffd814
00001a6f
ffffe999
000008ab
000017e0
00000f3d
0000145d
00000b1c
ffffe0f5
ffffe414
ffffe215
fffff083
00002b23
00000419
000028df
00002563
ffffdbb7
000007ca
00003fb6
ffffe67b
ffffe329
fffff434
00002df1
00000413
fffff63b
00003bab
00001cfc
000017a7
ffffe71c
000004ec
00000d76
ffffe779
fffff7c5
00000db7
00000c70
00000eaa
00000a4a
fffff6a8
00002839
ffffe6af
000000aa
0000344c
00000421
000006c6
000014bc
fffff721
0000058c
000022d2
ffffe56f
00001cc7
00000fe3
0000086e
ffffeef3
fffff78b
ffffe9b2
0000141d
fffff61a
ffffe6a0
ffffd732
0000053f
fffff8a3
ffffcb6a
00000dd9
ffffdcee
ffffe9e0
000006cb
000009a1
00001383
fffffea9
000008cb
000011f4
ffffeea3
fffff21d
0000093f
ffffe912
00000a23
00001092
ffffff07
ffffd4c9
ffffea55
ffffff78
00000e7e
fffff3fb
fffff47c
00000459
00001abd
00000015
ffffc041
ffffec89
00000016
fffff91e
fffff9f9
fffffbbd
0000127d
ffffd021
ffffc6a9
00000928
000002d9
ffffe9ba
ffffe049
00002cc8
fffff83e
ffffd6f6
000013f4
ffffddf7
ffffd9f1
fffff72e
0000217f
fffff393
ffffeae6
fffff69d
0000063f
00001270
ffffda70
00000949
00000d93
ffffe4b9
00001fa8
00001225
0000211b
00001a95
ffffea37
ffffeff1
fffff2ea
fffff545
ffffdd41
000000b9
00000a93
00001325
fffff083
00003129
ffffe61e
0000171b
00000813
ffffefd0
000024f1
ffffed15
fffffe90
00001b7b
ffffe8a3
fffff616
000024d2
fffff87d
ffffee7e
00000a82
00001bbc
fffff529
00000b6d
fffffda1
000013a4
00002dac
0000275d
ffffcbf6
ffffe0f3
0000050b
00000366
ffffe806
ffffef3c
ffffe7ee
ffffed33
ffffefc0
fffff932
ffffe5ba
0000119b
fffff781
00000747
000021ae
000009be
ffffdbf6
00002755
000036b0
00000f5a
ffffea59
ffffe36a
00001592
ffffd4c4
ffffeb99
000011b6
ffffd36d
00000c18
00001948
00000587
fffff6f1
ffffe9fa
000006ca
fffff13e
00000f00
000005ad
fffff813
fffffb44
00000103
fffff308
00001f7d
ffffda11
ffffcfd2
000004c2
ffffef2e
0000065d
ffffe317
00002451
ffffed95
0000065a
000014d9
ffffdf16
0000229e
000025c6
00000cab
00000a4d
fffff8a6
0000067f
ffffe5ee
fffff5d4
ffffe0f2
0000156b
00003413
00001a5d
ffffe73c
ffffe97e
ffffc18f
ffffffbc
00000b36
000021a6
000023b7
fffff304
00001e44
fffffffa
000016e5
fffffdc8
ffffe14a
0000039c
fffff66f
ffffeb59
00001416
ffffd249
fffff715
ffffe991
00003883
fffff3cd
000022f8
fffff09f
fffffe98
fffff186
fffff387
00001fe4
00000305
00000eb4
00000a15
fffff02b
ffffe381
fffffb20
00000e91
ffffcd08
ffffeed0
ffffd01e
000005b2
0000359e
0000246f
0000124f
ffffe6d5
00000ec7
ffffd6bc
00000732
ffffee9e
000010d3
ffffffb5
000023da
fffff908
ffffeb9d
000004b5
ffffe7aa
ffffe8be
fffffca1
00001ace
000002cf
fffff1ca
ffffec9e
fffff575
ffffebc0
00001b4f
fffff9aa
fffffe67
00000e0c
fffff6b6
0000152e
000010b2
ffffc325
fffff542
00003118
fffffc38
00001bad
ffffffac
fffff5b6
ffffd03f
000002b0
000000c3
0000030d
000009bc
ffffc643
ffffb513
00000443
fffff48b
ffffedf7
00001962
fffff5b1
000004df
ffffefd6
ffffe79e
000003b3
00000478
00000e60
000004d1
fffff8e5
00000cf3
fffffdbb
fffff333
fffff30f
00000118
ffffe476
00000c57
ffffe022
000001a7
ffffed60
00000196
00000af3
fffff459
00002b0d
ffffeed4
00000f03
00000093
00000503
00000105
ffffe0dd
ffffe1f1
fffff509
ffffeb55
00000b99
fffff8d4
00000c55
00000af2
0000013e
fffffa62
ffffe8db
000001de
00001019
00001496
ffffef17
fffff654
ffffef8d
ffffff49
000004c5
000007bf
fffff212
fffff6dc
ffffecc1
00000116
fffff5e8
00000963
ffffec5a
fffff2c5
fffff96e
fffffde7
0000080e
00000ff8
ffffeac3
fffff186
fffffd59
00001874
0000146e
fffff469
fffff941
000011bc
fffff015
ffffe97a
ffffeded
ffffe7b5
000008d0
ffffece4
00001fbf
000013f2
fffffd34
fffff51c
fffff168
000008ba
fffff877
00000bbf
00000c94
ffffe4f5
00000402
fffffd51
ffffeba4
00000cf5
fffff135
00001776
00000396
fffffc48
00000f85
fffff20c
00002564
0000027f
fffffb0a
fffff439
fffff332
000019f6
0000030c
ffffdf42
fffffee0
0000310a
00000eba
00001331
ffffee7c
ffffd3d8
ffffeea2
fffff489
00000059
000012a0
fffff9f9
ffffe619
fffff6e4
fffffad9
fffff90b
fffffd60
fffff8b3
fffff3f3
00000441
fffff141
000005d5
fffff032
000006c6
fffffa8a
ffffeb9f
ffffe7dc
0000056f
fffff220
fffff867
0000058b
fffffc51
ffffd8a7
fffff97d
00001521
00000d8c
0000121d
fffff4f2
ffffe8e5
00000036
00000307
000009e3
00000b31
0000123a
000004f0
0000077a
ffffe7e8
000016b7
ffffdbe4
ffffe8ea
ffffec83
ffffdc14
00000a9d
fffffe73
000015ba
000007e5
fffff3e0
000002fc
00004517
00003611
ffffe814
ffffe958
fffff1d3
fffff999
fffffed2
fffff83c
00002394
000002b1
fffff327
00000921
00002160
00000404
ffffffdf
00000db5
00000890
000001b0
000020a8
ffffe854
ffffdbe8
ffffe339
00003a2c
00001524
00002c88
00000aac
00002845
000007ea
ffffef58
000012b2
000016aa
000005ab
00000e90
000010d6
fffff94d
fffff686
ffffe015
00000054
000002ea
00000dba
00000134
00000e1b
00002937
ffffd48d
fffff26f
00000f87
000012b6
ffffe094
ffffe5ff
ffffe262
000004f9
fffff9bf
00001666
ffffffec
fffff1d3
00000110
ffffddf5
fffff903
0000275e
fffffbcc
fffff8b4
000008d3
00002066
000032f8
0000229d
ffffff01
fffff4e0
00000520
00000240
ffffdb05
00000f01
ffffde13
00000cc7
000012a4
ffffff1c
00000664
fffff732
00002061
000018c7
fffff3fc
fffffc14
ffffed27
00000b4d
00001804
0000103b
fffffc7c
ffffe9c9
00000c60
0000125c
fffffb43
ffffee55
ffffe07f
fffffd6a
fffff5d6
fffff2d5
fffff3d2
00000a1d
fffffa3b
fffff059
ffffbd11
ffffef01
ffffe58d
ffffd829
0000164c
00001503
00002791
000003da
fffff323
00001e4c
000000bd
00001d1f
00001d32
ffffef3a
000013da
000015ff
fffffb89
ffffea88
ffffd949
fffffd2b
00000024
0000148e
ffffdab9
00000d9b
ffffe34b
0000127d
ffffe539
000043f3
0000460c
00000b2b
00000386
fffffde7
fffff5d8
000023dc
000004d4
00000086
000023bc
ffffd53a
00000c24
ffffb7c0
00002465
000033d0
0000038e
00000cd6
000033af
000000ab
ffffe575
00002ec9
fffff658
ffffd5ef
ffffedaa
00000e57
000015d6
ffffda23
ffffe0de
ffffee34
00002677
00000862
fffffff5
fffffe9c
00002067
00000d3d
00000fac
fffff7f2
0000122c
ffffe303
00002026
000026da
00002663
00001d6b
000004f4
000004db
fffff8a9
ffffe020
000019b4
00000be1
ffffe523
000002ad
00000add
00000247
00001e66
ffffe6c9
0000296f
00001a2b
ffffc4b9
00000e27
ffffc46b
000000c0
0000106e
000000ff
ffffdacd
000011a7
ffffd7f0
fffffdb3
0000117a
000001de
000008f3
0000064f
00000445
0000280a
ffffaa2f
fffff270
000007c5
fffff532
0000092e
ffffef2f
fffff0f3
fffff692
ffffff28
0000224d
00000dd6
00001440
000018f8
fffff95a
ffffec38
00000ccc
fffffd58
0000324c
000002cd
00000b66
ffffddb6
fffff7fe
00003578
00002a69
ffffe35e
fffffe20
000025b1
00002a01
ffffe2c6
fffff945
00001281
000011d5
0000264c
00002ad0
000013b4
ffffe831
fffff495
ffffddce
fffffaea
fffffc53
fffff883
fffff3bc
fffff06b
00001e08
ffffee2d
00000f9e
fffff0fc
fffff70a
00003362
00000941
0000001b
fffff3ac
ffffd2dc
ffffdce1
000028f8
00001ddd
00000ebd
ffffebce
00001fd4
ffffe877
00001810
00000786
00001a6f
00000e45
0000126f
ffffe658
000049b8
ffffec6b
000017f1
00000c04
fffff7be
fffffb44
00001ce1
ffffe07f
ffffe30a
00000ef2
00000a6e
ffffd673
ffffe564
00000cd0
fffff9c7
0000081e
fffff31d
ffffcba6
ffffd7c2
000006e0
00000908
ffffe61d
000027e9
00000b24
ffffff6a
000003b7
ffffdea1
ffffe380
000013b3
fffff795
000006db
00001ff8
0000012e
ffffdc12
00000d51
ffffea92
00001008
00001ede
ffffde8b
ffffe368
ffffc788
fffff41b
ffffc13e
00000927
00000796
000010cb
fffff897
fffffee3
fffffdbf
00001019
000016cd
ffffd7de
00003b72
0000098c
00002030
00002ca2
0000164d
00000801
ffffaa3d
fffffad4
ffffe578
fffff2c3
00000651
00002bbc
ffffd5a5
0000129a
00000e2f
ffffba0c
00000575
fffff231
fffffcc6
ffffe683
ffffefa8
00002a64
00000aff
ffffe304
fffffae7
ffffedee
0000022a
ffffd058
0000109d
000004f5
0000076a
fffffe50
000015ed
00004bfe
000000ef
00002a61
fffff34b
fffff451
fffff3d7
000000b6
ffffa331
00000376
ffffee66
ffffd48e
fffffffe
000037b9
ffffcdf5
ffffd5c0
fffffd64
00001848
ffffe5ba
ffffe585
ffffd982
00004a89
ffffece8
ffffe3b0
000032cd
fffffcb2
ffffcc9b
00002383
0000273c
00000c8d
fffff15c
00000af3
000001d5
000013d1
00001954
00001e15
00003b5d
000010c8
000005f8
0000130e
0000156b
ffffb339
0000191a
fffffd95
ffffc110
00000708
fffffdc8
000001ec
00000772
00002f36
ffffd977
fffff89c
ffffde3d
00001296
00003129
ffffe227
0000373e
000017a5
ffffe9cd
fffff206
000016d8
fffffc27
00005975
fffffffb
0000003e
00002c85
00000545
ffffdfcc
0000447e
00000fec
00000d1e
fffff72e
00000341
000001ba
ffffe962
ffffe560
00004470
ffffe794
00000467
ffffec10
000010fa
00004334
0000216c
0000124a
00000d92
00000be3
0000068f
fffff977
ffffc855
fffffdc5
0000325b
ffffd335
00003605
ffffeaa4
00000ea9
00002348
00003037
000006d2
ffffbd28
000011b7
000029d6
000031b5
ffffe433
0000517e
fffff2b0
000011fc
fffff6d8
000011e1
fffffb0e
00001a5a
ffffef16
ffffe84b
ffffed58
000005d8
ffffe81a
0000019b
fffffa7c
000002db
00000502
0000186b
00000630
00000919
fffffe93
00000744
000004dc
000009b1
fffff7fa
fffff30a
fffffa19
fffff053
fffffa8f
fffff146
ffffefc7
fffff1ab
00000aef
ffffe5fe
0000074a
00000ccd
ffffed88
ffffec87
ffffe744
fffff2ec
00001953
fffffcc5
ffffedb0
fffffa37
ffffe9a6
fffffb4b
00002499
000007bc
fffffe21
00000ee9
00000657
ffffeef5
00000d96
fffffca2
ffffe5af
fffff144
00001a38
000000c5
ffffeb53
000003dc
fffff95a
00000097
000007a3
fffff15d
000003a4
fffffb2f
ffffe912
ffffdc0b
ffffff74
fffff3ca
00000868
fffff5e0
fffffe22
00000f55
ffffef4d
ffffd2bd
fffffa0f
0000071c
ffffe5b1
ffffe913
00000344
ffffef61
000027df
ffffdcb9
00000a13
00001e66
ffffeb5a
00000f6b
0000093d
00000f9c
fffff318
ffffe347
00000ae0
ffffe47e
00000432
fffff5f5
00000fd9
fffffb97
000000b0
ffffdc6e
000017bd
ffffed4f
fffff791
00000f4a
ffffdd87
00000631
ffffb779
fffff9df
ffffdee1
00000688
0000035b
000018c7
ffffebee
00001299
0000020b
000001f0
00000757
00000988
fffff2b4
0000223c
000028e8
ffffe3ce
00001126
fffffe6c
00000c05
fffff357
fffffd3e
fffff93c
fffff062
0000255a
ffffdc4b
0000127d
0000109a
fffff372
ffffe14d
00001a59
00000a0f
000025e9
fffff06d
00001ee4
ffffefc5
fffff169
000004b2
ffffeb1c
0000082c
fffffa1c
ffffdda5
00000a24
ffffffa7
0000006b
00001572
000003fe
000006a6
00000342
fffff9d0
ffffdb61
00001bc4
ffffdcc1
00002ff4
ffffb8ee
00001b50
ffffcf7a
00002d09
fffff1b4
fffff0b2
00001b0b
00002a85
00001064
fffffbdc
ffffe2f8
000001d9
0000068c
ffffc54a
000027b0
00001a46
000011e8
ffffff86
00002857
000011cc
000023be
ffffe31a
00002138
00002e5a
ffffd62c
ffffdca4
fffffbe2
00000e4b
0000012f
ffffe906
00002a73
000021e6
fffff9da
000016ef
00001179
fffffeb7
fffff51b
ffffd3ff
fffff590
fffff867
ffffec7b
00000223
fffffb74
ffffe87d
00001f39
ffffe35f
ffffd7f3
00001557
ffffc465
00001400
ffffe1fb
00002013
00000b2b
ffffec45
ffffeaaf
fffff1b0
00000104
00000161
fffff46e
ffffd693
00001584
00001c87
00000c2d
000005db
000018d5
00000bc4
000003f3
00001db2
000003dd
000011d4
00001533
000012aa
000009b0
ffffbfd2
0000128a
000038c7
00003426
00000152
000017b3
ffffe80c
000010ea
ffffd579
00000b50
ffffe7de
000018d1
00000a04
000009ec
000009fd
fffffe55
ffffedae
000009fa
00001c4c
00000c22
fffff515
ffffe0eb
00003315
fffff714
00000f6f
ffffe903
000009df
fffffa54
00000cca
fffffcf1
fffff557
00001075
ffffecdd
fffff256
0000054a
000006ba
0000141d
ffffe5d7
fffffea0
fffff3e4
ffffeb6a
fffff536
fffff6ab
ffffe006
fffffd63
00001f7f
ffffef9d
0000191a
000004af
00001970
00002571
00000c0a
ffffddba
00001dc9
ffffcbc6
000002b6
00000f8c
000004c4
fffff408
fffffb81
0000103d
fffffe4d
00000731
000005a3
ffffe597
fffff692
000003ef
ffffc298
ffffded2
000010c8
00000bc8
ffffea7b
ffffda01
ffffdb62
fffff718
ffffef97
00003512
fffff2ff
ffffd0ae
000002f2
0000082c
fffffd50
ffffd983
00000384
fffff741
00001100
ffffed30
000014cc
00003d95
ffffe38e
ffffee49
00001090
ffffd8af
000004ec
ffffd990
0000037a
0000319e
00003145
fffff46f
00002421
00000327
00000eb8
ffffc68b
ffffed48
00000610
ffffde27
fffff948
00000922
00001249
ffffd030
0000107e
ffffed47
00000c04
00000681
fffffeb3
00000c52
000012b8
fffff41e
ffffcbfc
000011ba
ffffed0f
fffffbd5
000008c0
ffffde54
000000ff
ffffebc4
ffffe46d
ffffef3b
ffffec5a
fffff82e
ffffdb16
fffff92d
ffffc120
fffffbfe
fffffab5
fffff7fa
fffff92a
ffffff47
00000489
ffffeeba
000007cd
ffffee02
ffffecd1
fffffc75
00002051
ffffd5dd
00000b10
00000846
000017f5
00000d36
00003a96
fffffbca
00000565
ffffd16a
ffffd0e8
ffffe5b3
ffffd1d6
000027c3
ffffdb9c
000017d3
00000e79
fffff1e9
ffffe174
00001000
ffffdebe
00000aea
00001832
ffffe503
00001c5e
fffffe89
ffffefee
fffff384
ffffff53
fffffc27
fffffc5e
0000036a
ffffc049
00004657
ffffff35
ffffc4e8
000001cd
fffff291
ffffed58
fffff608
ffffdc36
ffffe62d
000010a6
ffffffce
000020d4
ffffe258
00000d71
fffff571
ffffe45b
ffffe5a1
ffffff7b
ffffeb5b
fffff0d2
00002c01
0000073d
fffff10d
ffffe828
ffffeae3
fffffd97
000005fc
ffffd44e
00003372
ffffe74a
fffffb20
fffff42c
fffff8ef
fffffb21
00001f85
00003947
ffffe645
ffffeb91
00000c1e
ffffecaf
fffff7ec
fffffb80
ffffec87
00000e7c
00006272
00000ed7
fffff013
fffff7ad
fffff208
0000084b
ffffd966
fffff5e8
ffffffde
fffff768
000000ee
00001606
ffffff16
00001815
ffffec1a
ffffebd9
ffffe021
00000c2a
0000063a
fffff0f8
000029a1
00000cfe
fffff30b
00000d75
ffffdda3
fffff7d6
00003e39
00002e02
fffffa89
00000080
000015af
ffffeda9
00001ebc
fffff728
00000d18
fffffc1e
ffffe202
00000297
ffffd333
fffff29f
ffffe32d
ffffe06c
ffffe679
fffff784
00001516
0000347d
ffffeea6
ffffe78d
ffffce77
ffffde69
00000784
ffffe979
00001929
0000075e
fffff01c
ffffc7a1
ffffe789
000013aa
00001e74
0000056f
00001632
00002182
fffffc07
fffffd20
0000261d
000023f6
ffffe0b5
ffffde32
0000149c
000002b4
000004e0
ffffe088
000038bc
ffffe8fd
fffff69e
000027be
00000ed4
fffff278
0000110b
ffffc339
fffff622
00000641
00000795
fffffdc4
000020c6
000031be
00000cd4
ffffca43
00000260
00001b4d
fffffdc0
ffffe58b
fffffd18
00002f8c
000023b3
00000e79
00000555
00000af9
fffff030
00000194
ffffdc11
ffffd154
fffffc8e
00001465
000008c7
000007d4
fffffdc9
00000879
ffffdd59
ffffeb08
00000d72
ffffed68
000023bd
00000b4c
ffffefc0
ffffe245
fffff310
0000073f
00000ae6
fffffa22
00001e78
00001a6d
ffffd6f1
ffffdab5
fffff015
000016ae
fffff3f0
000002d5
fffff2bb
00001953
fffff7e6
00001277
ffffda0b
00001127
000020a8
00002518
00001b33
ffffdeec
00001448
ffffdcc5
00000cc5
000011ae
000017d1
0000002d
00001a82
00002b79
00002597
0000295f
ffffe4e4
000007d3
ffffe8f5
00002026
fffffb74
000010f1
000011b9
00001173
ffffd9ad
fffffe36
fffff399
00001844
00000330
ffffe912
00000696
fffff17c
fffffc0c
00002bc5
000005b7
ffffec50
ffffe93f
fffff4dd
fffff569
fffffcbe
000027a9
ffffef39
000020a7
ffffefb7
fffff0ec
fffff3fe
ffffcc02
00001880
fffffbc3
000007f7
ffffd449
00000d35
000003e3
00000952
ffffe845
fffff6d9
fffff0e9
fffff839
ffffe8d1
fffffa54
000012ab
ffffd537
00001226
0000056b
ffffe39b
000002ce
00001e7c
fffff2be
ffffea29
ffffe746
ffffcf70
ffffe536
ffffd50f
fffff045
00000cb0
00001bd5
fffffbf3
ffffc06a
fffff2fd
00000523
000023fe
000015ed
ffffec6b
00002b52
00000f16
00002223
00000b96
fffffe0f
fffff846
ffffe121
00000ea3
fffff77e
00000722
0000097f
ffffe7a5
ffffea16
0000215e
ffffe69d
ffffea50
ffffe247
fffff5b8
ffffac1c
ffffcc0b
00001b4a
fffffc00
ffffd5c7
ffffeb30
ffffbc81
ffffec5e
000001e3
00001507
fffff5e6
ffffd760
fffff34a
00000b88
fffff71a
fffffe84
000010c0
00001f34
ffffe082
fffff0a8
ffffe1d1
00000f5f
fffff2f7
fffff0ae
ffffe7fc
ffffd911
ffffdeb3
ffffe7c2
fffffd7c
fffff60e
00000c47
ffffe7b8
fffff109
00000e28
0000128e
00000462
ffffe075
000005db
fffff97b
0000165d
00001089
ffffe9f9
fffff526
000002b6
00000039
00000278
00000464
ffffe66d
00000b32
000023e2
fffffeea
000015ed
ffffd1c5
0000157c
fffffc3c
fffffda3
fffff241
fffffca1
000002bf
000020ec
000008cd
00002532
000036c7
00001710
0000075b
fffff217
fffff100
00000f9d
ffffcbe3
ffffe914
ffffece8
ffffe935
fffff838
00002995
ffffd183
0000160c
ffffaaac
fffffc7b
00000ea9
0000012f
00003265
ffffe13f
ffffe711
fffff59f
00000add
ffffef07
0000071c
ffffbf63
00001ac4
0000198f
ffffd613
00000146
fffffc17
00000d5a
00001747
ffffdcd7
fffffb94
ffffe762
00000ddd
000007d8
00000435
fffff4c0
00000e89
fffffa7a
ffffd43f
000005fa
ffffe58d
00000d34
fffff55d
00001196
fffff590
000005f2
000014a4
fffff526
fffff1ff
00000260
000000e8
00001ed8
ffffeb68
fffffb7f
00000a63
fffffd9e
00000069
000009aa
000014de
000007f3
0000082c
00000b71
00000654
000036b4
ffffeeca
00001a52
ffffe474
ffffff05
fffff3f1
ffffd572
fffff756
00001434
0000026f
fffffda2
fffffb60
00000714
fffff8b3
00000da3
00001a98
000001ef
000006af
000008cb
ffffecca
ffffe253
fffffbf0
ffffeb2b
00000b5f
ffffed7a
00000ce8
fffffd6d
fffffa49
ffffe1fb
000019df
fffff43f
000007ca
ffffed55
000006a6
00000347
00002f5b
ffffea53
000005fa
00001ff3
000012d9
ffffd4b3
fffff550
000003af
0000002f
000004a5
fffff77d
000007c7
00000142
fffff256
00000289
0000012d
0000059f
000012d5
00000e6c
fffff01c
ffffff89
ffffec6b
ffffbf44
00000824
00001929
ffffe7bb
00000766
ffffdbf1
ffffe135
ffffea48
ffffebac
ffffdab4
fffff2c7
000000d6
fffff73e
00000ced
000009c6
00000897
0000037d
ffffedf0
000005a0
00001284
ffffdf19
00001563
00000bb8
0000104f
000003ed
00001428
000007dc
00000286
fffff7fc
00000202
000000de
ffffffd1
ffffea8f
ffffe3f6
00000126
00002f47
fffffa9a
fffff4a7
ffffc7e7
fffff8f8
00001bc3
00002b11
00001577
00000bf8
fffff722
0000080c
000001a8
00001449
fffff212
ffffe512
00001fae
fffff300
000007ca
00000b54
000016e7
ffffddb4
00001a82
00002ddb
00001cc0
00000309
ffffe38f
fffff482
00000da9
ffffe6f0
ffffc71d
fffffbe2
000006fe
ffffde52
ffffceb6
00000058
fffffe71
00001cd4
ffffd9e3
00000a13
fffff724
00000437
000036e8
000001c5
fffff516
000010db
00000877
fffff6ea
0000015a
00000dd2
000025a3
ffffe293
00001328
fffff0a4
0000130d
000003dd
00000d1a
ffffed08
fffffb89
00001323
ffffc2b6
00001a2d
000009d5
fffff725
fffff4ff
fffffe98
000018cb
ffffec8b
fffff094
00002639
00000b5a
fffff3d4
ffffee3d
ffffe742
000018b7
ffffd72d
ffffe593
000008ad
ffffe4d1
fffff47d
00002e99
ffffeeb6
ffffef19
fffff30d
ffffd083
ffffd52e
00001093
00001326
ffffd299
000004d9
00003f5a
ffffe00e
00003407
000005b5
ffffed2b
ffffeb0b
fffff2d3
00000310
fffff95c
fffff34b
fffff30d
ffffca73
ffffeb21
00000b4e
00000c86
fffff670
00002c98
00000799
00000d09
000009ac
fffff457
00000203
00001ab0
00001006
fffffc9b
fffff0b6
ffffe3a0
000002b1
00002794
00000040
ffffe47a
fffffece
fffffd26
ffffc9ac
00001e6a
0000026d
ffffe5a6
00000efd
00001877
fffff4ee
000017ae
00002f31
ffffc168
00000ccc
0000133b
fffff964
ffffbe43
00000794
ffffd21d
ffffeffc
ffffe7c9
ffffcc7c
ffffb551
00001295
000004ca
ffffde54
ffffe04d
000009e9
00002471
000018d7
ffffe6fe
ffffeff3
000004a1
000016ed
fffffb8e
ffffdbe8
000010ea
ffffec76
00001aa5
ffffee8f
00001180
0000005d
ffffdf12
0000290d
0000147e
ffffc292
0000313e
ffffed26
00000080
fffff7ae
000012d3
ffffe74a
00000b80
ffffe597
ffffe090
ffffe58a
000016f4
00000101
000002f7
000006e7
00001f5b
ffffe5d3
0000187a
000019ab
ffffec61
00000b8b
00000cd9
00001376
fffffb2f
00001a1e
ffffb667
00000f84
000007b7
000015e4
00001770
00001f64
00001389
ffffdde2
ffffe6ce
fffff19b
fffffc6a
00000aba
00000f0b
00000dae
fffffb19
00000ee6
000019f3
ffffffbd
fffffd90
000000ea
00001ea9
0000347b
fffff2f5
ffffcd84
ffffc693
fffff701
00000aa0
000003fa
ffffefe8
00002106
ffffea3f
ffffe87f
00000aec
000018a4
ffffd47a
000021b2
00000754
fffffc55
0000096d
ffffe9ba
ffffecd0
ffffe100
fffff638
fffffa5a
000007e8
00001d28
00001892
00002114
00000e8e
fffff11b
ffffdb6a
00002336
00000a34
00002641
00002dbc
ffffa40a
000022c0
000033d3
00001e21
ffffdc97
ffffd38a
ffffcc0c
00002eb1
0000231a
00001ac9
00000d7c
00000083
00000c04
fffff701
00001e16
fffff922
ffffeea8
000000fb
00000fc1
ffffe1d1
ffffc756
0000126a
ffffcadf
00000dfe
000008c0
00001051
000009d8
ffffeefe
fffffbc8
fffffd1b
000007b8
ffffe544
ffffecdc
000006c0
00000801
0000011d
fffffce5
00000718
fffff492
0000297d
ffffebe1
ffffffd4
fffff536
0000139c
000006eb
fffff5c3
ffffe5b0
0000161b
ffffa3b1
000025d8
fffffc34
00001505
ffffefd8
fffff14f
ffffeb34
00000ea7
fffff3d1
00000976
fffff387
000006db
00000faf
00001685
00001549
0000109d
ffffec52
0000022d
fffff08f
ffffe921
00000628
00000bff
00002782
000009fe
fffff71b
00000632
ffffce80
00000394
fffff76d
ffffe9eb
fffff039
000000ce
fffffcf5
ffffea71
fffff23a
ffffe1dd
00003512
fffffcb8
00003925
fffffc2a
fffffb35
ffffffa1
00000932
ffffc48d
ffffeb10
ffffe9be
00000f34
0000014e
00000514
000003c5
ffffe40b
ffffef60
fffff18c
000014f1
ffffb578
ffffeaa2
fffffe4e
ffffe3d6
000000f7
ffffeddd
ffffe58e
fffff5dd
fffff229
ffffe047
fffff8c0
00000c0e
0000123d
00000447
000009e6
0000251f
fffff533
ffffdfc8
ffffdfae
00000058
ffffeef9
0000110b
fffffcde
ffffe1c2
fffffcb6
000021c8
ffffe0e6
ffffed91
ffffe159
fffffeac
00000eed
ffffec52
000004e1
00002086
fffff54e
fffff190
ffffe7fe
00000a49
000003fa
ffffffff
00002caf
0000068e
ffffd6f9
00001847
fffff369
ffffe7d1
ffffed7b
0000035e
00000c03
00000f3e
000021a3
00000e77
fffff3ca
ffffe8cc
000013e1
00001a5a
ffffd22a
fffffc3d
ffffe7f1
0000024b
ffffe408
00000800
00001a14
fffff097
000018db
fffff1db
fffffdbd
00001825
00000544
0000134a
000021a5
ffffeadf
fffff43c
ffffeef6
fffffc46
000029d0
00000ba4
00001c0d
000014e5
fffff702
000009b3
fffff826
0000126e
fffffe00
00000a6e
000007b9
00001a79
fffff7f6
ffffdff2
fffff1e8
fffff4ab
000007fd
ffffdc81
ffffdf61
fffffe8e
00001959
00002265
ffffe903
000019a6
fffff1cc
fffff826
0000115f
000011e3
ffffe5eb
000026dc
fffff3d7
000011c8
ffffdc9e
00000e9b
00001f8c
ffffe1e0
000024da
ffffe0d3
ffffd009
ffffef36
00000023
0000147f
000043ac
ffffdb82
ffffe814
ffffff91
000017db
000033b7
fffff0ed
00000727
00000243
fffffd63
fffff814
fffff4e9
0000013c
ffffe808
00000896
fffff95f
fffff455
00001b76
00000dc2
00000ef7
0000024c
fffff689
fffff1dc
00000584
0000018f
00002876
ffffeb00
000004fc
0000010d
00001377
0000081f
00002338
0000088c
ffffd168
0000075c
ffffea72
fffff980
00000f0d
ffffef37
00000ed1
fffffc11
ffffea04
ffffef96
fffff9d7
0000027d
000015bb
ffffefbf
000029d8
000014cb
ffffeb2d
fffff3c0
ffffc651
fffffaa1
fffff22a
00000db5
00001db2
ffffe881
ffffd84a
ffffee3c
fffff95a
ffffea71
0000109c
fffff7e3
00001a36
fffffd65
ffffd18a
00001262
00000f84
000020ca
ffffef45
fffffa39
ffffeb2a
00002ed1
ffffebc0
ffffe526
00000db6
00001536
ffffe27a
000014df
00001635
00000ebf
ffffeb0e
00000049
00001adc
0000150f
00001d52
0000080f
fffffc1c
00002bfb
ffffe1cb
00002622
0000060c
ffffe2bd
00003379
000007b8
0000194e
0000169d
ffffe5b0
fffffb2c
00000474
000013f6
0000158d
ffffee64
fffff4fc
00001665
ffffef5f
ffffff3e
ffffff77
fffff575
000003e7
ffffed38
ffffe8f4
00003148
00000eb4
00000859
000007a8
00000a12
00000ca2
fffff963
000010be
000017fc
00001b11
fffff99b
ffffee67
00001a34
000012e4
00000294
000002d8
ffffe235
fffff5cc
00000d66
ffffe2df
0000015f
ffffefb2
0000118b
fffff235
00002350
fffff418
fffff69c
00000912
ffffe630
fffffcac
00000987
fffffa69
00000504
000009d9
000007f8
00000d15
00001bb2
ffffec17
00001875
000006f7
ffffeebe
000009c4
00000e30
fffff792
000003bb
00000371
000001d1
ffffe629
fffff859
fffff89e
fffff8e1
00003f4d
0000088c
000011b3
fffff6e0
00000d63
ffffd289
00001988
ffffdd58
000004d1
fffffe25
fffff8a0
00002500
ffffcb61
ffffe1f7
fffffe91
ffffdff0
fffff1e2
ffffe792
0000073d
ffffd5a5
ffffbf17
fffff688
ffffb898
00001676
ffffe74f
ffffe55e
ffffe3b5
ffffcabc
00000562
ffffdf9f
ffffe186
00003a9b
00001ec9
fffffe3d
ffffc6fe
00000d31
ffffd702
fffffe37
ffffc5f8
00003023
00000a77
fffffff6
ffffe65d
00000028
00000089
000025b8
fffff9cf
ffffd4bb
0000090c
000007d4
000035d9
ffffcc46
ffffff44
00004e29
00000703
00001e4a
00001e05
ffffd3f5
fffff1e9
ffffe35f
fffffac7
ffffeea3
00001032
00000e94
0000089d
ffffe87b
000028c7
fffffa50
ffffe1fe
ffffc5ed
00000fff
ffffd067
ffffdcb5
00002774
fffff99b
ffffe93e
fffffee5
fffff7d9
ffffe8fa
ffffe17b
fffff747
00000f43
ffffb222
ffffea53
ffffe7ef
00000821
00001c3f
00001728
00000c50
ffffefcb
fffff125
00003b4d
fffff2dd
0000371c
fffff92d
ffffdd0a
000006da
00002a11
fffff2eb
00001d83
ffffc91d
fffff0cf
fffffa91
000001d8
000021c5
ffffdc47
ffffe6d4
ffffe74a
000006dc
00000fd6
00000b2f
00001471
ffffe70f
ffffe3a0
ffffc5d6
ffffb8a7
ffffc88a
00001a05
ffffe7ce
00000660
ffffdb4d
0000242d
fffffa71
ffffedd0
ffffd95d
00000d2c
000016d7
00000e1b
fffff890
fffff16d
000013e3
ffffa709
ffffef68
00001b33
ffffeec2
ffffe419
00000400
fffff186
ffffe2d5
ffffd07d
00001967
000018bc
0000023c
00000c1e
fffff1a6
fffffdba
000018b7
ffffc0c7
ffffd03b
0000064e
fffff7a9
ffffd6ed
000006fa
fffff7f2
00000717
fffffe82
00000c2f
000017fa
000004a3
ffffe7d4
00001557
00000ea9
ffffead1
fffff164
fffff6e9
00000347
ffffeede
fffff948
ffffe5c2
00001689
00000a2f
fffff896
00000011
ffffe0bb
00001436
00000fbf
00000b83
fffff294
00000d49
fffffece
0000174e
000011d9
fffffd22
ffffe703
ffffdadc
fffff916
ffffe5aa
fffff328
ffffd6a8
ffffeb9a
ffffee6f
fffffff0
00000e65
000027e8
ffffca70
00000725
00001b85
ffffe52f
ffffe2bf
000013c5
00000a5c
fffff9ff
ffffdd56
fffff5f2
000024db
fffff6d5
00002009
ffffe08d
ffffba20
ffffbcc3
0000206d
ffffdc9d
000001d7
fffffe59
ffffe4a3
00002ae0
0000066f
ffffef45
00000012
fffff066
0000194f
ffffd679
000002e7
ffffff94
0000027a
fffff85c
ffffdcb6
fffffea2
ffffe424
00001d69
ffffa9c0
fffff400
ffffe728
00002539
fffff28b
fffff98a
000022e6
00000ded
00002857
000001e9
0000079d
00001a31
fffff040
00000571
fffffdef
00002938
ffffea3d
ffffea31
00001cf6
000005a8
fffff291
00000abc
fffffc1c
00001a51
fffff2d7
ffffdea6
000013b6
fffff834
fffffcf7
000008e1
00002dcd
0000485a
fffffb8d
ffffd25a
ffffffad
000002b9
0000022a
000015ed
00000432
0000020b
00000ab9
000015c5
fffff542
ffffff29
00001273
0000059c
00000384
ffffe744
fffffbf1
fffffdaa
ffffe4f3
000010bb
000022db
ffffff87
00001d17
fffffdde
000024cf
fffff6fa
ffffe96b
ffffe87f
ffffe256
00002e84
ffffd7df
ffffe6ba
00003400
ffffe5ad
00000eaf
ffffd4f5
000021d7
fffff572
000023d7
ffffeae2
000039d1
0000090a
ffffdf22
00000492
000000a2
00000a5d
fffff8d6
ffffdbf5
ffffeb7f
fffffba7
fffffd6a
ffffef26
000011fd
fffff6bc
00001844
00001e58
ffffece1
ffffefbc
ffffea37
ffffecc0
ffffc2af
00001291
fffffca2
00000687
fffff08f
00001f8e
00000fce
000015df
000006e0
fffff0ac
fffff3de
fffff528
fffff541
fffffccf
ffffd7d4
ffffe643
00000796
0000045f
00003017
ffffec26
fffffadd
00002cd0
000004e1
00000523
ffffed4e
fffff138
ffffec31
0000034a
00000761
ffffe877
00000f2a
ffffee5a
fffffa92
fffffdd2
fffff08a
00000f66
000010d8
00000c59
fffffb1b
fffff915
fffffe6b
ffffe687
0000129f
fffff6ca
00002155
00000dc4
000004cc
00001402
000011d4
fffffb4b
ffffeb4e
ffffd5c4
00000abc
000012b3
00001548
00000608
00001d7a
000009cd
000014b4
000007ed
ffffdf10
ffffeaf3
ffffec16
00004cf8
fffffa43
ffffed4a
ffffd70a
0000027b
ffffdfd3
ffffeaeb
fffff9b8
0000097b
fffffc54
000005c4
00000941
fffff8de
000017f4
0000236d
fffff8ce
000008d6
00000bda
ffffdd3e
00000985
ffffe3eb
ffffe764
fffff199
ffffe9f8
00002ac1
000006a6
fffffc6d
ffffe579
fffff108
fffffe87
00001303
00002bef
ffffee61
ffffee9f
fffff192
ffffda12
ffffd047
00000602
0000055f
ffffdd06
ffffcef9
ffffff92
00001575
ffffe9c2
ffffe965
ffffff00
fffff4a4
00000e18
0000074e
ffffe306
ffffe503
00000ff8
fffffc20
fffff252
fffffe16
00000dbc
fffff7d0
000003d5
00002a2d
0000124a
00000b39
fffffe29
fffffe70
00001885
00001e9c
fffffd6c
fffffd89
00000a0f
fffffea6
ffffefa1
00000eb1
0000004d
00000259
ffffed35
00001530
fffff976
0000050b
ffffe065
000013ab
ffffd82c
ffffd3d0
000024ac
ffffff9e
0000007e
00001c67
000054ab
00005344
00002be6
fffff37c
ffffebe6
fffff19b
0000099c
00002d52
00001c81
ffffd6dd
00002ed8
00005cc7
000014c9
ffffd217
00002729
ffffeef9
ffffee33
ffffd69d
000006ae
00000417
ffffc213
fffff632
000002cd
ffffe915
00001591
fffff911
ffffddfe
ffffde15
000011b1
000002b1
fffffb53
ffffe428
fffffd92
ffffdd4d
fffff123
000000f4
ffffe345
000026a3
0000017d
fffff5c1
000012a1
00001880
00000023
000009fa
000024de
00000e2e
000035c7
00000857
00000730
fffffc60
000040f3
00002d43
fffff35a
ffffe20c
000028b4
0000018f
ffffdb11
00001b6a
fffffaa5
00000419
000001b0
000004d1
00003083
ffffea60
000008c8
ffffd9f4
ffffeb63
0000325c
00003d0f
000017d9
0000086d
00000ad5
fffff33e
00002be0
000012f7
00002d6d
00000110
ffffe22b
00001599
00000f5b
ffffe2e6
00001971
ffffd636
00003b5c
00004234
00001e0f
0000327d
0000402f
fffff334
000012ff
00000b64
00001525
ffffed58
00002088
00001c40
000006d3
000046c4
00000b83
fffff9b6
000024ab
00002307
00003020
ffffd909
ffffeb51
ffffc1d1
ffffec9c
ffffec82
fffff13f
ffffcdf9
ffffe934
0000059f
ffffedc6
ffffff51
ffffedcf
ffffff6d
0000479a
ffffed93
0000053d
00002ddb
ffffe485
fffff5a4
00002b0b
fffffe49
000030d8
000021e6
ffffe237
fffff60a
000015ff
ffffc5e1
000027fc
000003b3
ffffefa6
ffffe4c2
00001885
ffffc640
00001f23
ffffe3d6
ffffeadd
ffffecb8
000002cc
ffffe937
ffffeff2
000018d8
00000ad4
00002953
ffffdede
000021d4
ffffbd08
fffffbbd
0000046f
00000c68
fffffba1
ffffebae
000027b1
ffffeab8
fffff792
0000080f
0000062e
fffffc96
0000128c
ffffe3f6
fffff8a6
0000203e
fffffb3e
000012b4
fffffd7c
ffffcb5e
00000111
00000cd4
fffff497
ffffe41b
00000461
ffffeb28
ffffe33f
0000299a
fffff565
fffffe0d
00002720
fffffc82
ffffdd25
00000566
fffffb60
fffff595
ffffe506
000001d5
00001081
fffff278
fffffecc
fffff9c3
ffffe312
ffffed0a
0000065f
00002ad5
fffffd34
00001348
fffffa7d
00002aa0
fffff8c3
00001765
fffff7fc
0000082a
fffffc02
ffffedbe
000015b2
000014b3
00002a30
ffffe36d
ffffe93b
fffff02a
ffffff93
fffffb69
fffff435
00000382
ffffe791
000007ad
fffffdca
00000055
00000441
ffffe514
fffff672
ffffff4e
00000550
00000fb4
ffffeea5
00001600
00000685
00000c19
ffffe415
00001ffe
00002965
00001c84
00000ab8
00000778
fffff8af
00000789
ffffe83b
00000ae5
00001147
00002875
ffffe56f
00003237
ffffe1ae
fffff354
fffffdae
ffffe656
fffff479
00001beb
fffffa04
fffffe1e
00000c16
00001f0f
00000924
00000df1
ffffee48
000018b8
fffff5fa
0000179f
00000f05
00000de0
000004c2
ffffe471
fffff6da
ffffef21
0000242d
fffff621
00001717
ffffde18
ffffe230
000009a0
fffffe41
ffffff4a
ffffdde6
ffffe8a7
ffffec03
ffffe581
ffffef1a
00000684
fffff540
fffff140
fffff2cc
0000181e
fffff876
fffff368
00000f69
0000284f
00000009
fffffbf9
ffffe84e
00002776
fffff9d9
000016d0
00000250
000004a9
fffffceb
fffff3e2
00001d7d
ffffb5ab
0000202a
ffffc2db
00000d3e
000003de
fffff13b
fffff78f
fffff770
00001c07
ffffe4d9
ffffff46
ffffdba1
0000004a
000025e3
00002566
000015fe
00001852
00001e92
ffffd079
00001725
00000138
fffffd45
ffffea44
00001027
00000db8
00000d29
fffff0b2
00001277
00004064
000003de
ffffe942
ffffdb7a
ffffd55b
000028d0
0000321b
00002a32
ffffe713
ffffe8b2
ffffcfee
ffffe120
000034b4
fffffea0
ffffeaf3
00001b60
ffffdf51
ffffd918
00002213
fffffbc9
00001342
000020c2
ffffdf8a
ffffe69d
ffffdf6c
00000055
ffffbb1f
fffffb1d
000006b3
00002f52
fffffbaf
00000e17
ffffe907
ffffe08f
0000344d
fffff80d
ffffe7a2
ffffc4f5
fffffbd4
ffffe323
ffffee8b
0000197e
ffffecf8
000001e9
ffffeeca
fffffa58
00000f4c
00005f04
000006b9
fffffe98
ffffe61d
fffff3e5
ffffeffd
fffff714
ffffeabd
0000043d
00001a26
ffffc3e8
fffffc88
ffffc73d
ffffee5b
ffffeabe
ffffe989
00000369
ffffcc1e
00000629
0000147b
fffffb23
ffffdc56
0000069b
000000ec
0000009f
00001f0c
fffff713
ffffba6a
fffff84a
ffffeb08
0000194c
ffffecd8
00001c8d
fffff102
ffffd243
fffff4d2
fffff634
fffffdff
000006c4
fffffd04
ffffd97e
ffffc3a5
00001f3c
ffffc6e1
00001c68
00001f07
fffffb9f
000021fa
000007b2
00000986
00000ea5
00000d4c
ffff9e3f
0000158c
fffff379
ffffc06a
fffff416
fffffcec
00000ab6
ffffdc66
ffffe23d
fffffee2
ffffe703
000027d6
ffffe0a5
ffffd16e
fffff3b1
ffffefec
fffff56b
ffffe4a9
00001a91
00001e31
ffffd67c
ffffee0c
fffffb71
00000916
fffff51d
00001752
ffffeb2f
000002ff
00000ccb
00002d4c
fffff082
00000b0a
0000081b
00000def
00002075
fffffa3f
00002e2c
ffffe5f1
ffffdf79
ffffe47b
ffffed7d
ffffe4ca
fffff81b
000003fd
fffff88e
00001fe2
00001598
00001886
ffffede8
000004a7
00002f4a
00000366
00000838
ffffe857
00000f38
ffffec14
00000776
fffff612
0000194d
fffff9b6
00000622
fffffd49
ffffe996
00001c09
ffffff69
ffffc753
000008d6
fffff92d
00000b12
000022e9
00000b9d
ffffec48
ffffeea9
fffff42d
0000094c
0000076b
ffffe117
ffffece7
00000bfc
ffffd866
fffffa2e
000000f0
ffffe4ce
000019e2
000011e3
00001d6a
00001f93
ffffec5d
ffffea02
fffff079
0000123e
fffffcee
ffffed2a
000007bb
ffffedd7
00001c27
ffffd08f
000006da
0000346c
ffffe649
fffff04c
0000007c
0000103c
000005f4
ffffe808
00001a55
fffff8fa
0000176b
000003d8
00000a34
fffffd29
00001849
0000060d
fffff90c
0000231c
fffff7ff
ffffeef6
00000100
ffffc991
fffff405
00003384
00000b17
00000ed8
ffffe49c
00000c11
000010d5
fffffa58
0000158a
ffffe77e
000003d7
ffffc99d
000006c6
fffff5bf
ffffe0f7
00001af6
000008e4
0000179c
000021cf
00000adc
ffffd776
fffffd74
ffffcc77
00003a83
00000b69
fffff27c
000025d1
00000809
ffffe867
000020b0
00000f32
fffffaf8
000023a3
000001f3
ffffd72d
ffffe093
ffffe9fb
0000177d
fffff510
00001693
fffffb0d
fffffa50
00001be9
ffffcb7b
fffff21c
00001969
00000506
fffff928
fffff1d7
fffffc4a
0000325c
ffffe0f1
000014ce
00000001
fffff34f
fffffa43
ffffdb98
0000182c
ffffec71
000004e4
00001e8c
ffffe49d
00000599
000019ae
ffffe4dd
00000f72
ffffe092
fffff25c
ffffedf0
fffffec0
00001120
00001812
000005cd
00001ea9
fffff039
fffff482
000018bf
00000c3d
00000bfc
000021ca
0000017b
000007a1
000011ca
ffffe43d
ffffffef
ffffd3d7
ffffee47
ffffede5
00002205
fffffdda
ffffef31
000012cf
00000b4d
0000048e
000002a3
ffffecf5
00000b63
fffff7de
000014ba
00001b30
00001309
fffff389
00000298
fffff9bc
00000b92
ffffff4c
fffff2f3
00000ac9
fffff60e
0000134f
00001bce
00000901
00001a54
00000880
0000099a
ffffed8c
00000801
fffff508
ffffe6af
0000114a
0000049a
ffffed02
00000e24
ffffd567
ffffef4a
0000167b
0000076a
000006b7
fffffd05
fffff161
ffffdca3
fffffc24
ffffe71d
00000ae8
000009f0
ffffeefe
00000424
00000ca7
0000129b
ffffe931
000005c6
ffffee2a
ffffecfd
0000212c
ffffebe1
ffffeb77
fffff9dd
fffffbaf
00000457
fffff8fd
00002bd9
00001a6f
fffffd55
fffff9f4
0000092d
00001afa
fffffa14
00000b33
00001c80
fffff8bd
00000660
000006eb
00000177
00000e6f
00001ef5
ffffe3b3
fffff49d
00000916
fffff923
0000116e
000004b2
000007a5
fffffe3c
fffff3ff
fffff6a6
ffffffe2
00002205
fffffd76
fffff767
000003c9
00001146
00001d6e
fffff159
ffffe8eb
000006f7
fffffe6a
00001331
fffffc00
ffffe882
ffffe216
ffffffb0
ffffed56
00002fe1
ffffe65f
0000029c
ffffef6a
fffffa18
000010b5
fffffd06
fffffbd7
000008f9
000010b9
000002e6
ffffead4
ffffe2e4
000009f8
fffffdef
fffff2a0
000009a1
fffff152
fffffc6e
00000980
000012c1
00000c4a
00000eab
00000a66
00000983
ffffe414
ffffe9f8
000001ce
000005c9
ffffcc64
fffffad2
00003bb6
ffffd1f6
ffffeaf0
00003533
000037d5
ffffe3cf
ffffda19
ffffedd5
000010b0
ffffff42
000012b2
fffff671
00000c52
000010c9
000016e5
00000276
00000002
ffffef29
00000b7b
fffff0d0
ffffdaf5
00000a65
00002972
fffff985
fffffbf1
fffff9f5
ffffdc0f
fffff0d1
fffff8bf
fffffc70
fffff35b
00002a00
00001965
fffffcf7
0000075b
00001343
00000004
00001532
000012b7
ffffeaaf
000000c1
ffffd516
00001a49
00000263
0000155e
00001bce
000002f2
000008de
00000ed9
ffffea71
fffffd89
ffffebd4
ffffe962
000014c8
00000db8
fffffb1d
fffffc5e
ffffeed6
00000fb0
00000469
ffffdc1c
ffffe070
00003b86
00000764
fffffcc1
00000b70
ffffed81
ffffeaa9
ffffe057
ffffe2e0
000019f7
00000c8a
ffffd906
fffff62f
00000e93
0000085b
000002ad
ffffe125
000020db
000015e0
000017de
00001ca9
fffff3db
000001e7
00001cc7
ffffd8a0
00000916
ffffd81c
fffffdb9
00000210
ffffdfe1
000005d4
ffffd0ac
00000cf1
00000a25
00002039
ffffd37d
ffffe7ba
000008cf
00001f5b
00001632
ffffea19
ffffdecf
fffffe0a
0000185e
ffffe40f
00002b19
000002a5
fffff14f
00000857
ffffebab
00000250
0000183a
ffffcc2c
0000171c
00000323
00000702
0000037b
ffffbe6e
fffffee6
ffffeafa
ffffe8d4
00000959
ffffe75e
fffff968
00000a29
fffffe32
ffffdf79
00000454
00000fdf
ffffd22f
00002bb9
00000ac0
fffff6b5
ffffc565
00001143
00002b2b
00000677
000012fd
fffffb25
ffffeb89
0000338c
00001168
ffffcd23
fffff746
00002d52
000028e2
00002a42
00001dd4
fffff555
fffffa5a
00001470
ffffc7d2
ffffbe59
0000277a
00000073
ffffd99a
ffffed24
00000e84
000002d3
00001082
ffffe293
00000f72
000029ca
ffffe534
00000f17
ffffd975
ffffdd03
00000416
0000316f
000013b7
000002f0
0000319e
00001c04
00000d38
0000066b
ffffe596
fffff1e8
0000106b
ffffdb74
ffffddfc
00001b31
ffffd774
00002adb
0000293c
000014f8
00000185
ffffbbf7
0000107c
ffffddd5
000010ce
ffffef22
fffff633
00002261
ffffe368
ffffc22d
fffffb55
ffffdf12
ffffdb0c
fffffc69
000011bc
fffffdad
ffffdf9f
fffffb39
00000609
fffff372
00000072
00001332
ffffd43b
00000218
00000530
fffff3ea
0000114f
0000294a
00002ca3
fffff3d0
ffffdc64
ffffeabe
ffffe0b6
00000eca
00001748
000034f5
ffffb0a0
00001150
ffffef3d
00003623
000003d8
ffffed3a
0000397d
ffffb737
00003bfb
ffffd0a6
0000234b
fffff2c1
ffffdc37
ffffe8ba
ffffe770
fffffc85
ffffc5f7
00000ecf
00000c83
ffffff8a
0000395a
ffffe9f1
00000050
000017cd
ffffe074
fffff32b
000027a6
000014f0
00000197
fffffd1a
00000eba
ffffd81b
ffffe422
ffffe4d4
000013b1
ffffd69d
fffffa41
fffff739
ffffd87a
000016e3
ffffeeec
ffffd573
ffffecdb
fffff243
00001036
fffffa0f
fffff1e5
00001e1b
00000868
00000fdd
00002f5d
000014a2
fffffe16
fffffcbc
0000210c
000017a7
ffffe7e7
000000ef
fffff9d9
000004ab
ffffe35d
fffffef0
ffffd895
fffffc96
000037d1
00001485
000014d6
fffff301
ffffe6e2
fffffba7
000003e3
00000a5a
ffffe422
0000233b
000009db
fffff2fd
00000c17
fffff985
00000dc6
00000af6
ffffe2b6
00001144
00003f42
ffffd77e
ffffe65a
ffffff58
ffffc1a8
0000136f
ffffe184
ffffff20
00002d84
fffff327
ffffea11
000002c3
ffffee98
ffffd6c0
ffffeda3
00000155
00001c29
000009c5
000010ff
000003a8
ffffeda4
fffff014
fffffc32
ffffcad1
ffffef5c
000005e3
ffffef99
00000799
fffff47d
ffffe457
00000731
fffff00c
fffffc9e
fffffac2
00000d74
00002958
ffffefc2
ffffa8ea
000016f1
ffffe8f3
fffff3bb
00002a43
00000575
fffff8ee
ffffe6c2
fffffafe
ffffea74
fffffa40
fffff9b8
0000123a
00001d0b
fffffb0c
00001af9
fffff884
fffff67f
000002b0
00000042
ffffe0ab
ffffe23f
000008ed
ffffef9a
00000cc1
fffff76a
000011c6
fffff8c5
00000070
00003983
00001316
fffffe8a
00001b45
fffff0f4
fffffede
ffffe8cd
00001900
00000d58
ffffff10
ffffed43
000000b6
00001146
00002322
fffff502
00001f1e
0000206c
00000ad5
ffffec55
00001bcf
0000058b
ffffe968
000008ad
ffffeb65
fffffc3d
ffffdbfe
00002b31
ffffed49
00001e7e
fffffd6f
000017bd
ffffcc68
ffffd7f8
fffff9e7
ffffd66d
ffffeb90
ffffec3a
000025a8
00002622
00003556
ffffb2e1
fffffdb5
000001f8
000022bc
00001f0f
00001f10
ffffe618
ffffe4e8
fffff32d
0000116f
fffff48c
00001e90
ffffe6d2
ffffbaef
000006a4
fffff618
ffffdfa8
0000138f
ffffe6b1
ffffe95c
00000529
fffff309
ffffcf96
000005a7
00001c13
000000e3
00000248
00000cad
ffffe5a6
fffffa0b
00001bbb
fffff17e
00001431
000010a7
00000d15
ffffe27e
ffffbad8
00001cb1
00001438
fffffe38
fffffd0f
00000957
00001ea4
ffffe5e5
fffff91c
fffff100
ffffed87
00001377
00000282
ffffedbd
00000ce8
00000694
00002909
fffffea9
00001c0e
000012e7
fffff75a
fffff145
ffffdd10
ffffe271
fffffccf
00001902
fffff383
0000191e
0000072a
00000748
fffffe4a
00000b43
00001046
fffffebf
00000ad5
0000192a
00000d6a
fffff597
000037d1
00000bb5
fffffa69
fffff0d6
fffffcef
00000638
000033d8
ffffede0
ffffc516
000001b5
ffffc2b2
fffff8d4
fffff95d
ffffe368
0000102d
ffffe818
00000b50
00000651
00001b96
ffffff59
fffffadf
fffff8bd
ffffe93d
00001533
fffff522
00001ec4
ffffd8e9
fffff492
00000adf
00001052
ffffd974
00001580
00001ee3
00001c05
000012bf
ffffdc80
fffffd05
ffffec91
000009fe
00000f85
fffffc56
ffffd67d
00001580
00001c9a
000008fb
00000619
fffffb81
00001f69
ffffe8c4
fffffd77
fffff2a6
fffff331
ffffef10
00000d22
00002562
ffffd790
00001114
ffffd99f
0000029b
0000127b
0000072c
ffffe6f5
00002a5b
ffffe484
ffffff37
fffff6e1
000009ee
00000aa8
ffffecc8
000011be
fffffffd
fffff549
ffffed46
fffffee0
00002d8d
00000571
00002630
00001b82
00001201
fffff18e
00001904
0000019f
000017ae
00001cf0
000017fc
00003144
ffffddf2
00001055
0000199a
ffffdd0f
ffffe305
00000df9
00001e90
00000f50
fffff46f
000004b4
00001325
00001826
fffff1e9
0000106d
ffffef90
ffffe899
fffffd35
fffffbec
00001750
ffffeb13
0000388b
ffffc06b
ffffe00f
00001c4a
000006a1
00001412
ffffeb08
fffff4fa
fffff106
ffffe4a9
00001176
000006cb
00000cc6
ffffddbc
ffffeac1
00000de5
ffffd19d
ffffe49c
fffff722
ffffe31c
fffff247
00001362
fffffe48
fffff3ac
fffff011
ffffbabc
ffffe88d
0000010e
00001c64
00002030
fffff92c
fffffb5c
ffffeea7
00000c22
ffffe277
ffffdb7a
0000171a
ffffe6bf
fffff925
ffffc816
fffff825
00000607
00001a2c
0000082d
00001849
fffffe32
0000366b
fffffd8e
ffffd7ee
00000ba1
000018bf
000005de
fffff228
ffffde24
ffffdc30
fffffc91
ffffe548
ffffe4a6
ffffeb7a
000010de
fffff890
000003c1
ffffcb79
0000184b
fffff3b6
00000398
000017fd
ffffd6c0
ffffdc76
00000c93
0000040f
0000113c
00001b46
ffffdf3d
fffffebb
ffffdd9c
00000fe5
ffffef0a
0000039e
0000006b
fffff962
ffffe62e
fffff42d
00002208
00001259
00000a16
00000d9a
ffffe0a6
000012a4
0000009f
00000739
ffffddf3
ffffea3b
00001157
fffffd9f
ffffe282
ffffbc12
ffffecc7
ffffcad0
000015f7
0000290e
00000eef
00000015
ffffff2b
00001507
00000a19
00000003
ffffe48e
fffff3f9
000009b3
0000073d
fffffd4a
fffff056
fffff880
fffffaa0
00001032
ffffe9d0
fffffa88
00000f63
fffff787
ffffe947
fffff22b
000008e9
00000cc1
00001ee1
fffff446
ffffda34
00000024
fffff74c
00002bfa
fffff1bb
00001199
00000ac7
fffff517
000007be
ffffe26f
000008f7
00000d8f
00000b30
ffffcec1
fffff6b0
0000109f
00002724
fffffb41
00000527
000016c7
0000054f
ffffe418
ffffca0e
ffffdc70
00002a26
fffff0a0
000032dc
00000b15
000020e9
00002d8d
fffffead
00000a2c
00001695
00002124
ffffdb7e
ffffd87d
00000fb6
ffffc038
0000185c
fffff01e
ffffe692
000009ee
000028b7
ffffac0f
00000685
ffffc37f
ffffd0c4
00000333
ffffe797
000026c3
ffffd894
0000018e
0000154c
00001326
ffffdc71
fffff22b
ffffd0f6
00001142
ffffeff7
ffffff99
00001789
00002652
000007f2
ffffea0c
00000370
00000aee
ffffed66
ffffd27d
0000042b
ffffec2e
ffffe829
00000d4b
fffff997
ffffe122
ffffff02
fffff342
ffffff0c
ffffebbd
ffffdef5
00000d8f
00005035
ffffe386
ffffffef
00002daa
fffff6d1
00000cec
00000973
00000f44
ffffe146
0000073c
000018c3
0000033c
0000186a
00002251
fffffbde
ffffe095
00003319
00004d85
000019c3
00002d80
fffff88f
00000407
00000db1
ffffeb20
00000c96
fffff17e
ffffeae1
fffffa64
0000232e
ffffddaf
fffff348
0000280f
00000feb
ffffd97c
fffffd5f
00000a2e
00000939
00001129
0000060e
00000ab0
ffffd719
ffffd525
ffffe048
00000535
00000c9c
ffffd375
fffff8f0
00000003
ffffeb93
fffff2bc
000016f5
ffffd687
000001c7
000021d1
fffff225
00000eec
00000d76
00000c32
fffff2f3
00001078
fffff736
ffffe0e0
0000532c
ffffed37
fffff662
0000308c
000009f2
fffff017
00000a12
00000b2b
00000e71
00001193
000005eb
ffffdf7d
ffffe3a7
00003188
000008c4
00001926
ffffd42c
00001180
00000077
000002d3
ffffeac4
00003606
00003265
0000295e
ffffed1c
fffffe21
ffffe9d1
00001e38
00000a93
ffffe1cf
ffff9faa
00002fed
fffffd13
ffffed0b
000032da
ffffe23d
ffffeb1a
00000eaa
00001fb2
fffff845
000007d8
00000655
fffffb43
000018b3
fffff178
fffff007
ffffe7cf
fffffb8c
00002229
0000108c
0000084d
fffff16f
00000821
ffffee68
ffffd6f4
fffff05f
fffff84e
ffffe7fd
000013ad
00000c02
00000308
fffff681
ffffeaf9
ffffebdd
000002e6
000007d9
00000b41
00000535
0000194f
ffffdda6
000013a5
ffffe6a5
00001f53
ffffe8c5
ffffec4d
fffff794
fffff5a8
ffffee93
fffff86a
00000faa
00000870
ffffec99
000000b6
ffffd144
00000098
00000172
000039b8
fffff1dd
000004b9
fffff75c
000019d5
fffff9c2
000019ed
00001110
00000188
ffffff15
ffffe6b0
000005c8
ffffeced
ffffecc9
00001986
000001a7
0000088c
00000515
00000d38
ffffff32
ffffed0a
00001a4b
ffffda83
00000f2b
fffffe11
ffffdeb9
ffffd1f4
00001372
fffff7f0
fffff667
00000834
ffffe44f
ffffff57
ffffeb1b
0000049a
ffffe2c6
000001e0
fffffca8
ffffe35c
ffffdf20
000015c6
ffffe760
00001463
fffff9e0
fffffafd
ffffee32
ffffe630
ffffe9f4
00000153
00000682
ffffd253
0000125a
fffffbae
ffffde83
00000268
000007a0
fffff4ae
fffff791
fffff7e5
ffffdebe
00000d25
00000bb6
00001829
00002f4f
00000f8f
ffffd6a8
ffffe21b
00000218
ffffdc2e
ffffe176
ffffdad6
000008ac
ffffd3dc
00000b03
00001247
fffff713
fffff1f7
00000082
ffffeb54
0000097a
ffffe461
000001ec
000004a9
ffffd188
fffffc4a
fffff6f9
ffffe8a4
ffffec40
fffffa61
00000720
00002940
000034e0
00000063
ffffe75c
fffff7c6
000009b3
0000100f
fffff901
00000c7e
00000140
ffffff3b
00000618
fffffae6
fffff796
00001385
000003c6
ffffc708
00003fc7
00001222
fffff45d
fffff6c9
fffffa2a
0000062f
ffffffc1
000002f5
00001633
00002166
ffffed45
00000f00
000025d3
ffffecc2
0000129b
fffff7b9
fffff220
0000089a
000022af
ffffd3ca
000032ef
fffff916
000015d9
ffffea7e
ffffc8b3
ffffe50d
ffffda6a
ffffdc48
ffffd222
000021d5
00001036
00000e6a
ffffeec3
fffff8ff
fffffc66
fffff997
fffff9c5
ffffe36b
00001c37
ffffef25
ffffe596
00000aff
00000fab
00001afe
ffffe8e0
00002878
ffffef3f
ffffe83f
00002eeb
000006e3
00001e7c
00003229
ffffbbcc
fffff170
fffff9de
000039d2
000015fa
ffffe50a
0000108f
000030cf
fffff75c
ffffed21
fffff991
00000f58
00001398
ffffe760
ffffeda1
000004e7
fffffaaa
fffff305
fffff296
ffffee14
00001472
fffff88f
00004083
0000000b
fffff146
ffffec84
0000199b
0000022b
00000e77
fffffc03
00000f64
ffffee72
ffffe273
000005aa
0000342e
00001891
000037a2
ffffb825
fffffbe1
00000f72
00000899
ffffe8f4
ffffcf06
ffffdda5
00004a5d
00002c83
00004ba6
fffffa43
00000efd
0000253b
ffffef41
000005bd
000003bf
00001be2
ffffd8ad
000018fd
ffffe7de
ffffe0d7
00000ea3
000025a8
000020f4
00002474
ffffedee
00000dbf
ffffed48
00002262
fffff2b0
000001e7
fffff7cf
00003bdf
00000360
00002e8c
00002a2a
000008a5
000023d2
00001840
ffffe2d3
ffffd5ed
fffff2d9
ffffc12c
00001bc8
ffffe602
00002695
ffffe9e9
fffffd1c
ffffddac
ffffe2f1
000009c0
ffffff9d
fffff4ae
00002ccf
000017ee
ffffecd2
00000419
ffffe585
ffffe33b
fffff030
fffffa67
fffff739
00001eb5
000004c8
ffffd4d7
fffff586
00000276
000058a3
00000755
ffffe1d1
00000b9f
ffffb611
ffffcfbe
00000ce2
ffffaaa8
ffffd702
fffff041
0000225f
00000fca
ffffd9ea
00002b5a
ffffb985
fffff5f0
fffffc7b
ffffee01
00000352
00001b8c
00002b45
0000253b
00001d18
ffffe4d5
ffffef6c
ffffe9fc
00002b08
00002e94
0000031d
00002f86
00000e76
00002f11
ffffddcb
00000a0a
00001852
ffffbb98
000000b8
00000d20
00000aae
ffffe8c2
000002a0
fffff9f7
ffffe6e6
00003140
ffffddfa
ffffe177
00000d35
00000bc2
fffff3b6
ffffe259
ffffde74
fffff797
0000043c
000006b3
ffffe270
ffffef13
00001e98
fffffdc2
fffffd09
ffffdd86
00000e09
ffffddc6
000005a7
00000fa4
ffffe841
ffffdc67
fffff23a
ffffba67
ffffe3e3
ffffef1f
0000166b
ffffdf7d
fffff2c2
00000621
ffffdeff
fffffeaa
ffffff8f
ffffeb16
000012d0
fffff19a
fffffbb4
0000272f
00003827
ffffbed3
fffff31d
ffffc3e4
00004234
00001fff
fffff8c2
000010ec
000016ac
0000307d
ffffeb67
ffffdae8
fffff817
00000fa8
0000193b
0000276b
ffffd0af
fffffed3
000052c7
ffffe642
00005121
ffffdfbd
0000024b
0000279d
00000a6b
00000a3e
00000c8b
000037f6
ffffe060
00002b84
fffff477
000012c8
fffff12a
00000054
00000bb4
ffffd4e4
000040a6
000010a4
00000dbc
00001c2d
000026a4
fffff29c
fffffc80
00002b94
00001768
00002136
fffffa11
00000876
000031e3
ffffe479
0000321f
00000fe0
00003106
ffffdfb6
00002ca2
00000a5d
fffffaa0
ffffe7b7
000006db
fffff581
fffff981
ffff989d
ffffe784
ffffd3b8
00001b91
ffffea3c
fffffc59
ffffff86
00001d0a
000013db
00000d98
00003526
0000031e
0000057f
000006ee
ffffdd1a
ffffb5cf
ffffd936
ffffd75c
fffffc05
ffffbe04
fffff26d
00000b19
fffff1f5
00001d62
ffffe5e3
fffffc3e
0000255d
000006fe
fffff9d5
ffffe49e
fffff75f
fffffb7e
00000feb
ffffebc2
000031ef
00000745
fffffaa8
0000061c
00001010
00000a83
ffffe505
000001fc
ffffedec
00000a79
fffff654
fffff810
00001032
fffff2dc
000009bd
000009e2
00000617
0000152a
ffffdffc
00000dd1
00003262
000001f5
ffffe087
ffffcaf2
ffffe7e0
0000342f
ffffef2b
00002271
ffffefcf
000045ad
ffffc72a
fffff0ac
ffffe90d
fffffe66
ffffddef
ffffc223
fffffa82
ffffde94
00001f79
ffffe3f5
fffff61f
fffff367
ffffde4f
000008bb
ffffe1ae
00002618
00000495
000010c4
fffffd35
000002ff
ffffe88b
00000ad2
ffffefdc
ffffeef7
00000936
0000216b
ffffd40e
fffffd90
fffff6a2
ffffd961
ffffec36
ffffd48d
00003fcd
00001088
00001600
ffffe4b3
0000595c
000018b1
000024fe
ffffe566
ffffe398
00000088
00000952
0000062e
ffffeb7e
0000249b
00002a03
fffff34c
0000373f
fffffae3
fffffe77
0000205c
00002fa7
ffffd0a2
ffffface
000019a3
ffffef3a
00000bb6
ffffc52a
0000550a
000041e6
ffffcbec
ffffc31a
000018f4
0000100f
ffffc36f
000026ad
00000c7f
00000c3e
0000158e
ffffe418
ffffef87
ffffed21
fffff2e8
fffff979
000005f5
00001d2e
ffffdcbd
00006015
fffff9e0
0000193b
00000a3f
fffff538
00002307
00000ffd
fffff154
0000171c
fffff1fe
00001e78
0000161a
00003046
fffff514
00001fd8
000014da
0000166d
ffffffd9
000026c2
000015ee
000008b8
ffffefac
00000f29
fffffb74
00001793
00004556
ffffea4c
000011be
ffffd85f
fffff9e4
ffffc45f
fffff54e
ffffe1e3
00000f7f
000009ae
ffffe76d
ffffed9a
00000aba
00000d2a
00001312
000009e4
000005a4
ffffe35b
000014fb
ffffe3e2
000008c5
00001a9e
00001743
ffffedd5
00000157
fffff0bd
ffffe6c4
000008ce
ffffe651
00001a61
ffffee83
ffffdba2
000008cf
000004c2
fffffb9b
00000181
00000343
000003ae
00001d3e
ffffee13
fffffdb5
fffffcb6
000005fc
000004c6
ffffe06e
0000031b
ffffde8f
ffffd85a
0000071e
fffff618
ffffd572
fffffbdd
fffff895
00001694
0000072f
00001b33
00000ec5
000005d0
00000bc4
ffffe709
fffff56d
ffffec45
ffffc878
fffff496
ffffef03
00000e1e
fffffd26
00000e90
00000a65
fffff6fc
000000d2
0000014c
00002f39
000009e8
ffffd47a
fffff250
000008a2
ffffddbc
000003f1
00001b7d
00000a05
0000036f
00000e1d
00001657
ffffec44
00000a67
000015a7
0000274d
ffffe661
00002bb3
000013e1
fffff029
00002e6c
00000a48
00001076
000016a5
fffff305
00000a39
00001c9d
ffffe708
ffffea76
ffffd54d
000025da
fffff65a
fffffa92
00003cb2
000016da
fffff1e9
ffffdf82
00000745
00001b6c
fffff26d
000004a9
0000036d
000023f1
00000c6d
000005fa
00000fcb
00001603
fffff6ae
ffffc6e8
fffff29c
ffffe7ab
fffff83d
000006a0
fffff84d
00002b4e
0000123f
fffff95e
00002166
fffff9d1
fffff190
000018f3
0000010d
ffffdb0f
ffffecdf
00000b0f
000022fa
00000efa
fffff4f2
0000011b
000010ca
fffff728
ffffeeae
ffffee29
00001d1a
fffff33e
fffff0fc
ffffdf3a
00001c1c
00000ad0
000004f6
fffff9e0
000000f8
ffffc470
fffff474
ffffe270
fffff816
000007d3
00003887
ffffb2d0
fffffd96
000019e6
ffffd8c2
00000ce8
ffffe79b
fffffea8
00000123
ffffdc12
ffffd886
ffffec7a
fffff0ac
ffffed80
00000538
ffffffe4
00001f90
00000f50
0000113d
00001432
ffffe7ed
fffffacb
fffff0e2
00002bda
ffffd4a1
fffffdb2
ffffffbc
fffffcb5
000013b4
000012a7
fffffbb8
00000540
fffff8b2
ffffed14
ffffea27
fffff550
fffff28a
00000b4e
000020e3
fffff6bf
fffffdb5
fffffcc0
00000d1b
000004db
ffffcedc
00002692
000014ee
fffff3c0
0000127d
ffffee53
ffffe2d4
ffffe390
ffffd6b5
ffffd699
ffffe1a0
00000566
fffff0ef
ffffe1fd
fffffbc1
ffffedbb
00000970
fffffb7c
00001ffa
ffffea45
ffffe0d6
ffffed33
ffffe049
00000c26
00001908
00001fe8
0000058e
ffffe604
ffffeb17
00004697
00000e81
00000cb6
ffffe826
00000a8b
fffff5d8
00000a42
fffffac5
000003e9
0000104d
00001159
00002d24
00000db7
fffffab8
fffff99c
00001bce
00000ae8
ffffebaf
0000001e
000026bb
000003c5
000000f3
0000324e
0000316e
fffff667
00002ad5
00000900
00000101
ffffd0a6
ffffff52
ffffff27
fffff028
fffff892
fffff52e
ffffeda0
00000a77
0000189b
fffffe23
ffffdede
fffff1ae
0000188a
fffff264
00000ec2
000007ab
0000129f
000016d6
00000b3f
fffffe7c
00001bd7
fffffdc7
fffff5b7
000008bc
00001e90
00002c40
fffff006
ffffe2ec
0000029a
000007fb
fffff173
00000e22
ffffd853
0000149b
00000409
ffffeb4a
00000ff3
ffffdc66
00000baa
000018bc
ffffea3a
00001229
000024fd
ffffed75
00001bc5
fffffb60
ffffddb5
00000203
fffffe2b
000003ec
ffffd6da
000056bd
fffff281
00001166
00004fe8
00000c43
0000072d
0000189f
fffff172
ffffec6c
ffffd5ac
00001740
00004871
000007b9
00002dc7
ffffe973
ffffd662
ffffd4ac
00000fbd
00003323
00001c77
00000740
fffff942
00000cf6
ffffcb44
fffff1d2
00002029
ffffdd40
fffffcd8
fffffbae
ffffdcdd
00001567
00000ce2
ffffe26a
fffff906
0000185b
ffffef2f
ffffeeb6
ffffe4ab
00002c13
ffffd2eb
ffffcfa6
fffff282
00000d44
ffffe20c
ffffdfce
ffffd65b
00000b46
00000de4
00002fb2
00000840
000008df
ffffce66
fffffeb3
00000780
fffff245
ffffdb95
ffffde69
ffffec05
000004a7
00002b47
fffffba1
0000090d
ffffe8be
00002598
0000138c
fffff67f
ffffe928
000000a7
fffffd32
0000185e
ffffe508
000017a0
000001eb
fffff196
fffff68e
ffffea7e
0000024b
fffff03a
ffffd3a8
ffffdfcd
00000516
ffffb2f4
00000a6c
00002d74
fffff232
ffffefcb
ffffe5e0
00002886
ffffff05
000002c3
000017da
ffffefbe
000004cd
00001767
fffff6c0
ffffd6cb
00000000
00000e30
00001ac0
0000276f
000019e0
00000ace
00000b41
fffff4b8
ffffef02
ffffe2a9
00000b7b
fffff182
ffffe60c
ffffcd56
fffff050
ffffe9fe
fffff1ba
fffff299
ffffe293
00001a21
000022a8
00000bd1
ffffefd2
00000056
00001102
00000bb1
00002bf6
00002944
00000f07
00002df3
ffffe7af
000004d6
00000215
000012ef
00000364
00001403
00001dd1
ffffd8dd
fffff864
ffffedba
ffffe195
00001a52
ffffd0af
fffff573
00000ad6
ffffecc9
fffff67b
00000d6e
00000d55
ffffeff3
00000e04
00001ab9
0000116f
000028dc
0000058a
00000259
00001cd0
00001fb2
fffff381
fffff23d
ffffe203
ffffdf18
fffff400
ffffe900
00001c79
0000126a
00001a51
00001af2
ffffe376
ffffe864
00000539
0000149b
00000f82
fffff34a
00003a3d
00001a81
000003bb
ffffff97
ffffd81d
00000cf6
00001658
ffffd100
ffffe05e
00000c07
000039f3
ffffdc3d
000009fd
00001bec
fffffce1
00001484
fffff544
fffff914
ffffe27a
0000141f
ffffe4db
00000fcd
fffffab0
00002763
ffffec8c
00003351
ffffe2c7
fffff0ca
00000a57
00001568
00001b05
ffffeb82
0000080d
00001103
fffffdee
ffffe648
ffffb86e
00000180
00000c9f
00001c02
ffffe832
ffffe806
fffffd17
ffffefbe
ffffec59
fffff962
0000225d
000007b4
ffffeb09
ffffde1c
ffffe5a4
000013a0
ffffd394
ffffeb62
000019fb
ffffc3fa
ffffe717
0000250f
fffffa27
ffffd97d
00000df5
ffffec5a
ffffcac8
00000c64
0000579d
fffffc9d
ffffc9c4
ffffec08
ffffec00
00002cee
fffff432
00001cbf
ffffeb32
ffffdcd9
000000b3
00000719
000015ac
ffffda01
ffffe1c3
fffff15e
00001650
fffff917
000001e6
fffff815
fffff7b5
000016d4
ffffe126
00001ed1
ffffca8b
00004560
ffffffca
ffffe39f
ffffd3cd
00000932
000026e6
fffff675
00000755
00001070
00000923
ffffca68
00001ae7
000009b6
ffffffae
ffffdcbf
00000e31
ffffea97
00000d4c
fffff459
fffff97a
ffffdc71
ffffbb58
fffffff2
fffff3d0
000024c2
0000315d
00000c91
ffffb785
ffffe900
fffff7b0
00002068
00003286
ffffdcff
ffffd334
000003fb
fffff6b7
ffffe2a3
00000f9f
00001e73
fffffcda
fffffe0f
fffff089
ffffff27
00002ada
0000197d
fffff673
fffffada
00000c49
fffff3fb
000004ab
fffff07a
fffffd78
00000832
fffff0fc
00001d6f
ffffe9af
fffffc92
ffffe2e6
0000042f
00000d17
fffff18a
ffffeae9
fffff4d6
0000244b
ffffd9ae
fffffb12
00001323
0000203a
00000b89
ffffe2aa
00001a04
ffffe562
000010c5
000005e2
ffffef7a
0000274c
00000ee1
ffffe8d2
ffffeaf9
000011fb
ffffe683
00000466
ffffebc3
ffffd786
000011e6
fffffc9b
ffffdb44
ffffedf3
00001e50
ffffdec6
fffff35e
ffffef77
00002323
ffffe4d3
ffffe9cf
00002e74
ffffe99f
fffffad3
ffffeb03
fffffbdf
fffff016
00001a75
ffffe7c1
00001bb0
00002b53
fffff8aa
0000006a
000003e0
000004b9
0000141c
fffff282
fffffdf1
ffffe17d
00001249
fffff835
000002e1
00002502
fffffbed
00002208
00001959
00001e10
fffffce3
ffffdc10
ffffcab4
00001894
fffff79e
000024e3
0000135c
ffffe383
00000306
00000c42
ffffe754
00001890
fffffcb8
00000438
00000b2c
fffff800
ffffd0c2
ffffec8c
fffff069
ffffe10e
00000794
000003da
fffffa19
0000013b
00001be3
ffffe0f5
ffffe857
000006e6
fffff179
fffff9da
00003d18
00001ce7
ffffebd9
00000517
00000d02
00000d1a
fffff6f7
fffff20e
ffffdede
00001663
000008e6
00001366
00001533
0000027b
000011b9
ffffe66d
fffff606
fffff818
00000a17
000000d0
00000769
00001924
ffffe11f
ffffe67f
00000f2c
00001758
ffffefba
ffffea88
00000644
ffffe785
0000161f
00000be8
0000341f
00000138
00002c8d
fffff311
ffffe271
00002d92
000017a6
fffff3c6
ffffe0fc
ffffffd1
fffff141
fffff355
000005a0
ffffe667
fffff2b9
00000298
0000044f
fffffa79
0000173c
fffffa0a
fffff316
000026d2
000004b2
ffffd39a
000009a1
00001b1d
000017ba
fffff04c
ffffc268
00003057
ffffd5f1
fffff385
000003d0
0000318c
fffff8b4
00000c5c
00002656
fffff6c2
fffffd03
00000a92
00001a6b
ffffe6a8
00000742
00000295
ffffcf76
000001db
ffffd799
fffff5cf
00000ac6
fffffbf8
ffffe86e
00000c6c
0000166a
000003a9
ffffff7a
ffffee71
ffffe957
00000fdc
fffffd75
00000cb1
fffff559
fffffb47
fffffbb1
ffffecc6
00000897
fffff5b3
fffffa00
ffffe0b7
ffffb8a0
fffff64b
fffff674
fffffd1d
00001e70
fffff939
00001707
00000649
00003bd1
fffffee3
00001e77
ffffed85
ffffedb6
ffffddee
000002b8
00000a0d
fffffe2c
0000110c
00001cde
00001a9f
ffffdaf7
00001545
ffffeef1
ffffedba
fffffa4f
000014bc
fffff41d
00001ba8
00000fe5
00000865
00000930
ffffd479
00001d16
fffff5d2
000005d1
fffff0ec
ffffec95
fffff4f8
ffffdd53
00001c12
ffffe748
00000f4c
ffffdebc
00000be4
00000a15
0000160e
ffffe5b9
fffff870
ffffd74e
ffffe9f8
ffffd1cf
ffffea27
00000b47
fffff92b
00000194
ffffebc6
fffff539
000011cb
ffffc680
ffffe03f
ffffd9fb
00000d8b
00000e84
000001f7
00001996
fffff8bf
00000ec0
0000087c
0000188e
fffff7f6
ffffe84d
fffff00a
00000399
00002b3d
ffffcf8f
fffff302
fffff025
000020fc
fffffe94
fffff81b
00000299
ffffefe7
00001691
00000839
ffffd989
00002123
ffffe9d9
00002c00
00002e8c
fffff42c
00003fc7
00000831
ffffee24
fffff00a
000014ff
000002ed
00000a99
0000279c
00000422
fffffb96
ffffeae3
fffff327
ffffef18
ffffffb8
000002e1
ffffe43d
000016f2
000006a2
00001433
00000539
00001a5f
fffff1dc
fffff5b2
00000ab8
000018b6
00001ac1
00000c55
00000754
fffffae8
ffffe396
fffff6ed
fffffd53
00000937
0000130e
00000856
00002fb7
ffffefea
00000068
000018ef
fffffbb0
00001f63
00001294
0000033f
fffffee0
0000267e
ffffe8ff
ffffd47d
ffffee92
ffffee02
fffffb55
fffff233
ffffda3f
fffff9f3
00000f11
000012fa
fffff859
0000180a
0000022a
ffffe5b4
00000be9
ffffdf7a
fffffc62
ffffefa7
00000234
00000abf
00001e07
00000ee9
0000165f
0000134b
ffffe93d
fffffd20
00000d54
fffff679
fffff5e8
00001bae
ffffeb4d
fffff4bf
ffffe3b1
fffff870
0000139d
ffffeb44
ffffe2af
00002c1a
fffff035
00001397
ffffe667
00001902
fffff565
000007cd
00000a20
00000df3
000006e8
fffffdcc
00001259
00002118
000017ae
0000052a
ffffe890
ffffec0a
fffff489
00000d6d
fffff7de
00000625
00000923
000005ba
ffffeb06
fffffb29
000028eb
00002e87
00000e47
fffff0df
00000f56
00000365
ffffd41d
ffffd4e7
000015bd
000003d8
0000068c
00000c25
ffffef22
00001402
00001386
fffffa44
ffffe5ff
ffffd995
fffff8a7
fffff6b4
ffffed97
ffffed5b
fffffc9d
0000084e
000006ed
00001381
0000056b
fffff5cc
0000097d
00000b19
fffffcd9
00001495
ffffe96d
ffffcc47
ffffe907
ffffe1c5
000003dc
fffff243
00001c34
000030b5
fffff825
000017c3
000009e6
000009dd
0000011f
0000032f
00003618
ffffed85
00000916
fffff923
fffff62a
fffff327
fffffdb3
fffff589
ffffe377
0000036b
ffffdd14
000000da
ffffbfb6
00001ccb
ffffe22a
fffffb69
fffff436
fffffb66
000000b8
00002c30
0000032f
ffffe71b
ffffeac0
0000216b
fffff01e
00000236
000000c3
000015fc
fffffbdd
0000065a
00000984
00001eec
ffffefd7
ffffe6c0
ffffe3b8
fffffcb2
ffffe9a4
00000059
0000062a
fffffe2a
ffffe10c
ffffea7d
fffff503
ffffe6e4
00000644
ffffefd9
fffffc91
000004b1
ffffd112
fffffa2e
ffffe5d6
ffffd2b1
ffffff53
fffff376
fffff794
00000080
fffff86c
fffff7ad
00000563
00000591
ffffe03d
000027a4
fffffd3a
00000cb8
fffffa6a
ffffe9f4
00000722
fffff205
fffff315
fffffe4e
ffffff36
ffffe159
00000f2c
ffffe8cb
fffffba2
ffffffb2
fffff70a
000005a2
ffffe7b6
ffffe7d4
ffffe841
00002250
00000ede
00001184
00000944
00000ee3
00000445
000002d2
00001d56
00001d0f
00000d75
ffffde40
00000fb6
ffffff1a
0000101c
00001ead
ffffffba
000000e0
ffffe005
000003e3
00001dfe
fffff8cc
00000428
fffff7b3
00000708
0000293f
fffff18d
000010b4
fffffadb
000001c4
000009f7
000011e8
00001821
fffff801
fffff647
ffffc72e
fffffcd2
ffffe6a4
fffff59e
fffffb19
0000098a
ffffec52
000003e0
00000405
0000066e
0000105d
ffffeaf8
000008ae
ffffef65
ffffd548
000030f1
00000d2d
fffff2ed
0000026d
ffffdae8
000013e2
ffffde30
ffffd8a2
00001966
ffffe9e8
fffff9fe
fffff805
ffffdf92
0000085a
fffff099
0000186c
ffffef22
00001ece
00003225
fffff92f
00003912
fffffb60
fffff95d
00002147
00002441
00000b12
00000cc1
fffffbf2
fffff671
00002a16
000014e2
ffffe4aa
00000dbf
ffffcd5a
0000208d
fffffd70
ffffec00
fffff379
00000a74
00000c39
000033ed
ffffe57f
00002f83
000014c3
00000ff7
000010c1
fffffaa9
00001763
00001b75
ffffcea2
0000069c
fffff01a
fffff688
00001538
ffffd508
fffff254
ffffc5a4
fffff6f0
00000ce9
00001ea9
ffffef6b
ffffc995
0000140c
ffffb3ec
00000612
ffffeede
000033fb
0000093c
ffffd7f2
00003a39
00000bbc
fffffcf9
000007c7
00001c15
fffff422
ffffdbec
000004cc
fffff3c5
000001f9
ffffcc9d
ffffe97d
fffff127
000011c0
00000870
ffffec3d
fffff826
fffff377
00001a01
ffffb330
ffffe5b7
0000308f
00002728
fffff3b5
fffff250
00001446
ffffd126
fffff71d
000043f8
000003e5
ffffcfda
fffff993
00000cde
00001b5e
00000440
ffffe21d
ffffd80a
00001236
00001db1
00000bd5
ffffd3a8
00000a71
000000ca
fffff508
00001f6f
00000286
00001fd6
fffffc20
fffff787
ffffd4f5
00006430
ffffe14e
ffffea50
00001818
00001c53
fffff71a
00001349
ffffe027
00001564
fffffcd3
ffffe2a0
ffffd2f9
ffffeca7
ffffc26e
ffffef29
00003615
00004138
000012a5
fffff620
ffffdd22
000007d7
fffff63e
0000061f
ffffeec5
00000469
00002610
fffffa1c
00002ed0
000029b5
ffffecb6
fffff4f7
ffffdfcc
fffff443
00000641
fffff6df
00001d2a
00001973
00000074
fffff2fd
ffffea57
000025b3
ffffd6a9
ffffea2e
00002236
00002e5b
fffff58a
0000173e
ffffe537
ffffea9b
000021fc
ffffd533
000020b0
ffffec20
000000f0
00001768
000021d3
00000db8
ffffabe8
fffff8f3
00001472
00000bbf
00000566
00000741
00003357
00003cff
fffffa76
00001829
ffffe310
000000fe
00001fff
00001132
ffffdd28
ffffffa0
fffff388
ffffe3e8
00001d99
000018c2
fffff980
000017bc
00000f95
fffff21d
00001473
ffffda6f
fffffcf8
ffffe102
0000137a
ffffe83b
00000ba7
00000c3d
ffffedf1
ffffdf98
fffffd62
0000050e
ffffff69
fffff4f2
000017a7
fffffd59
00000371
ffffeffd
000013a6
00001172
ffffe524
00002855
fffffb75
000016cf
ffffeda4
ffffec61
000016c2
ffffc286
00001148
ffffebcc
ffffe604
000005ed
00000177
fffffb47
fffff71c
00001fe2
fffff396
fffff66e
00000550
0000170e
fffffb23
00001f67
ffffdfba
00001235
fffff293
00000380
fffffdef
ffffe28c
00001854
00000774
00000e65
000022c9
00002890
fffffa99
000002d9
0000056b
fffff854
ffffdff7
00002600
0000057a
000002a7
00000cad
fffff564
00003ed5
00000e52
0000126d
fffff465
00002e1a
ffffed75
00000672
ffffeedf
fffffe44
fffffe50
00001d15
00000f31
00000ddd
ffffe6ed
00000a0b
00002e72
0000010c
0000054e
ffffe974
00001f8f
fffff5bc
00000cea
000008d9
000028e8
00000b39
00000e58
ffffd11f
fffffeca
00000201
fffff396
00001892
00000584
00002592
000015a5
00000499
ffffd08b
fffffc69
000008ef
0000072c
00000a5c
0000118a
fffffb67
ffffb6f5
fffff13e
000009cc
fffff7ca
00000301
00000b4b
fffffb20
00000728
00001fb9
00002879
00000036
fffffc34
fffff85b
00000aa2
fffff10e
ffffee54
0000149b
000028d4
000006e9
fffff79b
000015f6
ffffe504
00001530
fffff2b0
00000279
00000f25
ffffeb3c
fffff242
000039f9
00000c93
000010e1
ffffde21
00000f85
fffff2b7
fffffead
fffffda9
0000192c
000009dd
fffff5fe
fffffc0c
00000f39
000003ec
000004e1
fffff30a
000007ac
ffffe2d1
00000171
0000110f
00000686
0000044e
ffffe972
fffff89c
fffff211
ffffeae2
fffff1e8
0000026c
fffff39d
ffffcb54
fffff936
fffff131
fffffd29
fffffdb6
fffffa20
ffffe962
fffff966
000019a0
ffffee13
00000f10
00000a22
00000c01
ffffe7df
00000538
fffffa69
fffff0c7
00000651
000000b2
ffffdac2
fffff7d1
ffffeb30
ffffd89f
ffffeb69
ffffe6e6
000005a9
0000385c
ffffdbac
00000542
00002644
fffff6e3
fffffa92
fffffded
ffffe4c4
ffffbfeb
00000bb8
fffff0c6
00001b37
00001298
000000ea
fffff9c8
fffff604
fffff8b9
fffff5a2
fffff7b2
ffffefbe
fffff7f0
0000159d
fffffe30
0000110b
0000014c
00000005
00001eba
ffffe506
ffffef28
fffff209
fffffe4c
fffffd45
ffffdb1c
00000aa4
fffff620
fffffabd
00000d75
00003f7c
fffff6e2
fffff0bf
fffff3e5
ffffe69a
00000b1f
00001527
000016ad
0000028c
fffffa96
fffff0dc
00000fa6
fffffc57
000019f7
000005d1
fffffba9
fffff890
ffffee43
0000166f
00002f38
ffffd0a1
00000e69
0000063a
fffffd2d
00001077
00001226
fffff79c
fffff9d3
00000f70
00002367
00000198
00000045
00001786
fffffd15
fffffdf5
fffff524
0000031b
0000041b
ffffe181
ffffe3c9
ffffefbc
00000547
ffffe7fd
000004ec
fffff477
fffff0d4
00000b01
fffff619
00000b06
ffffe478
fffffcb2
fffff50b
ffffde09
fffff800
ffffd649
00001650
fffff90d
00001216
ffffd74a
fffff176
ffffe3f1
fffff26e
000021dd
fffffbf1
ffffe71e
fffffd7a
ffffe2d9
00000296
ffffdcff
00001c39
ffffe843
00000633
00000c21
ffffe5bd
fffff5d3
fffffa1b
fffff975
000002df
000014ab
fffff444
000004d5
0000092f
000024ef
ffffee14
ffffe509
fffff6fa
00003801
ffffefde
00001347
fffff3d5
00001f71
ffffee95
fffff7f8
fffff441
00000352
0000275e
ffffec64
ffffe593
00000013
000001a2
fffffcc6
0000023e
ffffe898
ffffd5dd
00000595
00002f6d
ffffe540
000030c4
000003f8
ffffbe32
ffffec3b
000002ea
00001895
00000e6b
000010cb
00000b3e
00002abe
00000a78
00000e66
ffffddfc
0000008c
fffff43e
00000826
ffffdebb
00000055
00000570
ffffdde1
00002300
ffffe2ed
fffffeda
ffffe66a
ffffe44f
fffff27f
ffffc5e7
fffff937
00000f43
fffff3e8
fffff57d
00001166
00000640
fffffd7d
ffffe3d1
ffffdf6a
00001650
00001387
00000b66
ffffe972
fffff446
ffffddb5
ffffd9cf
ffffb287
ffffb214
00000602
00002bea
00001ae0
0000043c
ffffe7a1
00000fe4
000007e6
ffffec35
ffffeb54
ffffdb64
00001435
000007df
fffff272
00000e95
000018f8
ffffead8
fffff8e6
fffff978
0000130a
0000046f
fffffd28
ffffbfca
fffff4e7
00000016
00001191
ffffffeb
00001676
00000817
00000df0
0000263c
ffffec08
fffff571
fffffcc8
ffffed52
00000a07
00001465
00000366
ffffe1dc
ffffcbc7
ffffe797
ffffec85
fffffd92
0000127e
ffffb84d
00001485
ffffe9d6
000019f6
000032d5
fffff9a3
000001c1
ffffeea7
00001c8b
00000b67
ffffe5e3
fffff955
ffffd74d
ffffdfc7
fffff358
fffff7b7
ffffd23c
ffffffab
00000d0f
00001192
000023c5
fffff259
ffffe2de
00000438
0000183a
000015a7
00001d45
ffffe840
000001f3
ffffb25a
ffffd948
ffffeeee
0000158a
0000211b
fffff2c0
ffffe9fe
0000016e
fffffd51
fffff8c7
fffff26a
fffffa58
00000162
fffff622
00000cd9
fffff519
00001710
ffffede6
ffffde0d
ffffebaf
0000099e
0000137c
00001491
ffffeea2
00001776
00000b50
00000a2c
0000073b
0000264b
0000057b
00001820
00001e6f
00000cda
00000f21
000039c6
00001aae
ffffed19
ffffd39e
ffffeeae
ffffeb28
00001df1
fffffd6c
00000fa9
00000437
fffff75f
000011ef
00000ba4
00000711
fffff880
00001c48
ffffe75c
fffff924
00003248
fffffe86
fffff1f7
fffff7fd
ffffea02
fffffccf
ffffd84c
ffffe8e5
00001489
000032ae
fffff23d
00000484
00000314
0000049c
00000ab6
ffffe0d2
000005f2
fffff93d
fffff1a8
000008b3
ffffefef
ffffec14
00000c5a
00000877
00000d3f
00000906
00000392
ffffe174
fffff3c4
ffffd823
0000027c
00002089
00000432
00000872
ffffffd8
000009f9
fffffb12
fffff592
000016b9
fffffc8a
fffff98c
0000326b
00000eef
000002b5
ffffff20
fffff79e
00002c1b
fffffb25
fffffe79
fffff011
fffff7e0
00001ba3
fffff67e
0000094f
fffff60a
00000891
ffffe552
ffffed05
000000e6
fffff79d
ffffec3b
ffffc843
fffffb20
00001412
ffffffd3
ffffe113
00000dee
00001791
ffffe315
00001fb9
000005c0
ffffe6ca
fffff1bf
000012a5
ffffec67
ffffdea7
00001017
0000199d
00000d37
000000d8
fffffab5
000004b6
00001385
00000e69
000002ec
0000156d
000008f9
ffffeb70
fffffb68
fffff9e4
fffff3f4
0000050c
fffff3f3
fffff854
00002413
0000029e
00000968
ffffb3d8
fffff6a6
0000138d
ffffffa8
ffffd219
fffffe6d
ffffece1
ffffe1c5
000019b7
000016b3
fffff157
00000a9a
fffffce0
ffffe91f
00001aae
00000f2f
fffff091
00000c80
ffffe560
000005aa
000008a8
ffffd70d
fffff6c7
0000314e
0000206e
00000438
00000d4f
ffffdc3d
0000074b
00000ee7
ffffee82
ffffdd22
000032ad
00001ce9
000023f4
0000075a
fffffe96
fffffb92
00001386
0000382b
00000858
00000ba6
fffff545
fffff8b8
ffffe674
000009b0
00003272
00000fc0
00000ce6
fffff77d
fffffba3
fffff626
ffffdc1c
ffffef6f
00000825
00000b6e
00001969
00003795
000020fa
fffff568
0000161b
ffffea63
fffff866
fffff483
00000cd0
0000226e
fffff1ab
ffffd511
00002086
00000135
ffffeab3
00001576
fffff527
fffffa07
000025c8
00000767
0000201d
00003318
00001ee4
0000093e
fffff3ef
ffffc658
00001f91
00000a89
00000c12
fffff655
00001500
00000211
00000e7c
0000057e
00003f29
ffffeada
000007b0
00000c15
ffffe17f
0000259f
fffff615
00001bc4
00000888
ffffd4de
00001188
ffffe412
fffffe22
00001b95
00000199
00000f5c
ffffe5d5
0000073b
fffff24b
ffffffd2
fffffc55
0000192d
00002d41
000013e3
00001de0
000005bc
fffffccf
00000472
000018cd
00001238
000002ff
00000aed
fffff99e
00001b46
0000190b
00000231
fffff04c
00000af7
fffff57c
00000f39
fffff8e2
0000063d
fffff0de
000022a1
000007ae
00000a04
fffff152
000024ae
fffffca5
ffffd3c8
00000004
fffff1e1
00000bd7
000006b7
ffffedc2
fffff671
ffffea1f
fffff250
00001a17
fffffde1
fffff86f
00000c1e
00000d0a
fffffbd4
ffffe4ac
00001484
000013e5
ffffb8c8
fffffc8f
000004a7
ffffd3cf
000013df
00000fa5
fffff59d
fffff4d5
ffffec14
00000ac6
ffffe6d5
00000723
ffffe977
ffffefd4
fffffdd3
0000177d
00000164
fffff8e6
fffff690
ffffea27
000004f5
ffffe573
fffff7ae
000003f1
ffffe7b3
fffff72f
ffffd99a
ffffe541
ffffef6c
ffffef0e
ffffeb3b
00000f62
fffff2de
ffffeb13
ffffe740
000012f0
00001210
ffffd7d0
fffffdd5
00001b31
00000818
0000038c
0000082a
ffffdeb2
000001cb
00000173
00002e16
00000073
0000215a
fffffd33
00001492
00000169
ffffd9fb
fffff2d1
ffffe307
ffffe555
000001b5
fffffeaa
ffffefcc
00001449
00000146
fffff88d
ffffe7f4
00000b3f
000003e7
fffff574
00000135
00001b0a
00000467
ffffef0e
00000fee
ffffce0c
ffffd24c
ffffdeb1
fffff370
0000036f
fffff789
fffff9d7
ffffe62d
ffffefd5
000016ec
fffff4f0
fffffef8
00001d88
fffff81a
000012f6
ffffef18
fffff1aa
fffffc79
00000b7e
fffff825
fffff49a
ffffc029
fffff8a7
000003e9
00001935
fffffc1e
00000419
000026fc
000006ff
0000053b
ffffe09e
fffffc36
ffffea98
ffffd3ef
000009ca
00000d1d
fffff856
fffffe39
fffff760
fffffeb6
000022dc
00001903
00001bac
ffffe732
000004d8
fffff0ee
000000be
fffffb11
ffffef39
ffffe754
00000c5d
00000df9
0000053b
ffffe6b7
00003370
fffff81b
00000ed6
fffff612
fffff385
000023f7
ffffec84
ffffe5bd
ffffeaa8
ffffcc10
ffffeeb5
000010ab
fffffa81
00000b64
00000b4e
0000241c
fffffbc2
fffff899
fffffdf9
fffffce3
000015e3
fffff8ce
fffff894
fffff1f9
00000770
ffffe054
fffff007
fffff252
ffffead7
ffffee26
ffffd7c4
fffff876
fffffa61
00001673
ffffe8db
00001100
ffffee8e
ffffccc3
fffffd6b
ffffe141
00001c44
00002d53
fffffdc9
ffffeb73
00001d63
ffffc64c
00000182
fffffa94
ffffe65c
000007d6
fffff5c9
fffff71b
ffffd7eb
fffffa32
000018e8
00000bc8
00000e0b
ffffec53
ffffffa6
fffff078
fffff97b
00000ea7
00000085
ffffee61
ffffed92
ffffe641
ffffd2b3
0000039d
00001ed4
000006f5
ffffff72
00002f83
00001417
fffff512
ffffe29d
00000656
ffffe015
fffffc82
0000149b
ffffc456
000014fd
000021e0
ffffeb3b
00002584
0000056b
00001324
fffff973
ffffebb2
ffffe56e
00000042
ffffe853
00001f34
fffff9a7
fffffd65
ffffd633
ffffec8d
fffff59d
fffff96d
ffffdccb
ffffd4ad
fffff15e
00000db8
fffff00f
fffff212
000017d1
fffff9ae
fffff2f6
ffffeeb1
000005b9
ffffee20
ffffd9a3
fffff30c
ffffff73
ffffeb4f
0000232c
fffff785
0000190f
fffff6e0
ffffe72a
fffff78e
fffff5bf
ffffe7d9
ffffec98
ffffe3ea
00002050
ffffcc0d
fffffe11
000024e3
ffffecee
fffff3f8
00002f37
ffffe8d5
ffffea76
fffff58f
fffff283
ffffe1f8
ffffe63d
fffff89c
ffffbaf2
ffffd5ed
fffff722
fffff864
fffff080
00000776
ffffdebb
00001029
fffffedc
000007d9
fffff57a
00001660
fffffc3c
ffffed29
0000189f
ffffc9bd
00001cda
00002b6a
00000354
fffff401
ffffed58
0000293a
ffffec16
ffffede1
00001519
00000f2a
fffffffa
fffffacc
ffffea70
00001877
0000100c
ffffdc02
ffffd4af
00004186
00000920
00002712
fffff69f
ffffca6b
0000137b
00001d9e
fffffcd4
00000d11
fffffec3
fffff09d
ffffe46c
00001a76
fffff18f
000026e8
ffffdbcb
ffffd7b3
00001183
00001be4
ffffed9a
ffffe3b3
000006ed
00000d57
ffffcb63
ffffcac1
ffffeb3c
fffffa83
00000b77
ffffe2a1
ffffc2f0
0000161c
00001d76
00000f99
000007dc
000021e8
ffffecff
ffffd126
000003a1
fffffa4f
ffffebc1
00001226
000003fa
00000867
ffffe94d
ffffec61
fffffee6
ffffe4ac
ffffe20c
ffffeab8
fffffe21
ffffe812
000002f2
00001902
ffffec81
00001a50
00001bc9
fffffbf9
000016d0
00000a23
00000ba7
ffffe503
000034bd
ffffd25c
0000014f
0000089f
ffffef88
0000197c
ffffe283
0000217d
fffffc13
00000081
0000003d
000020b8
ffffd027
fffffc41
ffffc003
000002e6
00001270
ffffe510
fffff6e1
fffff48b
ffffcbdb
000000f5
fffff0e4
00001d5b
fffffaba
00000115
ffffdc6f
00000113
fffff7a2
00001366
0000299f
00002711
00003282
ffffee73
ffffd9cd
ffffee06
000004f9
0000038c
000008e0
ffffdd4a
fffff621
00000450
00001060
00000858
ffffff9f
00001a85
fffff6e4
0000137c
0000169c
ffffe14c
000008bb
00001145
fffffc47
fffff528
fffff9c2
fffff42c
00000c2c
0000130f
ffffff77
fffffec3
000024aa
00001344
fffff7c4
ffffdeac
00001680
ffffffcc
00000794
00000044
ffffe91a
ffffd914
fffff48f
ffffec98
00003b4b
00002596
ffffe49b
ffffe7f2
000005b2
ffffe0a9
00000053
000011a0
00001827
fffffabf
00000c72
ffffd496
fffff102
ffffffef
fffff7fd
00000924
000004d4
0000027d
000008b3
0000060d
ffffe27c
fffff726
00002b06
fffff20c
ffffe5e1
000005a2
000002f5
000010ac
ffffff8e
00000085
000006ef
000006e6
000010f1
00001304
000001f7
000001f8
000004f1
fffff235
00001602
ffffef33
000006bc
fffff257
fffffd3d
fffff099
fffffdf1
00000b93
fffff114
00000f72
fffff937
000001d1
fffff05f
fffff481
000009d6
0000025c
00000fc8
fffff9b4
fffff6ae
00001413
fffffbfa
000001b4
fffff3c2
ffffef43
0000060d
000006c3
00000609
fffff414
ffffe709
00000214
00000245
fffff49f
000005ed
00000643
fffff081
000000c4
0000035a
00000cc1
ffffff13
fffff9eb
00000da5
ffffea00
fffff33c
000010b9
00000b80
fffff6c6
0000020f
ffffec38
00000117
00000b3d
00000319
fffff9b7
fffffbae
00000bb4
fffffabf
0000150f
00000cee
000004ea
fffffc5e
fffff52a
fffffc94
00000ae9
000003e5
fffffa28
fffff77d
00000e78
fffff819
00001681
ffffeb2f
fffff30c
0000083d
fffff8cf
fffff5b9
ffffed9d
fffffdc3
fffff5d0
0000029a
00000fb1
000001ae
00000205
000006ea
fffff2d2
fffff92e
fffff183
fffffbd7
fffff399
ffffe977
00000a3c
fffff654
00001a75
ffffffba
00000487
fffff7c2
0000095b
00000795
00001589
00000d88
00000215
fffffcbe
ffffe460
fffff84b
fffff6bf
00000e19
00000757
000002b8
fffff48c
fffff97a
ffffe953
00000238
fffff971
fffff02c
00000303
fffff53f
fffffa0b
fffff52a
fffff4f2
ffffef0d
ffffeafd
00000141
fffffb65
00000ea3
00000be4
000000dd
fffff472
00000243
00000ab9
fffff6df
000000c5
00000239
000007c8
000001cc
fffff526
fffff872
fffffcb8
ffffffa7
000004a7
00000df0
ffffedf3
ffffec10
ffffd98a
ffffe966
0000057d
fffffae1
ffffc7e2
00001a8c
ffffd5c3
ffff94b5
ffffea7c
00000203
00003390
ffffd155
000010cc
ffffc97d
fffffd17
fffff67d
ffffe764
fffff1ce
00004cf1
00000015
00001782
00002ecf
000038d8
fffff058
00000be3
fffff909
ffffe0af
ffffe9f1
00000049
fffff4d8
ffffe9ec
00001fd2
00000e0f
00000eec
ffffefa2
00001909
00002823
0000157c
00001b3c
0000061e
ffffd916
ffffeda1
0000197e
0000085c
ffffeb92
ffffea62
fffffb7f
00000793
ffffdb0d
00001932
ffffff76
ffffde6c
fffffec6
000031f3
fffff540
ffffef76
00004053
ffffd646
0000407e
ffffdeae
000011f4
ffffebd3
00001b9b
000012be
fffffa94
ffffe5d0
ffffde73
00000ba1
ffffd5fc
00000c99
000013d7
fffff515
00004a68
00003952
00001abe
ffffee6b
ffffe78b
ffffd6f0
0000152e
fffff423
00002ef5
fffffade
00000ae0
ffffc607
ffffe290
ffffce90
00001c9b
0000109e
000015e3
fffffcd8
ffffe9c4
fffffbc8
00002539
ffffe658
000008eb
fffff911
ffffde8c
ffffff5d
ffffd7f1
fffff2d5
fffff460
ffffd468
fffff2fa
00000e02
ffffee23
00001a07
000023f0
ffffecbd
000019bf
00000c17
fffff7be
0000207a
ffffc8f9
ffffd283
00000837
000022f8
0000118b
ffffd70e
fffffbca
fffff44e
ffffcf90
0000014c
00004315
ffffed94
000013cb
0000330d
00000376
fffff25f
ffffee33
fffff7c2
0000171c
00003415
000006d0
fffff8ce
ffffcbfc
ffffe1ee
00001084
00000047
00000370
00001032
ffffdf5b
ffffe81f
ffffff6a
fffff544
00001703
ffffba1d
00000ac6
000011f4
000020c9
ffffe51b
00000b9b
00000dc2
fffffce7
ffffeea8
ffffdc72
ffffd4be
00000644
fffff9b5
000001c3
fffff7ff
0000191c
0000153d
ffffe1e7
00001dea
ffffc4a2
fffff3a6
00000bcd
fffffae1
fffff1f9
00001b5a
fffff55d
00001782
000000d5
fffffb38
00001296
00000305
ffffe802
00000550
ffffd830
ffffd993
ffffd000
00000a01
fffff334
ffffe7b0
fffff43b
ffffc041
ffffd238
0000060a
ffffec26
ffffdde9
00000559
ffffe4ce
00001581
00001d02
fffffcd6
000000ec
00000996
ffffff70
fffff1c1
00001ace
ffffe382
00000941
000008a1
00001a53
fffffe75
00002145
0000156d
000016b3
0000025d
ffffeb13
00002c7e
ffffd410
00000b82
fffff610
fffff8ba
ffffe0cf
ffffd48f
00000979
ffffda7f
0000142b
ffffee3a
0000087b
fffff6bf
fffff748
fffff76b
fffffecb
ffffdd64
ffffdfe5
000004e0
fffff703
00001cac
0000052c
00001c4a
00000798
fffffdc3
0000023a
fffff525
fffff5f9
fffff2d9
00000b81
ffffde2c
000018d3
000016e1
ffffeb7d
000014a2
ffffe2ad
000014fb
0000170e
0000134f
ffffeac2
00000469
fffff74d
ffffcc9f
ffffe787
fffff05b
fffff49c
00001cd6
00001b1c
fffff1bd
0000084e
fffffa69
00001941
fffff49e
ffffe868
ffffffde
00000239
000013cc
ffffebdc
fffff918
00000dbd
ffffdbb8
0000012e
00000a88
ffffdf9f
ffffee82
00000c46
00002cc2
00000521
ffffd0d0
fffff202
000003e7
000012b1
000008e2
ffffc759
fffff79b
ffffffd5
00000385
00001bba
ffffe075
fffffc05
ffffeec7
fffffa3b
00000a7f
0000100f
ffffee58
ffffef65
ffffe90b
ffffe760
ffffda8d
fffff7a6
fffffc90
00001470
00000da0
00000309
00002af6
ffffea5e
00002433
ffffedb4
fffff769
ffffe494
00000154
ffffeaaa
000022de
ffffffb0
00000dbd
ffffe7cc
ffffebe3
fffff071
000018fe
0000114c
ffffd7cb
fffffc3d
0000050b
ffffeb11
00000585
ffffe2f7
00001831
0000009e
0000183b
00001f09
fffffca8
00001561
ffffe39c
00002066
00000736
00000eed
00002b53
ffffea40
00000deb
ffffdebe
0000031b
000006e9
00000355
ffffee72
0000114d
000004ea
000027f3
fffff978
00001102
fffff95c
ffffec51
00000eb8
00000111
ffffe7bc
ffffe50a
00000e41
fffffd68
ffffea3e
ffffe10c
ffffe735
fffff7ec
fffff763
ffffdceb
00001703
fffffe5d
00000b4f
000010df
ffffe81a
00002c6f
00001fc9
fffffff6
00002ad0
000014a0
fffff38c
000013f3
ffffdeab
ffffe6f3
fffff99f
00000906
000015df
000009ad
00000a34
00001ce6
00000c1c
000016e3
fffffb3f
0000111c
00000a16
00000666
00002a70
fffffbbf
000021b5
ffffe4bc
00001362
00000040
ffffe217
00000a08
fffff018
ffffed2c
ffffe7e5
00000115
0000082e
ffffec4b
ffffe51b
000022b8
00000ae3
fffff763
00001ef4
fffffc84
ffffeb34
0000023c
ffffe2ff
ffffe69b
ffffea30
fffff4a1
ffffee80
00000111
ffffebef
fffff9c8
fffff8e9
fffff737
00001765
ffffe5c8
0000075b
00001ba8
fffffd3d
fffffc93
000002d7
fffff838
ffffe163
fffff134
00000528
00000790
fffffd0f
fffff1fe
fffffc03
00001797
fffff5fb
0000179e
00000b70
ffffe02c
00001f08
00001fe9
000029b1
00000bff
000003f0
fffffe05
ffffdaf2
00000360
00000567
0000012c
000020bf
000003c1
ffffe3e7
ffffe36f
0000051b
ffffef6f
ffffd9a5
fffff57d
000008ca
ffffd383
00001603
00002362
000010fc
0000048e
fffffa60
0000069f
00001b50
00000261
fffff15f
00000eff
00000ef3
fffffd5c
fffff70b
00000ce1
00006488
00001619
ffffdf4a
000004d1
00000506
000005f6
000009da
ffffe6f0
000026af
ffffd671
0000103e
000008c4
00000960
ffffe9a4
00001d50
ffffed20
ffffed3c
00000f61
ffffec26
0000416f
000004f0
fffff2b7
0000131a
ffffee38
ffffd87c
ffffd39c
fffffc34
000005d2
ffffedf3
ffffdee6
0000159b
00001869
00001aca
fffffe8d
ffffff46
ffffb88e
000003f1
ffffec72
000003da
00001002
00002561
0000264b
ffffff4b
fffff4d9
000006f6
000010ba
ffffe95e
000047be
00000427
00000c1b
000007a9
fffff58d
fffff418
0000107c
000019bb
0000055b
00002d7b
fffffc72
ffffd582
fffffb07
0000051e
ffffea0d
fffffd76
fffff384
0000120f
000006dc
00001afa
000034c6
0000198c
000008fe
fffff833
ffffe8ce
00000b38
fffff999
fffff615
ffffdf97
ffffef61
fffffc51
ffffedf7
00000879
0000044d
ffffef5f
fffffd90
ffffe7e2
00001ef5
00000048
ffffedb0
00000abd
ffffddb4
ffffefd4
00000934
00003e1f
fffff86a
00001b33
0000265c
ffffe86f
ffffe9fc
fffffdc8
fffff5d4
000014b5
fffff0b0
ffffce65
fffff4ca
ffffeb87
0000301d
0000037a
fffff673
fffffcd9
00003261
fffffcb2
000017e0
000002f5
00002e37
ffffe6ea
fffffb4b
000009b5
fffffb60
0000072d
fffff398
fffff0ba
000014df
00000661
ffffff80
fffff79f
ffffe754
00001b37
ffffebb1
00001820
fffffecd
ffffed73
ffffd321
000027d8
00001212
000001f1
00000111
00001b0c
fffff652
ffffe7b6
000007df
fffff0bd
fffffb0e
00000a88
ffffffe7
0000030e
ffffe974
00000fbe
00002018
000011d9
ffffe677
00000ac7
fffffad2
fffff0e4
ffffedea
00000611
fffff754
000008be
000008a6
000008b8
fffffd44
fffffef2
00002566
00001089
fffff2bb
fffff6c6
fffff001
fffffe69
ffffdd3f
0000157a
0000187d
00000474
00000744
fffff13a
00000785
00001ef7
00003524
ffffeed3
fffffbc4
ffffedce
ffffe5e1
000018ed
0000279c
fffff6af
ffffe56b
000017a9
000006d8
ffffce33
00000ad5
00000e40
0000055b
fffff81d
0000070a
ffffcc32
00001424
000007e3
00000780
ffffeefb
00000cf6
0000052c
0000129f
00000d00
00000e39
000011bc
00000e93
fffff04c
00002894
00000142
ffffe8cb
00000733
fffffcc7
0000007a
ffffe538
fffff03f
fffff80b
ffffef72
00000777
000004a3
0000043a
00001b9b
fffff7d4
00000a23
ffffe2fd
ffffdb22
000011ff
00000ffe
00000ed2
0000027a
0000116e
ffffe863
000002c3
0000091f
fffff43e
ffffe8e0
fffff33f
00000b62
0000111f
fffff7ec
00000902
000004c5
00000d25
00000503
ffffddae
00001874
00003935
fffff468
00000fa8
00000151
000012a3
000019f9
fffffba1
000004bc
0000097b
fffff68d
00000f6b
fffffc2b
ffffe59a
ffffe4f3
fffff02d
000025af
000013cc
00000676
ffffe8dd
ffffe659
00000082
00000c05
fffffe92
000003b1
ffffdca0
00001475
000013d4
000012f1
ffffefd0
ffffee63
000005b1
00002423
00000b03
fffffbab
ffffda9f
fffff971
fffff8f1
fffff4fb
000010a8
fffffe84
00000831
ffffe6ac
fffffe60
fffff479
ffffff0c
0000015a
000011bf
00000697
00000719
000007d8
fffffd23
ffffff1f
000022fc
0000094a
ffffd8c3
ffffd13e
000000a1
0000277d
ffffe0b3
ffffd5a7
00002005
fffff10a
fffff791
00002abb
ffffecb9
ffffe2b6
fffff62c
ffffecd9
fffff4e9
fffff9b4
0000088d
00000bbc
000009fe
0000022e
fffff6d1
000002dc
fffff1cb
ffffdcb3
000003df
ffffeacd
fffffe37
fffffbb0
ffffff1b
ffffded0
ffffe556
00002a1d
00001604
fffffa0a
ffffe9e2
ffffe027
00000ae5
000004ac
ffffdee1
fffff27e
ffffe8f3
00000185
000003c7
fffffda0
00001f5b
00000556
ffffe7aa
ffffd63e
00000ced
fffff58e
fffffe92
fffff32f
ffffd897
fffffb0c
fffff50d
00000a80
0000141c
fffffe23
ffffd9a8
000026bd
fffff958
fffffed7
000005cd
0000234c
fffffb02
000000ee
fffff2d9
ffffe0d5
000017ef
00001c02
00002496
fffff5c4
fffffc64
fffffccc
fffffd36
00001554
fffff0a1
000001ca
00000488
ffffdddc
fffff308
0000249e
00000e1a
ffffe40e
00001dbb
ffffffb8
00000594
00000d4a
ffffee9c
00000e01
fffff9ce
00000776
ffffee0c
fffffce8
00001819
00000d3f
000000f8
00000045
ffffc3ec
00000a3f
000001f0
00000fe7
ffffe2bf
ffffed59
0000117e
00000119
fffff8bb
ffffe26a
fffffa86
00000462
fffffa6d
fffff8e0
ffffe80b
000011ba
000018da
fffff27c
fffff26e
ffffcd0f
ffffd1df
00000642
000004b4
000007b3
ffffdbbb
fffff008
fffff5ca
ffffce13
00000802
00001d74
000020b5
00000f94
ffffe227
0000006f
fffff407
00000ab4
ffffeecc
00001785
ffffd3cb
fffffb27
ffffd8ba
000008b4
ffffd6c4
ffffef5e
fffff6fe
00001357
0000004b
ffffed34
00000903
000001ac
00001986
00000779
ffffe1d5
00000930
ffffecb2
0000003e
00001061
fffff2f1
fffffcf1
000014bb
000003b7
ffffe0b9
000005ed
fffffd7e
0000149c
ffff9f02
00000393
00001249
ffffbb9f
00000390
00001343
000001c4
ffffdfa7
fffff364
ffffe97c
fffff225
00000776
000010a3
000031bf
ffffd6ef
ffffdae0
ffffdb9a
ffffd0d6
00000706
0000037b
ffffe2f0
00001a59
00000eaf
fffffa6c
0000106a
0000120a
fffffe9c
0000182d
0000099f
fffff448
0000002b
00000923
000003aa
000000e9
0000261b
000013c0
00001259
000005e8
fffffc70
fffff692
fffff942
00000e42
000015bc
ffffd745
ffffef5b
fffff372
ffffc71a
fffffa47
00001d55
fffff407
00000f9a
ffffd6b0
fffff991
ffffe873
ffffd0ba
ffffe620
ffffff1a
ffffeaa1
ffffd04f
ffffea3f
fffff805
fffff964
ffffd793
00001088
ffffff38
ffffeb4a
00000331
ffffe58f
ffffe782
ffffdb0f
00000bd8
ffffd763
0000132e
00001472
ffffef56
ffffed82
ffffe01c
ffffe74c
00001418
ffffe47e
fffff403
fffffc66
000000f1
00000ebe
ffffc4df
ffffec99
00001ab3
00001c2c
00001b2c
00000b98
fffffda6
ffffbe5e
00000c27
00000990
ffffc83e
ffffd814
ffffe5a0
fffffcc8
fffff960
fffff78d
fffffc07
00000f08
00000507
00001dfe
00000300
00001b26
ffffeea6
0000192b
00000d2f
00000514
ffffe755
fffff53e
ffffed6b
000004e5
ffffee48
00001f9c
00000e56
00001cb2
00001131
fffff5cc
fffff261
ffffd5b3
0000216b
00001380
ffffe298
00000251
00002638
fffff316
000015d7
ffffc720
000040b5
fffff021
00000815
fffffd81
fffff389
ffffe85e
000003ab
00000408
00001ea2
00001ca7
ffffe2ca
00000bfd
ffffec10
00000e92
fffff079
00000c7c
000001dc
fffff626
fffff089
ffffe660
ffffebdc
ffffe407
ffffeb67
ffffd44a
000004f0
00000670
00002643
00000bde
fffff516
00003429
ffffe401
ffffdba8
fffff62e
00000a9d
00000c73
00000245
fffff7c6
ffffe431
ffffde92
00000e58
fffff1fc
00001524
fffffcf7
00001959
fffff890
ffffe016
ffffe9f1
00001856
fffff7df
fffffc88
ffffdeef
00000989
fffffb5b
fffff7c3
ffffff8b
ffffe7f5
00000197
fffff680
00001341
ffffdd49
000008f6
00000b82
fffff87f
ffffe8f7
ffffdddb
ffffe704
ffffcc0a
0000018f
ffffe999
fffff66a
00001090
ffffc775
fffffd81
ffffe49b
ffffc040
0000137d
ffffee5e
00000a73
fffff7fd
00000123
ffffe4cb
00002d6f
fffff225
00000c0a
fffff443
ffffe20d
fffff6fa
fffff4a2
fffff788
0000033b
fffffefc
fffffaec
ffffee00
fffff96e
fffff0e0
00001ed6
00001f8d
ffffffeb
000015fe
00001545
ffffe499
00001537
00000207
000024e2
000000e8
ffffe07b
0000109d
00000fd3
fffffeb5
ffffecce
0000100d
fffff63e
ffffef04
fffffa82
ffffa994
ffffd8c4
ffffdf91
ffffc94a
fffff1da
000006d1
00001133
00000287
ffffebff
fffff997
000016db
00001165
00000053
fffffc32
00000f82
ffffdf79
ffffecb7
fffff015
000021c1
ffffdcbb
fffff75b
ffffe912
ffffe2d9
000007eb
000011cf
ffffcdae
fffff34f
ffffe98c
0000273f
ffffffea
000028ef
fffff7fb
ffffe995
ffffee1e
fffff437
fffff720
00000176
fffff501
000008a5
ffffee50
ffffd038
fffffd84
fffffd0b
00001ac1
000007ff
ffffee93
0000110c
fffff03d
ffffe487
fffffeca
fffff0b3
fffff8dd
ffffd63b
000023d5
ffffce0b
ffffe83b
ffffea05
00003103
fffff97d
fffff418
0000002b
fffffcd1
0000079e
00000b8a
ffffed7a
ffffdf9d
fffff828
00000204
fffffd0e
fffff259
00000d37
00001115
00002106
00001447
000008d5
ffffcb80
fffff263
ffffe554
ffffaf19
0000165f
ffffe50f
ffffc33e
00001b62
ffffef1f
ffffde3e
0000128b
fffff862
00000dd3
ffffef53
ffffe53a
ffffc048
000010b0
ffffe4ec
ffffe9b4
ffffe6ed
ffffea48
ffffc75b
000023be
000020a4
fffff41a
0000133d
00000a6e
ffffe813
00001357
000005aa
000021a7
fffff118
00000f50
000018e9
00001447
000003cf
00001b94
00000307
fffffea5
ffffc8a6
00000e1c
ffffef2e
ffffea27
0000074e
0000107d
00000dc4
000010a4
00000717
00001ad9
00003076
00003296
00000aba
000021e4
00000a33
fffff6db
0000195d
000026a7
ffffceda
ffffff06
00002b9c
0000165b
00001afb
0000065a
fffffcd8
00001763
0000200a
ffffdbd8
fffff719
000019e1
fffff2c4
ffffed83
ffffe36e
00000f6f
00000c52
ffffeb1b
000039e2
000016a0
00000188
00001290
ffffe612
ffffef04
fffff5d4
000008ad
00000c8c
ffffdbc7
ffffda19
00001073
000005b0
000007f0
000014f5
ffffe635
00000553
fffffc85
00000c5b
00002542
fffff117
ffffd60c
ffffd3fe
00000958
ffffe6be
000043a6
ffffdbc5
00002b90
fffff4e5
ffffff24
00000320
fffff23f
00001745
ffffffeb
00000c4a
00001625
ffffe275
00001bf1
fffffe3b
fffff293
00002176
00000fa0
000004bf
000002a6
fffffda4
ffffffff
ffffff9d
00000148
fffff5b0
00001905
00000dff
fffff4b1
fffff2e5
ffffea95
00000976
ffffdd1c
000017fb
fffff96c
ffffe489
00001128
ffffdf81
00000257
00000afa
ffffdfc0
000019d7
00002af7
fffffab0
000004be
0000051b
fffffd24
0000105b
000014ab
00000f20
0000057a
00001d53
ffffdf33
00003206
00001ec1
00000ae3
00003a10
0000315b
ffffeaa8
0000186b
fffff4e2
ffffff71
00002921
ffffef6e
ffffd732
00001261
fffffc35
fffffd37
fffff6f6
00000b55
ffffcafd
ffffdbfa
000001ef
0000011f
0000126b
00002580
fffff8cb
ffffdf19
000029d5
0000001e
ffffe661
ffffe749
00000119
00000c97
00002780
0000243b
00000878
000000ad
fffffc89
000021d9
0000241e
00000852
ffffe75c
ffffc840
fffff186
0000045f
00002a36
0000017d
00000a3c
00000c22
fffff51c
0000214f
fffff8a3
000000da
ffffd8d6
000015ed
000016c6
00000afa
0000061e
00002d1b
fffff4be
00000126
00002ad4
fffff4bd
fffff4b3
ffffef1b
fffff8b8
ffffbefa
ffffdfb9
0000203a
ffffe383
ffffec61
fffff413
00001a73
fffffc99
00003270
000038be
fffff7d7
ffffeb32
000009bb
ffffe47d
00000a86
0000160a
fffff1a0
0000181c
00001858
00002d37
00001d56
0000193f
ffffcaaf
fffff1bb
00000946
ffffe754
fffff334
ffffe572
fffff310
ffffe3a4
ffffd92d
00008520
00002860
00001a31
ffffd54f
00002747
fffff0e3
fffff5ee
00000e9e
fffffb8a
000014b6
fffffc4d
00002605
ffffffb9
000022c8
fffffcb9
ffffea6d
00002ccd
00001929
00002889
ffffb109
00001066
000006bb
ffffeb59
00004b98
00001f11
ffffdf91
00002280
ffffd565
ffffd3a2
00000bea
00001063
00001d5e
00000ec6
00001918
00002053
fffff9af
00000988
fffffdf0
0000260a
000001e5
ffffe0e1
fffff793
000002b4
00003d5d
000003a5
ffffe8b1
fffffbd7
00001ead
ffffd09e
ffffef4c
00001226
00001fc4
fffffbba
00000537
fffff865
ffffedb4
ffffea29
ffffff5f
ffffe810
00001144
00000898
0000039e
ffffd959
ffffe634
ffffe93c
000023ea
00000c76
00001687
fffffa6b
00000a43
fffff7a8
fffffd99
fffffd3e
00000b0a
0000007f
fffffc76
ffffe2f8
fffff5bb
00000a74
ffffd763
0000131e
ffffed16
ffffee5f
fffff443
0000006d
00000cd5
00000bf3
00003303
00000bf1
000004bc
000007da
0000094f
fffffbf0
fffff0d6
fffffa1d
000013db
000003ea
00002d4a
00000006
000003cd
0000154f
000021a8
00001086
fffff0d7
ffffe8df
000013db
fffff12b
00001d32
ffffd0b0
0000000c
00003469
ffffe8d1
ffffc963
00000883
0000069e
fffff4e5
ffffbba2
ffffdc84
fffff038
ffffd8c3
ffffedde
000009c5
00000066
fffffd92
00000cb9
fffff708
fffff703
000007db
ffffbbfe
ffffe607
00003a97
ffffe341
ffffee4a
ffffd9b5
00001621
fffff77a
ffffff33
00000b64
00002aea
00001aec
ffffea38
ffffeee4
0000247e
ffffe3da
00002189
ffffd504
ffffebe6
ffffd80c
ffffccea
00002287
fffffb3e
ffffe38a
000002d0
00001b26
ffffffdb
0000048b
ffffec78
00000eba
ffffced4
00001eb0
ffffd369
ffffd927
fffff7d8
00001851
fffffc5f
000019a1
ffffe002
000007f8
fffff211
000028a9
00002b72
ffffd8d4
fffff8be
00004ab5
00000d9a
000003bf
ffffb9dc
00000ea1
ffffe3bd
ffffd935
fffff3cc
fffff8a6
ffffe4cd
00003aeb
fffff00e
000007d5
000032a6
00000843
000015db
00000db0
00005552
00002d6f
ffffe6d9
fffffa9b
00001efe
ffffed45
00000178
fffff648
0000065d
ffffcf54
fffff823
000005c3
000030df
ffffe95f
00000bbf
ffffdffa
fffffcd2
fffff134
00002295
00000da9
00001dd5
00000bd0
ffffe594
00004b35
fffffea7
ffffbba1
ffffe27d
00000ba5
fffff33a
fffffa12
0000093e
ffffd3d4
fffff2df
fffff499
0000254b
00001c72
fffff1e3
fffff82c
000035e9
0000184c
fffff4ac
fffffc10
0000279b
fffffb1c
fffff7fe
ffffe99e
00001d2f
ffffffc6
00001776
00001612
00000e27
fffff8dd
00000c85
00001a8b
ffffe81b
ffffcbd5
ffffe0dd
000013c0
0000027c
fffff1d9
ffffdee3
fffff95f
ffffebec
fffff3a7
ffffe124
000013ab
00000765
fffff9a2
ffffea3c
00000b39
000005e5
00003f42
fffffdb7
ffffcea2
ffffccea
ffffe7c9
fffff008
ffffde4c
000014d0
000032eb
00000dca
ffffed76
00003001
000010d8
00000867
000001b6
fffffefc
fffff9c9
fffff672
ffffd6c1
00000c62
ffffebea
ffffe730
000007be
fffffe2b
00000db1
ffffeafd
fffff8c9
00002f5f
000021cb
000030b4
00000ff8
ffffda4d
0000058d
00000560
fffff9cf
00000c2e
00000194
ffffd4c7
00000772
00000626
000008bf
00000ab7
00001bec
0000237a
00001b6a
ffffe932
fffffe53
000004a3
0000055c
ffffe995
000010af
ffffda6b
00000d40
ffffed00
00001314
ffffdba9
00002358
00000b39
ffffed62
00002411
fffff7a5
000003e8
ffffe014
ffffcf2b
00000873
ffffe3e7
00000daa
00003099
fffffb9c
fffff418
00001b57
ffffe41e
00001c20
fffff558
00000fd1
ffffed40
ffffd575
00001789
ffffe778
ffffec6e
00002a5b
00000b72
0000361e
00001bc9
fffffec0
fffff308
000002db
ffffd05f
fffff04e
00001958
ffffeed4
00000ebd
fffff815
ffffd18f
ffffdd1a
00000e86
fffffeca
fffffb17
00000a0f
00003214
00001390
00002340
00000ad1
ffffd3bf
000000c3
00002eae
fffff3b8
00002155
000025b1
00002b31
00000bee
ffffc19e
00000243
000006a3
fffff874
000004db
ffffda9b
fffff3b9
fffff8a7
ffffecde
fffff233
0000564d
000039d6
00000583
fffffcd3
00000d75
fffff3bd
000000fe
00001063
000025a3
fffff6a8
000001ef
fffff75f
000007a7
00000db5
ffffe070
ffffd238
ffffe582
fffffce3
fffff723
ffffe84e
ffffed2f
00000f5a
fffffec1
ffffee25
fffffa9d
fffff18b
fffff901
ffffc512
00002108
00002624
fffff2d2
ffffdba8
ffffefe6
000004e4
000016fd
ffffdde6
0000131b
fffff0a2
000008ce
00000954
0000277e
ffffdbac
000015ec
fffff6af
fffff43a
ffffff47
00000bf5
ffffda32
fffff51c
00001506
fffff925
ffffef73
ffffe28d
ffffe837
0000138c
ffffebd2
00001bdd
ffffde05
fffff3aa
0000270d
00002446
00001df7
ffffe0c8
00000af6
00000fbd
0000000a
000002fa
fffffe4e
00000ba6
00000b26
0000110e
fffff4f5
000008ff
00000657
ffffcf13
000006d4
ffffc75e
00001da8
fffff895
fffffe69
fffffc8a
000002e8
fffff68b
ffffdf4c
0000033c
00000899
ffffe7c5
0000324c
000000d0
00000f9b
0000305e
00001700
ffffd285
fffff710
ffffca37
fffffb81
fffff583
00001160
00001654
fffff558
00002650
00000a81
fffff9d0
000009c8
ffffe8e3
000010f4
0000059c
ffffbc57
ffffe8b0
00000f13
00000be3
0000134d
00000711
00000058
ffffca24
ffffe116
000000ae
ffffed70
00000f0a
ffffdcc2
00001479
00000f75
ffffee50
fffff7a0
ffffe8fb
0000045c
fffffa6e
00000c15
fffffd2c
fffff943
fffffd28
ffffe4c4
0000137c
fffff4f9
ffffffe2
fffffdf9
ffffec82
ffffd241
00000fa7
000005b5
000011c7
000002e3
ffffffb1
fffff4d9
fffff808
00002d1b
000000dc
fffffff2
0000043e
ffffffe8
000007ba
00001274
fffff162
00001cdd
0000108b
ffffd65d
0000158e
ffffee77
ffffe8de
fffff940
fffffafb
fffffd62
ffffd618
fffff724
000012d9
00000bbb
ffffe75f
ffffff3b
00001cf3
00001086
00001000
00000f1a
fffff57c
fffff0f4
00002071
00000bff
ffffeefa
0000125e
00001a78
00000522
00000135
000002dd
0000059a
000002e3
ffffe750
ffffeac1
fffff250
000012e7
ffffef06
fffff72b
fffff86e
00000387
ffffee84
000016bb
ffffdaa8
000004bb
000000a5
00000041
00003021
fffffd0b
00000c37
ffffd98b
ffffefad
00001b92
000012f0
00000550
fffffdb0
fffff0ba
00000522
fffff47e
00000ad1
ffffea1b
0000048b
fffffaf7
fffffc24
00000f96
fffff670
ffffff31
00000a6e
0000078d
fffffe36
fffff3ab
00001555
0000190e
00000474
fffff3c4
ffffe244
fffff0a8
00001c2c
fffff1e1
000005be
ffffdafc
0000162d
00000724
ffffe6a1
00001142
00001198
000008a3
00000b75
ffffe692
000001fa
ffffe64d
00000e7f
ffffdb76
000000c9
00001d4f
fffff3a0
ffffef6d
00001c76
000008dd
fffffd01
00000277
ffffd262
0000080a
fffffc66
00002cb9
00000bad
000018c2
00001a77
000000d2
ffffd2f1
000019c1
ffffed91
ffffd38a
ffffd2c6
0000229b
00000613
000015ea
ffffff68
00002294
00001a55
00001b8c
fffff041
000020cf
ffffcc8b
fffff188
00003602
00000e28
ffffe0a0
fffffd8a
00000758
00000552
00003453
ffffe6fb
ffffed49
0000019b
000015f2
00000359
ffffd5f5
000001a6
00001036
ffffe38d
ffffff38
ffffde22
00001776
00002e66
fffffc88
ffffc99b
ffffeeda
00000799
ffffe7bc
00001a79
ffffe9a3
fffff0ee
ffffef58
00000887
ffffe7f1
fffff389
00001edf
fffff35e
fffffdba
000004b6
ffffbd69
00000422
ffffc58d
fffff4e2
fffffbce
000004f8
fffff844
ffffff50
ffffe886
ffffe8a9
ffffd7bb
ffffd7c5
00001097
fffff5b2
00000751
fffff81e
fffffff9
ffffdd9b
ffffc9b1
0000084c
00000167
fffffc94
ffffc632
0000183d
ffffe572
ffffe4f6
00002705
fffff57c
fffffd11
ffffb154
000039fa
00002b14
ffffeca4
00000e17
ffffe4b4
00002185
ffffe7ba
ffffef21
00001405
0000038a
fffff6ac
00001a40
ffffe6ba
00000faa
00000ba0
ffffe531
00000679
00000429
fffffa12
00000311
00000c9b
fffffb5a
0000429f
fffff006
0000356d
00000c5a
ffffd1b0
ffffe11a
000033d6
00000c72
ffffc99c
00002000
fffff395
ffffedec
0000174c
00001f81
00001c81
00000181
ffffe838
0000084c
00001452
fffff475
ffffdad8
00000b32
ffffff7f
ffffea47
000003da
ffffcfaf
ffffcfc4
ffffebc3
000006d8
000018a5
00001876
000020e3
000013bd
ffffa39a
ffffded5
ffffe31e
0000013b
ffffe56c
00004995
000000f2
ffffc61c
0000148d
ffffe1fe
ffffeebe
ffffd781
00002f30
fffffb92
ffffdf42
fffffe95
00000285
ffffdd1d
fffffe3a
00001bdc
ffffe999
fffff1bf
00000100
fffffe3c
ffffd3b5
ffffe267
fffff4d1
0000128e
fffff82f
ffffda17
ffffdfd0
ffffe583
ffffee65
ffffebf3
000012fd
000013cb
00000b4a
000017c8
00003b1e
00003f81
00001c67
fffffa98
ffffe4b5
fffffe5d
000008c7
00004723
00000670
fffff6e7
fffff29a
ffffdfcc
fffff981
ffffdffe
000030cf
ffffea0a
00000c41
ffffecb7
00004289
fffffa53
000023e7
00000434
00002d67
ffffec75
000018eb
000028e6
fffff383
00004337
fffff58a
fffff1c1
ffffd50b
00001fb1
fffff0e0
ffffd816
ffffc0d3
00000789
00001d23
000007de
ffffdb6d
00000ee5
00001103
00001c26
00000d56
00001e44
00002c7c
ffffd517
fffff47c
ffffe36f
00004fc5
00002e32
00003764
000008a5
0000207e
000029e1
00001032
fffffde7
fffff154
00000ce5
000002bc
fffffe10
fffffc02
00002179
000001a9
ffffe340
00001b5c
ffffdcb8
ffffdf57
000007a4
fffff798
fffff4bd
00001f8d
00001e00
ffffeaaa
00000c44
00000db5
000017f8
fffff055
00001910
ffffc725
00002656
ffffd405
ffffcc92
000031c3
00000dd0
ffffa630
ffffda76
fffff40e
fffff84c
00000650
ffffeee2
0000035c
00002a60
ffffffe6
ffffef97
fffff167
ffffee56
fffffde9
fffff68d
ffffef5d
ffffc9b4
fffff91a
00000b65
ffffc5fc
00000e35
00002569
ffffff94
fffffc5c
00002c56
ffffed47
ffffef1a
0000226a
00001790
00000335
ffffd0e2
ffffecb4
fffff9d7
00000d97
ffffedb4
ffffdd56
ffffcb61
00000120
ffffd80a
0000107d
ffffe989
0000175d
ffffd5c0
000001ad
00001aec
00003a88
00002b8e
00000e23
0000059e
000006d6
000008c9
00002e9b
00000674
00000e6c
fffff974
00000bcd
00002145
00000df4
000000f8
00000f76
ffffd7ac
ffffd178
0000187a
00002189
fffffa6c
ffffedc1
00001be5
00000c8b
00001298
ffffe26e
00002001
fffff566
fffff992
0000049a
00000618
ffffb2c4
00000338
ffffff75
00000eb2
ffffeba8
ffffd633
00005c78
000016ca
ffffde06
0000260e
ffffddc0
ffffe85c
00002051
ffffd042
00001137
fffff535
000001d4
00002c5b
0000182a
00000fa2
ffffccf8
ffffdd00
00001042
ffffd443
ffffe4d7
000012c9
ffffe3de
ffffd7c8
00003408
fffff264
000012cc
ffffd513
00000009
ffffd782
00000fda
fffff137
000008f3
ffffd4fc
ffffde22
fffff2f9
0000089f
00000197
000021ea
ffffd822
ffffb1f4
00001288
fffff4d7
ffffc761
ffffe8d7
fffffb8d
000008fa
fffffb04
fffff69e
fffffc83
ffffe5ca
ffffff79
000012ac
ffffeeb5
fffffcd0
00000004
ffffe9c1
00001dba
0000066d
00000b98
00002e48
ffffcf07
fffffce8
00000c18
ffffe8fa
fffff67f
00002f0b
ffffec2e
000027b7
ffffe469
000009d1
0000213c
ffffdf31
0000211e
ffffe33e
000022c7
0000186f
000056d5
00002a9f
fffffea3
000011f2
00000276
ffffeb5f
ffffee90
000032eb
00000a51
00002c35
00000647
00000585
00000204
fffffd6f
00004308
ffffe869
ffffed8c
00000a09
000020b5
fffffa50
fffff52d
00001550
ffffd5f6
0000178b
00000e21
fffffbf1
000004a9
00002399
fffff33d
ffffe0b2
fffff8b4
fffff8dc
00000262
00004e9f
00002dc7
ffffef63
000019f4
ffffcf73
fffffa40
00002a25
00001c29
00000467
ffffe280
ffffe29e
000016bd
ffffe94f
000004a1
fffff7b9
ffffeba7
fffff16e
00001689
00002cad
ffffe2d3
ffffef07
fffff1df
00000980
fffff37a
ffffe959
00002834
0000025b
00000ecf
ffffe09a
00000c74
000007e6
fffffd90
00000ef8
000011dc
fffffd2e
fffffe8c
fffffec8
00000ef4
ffffdef5
0000024a
000008a5
ffffc516
00000350
00000fe5
00000499
00001fef
fffff4bb
00001a3a
000002b9
000008a6
00000c51
0000038f
ffffed86
0000060a
fffffc1a
fffffcd7
fffffc9e
00000528
fffff744
ffffe643
ffffddd0
ffffe671
00000a66
00000e7d
ffffe963
ffffd00f
fffffba9
fffff273
fffff0b3
fffffbed
00000e9a
00000767
00001fb7
00000cef
00001262
ffffe355
00000ceb
ffffcdfe
0000092a
fffff50a
ffffed9c
0000057b
00001511
00001977
00001e1e
fffff88e
fffffcc3
00000399
ffffea3c
0000207c
ffffdcb5
00001108
fffffbc2
fffffafe
0000032e
fffff653
fffff6ad
fffffe4f
fffff1cb
fffffab6
000023ef
ffffd35e
00001848
000021dc
ffffef1c
fffff25f
fffffc33
fffff4c9
ffffe555
ffffed23
ffffe54a
ffffdb2a
00002ccb
fffff4a7
ffffc9a7
ffffee95
ffffed82
ffffeaaf
00000002
0000012c
00002efd
0000183f
00000783
fffffd91
00001f41
00000563
000003d4
0000037a
fffffc3b
fffff71e
ffffd28c
00001249
fffffb04
00000158
fffff71a
ffffeb94
ffffed69
ffffeb2d
00000083
00000d0d
00001d0c
0000105a
ffffe1ef
00000e4f
00000cdb
0000250c
fffff2d3
00000233
fffff3de
ffffe81f
00000cf8
ffffe2e3
ffffc5be
000037e8
00001949
00002703
000002c6
fffff1bf
00001183
ffffef4b
fffffcb7
00000aaa
00002da2
00000f40
fffff64d
00000685
ffffed85
ffffecf8
fffffd28
000029e1
0000007d
000015ff
ffffd183
fffff5d6
ffffeb8e
ffffe6c2
00000554
fffff07d
00001a6c
ffffe622
ffffe691
ffffde54
00001a15
fffffb9a
ffffea90
ffffee41
00000669
ffffd6ad
00001865
000015d0
00002840
ffffeee6
fffff0d9
00000e20
000012aa
ffffe624
00000f5f
00001ed7
ffffdf42
00000ded
00000876
00001834
ffffff75
00000094
fffffb9c
fffff1e9
ffffdd3d
ffffedf5
ffffea15
fffff954
00002c7f
fffff92e
fffffea1
0000224a
00000751
00000d27
00001fc9
ffffe351
00000e8b
ffffe365
fffff4b5
000006df
ffffff16
00000b1a
00000850
00000a0f
ffffeabb
00000a3a
fffff49b
0000116b
00000342
fffff639
00000cf9
fffffaa4
fffff68f
00000601
00000fd9
ffffdd37
fffff749
ffffebed
ffffd848
fffffd6f
ffffe1ab
00000683
00000daa
fffff0ad
ffffeb67
00000d38
fffff8a2
000014d2
000010f5
00000a3f
ffffeb43
0000144a
00000771
ffffe24b
00000987
fffffa32
00001271
ffffe209
ffffeec7
fffff28c
fffff502
ffffdd82
00001fed
ffffdcfe
00000f07
00002947
fffffb17
00000d87
fffff3e7
ffffee47
00000a1d
00002b4b
fffffae6
fffffea8
00000494
00000e12
00003763
ffffe874
ffffeeb3
ffffefd1
000010e1
ffffda4d
fffff650
ffffed4d
fffff793
0000009f
0000076b
00001163
000023cc
00000023
ffffe5cd
00000052
fffff692
ffffdfd1
fffffe02
ffffe697
fffff3e8
0000041d
00000072
0000184e
fffff1c0
fffff78e
00001964
ffffff39
0000180b
000012a8
ffffe7b4
00000f54
fffff55b
00001a1c
fffff28d
00000093
0000006d
ffffdb4a
00000ed4
fffff47a
fffff6ad
ffffcc0e
ffffee84
ffffefd5
ffffe773
00001a30
00000688
fffff86d
000016f2
00002f57
fffffc80
ffffe79b
000027b0
ffffe4e3
0000562c
00001657
ffffd406
ffffdcef
000008be
00000efd
0000161e
00000833
fffff083
ffffec02
0000155a
000009c0
00000403
00001113
fffff8de
0000008e
00001989
00000b70
0000161c
ffffeec2
0000137e
000004ab
fffffca8
ffffed1b
00002558
ffffcbf0
00002263
00000545
ffffdf72
ffffaf53
fffff90f
00001393
00000668
00001dcb
0000032a
ffffed83
fffffad4
0000157c
0000127f
00000726
000001e6
00000e5c
00000d45
fffff76f
0000085a
000003bd
ffffe88e
ffffe3e5
fffffc28
ffffffe9
ffffe8f2
000016c8
ffff952e
ffffd2b8
00000c02
ffffebe0
00000f63
fffff512
000018e2
ffffea4e
fffff077
ffffe668
ffffe135
000007e5
ffffe4c4
ffffe941
ffffe219
fffff6a5
00000a43
ffffffa0
000005c9
0000068f
00005264
fffffeaa
00001f1f
ffffbd39
000007e6
000010b5
00000dec
ffffecfa
00000a2d
000013f9
00003628
fffff7e4
0000046f
ffffecde
ffffdd17
ffffe759
00000a21
ffffef87
fffff936
00001a7e
00001979
ffffd44d
00000ab1
ffffeb22
ffffffef
0000050f
00000392
ffffe673
fffff485
00001430
ffffc382
fffffa30
fffffd6f
0000008d
00000476
ffffe022
00002835
0000048a
000005e3
ffffdfeb
00001112
ffffe13a
0000018b
000003b2
00001db9
000005c4
00002dd2
fffffb65
00001950
fffff9fa
000001d8
ffffd2ba
ffffbc4d
ffffe9c8
00001e1a
ffffe531
0000152e
000015d1
00000a9b
fffff8c2
00001362
fffff394
00000cae
fffffe69
00003b85
fffff791
00001c78
00000866
00002832
000006aa
000004a5
fffff4cd
00000ecc
ffffe800
ffffc5cb
00000cfa
00000298
fffffdd6
00000c0e
ffffe3fb
ffffec51
0000022f
00000763
00000b20
fffff06c
0000063c
fffffd95
fffff9ca
ffffecb7
fffff2b7
fffffa5d
000012ac
fffff21d
00001575
fffffd92
ffffef87
ffffda1f
fffff813
fffffbe6
fffff913
000021dc
00001300
00000d7f
fffff33b
00000204
000000c2
ffffff3f
fffffa90
00001bcf
fffff2f3
fffffac5
fffffd65
ffffdea3
ffffefe1
000005c7
000002cb
00001297
fffff3ed
000000af
fffff6c5
ffffef32
ffffefa6
00001a6a
000000ec
00000279
ffffeed9
000008e6
000001a4
00000ad3
000000ea
00000f41
000009b0
ffffe94e
00000084
00000041
fffff2d2
fffff0f6
fffffda9
00000c60
00000ff4
fffff79d
0000028f
00001315
000005b6
fffff76b
fffff544
00000a01
00000b33
00001230
00000284
ffffeebb
000009b4
fffff2b0
fffff8bb
00000211
000000c7
fffff120
0000015c
fffff6cc
000004cb
000017c1
ffffff27
ffffd8fa
00000c2c
fffff685
fffff89f
fffffa3c
ffffee03
00000d24
fffff80e
fffff757
fffff7a4
ffffe738
0000104a
00001720
fffffa4d
ffffeb9d
fffff3f0
fffffef4
fffffafd
0000016f
0000072f
fffff996
00000c91
ffffee2b
00000197
fffff3c8
fffff516
fffffdf1
fffff23f
ffffee0f
0000097f
00001148
0000114f
00001de2
fffffb10
00001cd5
0000022a
fffffb71
ffffe689
00000cd2
00000090
000005af
000008ad
00001e7d
000005d4
fffffab1
00000c70
00000bb0
00000921
fffffb4b
00000ad8
ffffef1d
0000102e
00000309
0000015e
fffff690
00000fed
fffffb95
00000bdc
000005a3
00001a6c
00001664
fffff4dd
fffff8c4
00000f66
fffffa33
00003b15
00001f63
0000059a
ffffc0f9
000003f2
fffff074
000007aa
00004970
0000113d
fffffbb6
ffffea25
0000082b
000021bc
ffffe095
ffffe846
000022a6
fffff72e
00002903
0000004c
00001dc4
000016ec
ffffe53b
ffffd970
ffffff7e
fffff582
00002380
fffffc4c
ffffe3de
00000954
00000320
000008d2
000042cf
ffffd327
ffffed72
ffffc9ca
00001355
ffffac58
00000b61
000020a4
ffffc3ef
000003d9
00000d45
fffff114
ffffd3f4
00000414
000009db
fffff62c
000008d6
ffffdbdf
00001e8b
00000c0d
0000347f
fffff862
0000015f
fffff8b9
ffffe6cc
fffff66d
00001477
00001196
fffff317
00000350
000000c5
00000eed
00003d07
fffff664
000001f5
00005209
000009ff
000004dd
ffffee5e
00000209
ffffd713
fffffc7a
ffffe800
ffffdf73
0000021d
00000728
ffffe609
fffffe79
00001ab1
00001bdb
00003100
00001603
0000221b
ffffecb9
ffffd914
ffffee3b
ffffe31d
0000316e
00001645
ffffff51
ffffd96f
ffffdb7d
000041f0
ffffe827
ffffe5b4
00000532
0000031d
00000165
ffffd1d2
fffffef9
fffffc94
000012bb
fffff7fc
00000ec8
000022a2
00000edd
00000a03
fffffa34
000042d7
00000c5c
ffffe17a
000027ae
ffffe1e1
00001266
ffffea47
fffff645
ffffe237
fffffca2
00000ee3
00003182
000007c2
00000060
00001a7c
00001bd3
00001ecf
00000d1a
000006fc
fffff1dc
00000070
ffffffc2
00002590
fffff778
ffffca36
ffffebea
fffffd74
00002d2e
ffffe114
ffffe42c
fffff3c1
ffffed39
fffff137
fffff52b
fffff057
00001814
0000144b
fffff641
ffffd670
000022f7
ffffed99
00001e4d
ffffcbe5
00000971
00001e6e
00001edf
000004d1
ffffee96
00000a26
000017dc
0000109c
0000006e
fffff3da
fffffec1
000002b3
00001178
00003094
000002c1
fffffbd5
ffffeb27
00001030
fffff0fe
000010fd
00000359
00000f94
ffffe648
ffffe7fa
00000513
0000257e
ffffff0f
ffffd562
00002326
fffff5de
000015c2
000013e5
0000030d
ffffe35c
ffffedbb
0000018f
000042f7
ffffffa9
ffffc2c7
fffff366
00000239
ffffe03c
000000ec
00000169
0000124a
fffffe5f
fffff72b
00000b64
00000180
fffffe13
fffffefa
00000f18
000032ff
00001ac2
fffff5ce
0000103f
ffffeb17
fffff40d
000019aa
000009c2
ffffda7f
ffffec83
ffffde41
fffff050
ffffea7c
ffffd9a7
ffffe76f
000005c9
ffffe35b
fffffd4a
00000757
00000267
ffffc6f7
000002f9
00002708
fffffcae
000035b8
00002c5d
ffffe587
ffffc4ae
000031c1
fffff246
00000d92
ffffec7e
ffffdc28
000003e1
000021bd
000018af
00000605
00002018
00000a1c
fffffb6f
00000a98
00000537
000042f4
000015d1
00002894
ffffeace
fffff7de
00002de1
ffffe254
fffffc5e
fffffa69
000015f5
00000ccc
ffffeeb7
ffffe197
fffff2c0
00001bb5
000017d1
fffff1d7
ffffebac
fffff6e3
fffff594
ffffe66c
00001aa9
ffffe10e
fffffdbe
ffffd858
ffffe82b
00001085
fffff19e
0000203b
00000780
ffffd613
fffff88e
ffffb916
0000105b
00000765
ffffd02b
000005c3
fffff179
00001520
00003f3a
ffffdadd
ffffd46b
00001b55
ffffea2c
00000ffb
00002713
ffffd871
fffff508
000014a3
000004c3
00000dcb
ffffe873
fffffbf4
fffff8b0
000010f2
fffff74c
fffff394
0000096a
000026ca
fffff98f
ffffdaeb
fffff08d
000011a9
000031a0
0000094a
000000e8
fffffc9a
fffffed8
00000769
fffffed7
00001b2c
00000503
00000202
00000d3c
000003f7
ffffff7d
fffffc74
fffff465
fffff345
00000c5d
ffffed31
00001384
fffffb09
fffff808
000003e5
0000252a
0000049f
0000084d
fffff823
00000e1a
fffff743
00002eea
ffffdfef
0000150f
000011cb
ffffe879
ffffe766
fffff51e
00000c88
ffffe157
fffffee5
00000033
fffff03a
ffffcfab
000002c1
ffffe6d6
ffffda39
ffffe030
fffff7c0
00000049
ffffe780
00000cca
000000d0
fffff032
0000074c
ffffef12
00000d06
0000050a
fffff9f4
fffff0d2
ffffeccf
00000ef4
000007cc
ffffe401
ffffffa0
00000145
fffff420
fffffabb
fffff43c
000002c7
fffff4ff
fffffa50
fffff986
0000045b
ffffee98
fffff668
ffffe905
fffff990
fffffad8
000007d8
ffffef7b
00000a6b
00000a7c
0000115a
00000237
fffff71b
fffffdc9
000004f8
fffff1cd
fffff8ec
fffff28a
ffffed86
000000c2
ffffee20
fffff921
fffff01d
fffff865
fffff2d5
000013b6
00000c23
0000218d
0000066d
ffffee38
ffffe017
fffff7cf
ffffec3a
fffffba7
fffff2e2
0000088e
00000978
00000148
ffffe744
fffffa32
ffffe50d
fffff0bb
000018a4
ffffff90
ffffde8e
ffffeadf
00002e54
000006b4
000021bb
000006c7
ffffefe9
00002813
00002201
fffff9f4
000004f3
0000023f
00000cbb
ffffe560
00000344
ffffdefe
000001de
00002b01
fffff1f4
fffff557
fffffb55
00000282
000005a5
ffffed7b
00001dd9
00000f79
00001288
000008a1
ffffffd8
ffffe6ca
0000064e
fffff519
ffffff67
fffffff3
00000408
fffff681
ffffffd3
000005f9
fffffd92
fffff13b
fffff692
0000169a
ffffdafa
000012ae
00001109
00002c37
000004b8
00003a36
ffffe004
ffffe4f1
ffffda41
fffff371
ffffeb1d
0000086c
00000840
ffffe74c
fffff156
ffffef27
ffffefea
00000e2f
000009f3
ffffe49f
ffffc708
00003678
ffffda65
ffffd4d4
000017da
ffffc571
ffffef4e
fffff943
ffffea71
fffffe41
ffffed24
00001338
ffffffb2
00000239
ffffcbf1
ffffe2bf
ffffe306
000029f1
00000f6a
ffffd8fd
000022cd
000022dd
00001dd9
00000c5d
000000bd
000020f7
000006c4
000007d0
ffffdf32
0000064a
ffffed73
fffff6c4
00000c6f
ffffea9a
fffffc3b
ffffe04a
ffffdbe1
00001042
00000eb5
fffff7eb
ffffec1f
fffff6f4
0000043c
00003116
ffffd847
fffffbdf
ffffbde5
000018ba
ffffe44c
0000184a
ffffebaa
fffffbbd
ffffeb5e
ffffff4e
ffffebc8
ffffe46a
000011d5
ffffee4a
00000164
fffff545
000003cf
fffff9de
ffffe334
ffffff46
ffffd7a0
fffff8c2
fffffb00
ffffe72a
fffffe7a
ffffe6ce
000009bb
ffffea9f
ffffe73b
fffff7f2
fffff170
ffffeb67
000000b0
fffffbe1
ffffe9d7
00000181
fffffbfa
ffffec8e
ffffecd8
fffff6e8
ffffd82c
0000036e
fffff8c8
00000c16
00000084
fffff98d
00000068
00001d23
00000262
fffff820
fffff52c
00000cdc
00000315
00004136
ffffe7a5
ffffee62
ffffea71
00000bc5
000001e6
00001501
ffffdf32
000004c6
00000c8c
fffffa27
fffff656
ffffe0af
fffffc3f
ffffcdaa
ffffedc7
00001445
ffffe7e3
fffffc6d
ffffdf1c
ffffc506
00000b6d
000016e3
ffffefd8
000033ec
00000e5b
ffffea03
ffffe5ae
00000dd4
fffff82a
0000183d
00000a9c
00001e98
00002e19
ffffeaf7
fffff56f
ffffeb32
000005c7
00000f66
00001d80
00001103
fffff56e
000006d4
fffff751
fffff84a
000009ef
00000e9d
ffffff10
0000133f
00002af4
0000070f
000040ee
ffffd6e0
fffffd71
ffffe766
00000521
00002fdc
ffffe57f
fffff183
00000568
fffff38b
00001401
ffffe268
ffffee3d
fffff96a
000005fa
00002a1f
ffffe7c6
ffffde69
fffff263
fffff4da
fffff96a
00000043
ffffd13b
00000110
fffff517
00002329
000007bd
ffffe744
000000b4
fffffd84
fffff76b
000008d9
ffffe984
000006a5
00000736
fffff054
00002648
00000c89
000013cf
fffffe3b
0000158c
000033f9
00000c17
000005f6
00002948
00000fc1
fffffc3c
000011dd
000002f2
fffffa63
00000202
000032eb
000012b8
000012ff
fffff948
fffffa7c
00000947
fffff057
0000025c
0000258b
0000275b
000009b9
000016cd
fffff1f6
0000154c
ffffeea0
00001601
fffff697
00000698
fffffb1a
000017c1
00002105
ffffff76
000011c8
00000af1
00000881
fffff609
000015f3
ffffe489
fffff623
00000cab
fffffab8
ffffd2fc
fffff727
00001c7e
00001d77
fffff72f
0000303f
ffffce30
00001f5b
000008bc
ffffeffe
ffffff06
00003452
fffff48e
00001dca
fffffdb7
fffff410
00000da6
00001b81
ffffcbb6
000015a5
000003b2
fffffd80
000020ba
fffff35d
00000525
fffff9e5
ffffd3ed
fffff423
000023ae
00001a57
ffffff87
00002e3c
00000a71
00000606
ffffff10
fffffe80
000006d7
ffffdb60
00001949
fffff634
00000892
00001639
fffffa77
00001819
0000345f
00003855
00000e2a
000044bb
ffffd255
fffffaba
ffffdc58
ffffe098
fffff4b2
0000218d
00002bcf
ffffd959
000005f9
fffff2d2
ffffe54a
fffff943
000003f3
ffffc66c
ffffebe1
0000116a
00001858
ffffef4f
ffffd09f
ffffb9fb
ffffeaab
ffffcc8d
00001295
00002c2f
ffffe91f
00000fad
000005af
00002ffe
fffffd26
ffffe729
fffff56a
ffffd186
00001e3c
00003505
ffffef92
ffffdf0b
00001e90
ffffe910
fffffbe3
ffffcd04
00000ff9
00002fe5
ffffebb2
ffffec00
0000579e
fffff113
ffffe77c
00000f2c
000019e5
0000026b
00000d20
fffff49b
00004735
fffff014
0000368d
00001054
00001632
00000e06
ffffeb29
ffffd746
00002127
00001500
0000030f
ffffcd95
00000a37
00002c24
00000d6b
0000146b
00000dd0
fffff77f
ffffe393
000005c0
000012cc
000002af
ffffcc86
00001173
00003174
ffffc4dc
00000753
ffffdb0d
0000110b
00000fc8
ffffe194
ffffdef4
00000bf6
00000248
0000009c
00002a40
ffffe818
0000174a
ffffc72e
fffffd89
000034a3
00000917
ffffda32
ffffc286
ffffe826
fffffc4f
fffffdaf
ffffda54
ffffc356
ffffcce2
ffffe998
ffffe893
000004c2
ffffbcef
ffffd2bb
fffff42f
fffffcb0
ffffc6d2
00000d6b
000026bd
000017bf
00004364
ffffb68b
000029f8
ffffd208
000032f7
000009bc
fffff053
00003a3d
00001a00
00002113
ffffe5c4
00000afd
ffffe577
fffff454
00000a61
ffffaa6f
fffff820
ffffedcd
ffffb1c9
00003075
00001717
ffffe6f5
00000eee
000008a8
00000f87
ffffe773
fffff379
00000b9a
ffffdab5
0000108c
ffffe837
fffff4a2
ffffd065
00000ec1
ffffec9b
ffffe5f2
0000149d
ffffde6e
ffffc532
fffff510
ffffdefc
00000117
00002a09
00001303
0000108e
ffffef1f
000003ea
fffff033
000025cb
00001597
ffffff11
00001b86
fffff872
0000354c
ffffe888
00002783
00000bfb
fffffb59
0000198d
fffff536
ffffeca3
0000047c
0000207b
00001f7c
00003856
000015f0
fffff3f4
fffffbe4
ffffd4ac
fffff12c
fffff8de
ffffd8c6
00001d6d
00000af3
fffff91b
000025f1
00000f93
fffffc50
fffffdc3
0000142d
00000844
fffff3b5
fffffb14
ffffe6cc
00001244
fffffcbc
fffffee4
0000073d
fffffd92
fffffe0b
fffff647
00000645
ffffd771
fffffc96
00001708
fffff198
000027bd
0000085e
00000579
0000133f
ffffc6f3
fffff8dd
ffffed8e
ffffee42
00000663
00002238
00003671
000007ae
00000ada
ffffe6a3
000006e9
ffffdd7e
fffffea9
000012b5
ffffd54d
00000601
ffffec9f
ffffffb2
00003c96
ffffe9f4
fffff829
00001383
000009cf
ffffe243
fffffee0
ffffeee0
ffffcc79
00000fde
fffffd10
fffffedb
fffffd6e
00002078
000011b5
000010f7
ffffb531
00000e37
fffffb57
ffffeb06
ffffee50
fffffb2e
00001f8f
ffffdacb
00001fc2
00000ac9
ffffe394
ffffd09b
fffff363
00003916
ffffe3c9
000018b0
00000c95
00002578
00001793
000032c6
000009fe
fffffe70
ffffe7ae
000000cb
00000b27
fffff884
000016a0
00000adc
00000740
fffff139
00001a08
000000ed
ffffd107
00001746
00001975
ffffec2b
ffffdd0d
fffff574
00001b49
fffff815
ffffc964
fffffda1
ffffd6c9
00000f56
fffff69b
000013d4
00000f6e
000017d3
fffff37e
ffffe72e
0000139b
00002d14
fffff1fc
000007f7
000001b9
fffff879
000021ce
000016b2
00000476
00002743
ffffd839
00000ea3
ffffe041
fffff2ef
00004815
00001194
ffffd8af
ffffd83f
00001bc8
fffff2c2
fffffb3e
000000ca
ffffd71c
00000076
00000830
ffffd817
000026c1
00000dd9
fffff93c
fffff4db
000006e0
000016a2
00000906
ffffc4fb
ffffe593
fffffa3c
ffffed7a
fffffdd7
fffffb39
0000061e
00000cfd
ffffee64
000010d1
fffff167
00003765
0000159b
ffffbe2f
0000238f
ffffdeff
0000042f
00003956
ffffe1de
ffffe4be
ffffb411
ffffdbf5
ffffe6a4
00000372
ffffe96e
000016c2
00000214
ffffd477
000010d9
ffffef7d
ffffed4d
ffffd041
fffff4b5
ffffe377
000009fc
ffffffe6
00001489
00002ba5
ffffea81
ffffd8d5
ffffee78
00000e90
fffff20c
0000177e
fffff151
ffffff25
00001cb7
00000afd
00001db6
00001255
00001727
00002822
00000d8b
ffffdbe1
ffffec35
00000c86
ffffdccc
000015a2
ffffdd04
ffffe90b
000056c4
000017fe
000025ff
0000089b
0000247d
00002a16
fffffca0
fffff94a
00000430
00000408
00000dfc
ffffffbc
fffff7da
000032a2
fffff7c6
fffff8cb
fffff157
00000552
0000089a
ffffd61c
fffffa66
ffffe7c9
ffffd0eb
ffffc172
00002a97
000013e5
000013b5
fffffd7f
ffffef9a
00000ffc
00001544
00000547
00000c41
00001dd0
ffffe4a0
ffffd3b9
ffffe369
fffff671
00001751
000004b8
00001ab7
000001a1
00000718
ffffdf3e
000013a8
00000198
ffffedc3
ffffdf2d
ffffb9df
00001cd6
ffffee16
fffffd96
00002ffb
00000608
ffffe6c8
ffffe941
fffffb29
fffffe2c
00000aef
ffffdaa6
00001fb4
ffffeaf9
00001c7f
000004ee
ffffff4e
ffffd680
ffffd703
00000f75
ffffd244
000006e2
00000755
fffff629
00000d15
000005ab
ffffe109
ffffed80
fffffe7b
fffff78a
000021a8
00000025
ffffb9ca
00000f7a
ffffb05e
ffffeb17
ffffb181
0000210b
ffffe768
000016fc
000019c1
fffff2a2
fffffe34
ffffd998
0000156a
0000335a
00000f56
ffffe98c
00002052
ffffe9c1
ffffef38
fffffc95
000011ff
000010f8
00000864
fffffcf9
00003e99
ffffe0d9
ffffbc8b
00001c89
fffffc72
fffff8f5
00000d5d
0000087a
000001d3
ffffe917
000026bc
ffffed40
000011d7
000013c6
ffffeebc
00000347
00001191
000001f3
000002d9
ffffbba2
000002f0
000012e8
00000ef6
ffffed2c
ffffdc44
000000c0
ffffe46a
fffffc0a
00004716
ffffcbb4
0000034b
00002538
fffff4a5
ffffec01
ffffb8f3
fffffd9f
fffffbd8
00001715
fffff741
00002713
000003e4
ffffec38
ffffc66e
000015d5
00000899
ffffea72
000003a1
000002f2
ffffd7f6
fffffc52
00000898
ffffffd0
0000045d
00001b22
00001213
00004d60
00002174
fffffdae
00002069
fffffa83
ffffe8d6
0000339e
fffff795
00000e8d
000003cb
00002231
00002e9c
ffffebd5
00001e75
ffffbebf
00001231
ffffd058
00003513
ffffeaa6
0000037f
00000379
00000cf7
0000143f
ffffcbc6
ffffdf05
ffffe36f
ffffd206
0000256e
00000723
00006248
ffffd7fd
ffffe4ab
0000206f
ffffee16
00001a5a
00000fbe
ffffe921
ffffedf4
00004084
fffff1c6
00002d0f
fffffa9a
00000f09
000009c0
00004860
00001d8a
fffffe0f
ffffea2c
00000034
fffff461
ffffe843
000003b7
fffff0ba
fffff464
00000e25
000019e4
000008cf
00000c67
00000b66
ffffcd47
ffffe5bf
ffffe979
00002145
ffffc553
fffffdf0
000011ed
00003555
00000e91
ffffe3f5
00001b1d
00001cf8
fffff609
00001a55
000019f9
ffffd9c7
ffffeacd
ffffe586
00000b95
00000100
fffff535
00001d52
000011a1
0000217a
0000263c
00003bbf
fffff885
ffffe22b
00001afa
ffffb9bf
ffffca4d
00001461
00000408
fffff54f
0000282f
ffffdfd7
ffffe487
ffffea00
000012f0
00002234
ffffe512
000010a6
000015a8
00001f25
ffffed11
00001ea2
00002274
fffff753
fffff9ff
00000e1b
00000725
00000eea
00000e77
ffffe9ac
0000279c
00000903
ffffe4bd
00002353
ffffec06
ffffe813
0000164e
00000820
ffffe579
fffff693
fffff2d2
ffffc5ba
000039ca
000016dd
00001790
00002aea
00000691
00000f37
fffff3ff
00000a07
00001325
ffffe6ef
00001148
ffffb7d8
000019cb
fffff516
ffffe71a
0000190d
0000196d
ffffec62
fffffbe8
ffffe788
fffff69e
00002fd6
ffffe977
fffff850
00000e5b
00002836
fffff0ba
0000133b
00000a77
00003168
fffffe3e
ffffc9bf
000005dc
ffffe2c3
000006d7
ffffddc1
fffff565
ffffe402
00001339
00000231
00000b56
000029c2
000012fe
fffffc95
0000111c
00002105
00003aa9
0000283d
000039ea
ffffb7c8
fffffcae
ffffc9b0
000007fc
fffff334
ffffe662
00003319
ffffbd74
00003130
ffffd348
00000cb9
00000f22
00002822
000015ee
0000096f
ffffcc40
fffff0b4
00003714
fffff895
ffffca91
ffffeb09
00002036
00001154
00002675
ffffed30
ffffd80c
0000172f
00000593
0000067d
ffffe0b9
ffffd782
ffffccec
ffffe1e3
ffffd934
00004172
fffff492
ffffebe3
000033a1
ffffe721
00001970
ffffed6c
ffffff7b
ffffdcdc
fffff432
fffffdc8
000014e8
0000022b
00001048
00000e1f
00000e4d
00000f85
00001fcc
000003aa
ffffec17
fffff4ad
fffff219
00001a8f
fffffb64
000009ee
fffffb5f
00000329
00000658
00000ae0
fffff961
00000f77
ffffff26
000007bc
fffffae0
000003fc
00001288
000000e1
00000203
00000250
000008cf
fffff70f
fffffe91
ffffef4d
00000652
0000085b
fffffc20
ffffe765
ffffe8a5
fffffbd7
00000b22
fffff02a
ffffee00
fffff392
ffffdc29
fffffe3e
000008fb
00000a2f
0000054d
000005ec
000004fd
00000744
00002047
fffffaf4
00000c43
00000982
ffffec66
000007a3
000014da
00001127
ffffe55f
0000127c
00000459
fffffa4a
00001503
fffffe33
fffffd81
00000674
00000797
fffff2da
00000006
fffff82d
ffffc8f5
000001fd
00000c02
00001363
00000248
00000f1e
fffffd73
00000c2d
0000090c
fffffc3d
ffffff22
00001a0c
0000060f
fffff8fe
ffffe337
fffffd40
000001d4
00001715
0000025d
fffff57a
00001518
fffff7af
fffffefe
fffff37b
00000ede
fffffccf
ffffff14
000035b8
fffffe05
ffffff51
ffffec36
000006cd
00001768
00001160
00000f90
fffffa61
00000599
000006e5
000002b5
00001027
fffff982
fffff6c5
ffffdf9e
00000ede
fffff719
000009f2
00000264
00000647
000009ed
00000c9c
ffffeda0
000003c8
ffffffff
fffffa72
0000040d
00000dfc
ffffe3f5
fffff849
0000190a
000011d1
00000950
0000013e
000003b3
fffff881
000005d3
00002290
fffff625
fffffbc1
ffffe6fa
00000519
fffff6ca
00000627
00001332
00000bf4
00000ba8
000005ff
ffffcfc8
00003495
000021a3
00001f3d
ffffdb20
fffffdcc
ffffe11f
fffff749
fffffde8
ffffee68
00001908
00000a71
000001b6
ffffe7b0
ffffe74d
00001281
fffff88d
00001acc
00003866
00000dc4
ffffdd45
000025dc
fffff077
00001990
00000444
00000ab5
000019a0
fffffcba
000024cf
fffff6ca
0000101d
00001fad
00000a4f
000017d1
fffff53e
0000187d
000022f7
fffff421
000001cd
00002720
00001267
00001fb0
ffffe34c
000025d6
00000c3b
fffff71d
00000e25
00001db5
000018ad
000011e5
ffffd8cc
fffffd65
00000634
00000070
ffffe857
000007c8
00001baf
00001f03
000050dd
00000191
fffffd40
ffffe3af
000005d9
ffffd777
0000071f
00000628
fffff12f
fffff9cb
ffffd934
000039e5
fffff13c
00003829
fffff581
00000b87
00000114
00001ee6
fffffdbe
ffffdb10
00002aed
000002b4
00001d02
0000062e
000024f8
000016c4
00001f27
00001b4d
ffffffc8
ffffc4fe
fffff28b
fffff0ba
ffffe298
ffffe6de
000043b7
00001a78
00000031
ffffedee
ffffef18
00001806
fffff09d
00003f7e
000049ea
fffff113
ffffc279
00002032
fffffefa
000009e6
ffffcf7c
ffffec89
fffff452
00000eab
00000245
0000194f
00002647
00001cc6
fffffda0
ffffe3f2
0000034b
fffff730
ffffee8c
ffffecf9
00001ad5
fffff6b6
00000954
fffffc7d
00002d9b
000005c8
ffffff37
000014cc
ffffe5a0
ffffe48b
000008f9
ffffe512
00002011
000011ec
fffff94f
00000b94
fffff15f
000018d4
00003523
00002490
ffffeb8c
00000c3f
ffffea22
00000a2c
000010e1
ffffbd27
fffff0b4
00002324
00001a2a
ffffffb4
000001cb
000018a7
fffff05b
fffff089
fffffda3
ffffffe5
000002c4
00001312
000005ca
00001ae3
0000163a
ffffeea8
000025d8
000009dc
fffffb0e
ffffdd0d
ffffeb1f
000013a2
ffffff3c
fffff547
00001145
00000959
ffffe437
00000194
fffff3f9
ffffe053
00000447
fffffe85
fffffff5
ffffd6c1
00002451
0000042c
00005e37
00000ff6
00000538
fffff5e9
00002211
ffffea4d
0000253c
00000321
fffffb63
00001a8f
fffff7d4
ffffe1b0
00002303
fffff4e7
000010e1
000038ce
ffffecf1
ffffe02a
000004a6
00000b4e
000028fb
00000611
fffff606
0000148b
000013f8
ffffebd1
0000008e
fffff222
ffffedea
00000df7
fffff307
ffffe9e9
ffffe377
ffffecd9
fffff161
ffffffdc
ffffeba7
fffff484
000003f1
00000e36
fffff5b6
ffffcecb
0000055a
ffffed81
000009db
000007db
fffff417
00000dd5
00003ffc
ffffeb32
000001f5
00000c9d
fffff0d2
ffffdfc7
000013ba
000014ba
ffffdd79
ffffdb3a
00001dcf
fffff494
00001088
ffffe80b
ffffefcd
000009cb
ffffea4f
ffffe534
fffffc8f
fffff80f
0000002a
000014d8
fffffd19
000009be
fffffed2
000003c9
fffff015
fffff6a1
fffff22e
fffff8cc
ffffeb60
fffff026
00001314
000007e3
ffffefd7
fffffb22
ffffe470
00000886
00000b75
fffff297
0000089a
fffff203
000005ac
000032bc
000007ff
0000098b
fffff723
fffff7e9
000005f1
fffffbb3
ffffdccd
00000622
00001045
000014b4
0000100e
fffff134
00000f9c
ffffe7f8
ffffed20
fffffa76
000007cd
ffffedf6
ffffeb1f
00001479
ffffec2e
ffffe1c2
ffffe532
0000271d
000012cf
000022ec
00001c94
fffff699
0000175a
fffffa8a
fffff5af
000013ed
ffffeb53
00000927
ffffe0bc
ffffec0d
ffffe952
fffffd04
ffffee9a
ffffd705
ffffeff4
fffff677
0000090a
ffffff4d
00001ce0
000002c5
000000fd
ffffec4a
00000a07
00001ecf
ffffea74
00000711
00000420
fffffbee
000008ea
ffffdf63
fffff819
ffffe1f4
00000a1d
fffff10e
000015ca
fffffe94
ffffef4a
000018ee
000009fd
ffffed5b
fffff55d
00001451
ffffed76
00000e0a
ffffeea5
00001d63
00001312
ffffffc8
fffff7e4
ffffe860
000002bf
ffffdfef
fffffc9e
0000024a
00000784
ffffe227
fffff36e
ffffe9dc
fffffcf5
000013b5
ffffd89f
0000267f
00000d58
00000be5
fffff28b
00000bf1
fffff758
ffffe99a
fffff01a
00001bfa
0000320e
fffffb0b
00000c2c
ffffe92b
ffffed14
ffffeeff
ffffeac1
0000037d
0000058c
ffffbf13
0000070e
fffff23a
fffffe71
fffff683
ffffeed7
fffffd77
0000091e
00000d7e
00001ce1
00000754
0000133f
ffffe417
00002b7d
fffff0ee
00000120
00001f95
ffffeeb1
0000043b
fffff1cb
00000bda
00004a4c
fffffee3
fffff76e
00000456
00000725
00000b57
ffffefc0
00001e0f
fffff8c9
00000af8
000025cb
0000127d
0000197c
fffff2c4
00000381
0000085c
fffff909
fffffaf2
fffffdfa
00000f20
fffffcb6
ffffdc8e
fffff670
ffffe09e
fffff326
ffffdd7a
00001875
fffff13c
00001203
00001ac6
00000d7d
fffff1bb
00001b31
0000013a
00000c43
ffffe03d
fffff4dc
000022c0
000012ce
ffffeb2f
ffffe246
fffff6b7
ffffeeb4
fffff862
00000600
00000b80
00000279
fffff510
fffffad0
000003ca
00000e65
00000513
00001b33
fffff1fe
fffff850
00001391
fffff82c
000019a3
fffffc82
ffffebd6
fffff601
fffff270
ffffffd8
fffff375
fffff980
ffffdcaa
00001888
fffff64a
fffff72f
00000d8e
00000888
fffffbdc
00000e62
ffffffbf
0000098f
fffffb54
00001c09
00000c2d
000006d8
fffffbcd
000015e9
00000e1d
00001a4b
00000252
ffffd8a0
fffff74c
ffffef0e
fffff7fd
00002768
fffffbb3
0000150c
fffffac9
ffffe00c
fffff61a
00000ef4
fffff61b
fffff148
fffff3ae
0000088b
ffffd875
fffff6db
0000118c
fffff9a2
fffff8ee
fffff5fe
ffffe449
fffffe67
00001c19
00000ed4
000002fa
fffff0d3
00001c27
00001396
000005da
000012aa
fffff8aa
00001d4e
ffffe790
00001255
0000116a
000000e6
ffffef3d
ffffed6a
fffff6ae
ffffee2f
fffff508
fffff1fe
00000170
ffffe95f
00000f45
ffffe912
ffffeb6f
ffffd805
ffffe46e
00000b79
ffffe58b
ffffe70a
000012c7
0000108f
00000de6
000001fc
00000461
00000e4d
00002197
00000a84
00001bfd
ffffdeb7
00001166
000016c5
fffffc0b
00000efd
ffffe855
fffffd38
ffffefbb
00002008
fffff6bf
00000cbb
fffff075
00000054
0000144e
00001b16
00000d10
000037c4
000006a7
00002137
0000285d
fffffbcc
00001151
00001f40
fffff946
fffffc7e
00000e40
000017be
fffff852
000018a0
00001b26
0000053d
ffffe10d
fffff9c0
ffffee74
fffffe65
00000929
0000255a
000000dc
ffffe3a4
000028dd
00000143
00000650
00000f52
fffffa4b
fffffa83
00000156
000014fc
fffffd81
000010b1
fffff9e1
ffffe8c8
00002d4a
fffffd11
fffffa6a
fffff683
fffff205
fffffd24
00000ebc
000006ce
00000722
ffffe663
000038ff
00001ae7
00000636
0000051a
fffff766
fffff77d
ffffe9a6
0000073e
fffff19d
00000da9
00000105
00000467
fffffe26
ffffe70b
00000462
fffff4dd
00000870
fffffead
00000b12
000001b2
fffff2e3
fffff50c
fffffd69
00000462
00000388
fffff4af
00000603
ffffffa5
00001c10
fffff4ec
ffffe88a
ffffe78c
ffffefbc
000010d0
000001a4
fffffcf7
fffff762
ffffefb4
fffff94a
ffffeab5
fffff3a4
fffffb59
000002c3
fffffb90
00001661
0000049e
fffffb2a
ffffffbc
0000069f
0000033a
fffffe47
00001259
00001fca
00000738
000012f2
00000443
0000060a
0000029a
00000077
fffff1fd
ffffe0b9
0000046d
00000bb1
00001c98
fffffae2
000008a1
fffffc02
00000ef6
00000045
ffffda99
fffffaf5
ffffe87f
00001921
ffffebed
fffff98b
fffff030
000001a5
fffff961
0000035a
fffff857
fffffbfa
ffffe938
fffffc53
0000167d
00000028
ffffef76
fffff1ea
ffffe7b9
fffff440
00002cb7
ffffeb17
ffffdf7d
fffff3b5
ffffe9bd
000000e6
ffffe1a7
ffffe744
00000a30
00000369
ffffe8b9
ffffdc0b
ffffe634
ffffe377
000002fd
fffff9e3
fffffe0d
fffff90e
ffffffef
000015c7
000009d0
fffffbba
fffff813
00001481
fffff216
fffff4a8
000015d2
fffff16f
fffff030
ffffeb27
fffffcbf
fffff911
0000034b
000002ab
fffff917
fffffd70
fffff63c
0000151e
ffffe221
00000747
00000330
00000a67
fffffc5c
ffffe9a7
fffff5bd
ffffe27a
0000114d
0000082e
00001022
fffff5f2
00000e09
00002b1e
00000873
fffffbc3
00000a90
fffffdcf
ffffe7b6
fffff8d6
fffff2cf
fffffc2d
fffffc05
ffffea24
fffff960
fffff93e
00000479
00001fe2
0000030f
fffff90b
fffff177
00003fd9
000007e4
00000568
000007f6
00000c63
ffffe5fe
00000243
0000187a
fffffeb5
00001a3d
000021a7
0000149e
fffffc65
000003f9
ffffde2a
fffff820
fffff87a
00001bc1
00000080
ffffe1bb
ffffe5b5
ffffce43
ffffe8ed
ffffe91d
000018a7
00001c7d
00000bbf
00002051
ffffea6c
00005ae0
fffff8d2
fffff501
00001f94
fffffd78
fffff844
ffffe462
000015fc
ffffdd54
fffff86b
ffffdafb
00001f24
0000176f
fffff6a4
00000b5e
fffffff1
fffffff9
fffffa26
000004d1
ffffe78b
fffff7b3
0000125b
fffff8dd
ffffece6
0000294b
00001977
ffffe9a6
0000174c
ffffd9eb
00000ed6
000004b7
ffffef6c
ffffe58d
fffffa5a
00000046
00000584
00000b70
000035ce
ffffcdc7
ffffd715
000004bf
fffff107
fffffe92
0000011f
0000113f
ffffd79b
00001663
00001d6b
000018d1
0000158e
ffffe0b7
ffffddd7
0000128c
ffffe905
ffffefd4
0000180c
ffffe657
00000b6a
ffffcd0a
00001094
fffffeba
fffff72b
fffff050
fffff481
00001074
ffffecb4
ffffee2a
000001ac
000015e1
00000883
ffffefaa
000009b7
ffffda8c
ffffe527
fffff02c
ffffe814
00000b71
000004e4
ffffe57c
ffffeabc
ffffeaa9
fffff657
ffffd31b
fffff386
ffffec92
ffffdc90
fffffcff
ffffdd4b
fffffea3
000002b1
fffff8bc
00000a43
ffffeadc
00002dd3
00002b15
00000795
ffffe681
00003142
ffffdb69
ffffef29
00002208
000018af
000013c7
ffffe2ce
00001c98
00000beb
ffffeca6
fffff4ba
00000c21
fffffc5e
ffffdd5b
00001e84
ffffe3bb
00001beb
fffffcd8
fffffad7
ffffe664
00001a00
00001d4c
ffffeb7d
ffffd446
ffffdb0b
ffffff6d
ffffdabd
fffff6db
0000121b
0000174e
ffffd542
ffffdeb7
fffff584
00000b4b
fffffea0
ffffe5ac
fffff3a7
fffffe31
000019a8
ffffd4fc
00000291
ffffe5c4
fffff324
ffffe897
00000408
fffffe8f
00002423
00001df9
ffffe602
00001111
0000189d
ffffdd57
00002a7e
fffff0c4
00000d58
fffff8f3
0000084d
ffffef30
fffff8e2
0000324c
00001e6c
00000ea7
ffffdb8d
00001dbb
ffffd05b
ffffd51d
000007b5
00000d9e
00004d45
0000193a
fffff323
ffffe250
ffffee74
fffff626
000001bc
ffffba02
00001c2f
ffffeeb8
00000856
00001587
000023dc
fffffbc5
0000264d
00000de9
fffffb81
0000040b
ffffe98c
00001b91
00000602
000005d8
00000ce4
fffff413
ffffb55b
fffff4e7
fffff8f4
000007c4
fffffbe0
00001df5
ffffe207
ffffe410
00000625
ffffd6f4
00000cca
ffffe32a
fffff6be
00001b7a
fffff008
ffffef23
00000be2
00000697
fffff22c
fffff91f
fffffa7b
00002229
ffffe67d
0000015a
00000f7d
ffffe33d
00000ea4
000015f2
0000006f
00000744
ffffdfc1
00000fef
00000fad
00000070
0000254f
ffffe6ef
fffffb56
fffff6e3
ffffdd93
00001ff4
00003d4d
000008d9
ffffedd2
00002bf7
00000eb7
ffffd75a
000034a8
fffff93b
fffff635
0000153a
ffffdf6c
ffffe4c4
fffffa8b
fffff3a4
ffffda19
fffff62b
fffff764
000009ae
00003244
fffff198
00000ac2
00000965
00000952
ffffff18
0000137a
fffffa55
00001e1d
00003629
fffff9e6
ffffeefc
ffffff44
00002d72
00001351
00001eb0
00000b71
00002ade
fffffc31
000046c2
ffffe1e4
0000490f
00000e27
00001b4a
000000cb
000007a2
ffffdaac
fffff3c8
00001606
0000269e
fffffb71
ffffd403
ffffbd0b
0000005e
00002381
00001634
ffffca19
ffffeb25
00003bd4
0000121a
ffffd3e6
00002665
00000b7d
ffffd5a1
fffff730
fffff376
000025e6
fffff485
ffffc9d4
fffff9c3
fffff216
ffffc65d
00002207
fffff26d
00001669
00001cb7
fffffe2e
00001d0f
fffff8d7
ffffebdd
fffffcf8
000019ac
ffffd4e2
000006aa
000013ff
ffffebb4
fffff01c
fffff94f
00000a50
ffffe09a
00002145
ffffef7c
00000ed3
00001495
fffffff0
ffffee33
fffff4b0
ffffeb2a
ffffcdcc
ffffde6c
fffffb5d
ffffb875
ffffe1c4
ffffc22c
ffffde61
fffff830
fffffea8
fffff37f
00000a0c
fffff837
0000150f
000002fc
00000887
0000006b
ffffdccc
00001a81
0000026d
fffff3ba
fffff1b4
00001937
00000760
fffff3be
fffffd26
00001bc2
ffffed94
000004f4
00000861
00002580
000015ed
000006ed
000000e7
00000206
ffffe93f
ffffd7b6
fffff680
ffffe4ab
00000a2a
00001598
00000458
ffffdbda
000017fd
ffffe8f3
0000055c
00001129
ffffe69a
fffff3aa
00002410
ffffee46
00000e1b
fffffb54
ffffe679
00002f2c
00000806
00001142
ffffebad
0000280d
0000087d
fffff87f
00005e04
fffff9d5
ffffedbd
00000155
ffffe33b
00001e9d
ffffcfb5
00001a58
ffffdeff
ffffdbce
ffffec2b
ffffeef1
000042c3
000018ce
ffffea02
ffffdbd0
ffffd1da
ffffdd30
0000051a
000025ec
00001ba6
00001259
ffffefd7
00000761
fffffe58
ffffeb3c
000015f9
ffffebdb
ffffd2ea
000017bf
ffffffa2
00001537
000037e0
ffffeeab
ffffe2c6
ffffebfa
0000122b
ffffc879
000001df
00001574
000017fa
ffffdc0e
ffffdb1f
00001d6b
00002d2a
00002c4d
00000ce9
ffffd00c
ffffe2d8
fffff687
00001ca7
00001145
000002e2
fffff5bd
00000fd6
000018aa
ffffdfa6
0000127c
ffffea70
000002bf
00001e16
ffffe6ec
ffffee2d
fffff82c
ffffee81
ffffe70a
ffffeb8d
0000198e
00002d51
00000955
000018a5
ffffd586
fffff35b
ffffe6ef
00003392
00000df0
00000be9
000003f3
ffffff5a
00002349
ffffd354
ffffdd02
0000197b
00002af4
fffff47c
00002982
ffffecfb
ffffe3a8
ffffc62d
ffffe9a4
00000c03
ffffe8f1
00000fcb
fffffcb9
fffffdba
fffff7de
ffffd32b
000022e2
000009ba
0000070a
ffffe607
ffffeb0a
000004d4
00000246
0000151a
000016ad
ffffdaaa
00001547
ffffd294
fffff5a9
fffff58d
00000d35
000019a4
000013b0
fffff4c6
fffff082
ffffe291
00000bbc
0000032b
fffffd8d
0000229b
ffffe70f
ffffe41e
0000088f
000000bd
00001f4d
fffff6c9
ffffdce7
000004fe
00000802
fffffdb3
ffffd5a6
00000061
00000595
fffff93a
00000f02
00000270
ffffdb23
ffffec45
fffffc14
00000592
ffffe594
ffffeea1
00000b12
fffffcb1
fffff399
fffff722
ffffe742
ffffeec0
00000a57
fffffc99
fffffe23
fffffc66
ffffce28
fffff622
00001421
fffffeff
000000fa
ffffd947
000000b5
fffffdb3
000023f2
00000e31
ffffd323
ffffea5d
ffffe7ad
ffffd11e
00002766
00000dd4
ffffeb02
000004e1
ffffd6b9
0000052b
ffffe55a
00001ad6
00000a70
00001d88
ffffe8a4
000023a5
0000262e
000006d5
00000a23
ffffd5fa
00000222
ffffcbe0
fffff076
fffffcd7
fffff4fd
fffff31c
ffffe333
0000009b
ffffffaf
00002cfb
ffffea7c
00003900
fffff6b4
fffff0ca
0000162b
fffffbe0
fffffd9e
ffffe76d
fffffca5
fffffbf8
ffffe233
ffffe277
fffff38a
000018a0
00000591
fffffcfc
fffff73d
fffffad3
ffffe1d3
0000070e
fffffc43
000008be
00001d30
fffff266
fffffe32
fffff94f
fffff0b3
ffffe551
00001e94
ffffe0f0
fffff33c
ffffedcb
0000104b
fffffb73
ffffc4d1
000003d0
ffffe767
ffffee84
fffff7e3
ffffc735
ffffdb65
fffff4ce
0000004d
ffffe2fd
fffff717
00000ee4
00000033
ffffeff7
00000c17
0000206e
ffffe600
000001af
000011b9
ffffe933
000005bb
0000205b
0000180c
000023ef
fffff800
00001ed7
ffffeaa6
fffff137
ffffeb99
0000078b
fffff6d7
fffffc5d
fffff338
000016f4
fffff28e
ffffecfa
fffff6da
fffff318
ffffe1d8
ffffef25
00000c1d
ffffeea0
fffff111
fffff3dd
0000354d
000005d6
fffff70b
00001c4d
00000704
ffffd39d
fffff24c
ffffd3b8
000008a9
fffff90a
000006b2
ffffd35c
00000042
0000024d
ffffe7de
fffffd91
ffffd0f2
ffffca69
fffff9dd
00002a1e
000022bd
0000236d
fffff548
fffff911
00001726
0000254e
ffffe742
00000c74
000007d0
ffffe361
000009f3
00001561
ffffefac
00000b8a
ffffe457
0000005b
00000533
ffffba96
fffff4b3
000002d3
ffffe6d6
00000696
ffffe339
fffff76c
000008d2
ffffffb5
fffffb73
000012bc
00001a19
ffffdf83
fffffc29
fffff3bb
00000be5
00001ff8
ffffddd8
ffffcf32
ffffe6f3
ffffcbd7
ffffdca3
000005c3
fffff682
fffff0da
ffffd970
fffff46d
fffff93c
00000e97
00000c86
00000048
ffffe52e
000017d1
00000499
000004e1
ffffe7b7
00002497
ffffdfd4
000005a3
00000011
000023f9
0000193d
00001389
ffffcfaf
00002dc6
00001f86
fffff3cb
00002fb3
0000192f
ffffdd61
fffff0e3
ffffd1b6
fffff2e6
00000fc7
00000ff0
ffffde11
00000a1a
00000ccd
ffffd68f
ffffaea1
fffffa56
00000e13
ffffcd1a
fffff7e4
00001814
ffffd6f9
00000aa9
00000ac5
00001532
fffff17f
ffffed28
ffffe09a
ffffcff6
fffff5cb
ffffde41
fffffcb7
ffffd149
fffff9d2
fffff4a7
ffffedf5
0000244f
ffffe9e5
fffff667
00000202
00002335
fffff475
fffffda2
ffffe7e8
fffff4e1
00002853
ffffede9
fffffbb0
00001d7d
ffffccdf
00001449
fffff890
00001220
000005de
ffffecfa
00000ebd
000007f3
00000000
ffffeb3c
000003a5
00001626
00002ecc
0000425c
000023f6
fffff1f8
ffffeebe
ffffe99c
00000fcb
ffffd1ed
fffffcaf
ffffd8b2
00000246
00000379
00002486
fffff7df
00000272
ffffe651
00001629
00001c23
00000a68
ffffff67
fffff6ac
ffffd789
fffff7fe
ffffdf6e
ffffda21
00001202
fffffd6e
00003ec2
ffffea65
fffff1f4
00001162
ffffc4d0
000015f1
fffff839
ffffe09f
ffffcb10
000013a3
fffff258
ffffc9ad
ffffd222
00003989
00001275
0000057a
0000272e
ffffb5b3
00001471
ffffe6d0
ffffe577
ffffc80e
ffffe4ad
ffffee51
ffffeef3
00000bfe
fffff317
ffff9977
00000f77
0000355b
fffff7d7
ffffdb24
0000030b
ffffeaa1
00001e5b
fffff771
ffffc6f1
00003397
00003539
000035bf
000000df
fffff349
00000d91
000048cb
fffffd98
0000024f
ffffd6f8
000011b9
000000f0
ffffebd7
ffffdf99
ffffd3e2
00001287
000036b9
ffffe984
00002067
ffffe9c9
ffffce5a
fffff947
fffffb17
000030fc
00001546
fffffcf0
00001784
fffff53a
00000af1
000002d2
00001b94
00002398
0000126c
0000168b
fffff7d8
fffffb34
00000e60
00000b61
0000063d
00001a65
0000083b
ffffee74
00000506
ffffdfe8
000021a9
000010c5
00000430
fffffd7e
000019e3
000013cd
0000079b
000013f5
ffffee5a
000023b8
ffffb23b
00000f8c
00000a52
ffffedaa
fffff300
fffff88f
ffffd267
000006a3
0000057b
ffffdca1
00001555
00001cce
ffffe056
000011d3
00000932
000008a2
fffffa64
00001875
fffff5ac
ffffef11
fffff440
00000d59
ffffe1e8
ffffbdd6
00001dcc
00002466
fffff7a9
ffffe5bd
fffff0bf
00001aff
00000e0d
00000210
00000402
fffff2b9
ffffde1b
ffffe181
0000353a
00003266
000002e2
0000086e
00000d90
ffffee46
fffff306
000003c1
000017c0
00000e2f
ffffec31
ffffd033
0000029f
000001df
ffffe7de
ffffe777
fffff860
000002d8
ffffcfa7
00001ea0
ffffe1e3
000004f2
ffffee25
00002560
fffffe9c
ffffbec0
00001c2e
0000016d
fffffed2
00001dd5
ffffffb5
fffff9ea
000014de
fffff413
ffffb8cc
000019e7
ffffd8cf
ffffd950
ffffed43
0000107c
00000a0d
fffffbe8
ffffe4ed
0000037d
ffffefcc
fffffead
ffffe4b9
0000090f
ffffeed0
0000039a
00000013
000004d6
00004280
00000c53
fffff819
ffffd4db
00002cae
000021c7
00001fba
fffffc5f
ffffaab2
ffffeda7
000001ac
00000304
fffffab5
000008c6
00000783
0000122e
00003024
000017c1
fffffc6f
00001d72
000001a1
ffffe393
fffff361
fffff739
ffffdc21
fffff745
fffffff8
00001abc
00001767
00000072
ffffc8cd
00005429
ffffff89
00003864
fffff0b2
fffff376
fffffdf9
ffffc9a9
fffff89f
ffffd8fe
000002b9
ffffef42
ffffcf3d
00000de7
fffffff5
0000009e
00001421
ffffce15
00000eb6
ffffe4b5
fffff02f
fffffda7
00000bdb
fffff90f
00000fd1
00000a3d
fffffaed
00001cab
00000717
00001179
00000c79
00000250
fffffba4
ffffd2f5
0000122b
ffffd15d
00001ac6
fffffd73
000008c0
fffffe1d
ffffe80b
00001984
00001118
000001e3
ffffef06
ffffeb12
00002d9a
00000b73
0000173e
00000686
0000026d
ffffe41d
ffffd6d6
000006b0
000026e9
ffffe93d
00001c10
00001550
ffffdcb2
fffff1d9
000012fe
fffff81c
00000f21
00000cc1
fffffc56
00003c8b
ffffeb70
ffffed70
00002e54
000036cc
fffff555
0000210d
000020bc
ffffe938
000026d4
00002334
00000035
00001390
00001388
000027de
fffff00d
fffffd50
00001381
fffffe31
fffff3e8
00000e17
00002ebc
00000a0b
000004d5
00001510
0000072f
00000a87
fffff352
000008a1
000004f8
000001a1
fffff728
00001336
00000268
00000cfa
fffff370
fffff99b
00001c29
00003730
ffffeb2b
fffffad7
fffff7ff
fffff33e
00001d65
0000198e
fffffd63
0000149e
000007f7
ffffe1c2
00000404
fffff19c
000014a6
00001920
ffffdeb2
00001db2
00000f4b
00002d7e
0000163e
000020bf
00002f74
ffffd71a
0000174b
00000f83
00000fd5
fffff7aa
fffff4b2
fffff2de
00000c1a
fffff899
fffffa78
00000af0
00000c2e
fffff620
ffffec34
ffffe277
000003a5
000008da
ffffd3f8
000004eb
ffffd45f
0000125a
00001c1d
ffffebfe
fffffe39
000010c7
ffffe75d
ffffef90
00000237
00000fe3
ffffe975
ffffd22f
00000642
00002ce5
0000277c
00000155
fffffc08
00001caa
00000321
00000c83
0000076f
00000cf3
00000969
ffffd2c3
fffff139
ffffe88a
ffffd0ea
ffffffa0
fffff7d7
00000cff
00001bc4
ffffff28
ffffff18
00002fdd
00000d66
0000062c
00001174
000025e6
fffff314
00000182
ffffd810
00000707
fffff068
0000146b
00000121
0000236f
fffffec5
00002eac
000003fe
ffffce56
000004f8
fffffbbb
000001c1
0000178d
ffffe957
00000dfc
000007d7
ffffff51
ffffe4fb
fffff403
00000c4e
000001ae
ffffee1e
ffffe501
00002104
ffffd941
00001882
00003ada
ffffedab
000005ce
ffffe97e
000033f1
000021f4
0000208d
00000fef
00000d3b
00002d4b
ffffe963
fffff4d0
fffff173
fffff028
ffffdeb0
00000f14
0000079d
00000a1e
ffffdcf6
000024f0
ffffdca7
00000569
000006b9
00000619
00001724
0000006e
00000e4d
00000b8f
ffffe696
00000d13
00002833
ffffd909
fffff832
fffff082
00000ef8
00002af3
ffffeba4
000005f2
fffffd1d
ffffd7fc
0000114e
000013e4
ffffeb38
000024b8
ffffe35f
00002bce
0000197b
ffffff0d
ffffe0f3
00002464
0000130d
0000078d
00000131
fffff868
ffffd1e4
ffffdd2c
000003a4
0000336a
ffffca6f
fffffe9c
00000137
ffffedab
fffffcf6
fffff250
00001acf
0000258b
0000147f
00000eb9
000017f1
00001ce1
fffff674
ffffdc91
00000b20
00001dca
ffffe728
ffffd75f
fffff54d
fffffab9
00003137
fffffc4f
fffffafb
fffff783
00001d73
0000168f
fffff937
ffffdea4
fffff1b2
fffff538
ffffeed7
00000181
ffffdb77
fffffccf
fffffce2
000009a4
ffffe231
fffffdfd
00000e0a
0000135e
ffffe32e
fffff62c
000028b4
000002e2
fffffc65
00002e14
000011e5
00001a4c
ffffdc95
0000088e
00000a11
0000114d
ffffec12
00000d27
fffff0f3
ffffe3e9
000013ac
00001d99
00001d89
000017e4
00001879
00000d2c
fffffe83
000002e7
fffff730
fffff114
fffff5d9
00000490
00002973
00000e07
00001bf0
ffffe60d
00001297
ffffdbca
fffff295
0000028b
00000d7e
fffff29e
0000295d
fffff74c
fffff58d
ffffe826
fffffffb
00000587
fffff39a
ffffbdbd
00000ef3
00001aca
ffffd8d5
ffffeeff
00000289
ffffd9f2
00003406
fffffbac
00000ca5
00000797
ffffc1d6
0000272d
ffffe869
fffffd3e
0000030a
ffffe6ea
000005b5
fffff961
fffff280
ffffef77
0000158b
00000ed6
fffff2d1
00000a7c
ffffe497
ffffc8d3
00001652
0000073f
ffffe15e
fffff988
ffffd036
00000a45
00000a00
000001f6
00003272
000003ec
00001a00
00000648
fffffd4a
ffffee9d
fffff099
fffff96b
fffffded
ffffe95c
00000d27
ffffe64f
fffffcae
fffff3d2
00000c04
ffffef51
fffff65d
fffff95e
00000083
fffff8ec
fffff8e7
00000002
fffff037
00001a6e
00000588
00001f6d
00002335
ffffe805
00000c7a
00000805
0000057a
fffffebf
000018f7
000000ed
fffff19e
00001275
fffff973
00000ebf
ffffd0ae
0000011b
00002f32
00002521
fffff039
fffff65e
fffffa9b
0000359c
00000232
ffffed5a
000031e2
00000780
00001e7f
fffff021
000003d7
00002724
0000225f
ffffdea4
ffffdb0a
ffffeb76
000019c9
00000669
000017df
fffff9c3
00001a58
000007bb
ffffec83
00000096
fffff33f
fffff34d
ffffde40
fffff1c2
00001090
ffffe350
00000494
00000219
00001207
fffff177
00001922
ffffdc2f
000001a3
ffffc99b
0000140a
0000000c
fffff83c
ffffd485
fffffcda
00000882
fffffe11
ffffda3d
ffffe5c9
00000282
0000083c
00001ee2
00001fbc
00000859
ffffbfae
fffffbbf
ffffe3d5
fffff4cd
fffffbcd
00004513
ffffe526
00001e4f
ffffe1e6
fffff6d0
fffff9b6
ffffcd65
0000392e
ffffd849
ffffe5ca
fffff6b8
ffffd0e5
ffffffc7
ffffd9b9
00000069
ffffe7f2
fffff93e
0000042e
00002085
ffffea98
ffffd2e5
ffffe28b
000002a7
00000e8d
fffff2f1
ffffe968
fffff1ce
00001fc1
fffff64d
fffff9cd
ffffd60c
00001ced
000015c8
00001192
0000030f
ffffb8bc
ffffe97f
ffffebf7
ffffd0ca
ffffffcd
0000100d
ffffe524
ffffea09
fffffb97
00000023
00000ed4
000022b9
fffffa27
fffffa55
00000b28
0000161f
00001620
ffffdaa2
ffffd536
000010d0
fffffdbd
ffffef26
0000108b
000042a8
00000455
000022a9
000011e7
00001759
00002123
ffffe542
fffff473
ffffd3f0
fffff37c
ffffee45
ffffcfd0
ffffe7b5
fffff3fd
ffffec9a
0000069a
fffff0ea
fffff2bc
fffffb30
000000ef
000002f7
ffffe2a5
ffffe338
ffffe312
00001e6b
fffff8e0
00000c3c
fffff72b
fffff5e5
fffff7b8
ffffe952
00000dfd
ffffec8a
ffffdd5e
ffffffd6
fffffcb9
fffff1d7
ffffeb1b
fffff6c2
000008c4
0000031d
fffffac9
000000f3
00000032
00002dbf
00000299
0000033d
000040a0
0000050a
00000545
fffffeb3
ffffd994
0000022b
00002b65
00000599
0000177b
ffffe51e
fffffca3
ffffdfd9
ffffff98
0000064a
ffffc897
fffff3a6
ffffe974
ffffe71c
fffffc8e
ffffd8c0
ffffef5f
ffffe958
000031e7
0000252f
ffffec19
fffffb3d
00002b90
000010c4
fffff4f1
fffffa51
000005b4
00000de7
fffffc2b
ffffcf06
fffff6a8
00000046
fffff6d5
ffffe034
ffffd7b5
fffff7a6
fffff331
000013d0
ffffe700
ffffd041
ffffe8ee
ffffdab6
00000940
000001c0
ffffea15
fffff983
fffff6f6
fffff525
00001d30
fffff2d9
ffffe820
fffff73a
ffffe65d
00004536
fffff92f
ffffe07b
fffff644
00000664
ffffed94
000012d3
ffffd6c0
000020d4
00001956
000015ae
000010cf
00001e40
000007c7
000023f1
fffffcc5
00000e9d
0000038f
00000d6a
000029c3
00002c3f
ffffd7e7
0000046f
0000155a
000036ca
00002671
fffff9fc
00002cfe
00003d77
ffffe618
fffffdd0
000010ed
fffff3e2
00001d1f
ffffee0d
0000063f
ffffff7b
00000306
ffffdbe1
000003f1
fffff8a5
00000d16
ffffc5a7
fffff7b5
00000a80
000025d9
ffffdbc7
00000eef
ffffe5a5
fffff71c
ffffffc6
fffffd24
fffffa2b
00001040
000009e1
fffffcdc
00000199
00000ca5
ffffc9f9
ffffa869
00000651
ffffd9a0
00000c4c
0000173b
ffffd384
fffff756
00001477
ffffe6f0
00002f71
00001247
00000bbe
ffffd8d8
ffffd2c8
00001f3f
ffffcb71
00002640
00002cfd
00001e52
ffffdee3
0000127b
000021a6
000016a4
ffffde15
ffffc407
fffff70b
ffffee91
ffffe4d3
fffff35a
ffffc911
ffffda17
ffffeadf
00001a43
fffff3b9
000031e9
00000459
000009b9
fffffb8c
ffffe4fa
ffffffd4
ffffe31b
fffff31f
ffffce49
fffffdd9
ffffec6f
00004f47
00000527
000030e7
ffffd5e9
00000bfa
00003656
00001af0
ffffef0e
fffff874
0000204f
000009d4
fffff198
ffffd912
fffff6b8
ffffdf4e
fffff44d
fffffa5d
0000000e
00000448
fffffd09
0000115f
00000fc0
000000c9
00000fd2
0000081c
ffffff78
fffff8a3
fffff258
fffff485
0000047c
0000073a
fffffb66
fffffa38
fffff2b6
fffffb22
00000003
0000041c
fffffd83
000026f7
0000027b
fffff43e
fffff495
ffffe3ac
fffffea4
00000f0e
000007e7
00000d3e
0000089f
0000032f
00000feb
00000b77
00000123
ffffe7fe
00000fb8
000004c3
0000087e
00000691
000008bf
ffffeafb
fffff2af
000005dc
00000578
0000180e
ffffedd8
000011aa
00002979
00000d37
fffffede
fffffc20
0000165c
fffffb66
00000365
ffffe48d
fffffac6
00000b70
00001499
ffffef2f
fffffdbe
000010ae
fffff7c9
fffff2b6
fffffb47
00001195
ffffe901
000013b9
fffffba3
ffffe9f7
0000089e
00001677
0000106e
00000c31
0000002d
fffffed4
00001fdc
fffff30d
fffff289
00000076
ffffe776
00000c83
0000114f
ffffee94
000011bd
000012c7
00000978
000003dd
fffff0c5
fffffe4b
ffffeec9
fffff9a6
ffffcf36
fffff944
00001047
ffffed19
ffffe4b2
fffffe09
fffffc2c
ffffe717
fffff11c
fffffb86
00001740
00001962
fffff28c
00001565
fffff866
ffffc148
000017f2
000004e5
ffffeda5
fffff52e
ffffeb07
ffffff34
00000e58
fffff442
ffffec55
00000f99
fffff72e
fffffc43
fffffbbf
fffffb2f
fffffcf4
00000a2e
fffff102
fffff150
00001e46
fffff807
ffffdebf
ffffee21
fffffaf2
00000123
00002c40
000002f5
fffff524
00000d5a
fffffa0c
fffffb92
ffffeb24
0000145e
ffffd28f
00000fd6
ffffe4b0
00002862
fffff3bf
fffff4a5
ffffd773
00001dca
ffffee6e
fffff03b
fffffa7d
ffffed59
000009fb
00000171
ffffeb24
fffff8ff
fffff302
ffffd99c
00001a56
ffffea21
00002ed8
ffffd97b
fffff6f9
00001603
00000500
00002aa3
ffffe855
00002362
ffffeabf
00002ed3
fffff9b8
ffffff19
ffffe440
000016e3
fffff8b6
0000067c
000012f7
fffff26e
ffffea44
00001157
ffffdf91
00002458
ffffe7be
00001118
ffffe0d8
fffff0e1
00002031
ffffdde3
fffffa79
fffff35f
00002265
fffffe62
ffffe2e3
00002524
fffffc2d
fffffe08
ffffd9d9
fffff783
0000047a
fffffad1
00000292
ffffdddf
0000148a
00003162
000004c5
ffffef84
00002c23
00000f2a
00000ba2
ffffe61b
fffff7c1
ffffdf16
fffff71f
ffffd3b0
ffffeb25
fffffaf9
ffffc26c
ffffff3a
fffffe8a
ffffe00a
fffff861
ffffeb8d
0000195a
00002b95
fffff13b
ffffd6e3
000003e4
ffffc86c
ffffcf9d
ffffff99
0000014d
00000d01
fffffa75
fffff6f8
00002c9a
0000108f
0000016f
00000c23
000001f7
fffff652
00001c14
ffffd8a7
000022ea
00000d39
fffff2a8
00000e33
fffff31e
ffffe7d4
00002aa8
0000124f
ffffff3d
000009f2
ffffe8fd
000045c6
00000f1d
0000011b
ffffed22
000022a1
000019de
fffffbb0
ffffee59
ffffe96d
000019e5
fffff3fe
00000640
00002076
fffff805
00000349
000014cc
0000393d
000019c7
00002cde
fffff5d1
0000154c
000005a3
00001667
00000576
ffffe86e
fffff5d4
ffffe315
ffffdcc2
000000f0
ffffd2cc
fffffbdb
00004075
ffffe667
fffff3fb
00000708
ffffdae5
00003c98
ffffeed0
ffffd6cb
ffffecb8
000008a9
00002ad5
fffff2e8
ffffe1f7
ffffffc5
00001cce
fffff18c
ffffc594
fffffa2c
ffffe30a
ffffea60
000021b0
fffffeb5
fffff7ad
ffffe69e
00000ef3
fffff6c6
0000412b
ffffec0a
ffffe6c1
fffff8c8
ffffc990
ffffff6a
00000d30
ffffd073
ffffd610
0000000b
00000297
0000266d
fffffae8
ffffe4cf
fffff6c3
ffffdcb1
fffff4b7
ffffd6f4
00001daf
ffffd6a5
00002799
ffffcf5c
000020c1
ffffbe13
000005e8
fffff278
00000849
fffffafe
fffff0b1
00001b54
fffff7c4
00000164
00002bff
ffffe5e8
00002cf3
ffffb4f4
fffff961
00000e8c
00000795
fffff3c0
fffffa11
ffffe755
fffff047
fffff004
ffffe07b
ffffe049
ffffec52
0000055e
00002221
0000034b
ffffe095
00001f66
ffffe991
ffffd0fe
fffffa50
fffff284
00004716
ffffc427
fffff615
00001d84
00000bb5
ffffe2a2
00002582
00005d88
00001507
fffff74e
0000104e
00001ea0
000015c9
0000076c
ffffdde2
00000b29
fffff070
ffffd453
ffffe487
00002078
ffffe65b
ffffd2e3
00000a71
ffffff5b
00001654
fffff5a2
fffff892
fffff27c
fffff1fb
000007f1
ffffe7a7
fffff250
ffffea6a
00000d1d
00000c60
000011ba
000033ef
ffffe3d2
00000a3e
ffffc924
fffff135
ffffe0f9
fffff954
ffffd87d
ffffff2d
fffffd6d
ffffc185
ffffed2b
ffffe278
000006d6
0000230a
fffff793
ffffe496
000005c6
ffffe481
ffffe929
fffff6f9
ffffd9e2
ffffe1f1
ffffed6c
ffffdc46
ffffefd0
ffffc8f2
0000094e
00000531
00000085
00001138
ffffd3cc
fffffc80
00003122
ffffe946
fffff591
00001ef5
00000a8f
ffffef7c
00002f00
ffffdfc2
00002454
ffffea78
000010fa
00001f1a
fffff2aa
00003638
00000611
fffff4e7
00000d52
ffffe516
ffffea0a
00003e54
000003aa
ffffe086
ffffeff8
ffffc2ea
000006ec
ffffc40e
00001e33
fffffb68
ffffcae2
fffff790
ffffeb06
00000a18
ffffea40
ffffca6a
000001e6
00000d30
00002ace
0000139d
fffffeed
00000842
fffff1a0
00000489
0000185c
00000eb1
000010ff
0000152e
00000f4f
ffffe449
0000164a
ffffe967
fffffed9
ffffcc10
00001069
00000c5c
0000118d
00001728
ffffe050
00000be6
00000690
000005f7
0000091d
fffffcfa
00000aef
00004408
ffffd212
fffff791
fffffb4c
00000ca5
00000919
fffff1c8
00001ce9
fffff4cf
00000843
fffffe8e
ffffd792
000003da
fffff996
fffffd3a
00001281
fffff7ee
fffff3a5
000010ee
00001c0b
ffffefd6
000015d0
0000030b
ffffceff
ffffe64f
00000709
0000070b
00000b03
fffff235
ffffd503
ffffda38
ffffeab6
fffff0ad
ffffc2d2
000003d3
00000a2e
fffff7f9
ffffea0e
00000f35
0000141a
000009b6
ffffe5f3
fffff7cd
00001e6f
fffff8d3
00002817
00000708
00001759
ffffe556
fffffc3d
00000b91
00000787
00001469
ffffd9f0
00001102
ffffe9b4
fffffc4f
ffffe5c8
00000dbc
fffffc05
00002a29
ffffe177
ffffee1e
000020b3
ffffe5da
fffff678
fffff54e
00001636
0000141d
0000110e
fffffbf6
ffffd700
00000792
fffffd72
fffff721
fffff128
fffff9a7
fffffdeb
ffffe4d7
ffffeaa1
0000101f
ffffebd3
000008b7
00001a41
000000de
00001b27
fffff9fd
fffffc9d
00000240
ffffe62b
fffffc6c
fffff25f
ffffecc3
00000c04
000016ff
ffffe4af
000023a6
ffffcfa9
fffffe05
fffffbe0
fffff728
ffffcaed
00000b0d
ffffd5e9
ffffef86
000013d3
0000014c
00001d52
0000001f
0000048b
0000121f
ffffde92
ffffb877
fffff855
00000a9a
00000b63
fffff8ab
fffff699
fffff72d
fffffc80
00000cc4
ffffed22
fffff004
ffffe80a
fffff390
fffffa1f
fffff761
ffffc59d
fffff787
00000328
000001ad
00003a2d
ffffbfae
fffffa0a
ffffe7a3
ffffdce6
fffffab1
00000561
00000bd1
0000114d
0000071b
0000386c
000002df
ffffd6d6
000010e9
00001dbc
0000023b
ffffe705
00000426
00000c4f
0000068b
ffffcbd6
00000365
0000249a
fffff462
ffffce54
ffffee19
ffffe66d
fffff7fe
00000ef6
ffffe733
0000097f
fffffc44
000002e9
fffff782
ffffed28
000004af
fffff7e7
ffffe2e9
fffffd9a
ffffea7c
ffffdcae
000028b5
ffffe8f5
ffffdfb4
ffffe2b9
fffff69e
ffffcc6f
000020a3
00000ecc
00002f3e
000001b0
000024aa
fffffc80
fffff556
ffffdd5f
fffffc0f
ffffde9d
fffffc7e
00002bb5
0000014b
ffffdd58
00002e1a
ffffe31d
0000061e
00000941
fffff721
0000304f
0000445c
ffffedbc
ffffca6e
00001c2d
00001d42
ffffd34e
000007bf
ffffe866
000023f2
fffffb35
ffffffb9
00002111
fffff7d3
00000dbf
fffff5f2
000011f3
fffff28f
000019bd
000018b8
ffffe8f9
fffff6b1
000006a2
ffffeb03
00001751
0000176e
fffff42e
ffffedae
fffffb62
fffff2ee
fffff27d
0000019c
00001472
000020fc
0000102b
ffffd734
fffffc34
00002815
0000060c
ffffff4b
00001e43
fffff6ed
00000908
00000154
ffffdd68
fffff0c4
ffffff88
00001431
00002fbb
00002566
fffffe54
00000224
0000316f
ffffec38
ffffe0dc
fffff3ec
fffffa90
0000197d
00000261
ffffd83b
ffffffe9
fffffda1
fffff887
fffffeff
000004e8
00001f65
00002a12
fffffc61
ffffed35
fffff313
00000882
ffffff60
ffffe730
fffffce6
000013b8
ffffdffe
000008ec
fffff8d6
fffff57f
ffffe2d5
fffff84f
fffffee3
00000491
ffffe9d0
fffff68c
00000593
fffff660
ffffd6c1
ffffe3a2
fffffa9b
00000620
ffffda19
fffffb36
fffffeef
00000080
ffffdd4e
ffffceee
ffffd928
ffffe3bc
fffff56a
fffff62a
00001c77
00000c87
000014e7
fffffee9
ffffaae6
0000005e
000033bd
ffffffcd
ffffe746
fffffe00
000001a9
000025ee
ffffe5fd
fffff8b9
ffffa3d1
fffff8d9
000030a6
fffff661
ffffd5d2
fffff3ca
0000113d
000001de
000006ee
fffff086
ffffeffe
0000018d
ffffebe4
ffffcc92
fffffb4e
fffffaaa
fffffad2
ffffdabc
ffffeb8d
ffffe32f
0000017e
000009e8
00001563
fffff7ed
ffffef2f
ffffe72e
00002062
ffffe9d9
0000011c
ffffb3c1
ffffbd9d
fffff67b
00000065
ffffeedf
0000159d
ffffe04b
fffffdd0
fffff0f4
fffff63c
00000fed
00001f47
00000806
00000929
ffffeb7a
ffffea11
00001326
00001242
000015bf
000010c4
00000a88
0000087c
00000f81
ffffd94a
fffff2e7
ffffef59
000000db
ffffc688
ffffd79b
ffffbfad
fffff541
000012f4
ffffffe1
ffffdcce
ffffffe5
ffffda50
fffff679
0000105b
ffffe8c0
ffffd888
ffffed4c
ffffff51
ffffdd5c
fffffacb
fffff9c3
00000223
fffff0e4
00000b2b
ffffd005
0000100f
ffffe3fe
fffff16c
ffffb72b
00000a1a
00002013
fffff431
ffffc49c
fffffdd7
00001a54
fffffe60
fffff22d
fffff21e
000017a0
ffffe72b
ffffd993
ffffc184
00000e84
00000834
ffffffac
ffffe955
00002550
00000e84
ffffeabd
ffffe537
00000002
fffff7fd
ffffdd8f
000013fe
000009d9
ffffeb9f
0000151e
ffffe105
fffff816
000000d3
fffffa32
fffff828
0000110f
000002e1
00000369
fffff9b5
ffffe603
fffff859
00000721
00000bd1
fffff960
fffff2ce
fffffd0a
ffffebad
fffffc31
ffffffcb
fffff76b
fffff701
0000023c
0000153b
ffffe95d
fffff6c8
000012f9
fffff762
ffffe3a4
000021e7
00000a65
fffffbb5
000003b6
fffff1d3
00000ed5
0000078a
ffffe2ec
fffffcf9
ffffe0f4
fffff37e
00001073
ffffdacf
fffffabe
000003c7
fffffd56
00000f79
00000095
fffff560
fffff0ed
00000e71
ffffefea
0000061b
ffffffda
000023f2
00001e15
00000268
000003be
fffff370
fffff82d
00001b31
fffff26d
00000b8f
000006f1
fffffae9
fffff11a
ffffe830
00000139
ffffef3a
00001a00
ffffed8d
ffffe876
000005cc
00000f18
00000aea
00000d49
00000a83
000006b6
ffffeb0d
00001f44
ffffeba8
fffff695
fffffd99
fffff54b
00000a6c
fffffc64
0000040c
fffff98e
00000930
fffff018
000007cd
000026bc
ffffe67c
fffff4eb
fffff2ee
fffff6b7
0000006c
fffff97c
000000c0
0000134b
fffff1bb
00000095
fffff541
fffffda2
0000119d
fffffca8
00000a70
00002236
ffffeb4c
ffffe78d
ffffff72
00002162
ffffce61
fffffda4
fffff9f0
0000073a
fffffe24
fffffce7
000003fb
00001b02
fffff787
fffff7c5
ffffef4d
0000064e
fffffa5d
000014f2
00001666
fffffa59
0000083e
ffffec60
ffffdf0a
fffffe24
fffff3e3
00003082
0000086c
000003d4
fffff3d3
00000d36
fffffc55
00000186
fffff3e9
fffff5b5
fffff6d4
fffff4fd
fffff4d5
fffff533
0000145b
00000028
00000696
00001217
fffffc4e
fffffeed
000012a8
0000057a
fffff89d
ffffebd3
fffff723
fffffd30
00002085
ffffdcc6
00001d59
ffffea89
ffffeeef
ffffecc4
00000755
ffffff08
00002ba0
00000f9b
000000af
0000236e
ffffed22
ffffe6d3
ffffd3f5
fffff52a
ffffdea5
fffffc47
ffffd83c
ffffff89
00001b81
ffffec79
00000154
0000035e
ffffdfca
0000117d
ffffe5c2
00003363
ffffefab
ffffb0eb
00001c25
ffffff58
fffff47e
fffff457
fffff184
fffffcd6
00000bb3
000008da
00000d7b
000006cc
ffffc373
00001903
ffffecea
fffff4d1
fffff601
ffffe029
0000044c
fffff366
00001437
ffffef41
00000322
ffffeffe
fffffdfd
fffff1ca
00000545
000030cb
ffffe68e
00000b4a
00001bac
000010fb
fffffd56
00003207
ffffee56
00001863
000006b7
ffffffba
000002e9
00001b77
fffff890
ffffde8f
ffffd91a
ffffcee6
000027dc
ffffd6c7
00001aa1
ffffe03b
fffff42c
fffff22f
0000073b
000000ba
000006ec
ffffe044
fffffba9
fffffcc0
0000089f
ffffed62
ffffe3f0
000016d3
0000225a
fffff042
ffffffab
00000269
00000478
000006a8
fffff9da
000000d8
00000391
ffffeeb4
fffff97f
00001d91
00000283
00000b94
00000ea0
fffffc6a
000001e5
000049e4
00001e83
ffffedc9
000006f2
00000849
fffff8ce
fffffcf0
ffffc165
fffffe12
00000c52
ffffe60b
00000774
ffffbceb
000009ab
fffffefc
ffffc026
fffffc19
fffff9ef
00001b34
00000f3f
ffffeb43
ffffe77e
fffffec8
ffffed07
fffff41d
ffffebba
00000935
000009de
00000118
ffffe62f
fffff7b9
fffff92e
000015cf
fffff7a7
00001e3e
00000961
fffffb24
fffffc6f
ffffffe7
ffffe6be
fffff9e1
0000156f
fffffd86
fffffb0a
fffff2b9
00003fde
000020c6
00000e9a
fffffded
0000063e
fffffb27
fffff49c
fffff8be
fffffbcb
0000004c
fffffc43
ffffdf17
00000e1c
ffffe652
fffffea3
ffffe49a
00003d1b
ffffe0a2
0000043f
0000218c
000013a9
ffffe0ab
00000c25
ffffdf05
00001bfa
ffffe18c
00002933
00001e30
ffffdd55
ffffffa0
fffff383
ffffecfe
00000a41
00001f63
fffff4a9
ffffe653
000010cb
fffff205
00003977
fffffc58
ffffdafd
0000057a
fffffe49
ffffece7
00002db5
00000e5c
fffff8b1
fffff096
ffffdefe
ffffe2ff
00000b60
000007f3
fffff8e8
ffffd982
ffffff59
ffffeeb8
00002d0d
ffffb51c
fffff7be
00001280
ffffe52e
fffff710
0000002e
000024b1
00000f9c
00001b18
ffffef95
ffffe8d3
00000038
00000df3
0000059d
00001d9e
fffffb87
00001a0d
00001b44
000023f7
000014f0
ffffe181
ffffc648
fffff22b
0000350f
fffff75d
00002126
ffffddd6
ffffe2f3
fffffd16
fffffe9d
00001b0a
00000430
ffffd237
fffff540
00001922
00002b6f
ffffe9e5
00000bac
00001bba
fffffacd
00000602
00001a38
00000348
00000ef3
ffffff5e
ffffdd28
ffffe394
ffffd45a
fffff07e
ffffff99
ffffec9f
fffff850
ffffda2a
00000c23
00000bf6
0000057a
0000141b
ffffee24
00000cba
fffff5b7
fffffd5d
fffff73b
ffffea88
000016fa
00000907
0000120b
fffff65d
fffff712
ffffe9c3
00001d6a
00001a14
00000270
ffffe8fb
000011db
ffffebbd
ffffe928
00000312
fffff441
ffffd438
fffff5c9
0000046f
00001ddf
fffffd7b
fffffbe5
00001909
fffffbac
00000c81
ffffe2da
00001144
0000051d
ffffe159
ffffdbee
ffffd4b0
ffffe098
0000027f
0000159d
000002d5
000018ec
ffffab5b
000007f6
ffffb0a1
00000576
ffffd0e4
ffffe8c4
fffff5a8
000001e4
00000e8c
00000730
00000108
fffffe0a
000011f3
fffff5c3
00000904
ffffdf98
00003fcc
ffffe85f
000014dd
00001007
00002fa0
00000bad
0000261b
fffffca1
ffffebe5
ffffff9d
00000e5e
fffffe5b
00000ed7
0000128e
00001bef
ffffe8ad
00000643
00000a4c
00002603
00002a2a
fffff5c2
fffff2e3
00000149
0000016b
00003b6a
ffffffe0
00000872
fffff112
0000008c
fffff463
fffff672
00001bc7
00000644
fffffee4
000013ec
00001576
ffffef27
00001e9e
fffffa41
ffffe85b
00001b75
000003ae
000006fc
00000c04
fffff1f9
ffffeeea
0000216d
fffff646
00000992
00000f66
00004148
00000673
00001371
00001485
ffffe5a9
00000f55
fffff19b
ffffdec0
ffffeca2
ffffe6a3
fffffe71
0000187c
00001d1a
00000408
000019fd
ffffd627
ffffe9e5
ffffe5d6
0000493b
00001579
fffff409
fffffa17
fffff493
00002312
0000103a
fffffcaa
00000a47
000003f1
fffffcd2
000001c6
fffffb56
00001fcb
ffffecac
0000068f
ffffedfd
fffff459
fffff549
000011a0
ffffe5e5
00000189
000002db
00001c0a
ffffe2b6
fffffdf6
fffffc71
ffffe93d
00002293
000001f8
000010d2
fffff5d8
ffffe4bc
ffffdf94
00000ec0
00000aba
00001c09
000013fa
0000078d
0000299e
0000154f
00002430
00000565
fffffb8f
fffff07e
ffffc76b
00001224
fffff709
00000649
ffffebf1
00002080
000018e5
00000633
00000127
000009fa
00000a3b
fffff53b
00000d75
000035e1
00000376
0000081a
00000301
ffffed8b
00000317
ffffe645
000022f3
00001e58
000038f8
fffff9ca
00000ecc
ffffe9a6
ffffd7a9
000004c8
00001ddb
0000346a
fffffb1b
0000281b
ffffdb20
fffff063
ffffea18
00001faa
fffff3ba
0000097e
ffffc7e2
fffff0d7
0000319c
ffffd5f9
00000fea
00000185
00003c7c
0000392c
fffff294
ffffe8d5
ffffe082
fffffe6a
000027fe
ffffeade
000004f9
00002439
000017c3
000032aa
ffffdd23
fffffc25
00001761
000003a8
ffffe5eb
ffffe815
00001a1c
00003ed6
00000537
ffffab01
00003f29
0000044e
ffffcced
00002933
0000285a
00002e29
fffff4c1
fffffd77
00000333
ffffecf1
fffff27c
0000019a
ffffe29b
ffffbc27
ffffe649
000019c8
fffff9d2
00001f54
000041f9
fffff229
ffffd498
ffffda24
000010b6
00003f84
00001258
ffffbe25
00000ba6
00000ba9
ffffbf3c
ffffef05
fffff1d2
0000057d
000001cd
0000046d
0000364a
00002320
ffffc986
0000136a
ffffe1f8
00000775
0000279d
000036a3
ffffd6d5
fffff94f
ffffe2dc
000008a3
000008e8
0000258a
ffffd5ad
000011ce
00001e80
000010cf
ffffde2f
00000c84
ffffeff8
00000504
00005374
00000586
00000d82
00000488
00001dd5
fffff0e7
ffffc550
ffffe586
00000c1e
00002327
fffffa34
000024b6
00000d3f
00001bf1
00001410
00001a7e
000049c1
000031b2
00000573
00000d10
00002445
ffffd7e0
00001aac
ffffea77
00001ca4
ffffffe1
00001ea4
0000144b
0000038d
ffffee57
00000a56
fffffc46
00000c84
fffff36c
00000ea0
00002451
0000420c
0000214c
000025a5
ffffc745
ffffe79d
ffffe3b9
0000150b
ffffe9d1
00002098
fffff339
fffff72b
00000b45
00000b59
00001634
fffff358
ffffc83b
ffffe157
fffff0db
ffffffc4
fffffc40
ffffe7c5
00000d08
fffffe49
ffffdfd1
ffffdedf
ffffdd16
000010c5
fffff853
fffff2cb
ffffc765
00001234
ffffe99b
fffff3d4
ffffcf9b
0000118f
ffffd43b
ffffd291
0000107b
fffffa3b
ffffef4a
0000125a
ffffe56b
fffff9fd
fffff576
ffffed44
ffffcc59
00001124
00001258
ffffeab3
000000d5
0000082c
ffffef1f
ffffe960
000003bf
ffffee9c
fffff73d
00000172
0000067f
ffffee3d
ffffdaf9
ffffdd4b
00000272
00002626
00000c8a
fffff819
0000047e
000004ef
fffff3e3
00000c21
00000da0
000016d7
fffff0f1
00000d01
ffffc064
000001d1
00001808
ffffd8db
ffffdd14
fffffede
fffff943
0000045c
0000005c
ffffff46
fffff367
fffff5a1
000002b3
ffffdc1e
ffffdade
ffffcd8a
fffff1bc
000017fa
ffffba5c
ffffee0f
00000ffb
ffffffd9
00000444
ffffdab7
ffffd975
fffffacd
fffffb52
00000c5d
0000159d
00000a86
fffff1a8
00001857
00000734
00001399
00000d44
ffffd3d1
ffffd66f
0000095a
00000ea9
00000381
0000090a
00000999
000027af
0000011f
ffffea75
ffffd90f
00000434
ffffd811
000002d8
000014e4
000000d1
fffff406
ffffe2a0
00000a0a
00000239
ffffe58c
ffffef4b
000002a1
000003ed
ffffff67
ffffc549
000015fb
fffff7a4
fffffd0b
0000121d
ffffeac3
fffff2bc
ffffec8c
ffffc2ca
ffffe94b
00000a08
fffff4ba
fffff10c
00000d60
00000290
00000d52
fffffa47
00001106
000002ba
ffffffae
ffffc32e
ffffc3e5
000019db
ffffe9ac
00001e58
ffffd7dc
0000182a
fffff8b5
fffff897
fffff7e4
00001fa5
ffffecab
ffffdd07
ffffed24
ffffe381
ffffdebd
ffffdb17
00001f48
fffff241
00002161
ffffe722
000011c5
fffffc93
ffffe821
ffffe110
ffffe202
000017f1
fffffa9d
ffffd658
ffffea57
ffffe3fe
000003e4
fffff227
fffff7fd
00002d25
000002e5
ffffded6
0000098e
00001cbe
000011b1
00001e65
ffffc96f
fffffeb1
ffffc33c
0000118f
00000bc3
0000024c
000004a6
ffffcdab
fffffc3c
00000ca3
ffffef1e
ffffdf19
000001e8
00000f82
00002db2
00000efc
000002e7
fffffac5
ffffd250
00001a1e
00000553
fffffb44
fffffbfb
000003ba
ffffd598
fffff6ef
ffffef67
ffffdeff
00000fc9
ffffe701
000003ca
ffffd3c9
fffffd58
0000249b
00000ebf
ffffc7fe
ffffd9c9
ffffd713
fffffc68
ffffede5
ffffb510
00000854
fffff3b8
fffff9bc
fffffd06
00002a27
00001cc8
0000155f
00001bd4
00001ac1
00000590
fffffae1
00003868
00001aac
00002a45
ffffd969
00001359
00003e54
ffffec57
00001297
000020ed
00001e80
fffff3fd
00000118
00002767
00000092
00000d7a
00000622
ffffffd9
ffffb74e
fffff49b
ffffec4c
ffffe8b5
0000060b
00000cf6
fffffc43
ffffd4a8
ffffdf72
fffff961
00002623
0000037b
fffffd27
000026e6
ffffef71
fffff1c3
ffffd63c
00002eeb
000021a2
00001b93
ffffe913
ffffef99
00001481
fffff4ef
ffffe520
000037b7
fffffb53
0000117c
00003494
ffffc0c7
ffffcce4
ffffd0aa
00000195
ffffdbcc
00000366
00002506
ffffdcdb
fffff3f6
000017f7
00000362
ffffe0b1
ffffe7c2
000017d1
000009e1
fffff1a3
00002f6c
ffffec3c
00001575
0000020c
ffffd719
00002d65
000000c8
ffffec7c
00001695
fffff394
fffff6cd
00001839
0000101b
ffffe57e
ffffd411
ffffe797
ffffef17
ffffef48
ffffe6e8
ffffe14d
00001f0c
ffffec4b
00000c27
00000231
000008f0
fffff2cb
ffffe9d6
fffff325
fffff5c5
ffffeaec
000009d0
ffffff77
fffff84a
0000063d
ffffdf59
00000ffa
000002a2
fffff761
ffffe546
0000163b
fffff9a2
fffff9bd
00001500
fffff953
000007b1
fffff1b7
00000856
0000199f
ffffdcbd
0000189a
00002786
ffffecde
ffffd7f2
ffffec84
fffff9c3
00000b94
ffffe1b7
ffffd639
000017f8
fffffaf0
000021f7
00000674
ffffe8a2
00002650
ffffdb75
000012e2
00000ff9
ffffebe4
00000b26
00000920
ffffcfab
ffffe74d
000004f9
0000123d
ffffeb18
0000298c
fffff688
ffffe735
00000459
00000311
00000756
00000ba5
ffffe068
fffffdee
0000100e
fffffc88
00000f92
fffffbe8
0000016b
000019b5
ffffe60b
ffffdff2
ffffed72
00002a15
000023df
000033d0
fffff950
00000472
fffff37b
00001d46
fffffac5
ffffef05
ffffe9ea
000017e8
0000289c
00001c8c
fffff5f6
fffff66d
0000150f
00001f0b
ffffebf6
fffff4da
ffffd7f3
ffffef4d
000008c8
fffffc63
ffffdbd5
fffff230
fffffb42
ffffdb09
ffffece1
ffffe91e
fffff253
00000012
fffff584
ffffe38d
00002ba4
000034b3
00000387
fffffc60
fffff883
ffffe5cb
fffff57a
0000151b
fffff987
ffffee18
ffffe53b
00002803
fffff42a
fffff82c
ffffe48a
00001251
fffff392
000003e6
ffffe5a5
ffffde78
00000d1d
00000a27
fffff19a
ffffd8ba
fffff6c2
ffffee15
00001d6d
0000011d
fffff70a
00000659
000002b5
00001d5b
fffffdca
fffff199
fffffb15
ffffeab9
ffffbe03
000003e9
ffffdd9c
0000007e
fffff5b3
ffffe144
ffffe732
ffffe68b
ffffb405
00000096
ffffca12
000048bf
ffffe2c2
ffffcdf6
000024c0
ffffebb8
ffffe24d
00001de6
000001f7
fffff7a4
00000920
ffffe729
000072ad
ffffe918
fffff184
fffff1f2
00000fd6
fffff514
00003da9
fffff5fb
00003bd9
ffffe926
fffffa6f
00002cbd
fffff1a9
00001ee7
00001555
0000384c
fffff1c7
0000121d
00001d54
000002ec
00001278
ffffe4e3
00002055
00001cca
ffffe001
ffffc75f
fffffcbf
000017e2
0000144b
00001984
ffffd49d
fffff2ee
fffffc15
fffffa9e
00000744
fffffdff
fffff905
0000087c
ffffefad
00001fa0
00001381
000013a8
fffffee4
00002b91
00002864
00001aa2
ffffe0aa
ffffcd13
000034d7
ffffd854
00001573
fffffb28
00000817
ffffe679
0000256a
fffff121
ffffd93d
ffffe67b
ffffffaf
ffffe1f3
00005069
ffffd7ef
ffffeeeb
000026fe
00001f75
fffff9bc
00001934
00002eae
00001efa
0000034a
00002293
0000169c
ffffd351
fffffe19
fffffbbc
0000318a
000033f8
00001722
fffffe5d
00004ace
fffff24b
00000524
ffffff83
0000431d
00003091
ffffbfff
000000c5
fffff36a
ffffeaae
00000aec
00000aa9
000028ba
00002471
00002ea2
00004526
0000028a
fffff6b6
00004560
00000297
fffff1f1
00001290
0000055e
ffffe31d
ffffcfa9
fffff2d2
00000266
0000320c
fffffa66
fffff097
000019d3
ffffef4b
00000d58
ffffcd85
ffffc360
fffff7de
ffffb76f
ffffd75a
00000b57
ffffe5e4
fffff3a5
fffff301
00000dc8
00003120
ffffedd8
fffffbc9
0000124f
fffff636
00003bb4
00000ad6
00001f32
00002a51
fffff4d3
fffff158
0000006a
ffffb01b
000027aa
000041de
ffffdd84
00001d9d
ffffe9b0
00001ef1
ffffe89b
ffffe1e0
fffff5a4
ffffda41
00000564
00001099
fffffe3b
0000065d
000009c1
fffff7e9
00000648
ffffca73
fffff8a2
000007a8
000008ba
ffffdfaa
ffffe577
ffffc9fc
00002834
00001a73
00000bcd
ffffe623
ffffcdd3
00001896
fffff76c
ffffdf39
ffffcf5d
00002827
fffffc53
00003811
0000109c
00001a20
fffff760
000004d4
fffff4b1
00000975
ffffebea
fffff5e5
0000028e
fffffbe3
000014ce
ffffd38a
fffffa72
00000aaa
0000041a
ffffe03e
fffff3c3
ffffee5c
000001e7
fffffc24
ffffe7db
0000057f
ffffe94d
0000161a
fffff650
ffffeaa6
fffffb23
ffffed74
00000eb6
00001314
00001e7d
ffffe868
000013d2
00000941
000000eb
000015d4
fffffd98
fffff724
fffff162
fffff530
ffffe7c8
00000b5f
ffffe978
fffff44b
fffff719
000013ee
fffff926
000016c4
0000009b
00000027
ffffe5bc
ffffee6c
fffffa87
00000c3e
fffff6ce
0000287b
ffffe5af
fffffb5a
fffff7cd
000018e7
00000c4c
fffff657
ffffebcd
000032f0
fffff196
0000015a
fffffd47
00001467
00000315
00000482
000044ae
000013d5
fffffea2
ffffd827
00000f1e
000034e4
ffffd964
00002c85
0000251b
ffffe06e
00000b0a
00000049
ffffe6e3
fffffdb4
fffff6c2
ffffe1d7
ffffe157
000003d5
fffffc85
00001046
00000984
00000598
ffffeca6
ffffec38
00001ffa
000008d3
00001016
00000944
ffffdf40
0000016f
ffffd7ee
00001b47
fffffa07
00002a39
00000df8
fffffee6
fffff52e
fffff4c7
ffffe7c3
ffffd314
00000e2e
ffffbff3
ffffee3d
000018be
00001673
000015dc
0000211b
000017ff
fffffbf9
00000142
fffff7c7
00000ba7
fffff5f7
ffffeadd
ffffefad
fffff54a
000007e7
ffffd5fb
fffff62a
fffff48c
ffffebd6
fffff035
fffff69d
00000ad9
00000b1a
fffffb13
000004c0
00000f6c
000005df
fffffb64
0000182d
fffffe5b
fffffe2a
fffff79a
ffffed60
ffffe778
fffffb8d
0000220e
fffff8ed
ffffdf5d
ffffe6e1
00001d36
fffff88b
fffff37d
00001c5b
000002f7
fffffc2c
00000e90
000025ad
00001100
ffffdb56
ffffffdc
000013c9
fffff337
00000a21
00001728
fffff95c
000002ff
000014c7
fffffe31
000002b3
ffffec16
ffffffc3
fffff9ae
fffffba2
000025f8
000011a3
000012bd
ffffede3
000005f4
00000350
00000002
ffffee1a
0000065b
fffffcba
00000186
fffffc62
fffffe06
0000196b
00002f34
0000078a
fffff3ad
000025ab
fffffa4d
ffffecf6
0000005b
ffffe8aa
0000062b
00001893
00002335
ffffef18
00000424
00001ede
000004cc
ffffe89b
ffffff1e
ffffe5b3
00000bbe
ffffe7fc
ffffe171
000006a0
fffff08d
000003a1
ffffe6ee
fffff739
00000bff
ffffe7de
0000038a
fffffca6
00001fd3
ffffec46
00000c67
0000006e
ffffe7c8
ffffd899
0000032f
000010db
fffff77a
fffffd49
fffff76f
0000105f
000006e5
ffffed3d
000009e7
ffffe1ad
fffffc85
ffffeab4
fffffe54
00000640
fffffe5f
ffffebc2
000007d6
fffff972
00000272
ffffdca2
00000ff7
ffffdd61
000015c9
fffff14a
fffff0c3
fffff7e6
00001275
ffffff81
ffffe6bb
000002ed
ffffe1c5
fffff755
0000104a
fffff9c3
000009d9
00000d86
0000111c
00001229
ffffd8be
ffffed57
0000085d
fffff189
fffff5c0
00001747
000000d7
fffff76a
00000a54
ffffc4ee
000029fe
00000f1a
ffffd594
fffff691
00002309
fffff706
fffff021
00002462
00000973
ffffd9f3
00003daf
ffffe58e
000003fa
00001d78
fffff2af
00001046
ffffffc9
000008f1
00004072
0000301f
ffffa549
fffff655
00000497
fffffdf3
fffffef9
00004216
ffffd71c
000001e9
ffffd1e0
ffffe314
00000b42
ffffd3bc
ffffe149
000016e4
fffff690
fffff653
ffffcdde
00001839
fffffacc
fffffbb5
0000204e
00001131
0000091d
00000d3f
ffffffe0
000012ed
00001a27
00000782
00001e30
00001302
00003dbb
ffffe7b6
00000db9
fffffcc9
00000006
ffffdd12
00000e08
fffff690
00003614
ffffd8d7
00001665
fffffaa2
ffffce30
fffff53c
00001fff
ffffb61e
ffffc783
fffffecb
0000019a
000009c0
0000066e
ffffd378
0000059e
00003140
0000070d
0000255d
00002f7a
ffffdfb3
000018dc
ffffd673
fffffe6e
ffffeb0b
ffffe21e
ffffe20c
ffffc123
000013a3
ffffeff5
fffff19d
fffff400
000004e7
ffffe00b
000014d2
ffffdd6f
00002635
fffffb9a
000018f9
000004d4
000001fb
000016ac
ffffd557
ffffdf72
00000745
000008b7
00001522
00001ba0
ffffec9e
ffffc29c
ffffcc6b
ffffe850
ffffad5d
fffffc64
ffffd6d7
00000914
fffffb62
00000629
fffff6b5
fffff45e
00002965
000007f0
ffffd074
00001607
ffffebc1
ffffd804
fffff994
0000335f
ffffe19e
000023f7
000006c6
000022c6
ffffcc51
fffffb56
ffffeaee
ffffd94b
fffff9f8
0000065e
0000278d
00000095
000022f4
00003a4e
00000a4e
00003b7d
000028ab
00000b4f
fffffb43
000006d9
0000078f
ffffd51b
ffffd9cd
00000a21
fffff311
ffffe464
ffffee0a
fffff2af
000013fb
fffffc03
00000dca
00001ddb
ffffc8b0
ffffde45
fffff0bc
ffffe5ba
000014fe
fffffbd4
ffffe62a
000009ea
ffffc826
00000c81
ffffef0f
000011fd
00000654
ffffe0f6
fffff8ba
fffffdb8
ffffd319
00002ca9
000009be
fffffeb8
ffffe35d
fffff399
ffffed19
fffffd89
00001d84
fffff6d3
fffff3d2
ffffd4a7
00000a8f
ffffe8bd
ffffe0f2
fffff5db
000007e4
fffff23c
ffffe90d
00002ae9
000009fa
0000172f
00001389
0000081b
ffffdbaf
ffffece1
00004e6b
fffff615
00000614
fffff130
ffffed98
fffff8d5
00000639
000023c0
ffffe671
00000a5c
00000885
000018db
00000209
ffffee6b
ffffeff7
0000105e
ffffc5e8
fffff779
00000f31
fffffc9b
00000acd
ffffdb5f
ffffeb53
ffffece5
fffff6b0
00000afd
ffffe40e
ffffff63
00000deb
fffff507
00000596
0000383b
0000194d
000011ba
ffffc7d9
00002ee9
fffffb97
ffffeb72
ffffe702
0000359f
000005e2
0000379c
00000c2b
fffffe8b
0000229e
ffffe7f6
00002003
00001937
fffff50d
00000978
00000881
000003b1
00000885
000007ca
00000d37
00002442
000000ba
ffffecd8
000030d3
fffff577
fffffdb7
ffffeafa
ffffd477
00001915
00000131
00000ac3
ffffd46c
fffffccf
fffff3d1
fffff228
ffffef8a
00000f4e
00001545
00000a3b
0000028a
fffff10d
00003117
000004a3
ffffe6bd
00004472
ffffe654
00000720
ffffd469
ffffea55
00004f1f
00000056
00000233
fffff5ec
ffffe9cb
00001dc9
fffffa5d
00001411
ffffee36
ffffe4c5
ffffe10a
fffffaab
000009ad
0000298f
fffff86b
ffffdf7b
fffffbe0
ffffce2a
ffffee9b
0000028e
ffffecb3
ffffcf45
fffff3d0
0000037d
0000090b
ffffee86
ffffd223
00000330
fffffbc5
00000633
fffffe15
fffff400
00001057
00000cd5
ffffeec9
000000e3
fffffe59
ffffd9c6
00000d53
fffff9c6
00002ba6
ffffff42
00001a5f
000001ee
ffffe78b
fffff898
ffffe4a3
fffff6ee
fffff953
00000d0b
ffffd8c8
000004ad
00001d90
00001509
00003922
000005a7
ffffff90
0000262f
fffff642
fffff993
00002c35
000004de
ffffee5b
ffffec68
fffff7b0
ffffccfa
ffffe61b
fffff41e
fffff725
000019b7
fffff7df
00001514
ffffe714
ffffeb4a
ffffe5e7
0000067a
0000016d
ffffe98c
fffff86e
ffffce73
fffff5ab
00000f58
fffff953
00002f18
fffff606
ffffed5d
ffffd837
00001344
fffff162
fffffdec
0000082d
fffffe45
00001102
000008cd
fffff618
000013c5
fffff6a6
ffffe326
ffffead1
fffffcd6
0000141c
ffffe782
00003a1b
ffffda34
ffffee6c
ffffdcca
00000b01
0000024b
ffffe941
ffffefb1
fffff22c
000002dc
fffff55d
00000ef4
ffffdff6
fffff70c
fffffd78
0000094a
fffffca7
fffffdd4
ffffee64
fffffbae
000001f3
ffffe83c
00000401
fffff836
fffff6a3
ffffe3ae
fffff5bb
000002d1
ffffda8f
fffff8ad
fffffae1
00001925
fffffd0a
fffff9b1
fffffe05
ffffeb91
000001d4
ffffe7d2
fffffc6c
fffff67a
fffff201
00001f8f
00000ce5
000025fd
00001aea
00001e8a
000010d1
fffff3c6
fffff647
ffffdd73
00003ec2
000017c5
000016fd
fffff187
ffffc127
000008d1
ffffdc0c
fffff807
0000010d
ffffffbe
0000015f
ffffeffe
fffff302
fffffaec
fffffdbf
ffffdb41
0000026f
ffffd99e
ffffde25
ffffe67c
00002269
0000050f
00001759
00002497
ffffe3e4
ffffdf2a
ffffeeeb
fffff112
fffff424
ffffe490
00001289
00000939
000005cf
fffff88b
00001e4c
00000ef9
000008ed
00001795
ffffe43a
00002dbf
ffffe398
0000055b
ffffe479
00002b52
ffffec6c
000016da
00004ca8
00001072
000029a6
0000077b
00000fb5
fffffa72
00000dd0
ffffda63
000024ce
00000121
000008f1
fffffe91
000007db
ffffed72
0000064e
ffffe59c
00000f74
00000443
ffffef01
000007ed
000018b6
ffffda69
00001479
000013e2
00000ba3
ffffeb61
fffff48a
000005b2
ffffe1c8
000000f4
ffffe8cd
000007a4
000006e5
00000af5
00000264
ffffe4f4
0000412d
00001554
00002076
000017e7
00000f78
fffffaac
ffffeab0
ffffec8b
00001407
ffffeaa1
00000ab9
00001058
0000049b
00002587
fffff84a
00000dd9
00000ac2
fffff967
ffffda1c
00003801
00000f2e
0000263a
ffffedf8
00001380
00000ce1
ffffebb4
fffffb07
0000167a
ffffda17
ffffebfc
00000c18
00000863
fffff885
ffffccc0
00000b1d
ffffe9ae
00000ed8
00000396
0000091b
00001aca
fffffd65
000017c9
ffffcc1e
000005a7
fffff543
fffff80b
000038ca
00002158
00001f4d
00000ca4
ffffd1b1
00003249
000017ef
000037a6
ffffffb5
00002222
000021c7
00000bd5
ffffdcb0
00002ba2
fffff419
fffff4b0
fffff539
ffffe1bb
00001127
fffff0e0
00002669
0000282d
fffff858
000034c0
0000009a
00000afd
00001488
fffffbb9
000003c4
000000e7
000009e6
0000162f
00002892
ffffff39
00002827
ffffccb1
fffff2e5
ffffdf35
0000142c
fffff790
fffffb62
fffff33c
000009d6
fffffe29
ffffc62c
00000c7c
ffffe2bc
fffff2de
fffff238
000003f6
0000008d
00000bde
ffffdd5d
0000024d
fffff576
00000b59
ffffe818
ffffe1cc
ffffe9d1
fffff1a0
fffff2f2
00000843
0000021d
000002a2
000002c9
ffffd66a
00001ecd
fffff94c
00001a18
fffff374
000011be
00001464
00001ced
00000239
fffffd62
00000933
00000505
fffffe49
00000695
fffffed8
fffff922
000008c9
fffffdfe
0000145c
fffffaf6
ffffffbc
000010de
00001143
000005ad
ffffea4a
00000e57
ffffefb7
000007ec
000001c2
ffffd929
00000049
00000ad0
00001022
fffff63b
000008dd
ffffe504
fffffa77
00001308
fffffaac
00000630
fffffc6d
00000036
00000c34
00000f98
00000647
00000502
ffffddbd
fffffb56
00001394
000003eb
fffffc37
00000fa6
00001e55
0000232a
000018fb
ffffe756
fffff831
000014f0
fffff553
fffff5f6
ffffe7f5
000021de
000002ac
00002615
ffffe5e6
fffff143
00000582
fffff5aa
ffffff8f
ffffedbb
ffffed19
ffffe9da
ffffd741
00000d02
00000a2d
fffffe4d
00000f6a
00000e9e
fffff52c
00000785
ffffe39e
0000093b
ffffeb0c
00000883
0000064f
ffffff3f
000003c6
ffffd6c8
ffffde5b
fffff38c
0000014e
ffffe6cb
000003c2
000007e4
00000533
00000999
fffff824
fffffd3a
0000029c
00000527
00000d46
00000224
00001aee
fffff7e2
00000e7d
fffffc37
fffff7c2
00001302
fffffb26
00000f4a
fffff00e
00000553
000005b8
fffff082
ffffd66e
00000cfc
000003a7
00000b42
fffffdb2
ffffe296
00001513
00000cce
00001698
fffff7fd
00001623
00000491
00001029
00000193
fffffec3
fffffe90
ffffe07d
ffffea75
000010ba
fffffc43
ffffdc1a
fffffae8
00001614
00000048
ffffe4e5
ffffff56
fffffd96
000010f8
ffffd13d
00000e5a
ffffffd9
fffff753
ffffee8e
00001313
000005d3
fffffb21
000014d7
ffffffeb
fffffd57
fffff9a9
fffff76f
00000973
ffffff99
000002cf
00001838
000030d8
ffffe5ca
ffffd124
000013a3
fffff85b
fffff4ea
000023f1
00000583
fffff7b5
000013c9
00001262
00001b25
ffffe144
fffff3a2
fffff317
ffffd457
00000397
fffff4f2
ffffe111
fffff98f
00001340
ffffdd11
fffff007
ffffe829
000002d8
ffffd5a2
0000038b
fffffbd9
fffff23b
00000b66
000006f0
000005c1
fffffcee
00000e9f
fffff33a
ffffeea6
000003ec
00001cd8
000017af
00001db0
000007de
00003cb4
ffffdf8f
fffffabd
00003bb8
fffff744
fffff1bf
000019a2
ffffe3a5
000007f1
00002526
fffff006
00001275
ffffd9d5
00001150
000009a0
00002523
00000fba
00000ab4
fffff4c3
ffffeb8e
ffffeaa7
000010ff
00001e93
00000bdc
0000178b
fffffbe2
ffffeff7
ffffef45
fffff6b9
fffff39c
fffffb2e
00000bcf
00001379
ffffde08
fffffc0c
000013f7
fffffb6b
ffffdfc9
00001238
ffffe7b1
ffffcf05
0000253b
fffff0a3
000001b7
00003e64
00001250
ffffe4f6
00001b59
fffffd30
00000c63
00001d95
fffffbc5
ffffebeb
ffffdeed
0000106f
fffffb0c
fffff67b
fffffe58
00001c89
00001e14
ffffe8e0
ffffe6a7
00003387
00000205
00001823
fffff751
000009d7
fffff1ce
000013f0
0000056d
ffffd998
00000a76
00002cf0
000019d8
000013e0
fffffb59
00001559
ffffede2
000025f3
fffffb8a
ffffff30
0000043a
000004f5
fffff68f
fffffc9c
00000214
00000609
0000259d
00002e07
fffffcc3
00000524
000010af
ffffefb8
ffffc8cd
000002a3
0000363d
ffffeb5f
fffff775
ffffdbda
00001f0d
ffffe6e1
000002ac
fffff357
ffffc702
fffff39d
00003e23
000000f1
fffff432
ffffe44e
fffffe3c
000001d1
0000187d
00000cf8
ffffd5ad
00000f58
fffffd71
00002001
fffff06e
ffffd91c
fffff171
ffffd525
fffffb1a
00000a59
ffffecbb
ffffca17
00000ac6
ffffd22b
00001233
fffffc2b
00000abd
000001fa
fffff0cb
00000b69
fffffb1c
00000c04
00001e42
ffffd14d
fffffc22
ffffdc91
00001090
ffffe920
ffffd7b0
fffffff1
fffff63e
00001801
000014a6
000001c2
0000017f
0000092b
fffffce2
0000085e
00000efd
00002285
00000c8b
0000062f
fffff713
0000006f
00000305
00002a9c
ffffdae9
00000147
fffffd6a
00004211
000000cf
ffffebb0
ffffd843
ffffe7ee
0000085b
fffff54f
00000e25
000022e6
fffff931
fffff716
00000078
00000088
000001f4
0000226f
00000e67
fffffc9f
0000081c
ffffec09
fffffb4b
fffff8f4
00001d39
0000166f
0000044c
000036e7
ffffc78b
fffffff3
000018bc
ffffe648
ffffe115
0000158f
00000d8e
fffff3bb
ffffe77f
fffff9d5
ffffff0d
fffff60c
fffff6bb
ffffe701
000012ca
fffffeb7
ffffff39
00001388
0000046d
fffff916
00001c5d
ffffb42c
ffffdd56
0000093b
ffffece1
ffffebe5
000004fe
00001f55
fffffcbf
00000024
ffffdac2
ffffdd79
ffffcd56
fffff346
ffffef9b
ffffdfac
ffffc808
fffff847
fffff547
00000a24
000006a4
00000747
ffffe573
fffff04e
000010d8
ffffdf95
000038ef
0000378b
ffffdaa6
ffffe84b
ffffd9ee
fffff83f
fffff6bd
0000183a
ffffe407
00001122
ffffeb7e
0000009b
fffff762
fffffc06
ffffed6e
000005bf
ffffccc8
00001978
ffffe2db
ffffdc80
00000912
00001331
000011e4
fffffb6d
00001dcb
00002b86
00000234
000003b2
000025e6
00002828
00003c57
00000d44
ffffdc2b
000025e2
000023db
00003b9d
ffffbc5f
ffffea6e
ffffe17d
000002bd
ffffef41
ffffe9d5
ffffe40c
000008a2
000009b3
00001a36
000007da
ffffe1ff
ffffe89e
ffffdf74
ffffe41e
000020ee
00000998
fffffc5f
00000863
ffffe4df
ffffdbe7
00000470
00001107
fffffa9c
000005ca
ffffe16a
00001e3e
fffff6c7
00000f0d
00002b4d
ffffc6ab
00002038
ffffe997
000026be
00000471
00000b7d
00001552
fffff6c7
fffff2de
ffffe49f
fffff61e
fffff800
00002451
00001ca8
ffffdbc7
fffff32f
fffffed9
000011de
00001e15
000005ea
000006e8
000024c9
00000b3e
fffff90e
ffffa4af
000021b0
ffffcf38
fffffdcb
ffffef1e
000021cc
ffffe8bc
ffffd572
ffffed43
000004c2
00001d78
ffffe030
0000088c
fffffa1d
0000239e
0000036e
00000af4
ffffdff4
000006d5
00000f4b
fffff4ad
ffffe60d
000004dd
ffffe0f8
fffff954
0000047d
0000082d
00000656
fffffb85
ffffe315
fffff907
ffffd5e4
000025b3
000006bc
ffffe42b
fffff82a
00000b9e
fffff9bf
00000c3f
000007a5
00000939
000017ee
00000876
ffffff0d
00000014
00000378
fffffe78
00000a18
ffffd256
fffffa42
ffffef38
fffff68b
00001b7b
00002258
ffffff5b
ffffef0b
0000183b
ffffe0cd
000012ae
ffffecf1
00000ca6
00000f06
00000396
00002660
000013fb
00000593
fffff7ec
00000cc9
000006ac
fffffe35
ffffeeee
00000ff1
000000fa
000006b4
00001c2a
000005ef
00000a47
0000011a
fffffd4f
00000968
ffffe0bf
0000118d
fffff868
ffffed1e
ffffe9d8
00000766
ffffeb61
fffff703
000001a3
fffff852
00000d36
fffffbbb
0000162a
fffffd4a
fffffa4c
fffff53c
fffff8c6
ffffe5ba
fffffead
fffff834
00000ee9
fffff3bf
00000b1d
ffffea8f
ffffe457
00000d8a
00000cca
00000f31
00000aba
ffffeae6
0000301b
fffff58b
fffffd36
ffffeae9
0000136f
00000ed3
0000219b
fffff7fd
fffffec4
ffffeaac
fffffdcc
fffffa97
00000a92
fffffeb6
fffffc19
000010eb
ffffefef
00001290
00002330
ffffe4ec
00001247
ffffd875
000010c5
000004d6
ffffecfe
00000587
ffffd97e
fffff038
ffffe11a
fffff8ad
ffffe4b5
000024ce
000031b9
ffffec70
0000098a
fffff4ee
fffffce1
fffff32d
ffffe01a
000005e7
ffffedc1
ffffef29
000011f0
fffff2d6
ffffe883
ffffe20c
fffffd36
ffffcd8f
ffffdbf8
ffffdba9
ffffffa4
fffffa91
fffffd63
fffff24a
00000a89
ffffdfe1
000008e3
fffff391
00002703
ffffebc1
ffffe322
fffffb9a
ffffec56
00000b77
ffffee91
00000451
ffffdf3c
00000968
00002ca4
fffff792
fffff7a0
ffffea7d
fffffdf0
00001746
00000b9d
ffffeb6c
fffffc32
00001e41
0000267f
ffffdae2
0000124d
fffffaf7
fffff0dd
000003a8
000022ac
0000006a
0000044e
fffff217
00000248
000002d2
ffffdefc
ffffdf9d
fffff94f
000005a9
000013bd
ffffe6a9
000002c2
000024ad
00000c7a
00000988
0000046f
ffffee2f
000000f0
00001513
00000364
fffff26b
fffff92c
ffffed90
000000b8
fffff7bc
00001c38
fffffa6b
000001ff
000017a1
0000158d
0000055d
fffffc78
0000032f
0000090b
000010d8
ffffffca
000008a1
00000a5a
ffffeaea
00001104
0000477b
ffffc14d
0000017b
000015a5
ffffe6e4
ffffebf9
000005a4
fffffbcf
fffff689
ffffe9d9
ffffe2b8
00001c5b
00002144
0000314b
fffff3a9
ffffc9d3
ffffeca6
ffffe5b3
00000708
00001795
00001d83
00001fe9
00000841
000013cc
ffffecd9
00000d26
00001253
0000140f
000001f2
ffffebed
00001c7b
ffffe89e
00000ade
fffffa62
fffff2c2
000009ce
0000237c
00000cb5
00000f99
00000913
00000224
ffffe976
fffffbfc
fffff7a3
000011da
ffffff97
fffffeff
000024cf
fffff95f
fffff4e5
00000881
ffffe153
00001148
fffffc47
000020cc
0000016b
00000bae
00001925
000000d5
ffffda82
ffffea11
00000025
ffffe467
ffffba1d
00002815
ffffe7f5
ffffb914
000017bb
00003257
ffffedad
fffffd0d
fffff8fc
fffffa5d
000007bd
000004be
0000372f
fffff373
ffffeed3
000005dd
fffff0af
ffffe3db
000009cd
ffffea7c
00000fb4
fffff212
ffffe950
ffffe665
000006d3
00001ab9
fffff6df
fffffd78
fffff09a
000006bf
000001bd
ffffe947
ffffea65
0000004d
00000ced
fffff88d
000017c6
000001c7
fffffd9e
00000b0b
ffffd5c3
fffff2ab
000003a6
00000588
fffff13e
000020d1
ffffd38b
ffffc571
00004588
00001a7b
00001326
0000254a
00002176
000032a5
ffffe493
ffffdec3
fffffc28
00003379
00001beb
ffffccbd
00001966
ffffea4e
fffff5de
0000094d
ffffe91f
00003001
00000d7b
0000230f
00001137
fffffe03
fffff65f
ffffeec9
fffffdba
ffffced7
000005e5
00000dd0
fffff767
00000e56
000011e6
ffffdedd
00000a82
00001444
0000067c
ffffff6b
fffff071
00000b6f
ffffd859
00000c06
0000172c
00001634
ffffee52
00000655
00001443
00000781
00001d08
fffffe05
00001f5d
fffff3ac
fffffdb6
fffffed7
0000243f
0000136c
fffffd98
00003ec2
00000ad7
ffffdfe1
000010ca
00000ca0
000002f5
00000ba1
ffffdff8
00000acb
fffffbb5
ffffe8fb
fffff249
fffffb14
fffffea6
fffff948
fffff627
00001206
000000ba
fffff1bc
fffffaa6
000008f2
00000ef2
00000675
ffffebac
00001d70
fffffb62
fffff30a
0000089a
fffffc98
fffffff3
ffffefa8
fffffe87
ffffea22
00001afc
00001e12
fffffe95
00002ce2
00000e76
000001cf
0000329b
ffffddf2
00000a26
00000f8f
00003024
ffffe874
00000983
ffffeb98
ffffe393
00001714
ffffee47
00001563
0000192b
0000264c
00001a7d
ffffd35b
000015df
00001840
00000538
000018f3
00000689
00000f2e
ffffdb8e
0000026a
fffffc9f
000002ab
00001c08
ffffe891
00001d23
fffffe5e
0000170b
000006a9
fffffcb9
ffffeb63
00000cfe
ffffe930
0000122e
ffffeb89
ffffff85
00000645
fffff818
ffffd523
ffffe4bf
000010a2
000015b4
ffffeec2
0000124c
000009b6
00004668
00000741
fffff923
fffff6b5
fffff760
fffffeaf
fffff22f
ffffeda9
000005b7
00000548
fffff8d7
ffffecff
fffffb5f
ffffee79
ffffcfb4
0000021d
00001f74
fffff58d
fffff1d3
ffffe826
ffffff2a
ffffd53b
000024a7
ffffe8b5
ffffe1b3
ffffec3b
fffff9c8
00000ad2
00002a23
000005bc
000012f3
00001e4b
fffffe63
000015b1
ffffda49
00001474
ffffee29
ffffedfa
ffffe6b0
00000828
0000075b
ffffe0f2
fffff54b
ffffeca5
000029e0
ffffd1a7
00002253
fffffe99
000040c4
000003f8
00000abb
ffffcf55
ffffd6c1
00000b81
000003dd
00000f2f
ffffd7ae
000000b0
ffffe101
ffffd959
fffff371
ffffdb9b
0000024d
000031e0
ffffd1d5
fffff5a1
fffff98f
00000bb2
fffff1a3
fffff209
00000275
0000068a
fffffe12
00001edd
0000272d
ffffd307
00000ca6
00000fd0
ffffe2c8
ffffec4e
000020f7
ffffd797
ffffc923
ffffd6b8
ffffe7e0
00001fb1
fffff4ce
ffffef60
00000e91
0000243a
00000cec
000006c0
fffffb6d
ffffc14b
00002acb
fffff83b
ffffeb8d
00001415
00001051
00000552
fffffa69
00000e73
000038d7
ffffdcaf
00001e85
fffffb14
fffff478
00000168
000004cd
ffffe707
ffffe7bc
0000189c
00002795
0000006f
00001f07
00001f10
fffff91e
00001899
ffffcd1a
ffffe14e
00000e94
ffffff7c
fffff149
00001741
ffffeeb2
00000d4d
ffffddd5
ffffe6d4
ffffdbb8
00000a8a
ffffbc18
00001673
000026b0
fffff5b4
fffffa50
00000a00
0000071f
ffffe5f2
000009a1
000022f8
ffffe059
fffff359
0000267c
fffff5b4
ffffd572
000008bf
00002512
0000202c
00001b15
ffffffa7
fffffed4
ffffe74a
000008d8
ffffee66
000042c8
00004e79
00001b23
0000310d
000034ac
00001e10
ffffec1b
0000143c
00000de1
fffffc42
ffffe4c8
fffff6e1
00000da0
00001e13
00000311
ffffbdb3
00000cbb
00000eac
ffffcf63
000001e4
00000727
000018dd
ffffde6d
ffffd267
ffffdf0a
ffffe711
0000320c
00000f68
00001cff
ffffd650
00000315
ffffeaea
00001f0c
ffffe712
ffffd1c2
fffffb79
ffffcc27
00002243
0000069d
0000199c
0000095c
ffffe8f1
00000460
fffffe4c
0000128c
00001819
0000128a
ffffe262
ffffff8a
00002050
fffff439
00003474
0000122f
00001680
fffff929
00001702
00000911
00002bf3
ffffed19
00002a19
fffff9ae
00000589
ffffefcc
000044f5
ffffd2ce
0000045e
fffffd26
ffffe9dc
ffffffc8
fffff324
000033b2
00000eae
000009d3
0000037d
ffffeea3
fffffd19
000012ef
00000fb7
000000e5
ffffe8eb
fffffcd9
ffffe874
000024e8
0000086c
00001a11
00002370
0000015c
ffffdcd3
fffff838
00000ba2
fffffa08
ffffffe9
fffff96f
fffff5e2
00000ec4
00001be2
fffff4d1
ffffdd63
00000234
ffffeef8
00000124
00001184
000021cb
00001bbf
ffffe953
0000048a
fffffd11
fffff92c
00001991
00001ede
0000087f
ffffe689
00000998
000001fa
fffff1b8
ffffe46b
ffffe118
fffff012
00000650
00001f3f
000015f9
00000b9a
0000169a
fffff917
fffff43a
00001612
fffffe47
00000d8a
ffffcc73
ffffd612
00000e2c
000011a2
fffff3b3
fffff087
0000069a
00001094
fffff377
00000e0f
ffffea1d
00000d9b
ffffdedd
ffffd3c0
fffff122
ffffe512
00001c81
0000231c
00001cae
00000612
00002a0a
fffffac4
ffffd094
ffffe2d2
fffff679
000006e1
fffffcc8
000000bb
fffff765
fffff972
00001870
0000047d
ffffed8c
fffffb48
00001b83
fffff2a0
000014c0
000006f3
00000dd6
00000dd4
0000082d
ffffce49
0000026b
00001686
00001d99
00001874
0000025c
00000535
fffffaa8
00002a04
0000131f
fffffb12
fffff3b0
0000004f
ffffb6c7
000007f7
00000113
00000682
00000b88
ffffbcfd
00001245
000000d0
00002220
ffffdc6e
ffffe15b
ffffc71d
00000461
ffffeb70
00000681
fffff81b
00000975
fffffa36
00000554
fffff794
fffff985
00000364
00000767
000002ae
fffff7c2
00000abc
ffffebfa
fffffb44
000010e6
fffff258
00000896
ffffebc6
ffffee35
0000074e
0000183c
00001e92
fffffde9
000014dc
ffffd9a4
00000c9f
ffffde50
ffffee7d
ffffe6b2
fffff509
fffff141
fffff32f
00000a63
0000075b
fffffebe
fffff049
000003d6
fffff531
000003d1
000007a1
00000f77
ffffed3a
00000e7c
fffff384
fffffc03
0000079b
00000c06
0000016a
00000485
fffff1d4
fffff49f
00000649
00000771
fffffc4a
ffffeac7
000010bd
0000031f
ffffed02
fffff996
fffff635
0000021e
0000100e
00001307
00001ad3
fffffc89
000004ed
000013db
fffff9b7
fffff5d9
fffff056
fffffc89
fffffde7
00000896
00000208
00001a46
00000726
ffffe919
fffff2bd
fffff83f
00000ebd
000013fb
ffffffb1
ffffec81
ffffe14a
000002ad
00000b99
00000053
0000005d
fffffda2
0000115a
fffffb38
0000070e
00000fb6
fffffd3a
fffffe8d
fffffcd7
00000f12
0000024e
ffffff77
00001388
fffff34a
fffff84f
00002c3e
0000182b
00001e90
ffffdfa7
00000234
ffffe2ee
0000036f
fffff2dd
00000e53
fffff3ae
fffff55c
00000f6e
ffffec81
000000b3
00000eed
ffffff21
000003c2
ffffedbe
fffffd00
00000c02
000014e8
0000106c
ffffee3c
ffffe88f
00000903
00000145
00000b1f
ffffe772
fffffd8b
fffffed0
ffffda76
0000187c
000013c8
00000836
fffffba5
0000091e
00002143
ffffe45b
fffff982
00000fa6
fffff830
000019f0
ffffe48e
00001c46
00000941
000004e2
ffffed02
ffffef96
00000271
fffff45f
00001ffd
00001564
000009d1
fffffe4d
0000231e
ffffea54
fffff9e7
00000372
ffffffbb
00000f03
ffffeda5
00000952
00002324
fffff88b
00001599
00001901
00000be6
00000859
ffffdc94
0000186a
000022e6
0000010b
fffffc93
0000020c
000003b4
fffff614
ffffe7f3
fffffa9c
fffffc78
fffff06e
fffffaee
00000404
fffff523
fffff64e
00000a83
ffffde8d
fffff322
00000ee6
00000310
ffffe9bf
00000970
ffffefdb
ffffe506
fffffb70
fffffcc8
ffffea85
00002f44
fffffe4e
00000e75
ffffed08
fffffe07
ffffe4d1
00000d08
ffffea14
00000cca
0000029c
ffffeaf4
fffffc6a
fffff163
000012ad
ffffed99
00001b67
fffff48b
00000818
fffff7a4
fffffdd1
00000895
0000139a
000003ed
ffffe9e9
ffffe993
ffffdc82
000024a8
ffffe773
0000075a
ffffeec5
fffff9ff
0000027e
ffffd99c
fffffb50
0000001d
0000188d
ffffeb68
ffffff46
ffffffb9
0000165f
00000646
ffffdfd4
fffff73f
ffffe36d
ffffd44c
ffffc745
0000014b
0000198d
fffffd1b
fffff923
fffff440
fffff54a
000004df
ffffcf17
ffffeb74
00001e14
fffff618
fffff6f8
ffffdb01
00000453
0000194a
00000527
00000513
ffffe994
ffffec1d
0000112b
fffffafa
ffffeec9
0000078a
ffffeba9
00001561
ffffe578
fffff709
ffffdff2
ffffe380
fffffbb6
0000056f
000012ab
00001cba
000007d3
000018fa
ffffe4fe
000003a2
fffffbd3
000008b0
ffffeee5
00000d36
00000401
000021ed
fffffdac
000008c9
ffffed03
ffffc9a0
fffffa89
ffffde14
00001dc7
fffff001
ffffeb37
fffff6e4
ffffde48
ffffecdb
fffff552
fffff91b
ffffeee1
00001359
00002aa8
000009c4
00001452
0000147f
fffff348
00000eb9
fffff7c9
000008b0
000008e0
00003039
ffffd0db
00000725
00000489
fffffda2
ffffeb8b
000007c9
00000b8b
fffffe29
0000245f
fffffe92
ffffe9ec
00000229
0000338c
000019b6
fffffa6d
fffffc0a
ffffe687
ffffdb60
0000107a
00001ef6
ffffd836
0000240f
00000379
fffff215
fffffd31
ffffd746
0000097f
ffffdae2
000004b1
000004bf
ffffe146
0000196b
00000146
ffffe36c
ffffe99b
ffffe637
fffffe6d
00000143
0000074a
ffffce00
ffffe1b7
fffff5db
ffffea64
fffff3fb
000005b2
fffffb78
ffffe9c0
00000e57
fffff499
000009c0
ffffffdc
00001f66
fffff9d3
fffff9bb
000005e3
00001534
000009bc
00000507
ffffff9f
ffffff0d
ffffe6f5
ffffd3d3
ffffb911
00001d43
ffffff7b
0000035f
00001ffe
fffff4a3
00001af4
fffffcd6
000017d0
00001a95
00000a80
00000451
000009df
0000010f
00000a26
0000141a
00001b10
ffffd7da
ffffeb14
00002213
00000360
ffffe057
000015c7
fffffc15
0000058c
ffffec35
fffffc72
ffffd58f
ffffea40
000022d5
000003b1
ffffea05
00000a90
ffffe4d1
fffff099
ffffe837
000007f9
ffffdcc7
000021f1
fffff72a
ffffee5d
fffff4e3
00001c96
000009d4
00000ba0
fffff734
ffffeab7
fffff628
00000b6b
00001edf
00000c20
ffffeb53
00001fa4
fffffc62
fffff3bf
000005f2
fffff48e
00000bed
00000b6e
0000164a
ffffea98
0000076f
fffff6b4
fffff710
ffffee69
ffffe323
fffff5e2
00000db8
000012a5
ffffe53e
00001ec8
fffff5c4
00003592
ffffed90
ffffcc93
00000eda
fffff9ae
ffffcb50
00000618
ffffd290
ffffdb3d
000019d5
00000ab2
fffff6a1
ffffdb0b
00001a5d
00000026
ffffff37
ffffcd95
0000130f
ffffe23c
00001382
00000ac5
fffff67a
ffffea37
000018ea
0000115f
0000009a
00001a46
ffffddc4
fffffb31
ffffd3f4
fffff61e
fffff3e7
00001a06
000010cd
000003f1
00001d21
00002d59
000019c1
ffffe4ec
00000a71
ffffef15
00000c39
ffffc58d
ffffc877
00004c39
fffffe37
0000133f
00001669
ffffea9a
fffff722
00001cf1
ffffeb42
00000a97
00002a38
fffff818
ffffe1b9
00002531
ffffdc89
000025aa
00002134
00001a5f
00000fbd
fffffb21
00000035
00001258
ffffe06b
000020a0
000008e9
ffffee1f
00001290
ffffe9d3
00001944
0000271e
ffffcf3b
000025b2
ffffdbb9
ffffe729
000000c4
00000c95
ffffc9fe
0000155e
ffffdc01
000011dd
ffffd8d5
fffffa7b
000029ec
0000155d
000008ad
ffffe4cd
00003992
ffffd6a6
fffff393
fffff799
0000033d
00000860
fffffb83
ffffedd9
ffffcec9
ffffffb8
00000177
fffff543
fffffc2c
00000be6
00001c0b
00001ff2
000007ea
0000234d
00001bd3
00001ac6
000015b2
0000302d
ffffed76
fffff0de
fffffa66
00001fda
ffffefa3
000007f3
0000028e
00000353
000009b8
ffffe506
ffffebbc
ffffd290
ffffe928
0000190d
0000162c
0000073d
ffffdee6
ffffe441
fffffaef
ffffc791
ffffe2be
00000434
00000a95
00001241
00002f5a
00001068
fffff739
000026df
ffffcb89
ffffd3a5
ffffdbb0
ffffbbd9
fffff01a
000014c3
0000182b
fffff5ed
fffff7bc
00000ccb
ffffe9ca
ffffe647
ffffdd30
ffffe4e0
ffffee3a
fffff9e1
00001e64
00000c1d
ffffe91c
fffff1dd
00001cb3
fffffbd3
ffffe141
ffffd94c
00000c43
fffff738
00000731
0000203d
ffffe875
00000e75
000003fc
ffffd64e
0000192d
ffffeebd
00000432
fffffeb7
ffffe82b
000010da
fffffb53
fffff292
00001feb
00000242
fffff718
00001033
00000278
fffff3f9
000013cb
ffffec07
ffffe844
00001c29
00000739
00000241
ffffb1ea
00000a5e
fffffe53
ffffe5cf
ffffeabc
ffffe188
ffffd597
ffffebfb
ffffed4e
fffffe9b
00000791
fffffe85
00000cf4
00001214
ffffdda2
fffffc69
00000341
ffffe38a
000008f0
00000de4
fffff741
00000ed1
0000173a
fffffc3d
00000919
00000f2a
ffffe67a
00000d2b
fffff33f
fffff4de
fffffb93
fffff6fb
00000110
ffffe968
00000a03
0000080e
ffffe52d
000005fe
00000202
ffffe607
fffff655
000001e6
ffffef52
000001cc
00000b07
ffffd33d
ffffd96b
fffffc6c
000009a7
00000267
00000427
000025da
00001721
fffffef1
ffffea15
fffff750
ffffebed
00001e5c
0000033b
ffffd7c3
ffffc7af
fffffd2a
0000069c
00000265
fffffa5d
ffffdaee
ffffea4c
000005a6
000006d3
0000091f
ffffe344
ffffc189
ffffe8aa
000003d8
fffffdb9
0000049f
ffffef00
ffffeaa2
fffff008
00000f0c
ffffe658
ffffd47e
ffffebe7
ffffef43
fffff387
ffffde36
00000e17
ffffe669
00002b04
00000fb2
fffffa07
000002f7
000020a1
ffffe552
000003b2
ffffff4d
fffff9c3
00001405
000003c3
fffffe98
000004ef
fffff896
fffff925
00001d03
fffffcda
ffffee2d
fffffe2c
00000032
fffff682
00000d11
ffffea4b
0000028b
fffffe84
ffffe3ec
00000ef8
00000e3b
000001ed
fffff80b
fffff83e
00000fb7
ffffe768
000023b9
fffffbf9
00000517
ffffcfac
ffffe3d3
000000e0
000010bf
00000b35
00002af7
fffffd62
000018a3
fffffa94
0000095c
fffff070
000018c7
ffffd077
00004505
ffffe8e6
ffffe8bd
00002bd8
fffff668
ffffd69a
fffffa66
ffffedf5
00001497
0000012e
ffffc945
0000000c
000022a9
00000b87
fffffb69
fffff78e
ffffe71a
ffffd8e2
000026a4
000006d3
fffff029
fffff9f4
00001628
0000038b
000003fb
fffffdd6
ffffbc70
ffffeabb
ffffec1e
00001881
00001054
ffffdf42
ffffd058
000007ef
00000de9
fffffeb2
00000e92
00000722
ffffe145
00001d82
00000c3a
0000330c
000002b9
fffff56e
fffffcd9
fffff580
ffffc789
ffffbfed
ffffe7d3
ffffcd6e
00001514
ffffd8fd
00001ebd
0000047e
00001741
fffff7fd
00004479
000019c1
000002a5
00000ee7
ffffdb49
00002c75
0000088c
fffffdcc
00000a0c
ffffe951
ffffdfda
000011f9
00000d07
000004db
00002b10
fffff637
fffff165
0000123a
fffffa16
00000326
fffff5d6
fffff232
fffff03b
fffff17a
ffffd850
00000278
ffffeff9
0000287d
ffffc688
ffffc892
0000254c
00002938
000024fc
0000180d
0000023f
fffffade
fffffc18
00000418
ffffffe0
0000020f
0000144c
00002ab0
00003465
00000a6b
00001bac
00003f98
ffffbc31
ffffff5e
000005f4
fffff10e
00003c8e
ffffd383
ffffe1a9
fffff12b
00001007
000018de
00001ff2
fffff224
00002a9e
00001780
000013b0
fffff7bf
ffffffdc
0000006c
ffffdced
00000ccb
000021ca
00000180
00002e4b
00002c07
00002474
00000cd1
ffffed01
00001f14
000023b8
0000216a
fffff244
0000156e
fffff1e6
00000355
00001525
ffffecb3
00001554
ffffda1f
00001367
ffffd41c
