00000639
00000365
fffff9af
00001456
ffffc0fb
ffffe542
ffffe32c
00000385
000038ae
00003399
ffffea80
ffffd582
00001895
ffffd2b6
00000ee7
fffff781
000007ed
fffffa45
00002129
fffff804
ffffeef0
ffffd88e
ffffec79
fffff285
000055eb
0000120e
ffffef5d
ffffb4a3
000009c6
00001250
ffffecf9
fffff5e1
ffffeffe
ffffffd0
ffffe6e2
fffff07a
fffffe7c
00000eca
fffff34d
00001b17
fffff481
ffffe909
fffff354
0000302b
fffff953
ffffe666
000025bd
ffffc3de
000013f8
fffffef9
000010b8
fffffe33
ffffef04
fffff2a5
00002022
fffff9ec
ffffe849
ffffcebb
0000083f
ffffe256
fffffe35
fffffee9
00002068
000006cb
fffffa08
00000dee
ffffe9e7
ffffd970
00004760
00000ba3
ffffe230
000013a3
ffffddfb
ffffe7e7
ffffe5a9
ffffe4cb
fffffd86
ffffdf7c
fffffb13
000004f4
fffff39d
ffffec43
000007f8
00002ef5
fffff1bc
ffffdb9c
00001fe7
ffffef5c
00004c50
fffff37c
ffffe405
000008a8
0000236b
ffffd805
ffffdefd
fffffdf6
ffffe7d6
000000f7
ffffabf3
ffffec4a
ffffc65a
ffffe394
fffff749
ffffd125
ffffee7d
fffff976
000033c6
fffff94a
00003eb3
000008d4
ffffb1f2
fffffd48
000006be
ffffbe81
000019fa
ffffdf63
fffff475
000001a6
fffff37b
ffffd4d6
ffffde0a
ffffdecf
ffffd343
000026b0
00000956
00000d40
ffffdd93
ffffe54a
000019fa
ffffd057
00000f11
ffffc35c
00000b49
fffffea1
ffffedb7
00001104
00001a07
fffff02a
00001588
00000fcd
ffffd8f4
00000438
00000834
00005786
ffffb351
0000247e
ffffef56
ffffff9c
0000002e
00000ba8
fffff775
00003613
fffffc7f
ffffdd0f
fffff34d
00002222
000021f9
fffffa08
ffffebe9
ffffdd20
0000068b
fffff028
fffff215
000005e2
fffff8be
000024c2
00001fa1
00003b90
ffffc12a
fffff7d3
00000c10
0000095b
000021c4
ffffe153
000004d8
0000339b
fffff506
fffff354
ffffdb93
ffffe977
000006f0
ffffe420
ffffe404
0000216a
ffffd4e3
fffff7e9
ffffd23a
00000767
00000a66
ffffe818
0000177d
0000053c
ffffd98d
ffffe381
ffffe031
ffffeda3
000010de
ffffefdb
00001505
ffffe4fa
000009db
00002753
00002239
fffff363
ffffdc87
fffff68a
000040db
ffffec74
ffffeeaa
000005af
00000a5b
ffffe21d
00000c7e
000003cb
ffffe264
00000952
ffffd7d1
ffffc385
fffffeb9
ffffd036
ffffd76b
fffff764
ffffeafc
ffffe37d
ffffcb63
00003f96
ffffb776
ffffefb7
00000c7e
fffff85c
fffffa61
ffffeffb
000007d4
ffffea87
ffffd478
fffff29e
ffffedf2
ffffed5c
fffffb65
ffffe61d
0000146e
fffff01a
0000029a
ffffdb44
ffffcf17
fffff0bf
000006ca
ffffe680
ffffe693
000000b3
ffffe888
0000013e
0000207d
fffff81f
00000e96
00001686
00001d29
fffffe24
ffffeb5f
ffffe3c7
ffffb7f2
ffffcdc5
ffffd23d
ffffc9fc
00003fc7
ffffeb12
0000064c
ffffe02a
ffffdeec
ffffb382
ffffc5ea
00000edb
ffffffcc
00001273
00001184
ffffe63f
ffffddfd
000001e4
00004d87
fffffa51
00001f2e
00000440
00002710
ffffb34f
000021e9
00001fba
0000040f
ffffeefb
ffffe932
ffffef73
0000372c
fffff502
ffffb9a7
fffff3b6
000016bb
fffff39b
fffff837
fffff99f
00002549
0000086f
fffff939
ffffd5b9
000045ee
0000076c
0000220d
ffffeeba
000003d2
ffffe49c
00003afa
00001765
00001dae
00000396
ffffe4fd
000005eb
fffff579
ffffef93
00001f62
ffffe9be
00000865
00000dec
ffffeb42
00000a9a
fffff038
000018fd
00005252
fffffd70
ffffee0c
ffffffe6
ffffe07c
ffffbefb
ffffe21d
00001852
ffffc4b9
ffffd2a6
ffffcc85
00001a44
fffff047
000018a7
00008060
ffffdc42
ffffe2cd
ffffd62b
ffffdeda
fffff045
00002a23
00003806
00000f98
000005e2
00003a7a
000023f9
00000211
ffffa72b
00000180
fffffef0
00000de7
000009b3
fffffcc4
00001a07
ffffdf3b
ffffe2cc
fffffdd4
ffffddeb
000000dd
fffff275
0000015b
00005806
ffffd074
ffffaad0
000030b9
fffff710
0000146c
ffffe91c
0000292c
ffffe0cf
00002bc8
fffff86b
00000962
ffffe590
fffff8f7
ffffd803
00001108
0000397a
fffff34d
fffffc69
fffffe45
ffffe2c7
0000041f
ffffe7cb
ffffcac3
ffffef1e
ffffc22f
ffffea52
00001bd9
ffffd392
0000111c
ffffdfcd
00002b76
00003466
ffffc676
0000345b
ffffbcb1
00001499
fffff1e3
ffffe71e
00000167
ffffd6f3
00001c3e
fffff942
00000617
ffffdf28
fffff8ee
ffffdf8e
ffffd282
000032b5
00000e71
ffffede5
00002dd6
00002ace
00000f9e
00001cf8
ffffe232
ffffd173
ffffead1
00000fc5
ffffe6ec
fffff61c
000002c4
00005eab
ffffd146
fffff0ea
000004f4
ffffec7d
fffffb40
fffff4e1
fffff5fc
ffffe87b
fffff9c1
ffffe6be
000015ae
ffffff29
000001a7
ffffedb7
ffffc5d5
fffff42a
00001f98
00001532
ffffcce2
0000061c
ffffe812
ffffdee6
00001bfa
0000247d
fffff084
ffffd944
0000384b
ffffbb3c
fffffe96
fffffdf9
ffffd7cf
000004b2
ffffd70b
ffffe33a
ffffeb81
ffffed1c
00002358
ffffdced
00002ee6
000002d0
00000435
00001cfc
ffffc263
ffffeaa0
ffffeab4
ffffef9a
fffffbf3
fffff005
ffffddce
ffffe2f0
000013c2
00001e55
000024f0
00002d8c
fffff17b
000008e7
00004dce
00001714
ffffe6e0
fffffdb6
fffff169
00002385
0000181c
00002433
ffffe290
fffff588
fffffbdc
ffffb61c
00000759
ffffe949
ffffe774
00001399
0000056a
00002173
0000057e
00001e9e
ffffe756
000017ce
ffffc82b
00001277
00000d44
000009c5
00002e0f
fffffe5c
00001312
0000107d
00000174
0000017c
ffffe234
ffffefd3
000004c9
00005009
ffffd626
00003c97
00000857
0000087c
0000074a
00002c57
000029fc
00000a53
fffffb83
fffff2bc
ffffebb4
ffffd67b
fffff1b8
ffffffb0
00001040
ffffe8f2
fffffbe8
00001604
ffffc2e7
0000057d
ffffdbe5
000009ae
0000418c
000028e5
000033e0
00003285
fffff42f
ffffcac2
00006dbf
00000abb
000004db
00001a43
0000257b
ffffd8c6
ffffe67f
fffff3fa
ffffbe4d
00000944
ffffe386
ffffe16e
0000317a
000021c9
fffffbad
fffff7c7
ffffcd3f
ffffde06
ffffef61
ffffbdda
fffff46d
00002757
0000158b
00001c97
ffffe901
00002703
000012ac
fffff607
ffffe0ce
ffffd57e
fffff0af
fffff16b
fffff7ee
ffffdd9f
0000286a
00001e1f
00003103
00001b40
00001be9
ffffe3ea
00003024
0000177e
00003791
ffffd9d7
fffffc07
ffffd364
000006a4
0000407e
00003ece
00002923
00003b66
00001766
fffff0a8
ffffe9d4
00001563
00000754
fffffdcb
ffffdef4
00000424
000055f1
ffffe1ef
00000e21
00001a6e
fffff0e1
ffffd21c
00000536
ffffeed7
ffffebf7
ffffd849
00002c80
0000217b
ffffff59
0000255e
00000f3b
0000068f
00005522
ffffdb6c
ffffb8b5
00000660
00001091
00001402
0000144d
00000899
00003377
000023a5
ffffd1e3
ffffd51e
000059b5
00000264
fffff8e6
fffff8fc
00000589
000004cb
fffffbbf
fffff36b
fffffb55
00002934
00003429
00003d77
0000135a
ffffce93
fffff07c
ffffd14e
00001077
ffffe311
ffffcec6
00002148
00002c7a
0000453a
0000019d
00000707
000013d8
00000792
0000174c
00001638
0000263d
fffff872
ffffcae0
fffff5a7
000003d4
000023cd
00003176
00001409
ffffc814
ffffd90f
ffffe36e
0000234b
fffff26b
0000203a
0000459b
000045fc
fffff6d8
ffffb560
fffff8e1
000044cd
fffff358
0000151b
ffffe48e
0000288c
00000512
00001e2b
ffffe90e
ffffbc4b
fffff672
ffffcd45
00002961
00000e36
00000b36
ffffd51b
ffffd5b4
fffff08c
fffffc86
00001429
ffffc221
00000fd2
ffffc8b5
00001de4
000044ff
ffffdd09
00000e69
00001355
00002c1e
ffffd371
00002292
ffffffbe
ffffdf34
0000207a
000009f2
00001c3a
fffff2c7
00003a44
fffff00b
ffffdd05
fffffb9d
ffffda9a
fffffccc
00001806
ffffd928
00001014
00004460
fffffa04
ffffbeb8
00001594
ffffffaa
ffffdd17
00002f8e
ffffe1e5
00001193
ffffffc5
fffff271
00000abb
000000d8
fffff55c
000015a2
ffffff7b
0000532e
ffffe8a9
0000155f
00000dc1
ffffdafe
ffffe559
00000cdd
00001629
000012d4
0000375a
0000310d
000045bf
ffffd9bc
fffff551
00000bc1
fffff439
00002419
00000eb2
ffffe9ee
00000f6c
ffffc086
00000a50
ffffde75
ffffdb36
ffffeddc
ffffd75c
0000056e
ffffeb57
00000c67
ffffd098
ffffe7e1
ffffe1da
00001a3c
00003be3
ffffee39
fffffc1e
fffff2d1
000024da
0000119a
fffffc1e
00000cfd
000032dd
fffff84e
000014d8
ffffe877
ffffe22c
ffffda9b
fffff46c
00005712
00003439
ffffdf68
fffff2ad
ffffe48c
00001824
000012e9
ffffdfc9
fffff00a
ffffe0c3
000011a3
ffffe510
00000d89
ffffe5aa
0000387d
ffffc85f
00003473
ffffeb42
000006ef
fffff31a
fffff958
00000687
ffffc747
fffff933
ffffe0da
fffff571
00001ab5
000008e5
00001783
00000bc6
ffffee9e
00002844
0000584e
ffffd780
ffffd7b4
fffff2a3
ffffe152
fffffb40
00000ac0
ffffe229
00000d49
fffff394
00002452
ffffe2ae
00000712
000047a5
00000068
ffffef36
0000300e
ffffd9ee
fffffb9d
fffff608
00002222
ffffcc8e
00000853
00002872
00001c92
ffffba60
ffffd94f
0000106a
ffffcd7b
ffffec2e
fffff8fa
000009b0
ffffcbdb
00001fb8
fffff531
00000004
00000c20
00000462
00002728
ffffdbeb
ffffb6a3
00000677
ffffe5f7
ffffcabe
0000154a
fffff8c8
00001bae
00002096
fffff235
ffffdd86
00000d2c
00004830
ffffefac
ffffd816
fffff0e7
ffffc6ea
ffffc175
00002258
000016eb
00000468
ffffd99f
ffffe603
00001a8e
ffffea16
000011c9
ffffecfa
fffffe8f
ffffaf3b
000031f2
ffffe2b9
00002317
ffffdbc9
00000dad
0000289c
0000193d
00003573
ffffe057
ffffe930
00000f18
ffffebe6
ffffeb5b
00002eea
ffffc214
00000008
00001149
00000936
00001a5b
000018ce
000011f3
ffffecfc
0000451c
0000022b
0000123d
00001c64
ffffe89e
0000192f
00003c03
ffffdd9a
fffffc5e
fffffd2d
00000ef7
ffffdb35
ffffec26
0000010a
ffffee8c
0000439c
00003503
fffff469
0000042a
fffff6a0
00000874
fffff2ee
00005b9a
ffffdcc0
0000108b
ffffdeca
000033ed
00000017
00000295
fffff256
00000b63
fffffc5e
fffffe4f
ffffdb50
fffffbab
ffffe432
00000b58
ffffd9df
00002681
fffff2c1
ffffe567
00000bed
ffffec4e
00000e6e
00001fb6
00000bb4
0000180f
000020b4
ffffde65
00001804
0000030b
fffff485
ffffd3a6
00002d1a
ffffe530
00005158
00003b17
ffffdbbc
00000e6e
ffffffa6
ffffebcb
000014d3
00001b8d
00001f6b
0000110e
000023b5
fffff66f
000005a3
00002920
ffffe159
00000b09
0000125d
fffff3f9
ffffe9a6
00000d1c
fffff44d
ffffe9a9
00000e74
00000acc
ffffc1fc
000020e2
ffffc8bb
ffffff42
00001943
ffffd923
0000083f
ffffe0e8
ffffdd61
ffffd447
ffffcc71
00001aac
ffffd226
ffffd8ff
fffff596
ffffecc5
ffffe8ab
00000310
ffffd873
000002de
ffffe8bb
00000ae7
ffffcd67
ffffef8c
ffffd9f7
fffff75e
ffffe69b
000013bd
0000043e
00001862
000009be
00002672
000000d7
ffffe3a9
ffffdc5b
ffffe49b
fffffe6d
00000b7f
ffffd53e
ffffe3c2
000032d3
ffffe636
fffff409
0000384a
00000054
ffffd2a5
ffffe7f0
00000f6d
00001e74
ffffe015
ffffce03
000011c3
00000d68
000005d9
00001075
00002db5
00000f4c
ffffdf6a
000010d3
ffffea5f
000019e1
000013d9
ffffd918
fffff0cf
ffffdf56
ffffefe7
fffffc35
ffffdd75
ffffd9a8
00001d3b
ffffd838
00000d9a
ffffdbbe
ffffeb82
00003664
0000024a
00000b7f
ffffbc25
ffffea09
ffffe1d5
000003f1
fffffd2e
00000e20
ffffeedc
fffff084
00001c5c
ffffdf87
0000636e
ffffd638
fffff13c
fffff04b
fffff204
00000287
000016d5
000017b5
ffffe7d7
00000017
fffff705
fffffa8f
00003327
00003986
fffffa91
ffffe08d
0000449c
ffffc95c
000001c0
fffffd31
00002eb0
ffffdbf4
0000018b
ffffe088
0000361c
ffffd484
000009ba
00001f5c
ffffe795
ffffc87c
000007a0
fffff1a7
ffffdb31
00000f26
000008d6
fffffd7e
00001577
00001464
00000d85
fffff2a0
ffffe382
ffffe937
ffffe408
000029fb
000002d5
00000bc1
00003232
0000130b
0000281b
000004b8
ffffe486
fffff60f
ffffd759
fffff974
fffff7ca
00001079
ffffd189
fffffc23
ffffeeae
0000208e
fffff8bd
ffffee2c
00001a38
ffffd033
00001a75
0000281f
00000c99
ffffef3f
00000abc
000013e4
ffffee91
ffffdb0b
fffff17e
ffffe98d
00001912
fffff79c
00000cc4
ffffe73f
fffff50b
ffffc3e6
ffffff7c
00002e74
000017a6
00000650
fffff03f
00002846
000027fb
fffff59e
00000433
00001372
ffffcbce
00000686
ffffdccf
00000411
00000fbc
fffff9f9
000017b8
ffffe9ea
00005154
00000813
fffff347
ffffb204
fffff044
fffff92a
0000086a
00004270
00001b99
fffffa1b
000037a7
ffffde8e
ffffd12e
000001dd
00000d10
000008b2
00000c9e
00000894
00003ceb
ffffe125
fffffc36
fffffdad
ffffd74c
fffff61c
ffffd996
fffff64b
00003c34
000000aa
fffffbe7
00002e44
ffffe21c
00000073
ffffced0
00000606
fffff45a
fffff4ce
000011d3
fffffe2a
ffffec2d
00000bcb
ffffde78
00000cae
ffffef46
fffffce3
ffffde37
000017f3
ffffed35
00001f7e
ffffe63c
ffffc6e5
000016e2
00001e18
000007c0
ffffdd65
0000096e
00003196
fffff133
00003c03
00002443
fffffa26
00000291
ffffe3da
ffffc50f
000029c1
00002ac6
ffffd97b
000012b1
0000250f
00000a12
00001e65
fffffcb6
ffffdf7c
ffffe3c4
00000186
00001011
000019bd
00000607
ffffdf07
fffff1cc
ffffe284
00000bd3
fffffee5
00002026
0000292b
00001138
0000032d
ffffb455
ffffe0fe
00000e0a
ffffb7b9
000016bf
ffffe7d2
ffffd6ec
fffffd32
fffff7cf
000011a9
0000278b
00000fde
000002f8
fffff15c
000014b4
00000eb7
fffffff6
fffff0d8
000004d2
000039fd
ffffd0fa
00001afd
ffffec30
00003db2
fffffb69
fffff842
00000f41
0000061b
ffffd815
ffffd1b9
00000691
000012d0
ffffe475
ffffe573
ffffeb20
00002ae8
00001d44
ffffc71b
ffffdfe3
fffff188
fffff906
ffffb947
000002e1
ffffea1a
00003529
fffff757
fffffdf8
000017b1
000007da
000008d8
fffffbb3
fffff45e
fffff006
ffffd45a
ffffdf81
000036d3
ffffc274
ffffefd1
00000c8f
ffffedb8
ffffc152
ffffd882
fffffc0f
fffffc71
ffffef34
ffffc9fa
ffffffc5
00000985
00000df7
ffffaa87
000009ee
ffffdff9
fffff90f
000002cb
000014a9
000038b4
00002ba6
fffff552
0000067b
0000094d
ffffedc8
00000421
ffffece5
00000bf4
ffffd4b2
fffffba1
ffffe838
fffff6ee
ffffdfc5
000002d7
0000282e
ffffc341
ffffe1a7
00001903
000017ea
000008db
00002adb
00000cac
000054ac
fffff8a8
00001a9f
000013d3
fffff981
ffffdb7b
ffffe554
ffffce93
00000333
ffffdbc2
00000d29
00001f0d
ffffd2c1
00000d16
000014ae
ffffc8c4
00000982
00002a29
ffffbcbf
ffffe7eb
0000092f
000029f2
00000c0e
00002dd1
ffffba20
ffffd328
ffffeb56
00000436
fffff0dd
0000378c
fffff705
fffff33e
000013ab
0000091c
0000211b
ffffee96
ffffe120
00002d8d
fffff0f2
00000af1
000024a9
00000963
ffffd8d1
00000bfc
ffffb44a
ffffe1dd
ffffedad
000012f0
000030c4
000006ea
000008e2
00000f29
ffffcae6
000013d7
fffffabb
fffff02d
00002db0
00002bb3
fffff3f8
fffff86e
000004e0
fffff78a
ffffdff4
00001b03
ffffe009
000013c4
fffffd72
fffffaec
00002790
ffffef5e
ffffbff8
fffff085
00003719
ffffe9b4
ffffd923
fffffb04
ffffde49
00000b33
fffffd96
fffff92f
fffff183
ffffed44
ffffd7db
ffffe556
ffffd88b
ffffc39d
ffffe934
fffffcda
00000ba6
000005e5
ffffdb89
00002ca4
00000db5
ffffe8ba
0000107e
000005b0
00001969
00001dc3
00001d66
0000261d
ffffff7b
ffffd7e7
ffffe7dd
ffffffcf
00001fd0
ffffeb71
fffff84c
fffff9d3
ffffe3b5
000011d1
0000033d
fffffa74
ffffda6b
ffffe5db
000021c2
00001c4a
ffffdb0e
fffff216
000039cb
fffface6
000023be
00000eda
ffffe6b9
fffff2b0
000012df
ffffaf9b
00000c49
0000055a
00004314
ffffe26f
00004439
00000465
ffffbf26
000032df
fffff7e5
0000335e
0000276d
00002ea1
00002963
000000d8
fffffa18
ffffe7dc
ffffde06
fffff06b
00001a59
000031c9
ffffe08f
fffff513
00001064
0000046d
ffffccbd
ffffcdec
ffffb282
00000cab
fffffc53
00002ae0
00002f83
000000d3
00001c6d
ffffff65
fffffa2f
ffffecf0
fffffaec
0000272e
ffffe3d4
00002a61
ffffe610
00002b2f
00001c98
00001c6f
00003903
00000596
000005a8
00000071
00000d91
ffffffed
ffffd5e4
ffffebef
000001b8
000039c9
fffff258
ffffe7a3
000012ea
ffffcc83
00001294
00000c5b
fffffae7
00000745
fffffdc5
fffffa46
ffffc54c
ffffd47b
ffffebc9
ffffd056
ffffef72
000030ad
00001579
ffffe958
000010ce
00000c7b
ffffeeba
000014a4
ffffecf6
00003232
00000c62
ffffffe0
00001860
fffffe8e
00000f5c
ffffcbe3
fffff77c
0000135a
000033d8
fffffd36
00000294
ffffd2a8
00001dc0
fffff53a
fffffcdf
ffffcac9
ffffe4f7
fffffdea
ffffd36d
ffffd37e
000032dc
00004814
ffffda64
fffffab4
000024d1
00001f77
fffffbbf
fffff9d9
ffffdeea
ffffd0f2
00000ae6
00000bee
fffff5ff
00004235
ffffd536
ffffeabf
000010cc
fffff413
ffffe4ef
ffffefac
00002f9f
ffffe7a5
00000c0c
fffffde1
0000457b
00000003
0000125e
fffff7b1
00002aa4
fffff458
00001cae
000032c3
fffff9a1
ffffbea2
00001105
ffffdffd
00005263
00000c50
fffffe36
00000f6d
00000190
fffffe72
fffff652
fffff97a
ffffebfc
fffff742
00001fd0
ffffe96c
fffff907
ffffd28a
00000857
ffffd510
ffffd509
00002ec6
00002715
00000635
fffff8e9
ffffe9cc
000025a8
000045c9
ffffd532
000009d1
00000952
fffffa73
ffffe372
00001877
ffffecfb
ffffeb6e
fffff88b
ffffdf7d
0000274d
0000083f
ffffd8a6
000001bb
0000459f
ffffe4ab
fffff366
ffffe950
ffffdf30
fffff3f4
fffff9f8
ffffe42f
00000939
000013ec
fffffcf9
ffffcfe7
00002e3b
00002272
000045e9
fffff7df
000021a1
ffffdf22
ffffdeae
0000205f
000016ea
fffff183
ffffecd8
fffff19b
000003e8
fffff534
00002bbc
ffffe8df
00004da5
ffffedd2
000056bd
00000a34
ffffe5e1
000009be
ffffe8ff
ffffdecd
ffffe963
00000426
fffff6d3
00000934
fffff311
fffff15c
ffffdf06
00000071
fffff37c
00000bb0
ffffe5dc
ffffd532
00001217
fffff59c
00000b96
0000348c
000014ae
ffffdea5
fffffee4
ffffcf58
00001757
ffffeb83
ffffe361
000004d8
fffff12d
ffffd4fd
ffffe984
fffffbfa
00000888
0000339d
00001df1
00001403
ffffbc58
fffff4b8
00000f22
00000ee7
ffffdf37
000004e5
00000cd0
00002529
00000f73
00003532
ffffdb58
ffffccee
00001010
fffffbe5
fffffa1f
fffffc53
00000207
ffffeabc
00000acd
ffffcf14
00000f2c
ffffe451
000014d5
0000192c
fffffe9c
00004219
00001308
ffffd0af
ffffeb1d
000033e3
00000c69
0000027a
ffffd71e
ffffe222
fffffae6
000023f1
ffffe066
ffffbe19
ffffd2ea
ffffe8e6
000009c8
ffffe26d
fffff385
fffff21a
ffffdc7a
00002c81
000010f4
0000303c
ffffee0f
fffff81a
00000f74
ffffef60
ffffed0b
ffffa84d
ffffee0a
fffffe2a
000002d9
ffffebc3
fffff76a
ffffeca0
ffffd2ef
ffffec08
00000478
ffffe2b3
ffffe265
fffff988
ffffddad
fffff0e6
00001d36
000009a6
ffffef45
ffffdd86
00000b6e
ffffecc6
00000f60
000002dc
ffffe598
00002477
fffff61a
000009d9
ffffed6e
ffffeabc
ffffe77b
ffffdcdd
ffffee2d
00001d72
fffff977
ffffdf25
00002126
000034e6
00000346
000015d6
ffffc84e
0000204a
00000e3e
fffffc11
00000bdc
ffffdd78
00000896
ffffc44a
fffff67e
000007c8
00002e36
ffffe1fd
000013a0
ffffbfe5
000008d9
fffff62a
00000cde
ffffcef6
ffffdc48
ffffec97
ffffc1c8
ffffd0d4
00004135
00003334
ffffce1a
00000758
00002721
00002864
fffffa11
ffffe5ff
ffffcdcc
ffffe294
ffffeea4
00000419
00000632
00001b5b
ffffe08d
ffffee8a
00000e0d
fffffde2
fffff51c
fffff504
0000289c
ffffea80
000027ea
ffffe42c
00003b64
000007fb
00000c7a
0000029e
000023ac
fffff7ce
00001ab3
00001ec6
ffffe965
ffffd623
0000130a
ffffe65d
00004f76
00001b8c
fffff082
00001071
000003ba
00001493
ffffeff3
ffffef95
ffffe369
fffff1cb
00000401
00000a47
ffffe685
ffffc744
fffff585
ffffe041
ffffe042
00002323
000010f6
0000098a
fffffdb2
fffffac6
000023b0
00003200
ffffd55b
00000397
fffffd56
fffffc09
ffffd201
0000354b
ffffe6d8
ffffe4da
fffff66e
ffffe155
0000134a
000004f8
fffff32f
fffffe5a
00004c02
ffffef25
fffff73a
ffffe825
ffffcb1a
000007a2
ffffdd66
ffffe670
fffffb9d
fffffd9a
00000b60
ffffd192
00002a94
0000237b
0000279a
00000035
00002d68
fffff70b
ffffe61c
000002d0
0000265d
ffffe1c7
00000681
fffffbc2
000010b0
ffffdfbb
000023d5
ffffe4c8
00004eab
fffff5d3
00004cd0
00001431
ffffef66
0000142a
ffffe22b
ffffccd5
fffff5e7
00000a1d
fffff910
00000658
fffff693
fffff7f2
ffffd78f
00001001
00000d0b
fffff3be
000005ed
ffffe53a
000004ff
000006b3
ffffff90
000041c0
000019dc
ffffff8c
000000e8
ffffda73
0000223a
ffffe7bd
fffff46d
fffff35a
000001f7
ffffbfb2
ffffea7a
fffff650
000011b2
0000298c
00000a44
000015af
ffffaa85
fffff2be
fffff173
00000e0a
ffffdb8b
000021d9
ffffff69
0000214e
fffff465
00002790
ffffef36
ffffd9bd
00001a8e
fffff79c
fffff5ed
00001d67
00000a50
fffffcd8
fffffec2
ffffeac4
0000064c
ffffee90
00001e98
00001be8
00000550
000037fb
00001c1a
ffffdafa
fffff8b2
00000df3
0000085d
000008e4
ffffcb8c
ffffcb51
fffffe8a
000013b5
ffffeec7
ffffc925
ffffddef
fffff7ef
fffffcf8
fffff448
ffffe90c
fffff797
ffffcf0e
00002f32
000017df
00001afd
ffffdd52
fffff2f5
000003a8
ffffedf1
fffffc20
ffffaf58
ffffe97d
ffffec03
0000052b
fffff1cb
00000812
fffff3ac
ffffe2eb
fffffec5
000006d8
ffffdd55
fffff9c4
fffff71d
00000833
ffffe24a
00001354
ffffbfcc
ffffe7b8
ffffe14a
000011ed
00003ec7
ffffe80e
fffffd94
00000d7f
0000158c
fffffa8a
ffffeff9
000027be
000008af
ffffe5f5
fffff989
ffffc2b9
ffffd3eb
00000819
00000eaa
000057c1
00001f3a
ffffe652
000009b3
ffffd50c
00001773
ffffe692
fffffba0
ffffe3ae
ffffd95d
00001e12
ffffffe5
ffffc9d5
000000ca
00002d66
ffffeb21
00000ba1
ffffde06
ffffc121
00003c45
00000d3b
ffffbec7
ffffa5d6
fffff56f
ffffcbd7
00000390
00000dd9
00000942
00000645
ffffe3b3
fffff79f
000006f3
00003b31
fffff8ab
fffff4c7
000008af
ffffd4d7
00003473
000024b2
000010fd
fffff7df
ffffbc54
fffff38b
000001cf
00000cce
00004fa1
ffffe306
ffffdb97
00002f2b
ffffc7e5
fffff514
fffff428
00001173
ffffe795
ffffe386
00001722
000015b8
ffffce2d
ffffe762
000036e0
ffffe50d
ffffe18e
fffff7f7
fffff43f
ffffdf41
00003bab
00001e57
00000b49
fffff38e
00003a87
00000d6b
00001384
ffffe3c5
ffffd48d
00000ffb
ffffda03
ffffdf65
ffffe9b1
00002ed1
00000718
ffffffaa
ffffde61
00001ef4
00001d10
ffffdb70
0000027d
00002db1
ffffe4f4
ffffe116
ffffe4da
ffffd94a
00002668
fffff2db
0000097f
0000325d
fffff7a3
ffffda9d
00001d00
00000ac5
ffffd63e
fffffda4
000009b7
00001e38
ffffeec2
ffffcd78
00000cd3
00001975
000044c9
fffffb42
ffffc805
fffff58f
ffffda40
ffffd5cb
000004f2
ffffd269
000003ef
ffffdf5e
00002684
00001bee
000002fe
000009e4
000004f4
0000145f
00001014
ffffe8e8
00000393
fffff2ca
000022bb
00002d4e
ffffcc16
fffffcdd
ffffeab4
fffff924
ffffccf9
00000aae
000013de
fffff5c3
00005017
000048e9
ffffed2c
00002947
fffff11b
00000a19
0000062f
00004e38
ffffced1
0000136d
ffffeb7c
00003099
000005ca
00000b5e
ffffe9d4
fffff52c
00001042
ffffe23a
ffffe7fe
00000b1e
fffff381
00000b1f
00003c7a
00000155
ffffd320
ffffb8da
ffffff9e
fffff201
00002737
00000f89
00001d0e
fffff9fe
fffffe23
ffffe4dc
0000040d
000012b9
00000cc4
ffffd759
00002f72
ffffd4a0
00002811
00001c9c
fffff0cc
0000069d
ffffeccc
fffff17c
0000033f
00002970
0000217c
fffff114
00003884
00002404
fffff824
00000914
ffffc4c0
0000167e
fffff3f9
fffff4aa
000012da
00000898
00000c21
fffff926
0000243d
00002409
ffffe0f1
00000f8f
fffffcef
00000f1a
00002d23
fffff291
ffffe7c9
000013dc
fffff31b
0000093c
00000ef1
ffffdaa9
ffffeb68
00000f75
ffffecbc
ffffd309
ffffe74e
00000e5d
ffffb9f7
00001d68
fffff3c9
00000113
ffffbbd6
fffffe07
fffff29e
ffffe5a9
fffff697
ffffe928
fffff48c
0000192a
00001996
ffffecfe
ffffedd7
fffff021
ffffe321
00000be6
ffffffbb
ffffe0a4
ffffe595
00000595
ffffbf39
000009af
00002bd0
fffff6b5
00000462
000000f3
ffffd695
ffffd690
ffffd04f
00001388
ffffe0b2
ffffd6c1
fffff761
00004562
000023db
fffff5cf
00001001
00001179
000046cd
ffffb6a5
00000f31
00002efb
00002c20
00000e19
00000380
ffffe271
00005e29
ffffd661
00001c31
fffffb24
000032ff
fffffa0c
ffffde85
00001639
fffffa40
00001127
00000368
ffffc1ad
ffffff19
00000e42
000018f4
ffffd272
00002dad
ffffd70c
000037ae
00003bb4
00003b38
ffffef2d
ffffc104
00001b5e
0000030e
00000c2e
00002f5e
ffffe8c8
00000d7d
ffffd900
fffffed8
00000ea5
fffffacc
0000090f
ffffe7ac
00000b74
0000026d
ffffd885
ffffe60b
ffffe853
00003714
00001d5e
ffffc921
ffffdeef
fffff4ca
000000bc
00000b59
ffffde39
00002478
ffffbd6d
000015ea
00001e57
fffffd4f
000032bf
00001029
00006902
00004d10
fffffdab
fffffa8d
ffffe06f
00000a4d
ffffe116
00000681
00000d2f
00000f9f
0000460f
ffffe3a4
fffff41d
ffffe248
fffff568
ffffefc0
ffffed37
ffffe748
fffffbeb
0000285c
00002cad
ffffdf54
ffffe095
fffffd54
000011df
ffffe2d8
fffff4ff
0000118d
ffffdcf0
0000024c
00004081
00001eb1
ffffa422
00002a72
0000037d
ffffef23
0000367d
ffffd930
0000027b
ffffe7e1
ffffe6be
fffff406
00002e75
ffffeab7
00000ec5
00001381
ffffe779
ffffea00
000015db
ffffcd53
fffffe94
ffffeb06
ffffef50
ffffe5de
ffffe10a
00001037
fffff8a9
000017fe
00000595
fffff20e
ffffde25
fffff876
00000f67
00002706
ffffd55a
00000615
ffffcb2d
ffffec47
000023bf
00002bbf
ffffd9fd
fffffc1c
000035d0
00002b86
ffffe6cf
000001e0
ffffd3fc
ffffee9e
fffff835
00000eb5
0000187e
00001aae
00001580
fffff65c
fffff7d4
00000c9a
ffffec30
ffffc448
fffff133
ffffeea9
ffffe282
ffffd013
000005a0
00000a63
ffffe880
00003200
ffffd7bf
ffffd743
ffffee81
000034ce
000042ae
ffffe3be
ffffe6cd
0000075c
00004bb1
000032d1
00000482
000006c8
00001a30
00004066
ffffd82a
00001af8
ffffda32
00000d3b
ffffd846
00001ac8
ffffe2b6
0000077a
ffffb08d
00002196
ffffe328
fffffc51
0000146f
0000056e
00001ecd
ffffc92a
0000226e
ffffdbab
ffffeadd
00001d2f
00001380
00000f6e
000004dd
000012b1
00002f6d
00003722
000000cd
000026fd
ffffee77
0000018e
000022d3
ffffee93
0000488c
ffffedd4
00001f1f
000027a1
ffffdb7b
ffffd159
ffffff02
00000a68
fffffd0f
000003c8
00001cdf
0000258c
fffff5f4
ffffd8f5
00002322
000030b1
000035cf
ffffdd87
00003393
ffffd86b
ffffbc8e
fffff4cc
0000078a
00000d1d
ffffd5d3
0000006a
fffff44a
00000472
fffff085
00000305
00000161
00001c79
00006bc8
ffffd960
00002e87
ffffee83
ffffc5ff
000013f2
00001866
00004eb3
fffffe84
00000848
000025d5
00003166
0000133a
00000845
fffff44c
ffffe22f
ffffd858
ffffe7b3
0000225f
ffffd3ad
fffff0cf
00001235
00001876
000004ef
000044f8
00002375
000030e5
0000018d
fffff366
00003525
0000199f
00000b7b
00000cd1
00001f3b
000006d0
ffffdb18
fffff9ee
ffffcbc9
0000146b
00000261
fffff88c
fffffab4
00002705
00002bda
00000ad7
ffffcc8f
00001204
00000009
ffffc393
0000074c
00000da4
fffffd2e
fffffde2
ffffbdc7
fffffe19
fffff045
00000892
00000d85
ffffe2ad
ffffd562
ffffdde6
ffffed7a
00002c07
00002730
ffffebbc
000020d1
000021c5
0000124f
ffffe298
00001c7f
00001c95
0000339f
ffffdfc2
fffffb5d
fffff4d8
ffffe937
00002821
000010f9
00002c3f
000057a7
0000154e
00001eea
fffff153
fffff6ae
fffff4fa
00000f7d
ffffdf8d
ffffd42d
00004413
fffff1ca
fffffe5f
ffffe142
ffffcd27
ffffe45f
fffff2e4
fffff742
ffffdf27
ffffee13
00002ddb
00002098
00000c87
0000184c
ffffecc1
ffffe097
000003e5
00001476
ffffdf48
fffffe54
fffffec6
ffffdc19
ffffd941
000039a6
ffffff1e
fffffbc8
fffff063
ffffe460
00003d82
fffff8d5
fffff57d
fffff148
00000300
00001ffa
ffffcc61
0000193a
fffff739
0000335e
fffffffb
00001312
00000aea
ffffe334
00001c0e
ffffe8d0
00005b3b
ffffe51f
ffffe166
00000a02
00001b67
00000a84
000010fe
00001ead
00005112
ffffe328
000004df
00001a23
00002fc7
000002ef
00000a92
00003184
fffff3d1
00002608
ffffed1d
ffffd903
ffffd156
fffffbdf
ffffd4c3
000006f6
ffffe08d
000032de
0000112d
0000267f
00000d33
00000951
000029b7
000025a7
ffffd220
00003410
ffffe52d
00001d10
000041a8
00001158
00000b79
ffffe237
00000189
ffffe3e6
fffff4bf
ffffe2e1
00000ed7
ffffff0d
0000179e
ffffd585
000020db
00003ab5
fffff69e
00002791
ffffe460
00001d4c
00000cc4
ffffca08
fffffec4
00001353
0000077f
ffffe643
00003e27
0000025e
00000c13
00000849
000030c7
fffffdc5
00000279
0000157b
fffffad7
ffffd7df
000013a9
ffffc683
fffffc79
000015a7
ffffcf3e
00003652
0000404f
00000f71
ffffd7f6
fffffd8c
fffffaee
ffffdbe4
ffffe04e
fffff261
ffffed06
000018a4
00000b5c
000015ad
fffffb38
ffffde16
ffffff8c
000011f5
fffffc3c
fffffa92
ffffff64
ffffea7e
00000f4e
00000cbb
fffff28a
0000522c
0000383e
000030b2
fffff0e1
00003c33
ffffcccf
ffffdf2a
ffffd3ac
00000088
ffffe1df
ffffe384
ffffff6f
ffffe947
fffff01d
0000357f
ffffcccb
ffffe4b4
0000119c
000049f4
00001bf3
fffff923
ffffd9b2
ffffdf3e
fffffde8
00001713
0000008f
fffff938
00002883
ffffe2d9
fffff52f
ffffe9c3
00000cf8
0000158a
000011af
ffffe98a
fffff654
0000113a
00001a9d
ffffcfc4
000011cf
0000049a
ffffd196
ffffef50
00002c87
ffffed6b
000002b9
ffffd0ae
fffff5e0
00001d2d
ffffe11d
00002c27
000017cc
fffff4bc
ffffe16c
000033ee
000002f0
00000bb0
ffffffbe
00001c49
ffffd959
000002bc
ffffd4b9
00000b11
00001239
ffffd4ca
00000171
00002ae7
00000d99
000020ce
00000083
ffffd2c2
ffffe409
ffffec4f
ffffc755
00000d69
000017e5
00003020
00000e84
ffffdd79
00002caa
ffffefbf
ffffe7bc
ffffdb10
ffffe20a
0000013d
ffffd1ab
000037e3
ffffc5f7
ffffe7ed
ffffe886
00002120
fffff8e5
ffffe254
ffffc34e
00001059
fffffad1
00001e13
0000090a
ffffe4b3
000007af
00001e2d
000038b3
00003391
ffffd63d
000009a4
00001ca8
ffffca19
fffff494
ffffc850
0000118d
0000154b
ffffcdcb
00001112
00004b80
ffffed03
0000126c
000015b6
ffffc5a5
fffffe07
00000405
ffffe091
ffffd325
ffffdf51
000004d3
000025f3
fffffb28
00002c2c
000014b2
fffff611
000024cf
ffffe427
ffffe056
00000eff
00002a67
00003608
0000137b
00000e4f
000010e7
00001aa3
ffffc9fd
ffffd5a8
fffffb43
00003fda
ffffeeb4
00000035
00000a30
00002b07
fffff801
ffffe57b
00000ae4
fffffc3d
00001f6d
00001bee
00000047
ffffc8c2
ffffeca7
0000132b
ffffe831
ffffe87f
00000e4b
0000143e
00001c1d
ffffff45
fffff4be
fffff56c
fffff1f6
fffff029
00000b1d
fffff17f
ffffd1ed
ffffd717
ffffdd62
ffffc7cf
0000245e
00003d51
00001abb
000038f7
fffff393
ffffe2c3
ffffe401
0000166e
0000117f
000031ac
000006f1
0000212f
00000601
ffffd7ed
fffff1cf
0000640b
fffff068
000015c4
000006a1
fffff932
00000364
00004b15
ffffebec
ffffdc51
fffff22a
00001867
000004a3
fffffe66
000012e8
fffff222
00001c6d
fffff076
ffffe455
ffffb8d4
ffffe43b
0000152a
00002469
fffffdc2
00001f3e
ffffd82e
00002602
000012d6
ffffeab4
ffffd6ce
00002409
ffffe30d
000012d5
00001170
0000085b
0000048c
ffffe69c
00001991
ffffebe4
ffffae89
00000d8d
00002389
0000085e
00003fe2
ffffc6f9
fffff4b2
00001b6f
ffffe844
ffffdf92
000016b4
ffffe6d2
ffffe8f8
00003e55
fffff613
000021af
ffffd20f
00000d81
fffffcb2
00000436
000013b9
00000b5b
ffffd8b8
000017bd
fffffa36
00001de5
fffff2f8
ffffe99c
ffffdd99
000026cb
ffffde68
fffff6b8
fffff9c5
ffffd5a3
fffff62b
000007a0
fffffb1c
000014b5
00001074
ffffeb2b
00001b33
fffffe43
ffffed38
00000781
fffffdee
00000500
000018ab
00000590
000017d3
00001220
ffffe4f0
ffffcdbb
fffff60d
ffffe75f
ffffc505
ffffccae
fffff157
fffffd82
00000bec
fffffa99
ffffe923
ffffc424
ffffdca0
ffffec98
fffff19a
ffffeb56
fffff1ca
00000db2
000000ee
000029de
00002184
ffffe974
000006d5
0000184d
00002605
ffffb9af
00002610
00005621
fffff0d7
ffffdfda
fffff1dc
ffffd9e8
000009a3
000009d3
000007d0
ffffeb19
fffffa74
0000052c
ffffd6c3
00000ef7
000014c5
000002f9
00002350
fffff182
fffffca5
000003e5
0000173b
00002297
0000464a
ffffe1df
00003033
00002b1c
00004462
00000984
ffffec45
ffffdf5e
ffffe086
0000208f
ffffe236
fffff6d9
000019a5
ffffda43
00001d15
000021eb
fffff876
ffffeeaf
0000227b
ffffe35d
ffffe1a7
ffffef0f
ffffd7e7
ffffe790
fffffc6b
ffffdfd1
ffffed1b
ffffec49
ffffcbfa
0000210a
fffffcb0
fffff5f0
000025d2
fffff89d
ffffbbe1
fffffc36
ffffd5e7
00001cb9
000005e2
00000fe2
000017bf
0000151c
0000051b
ffffe909
ffffeeb4
ffffda9f
ffffff00
ffffd73d
fffff29f
00003b84
00002f92
000015be
fffffb8c
ffffec28
ffffea9d
ffffd475
fffff984
00001e07
000068a1
000002ce
ffffd668
ffffdeb2
00000f09
ffffe588
00001cfd
fffffd35
000018a2
ffffbf87
ffffc4ed
00001f82
0000024a
ffffcf3e
ffffe658
fffff767
00001f17
fffffede
ffffea19
000036ba
0000016c
ffffd115
ffffdf45
ffffe8b8
ffffdc25
00000ab9
ffffe427
00001e26
00000b86
000000c9
ffffe170
000001ab
ffffead8
00002288
ffffc87a
00001974
ffffda3b
00000aee
ffffe9ea
ffffe1e6
0000042c
ffffdd65
ffffd0ef
00002929
fffffa3e
fffff05b
ffffd6a4
fffffcb1
00000681
000002e0
00000273
00000f58
ffffea13
ffffff5a
000019d7
00002a5f
ffffcfc9
fffff7ae
00000fa0
00000c34
ffffff6e
000001b4
00001235
00001d72
ffffeb60
00000794
0000259a
fffff25f
fffff96f
ffffcdcd
fffff961
ffffef6d
ffffd6de
ffffe071
0000150c
fffff31d
0000088c
000004c7
ffffd2ab
ffffd0a3
fffffa70
0000359f
fffff1fb
ffffe579
ffffe0dc
00001b4f
000019f5
ffffebf0
fffff8c2
ffffc79d
000002e1
ffffd04c
00003d57
ffffed5a
ffffdcdd
fffff7b0
fffff568
00000817
ffffed14
ffffe4d2
000001c4
ffffe17f
000022e3
ffffc97d
00001fba
0000353c
ffffdf09
ffffed2b
ffffca02
ffffe877
ffffd7c7
fffff69a
fffff1d9
000039c0
ffffef7f
00000154
ffffe461
00001cfb
ffffdbe8
ffffeefa
00001219
ffffedc7
ffffc4e0
fffff797
ffffd8f4
0000057b
ffffeefa
ffffdedd
ffffd7f6
ffffe63c
ffffd8b5
ffffa34a
ffffe9cb
fffffcb6
ffffc53d
fffff4c9
fffff1ec
000013df
00001e49
000037a4
ffffeab6
00001448
ffffdf6e
00001a8b
ffffd590
0000425d
fffff40d
000005ac
00001695
000003ba
000009ca
fffff9ef
00000fc9
fffff337
00000fc5
000052f3
ffffd22a
0000251c
ffffdee3
ffffb262
fffff957
00001793
00005552
ffffd584
fffff40c
00000316
000031a5
0000135d
fffffb15
ffffea33
ffffcffc
ffffe9ad
ffffe707
000012ee
fffff5cc
00001af3
000004e6
fffffe25
00000e2d
00002e76
0000205c
00003394
00001c9c
ffffc88f
00003e04
fffff2ab
00002327
ffffd58e
fffffe31
fffff884
ffffd34d
ffffda39
ffffb2a2
ffffe424
ffffd8f1
ffffce94
ffffe541
000036f7
00002646
fffffdd9
ffff8e2b
00001262
fffff7de
ffffc0fe
00000805
00000887
000022f4
00001ae7
fffffb05
0000128a
fffffc17
fffff671
fffffd55
ffffd1f7
ffffd383
ffffc493
00000532
fffffa4d
00001023
fffffe26
00002c07
00002889
00000354
ffffd51f
00003122
000023a1
000035a2
ffffde54
ffffeba6
00000154
fffffa45
00003d3e
0000142b
00001983
00003485
00000cad
fffff28e
fffff0ef
ffffe5b1
0000025e
0000229f
ffffe7fe
ffffe6c9
00005780
ffffc3ea
0000243e
ffffee99
ffffa93a
ffffe476
00000195
ffffffb6
fffff79d
00001f52
0000036d
00000485
ffffd355
00001910
000008e8
0000047d
00002701
ffffe855
ffffdf18
0000344f
00000326
fffffe26
ffffe5a8
00003dc7
ffffe13c
fffffb21
fffffffc
fffff8fe
00001ec0
00000cc9
ffffe95d
fffff4bf
ffffe445
00002bf8
ffffeffc
0000081a
fffff82b
00003198
000002a0
0000132c
fffff104
ffffd984
0000364e
00001672
000035a9
ffffdab2
ffffe82d
000007b5
00000101
fffffca2
fffff93f
00001938
000048aa
fffffc69
0000192d
fffff6c7
ffffef89
ffffe951
fffffd66
fffff819
ffffdbf6
00000efc
ffffeeb7
ffffdc0b
ffffd6fa
ffffdc78
ffffd51a
00000f2c
ffffdc0e
00001d2e
00001e18
000023ca
0000102c
fffffc2a
0000116f
000027d2
ffffb8ba
00003a4b
fffff172
00001eae
00002935
fffff8f6
00000ecf
fffffb01
0000017b
00000437
fffff587
ffffdc98
00000330
fffff9f4
00001f36
ffffed19
000023e0
00002ad0
ffffe0f6
00002a5d
ffffc761
000005fe
000028b2
ffffd616
00003c91
00003015
ffffe69e
ffffdb27
0000610f
ffffe9c2
00001b5d
00000c9e
000010dc
ffffef0a
ffffeaee
ffffebe3
00000806
ffffceef
00001723
ffffc08e
00001006
00000a81
ffffb68c
00002db3
00003084
00001a73
fffffd3a
00000957
000012d9
ffffeb9e
00000828
ffffee84
ffffe27a
00001ea6
0000075f
fffff408
00000743
fffffb00
fffffcbb
00001454
ffffeb33
ffffe986
ffffd83b
ffffdbb2
ffffe380
00002219
00001b5b
000038b4
00002a96
00002b85
ffffe4fd
000017bb
ffffebb8
fffffd43
fffff9cf
00002ac4
fffffb1f
fffff560
0000277e
fffffb53
ffffe8a4
000014bf
ffffe110
fffff450
fffffb30
ffffe1fd
ffffdf4f
000020e3
fffffb0c
0000064a
fffff753
ffffe0ac
fffff691
000025c9
0000126a
ffffe506
ffffe58e
ffffecef
ffffed7c
000007b0
ffffd4f1
ffffff1f
ffffe8b4
000004de
00002d78
00000c06
ffffe51b
ffffd583
fffff9b6
fffff6c3
ffffef23
fffff3e0
ffffcb20
00004d7c
000031c7
ffffeb03
00001d19
000000ed
ffffeb9e
ffffd302
0000196d
ffffe563
00000d03
ffffdd18
00000f84
fffff076
00002804
00000cd6
000007fe
000033e2
00001113
00001365
000002b6
ffffde4f
00001fac
00002d26
fffffaf8
00004134
00001e14
00002d64
0000195a
0000009b
ffffd4ea
ffffe3ef
ffffec4d
ffffc141
fffffbec
00001961
fffffa0d
00003b8b
000037d9
ffffd1d4
ffffdd69
00000785
00001be7
ffffea87
fffff307
ffffd81f
00001608
ffffed35
00000820
ffffc3e8
00002d52
ffffe3c7
00002606
00001959
ffffec60
ffffca20
fffffb19
ffffc574
00000cd5
fffffcde
fffff22a
000012a9
fffff109
ffffe3f6
ffffda8e
ffffda11
ffffef0d
fffff193
ffffd93d
00001606
ffffde89
ffffb2e1
000011cc
000018b6
ffffc29d
0000179d
00000a10
fffff29b
ffffe4ca
00000672
00002bcc
0000285f
ffffdf85
fffff162
ffffdc07
00003508
ffffea8e
ffffeb1f
ffffd997
ffffd9ab
ffffc8c1
ffffe8b7
0000097e
ffffce01
ffffed89
ffffd4d4
00002e2c
fffff424
fffff17d
ffffe104
0000207f
0000103d
ffffd3fc
000000f9
ffffc71e
00002a78
000006c9
fffff56e
000039f3
0000282f
fffffaf7
0000044f
00002eab
ffffcf64
ffffd903
0000006a
000032a9
ffffc3e3
000020e0
ffffeff8
000009b9
0000149f
00001b57
ffffcdb1
000022d8
fffffa70
00002abf
00001808
000028ad
0000186c
ffffcd1e
ffffb51d
ffffec70
00001333
ffffef8d
fffff437
ffffebe5
ffffd585
00000cf8
00000f01
000001eb
000008cf
ffffe245
ffffe08c
00000e68
fffffbe2
fffff4f2
00002088
00000d9e
ffffdb1c
00000696
fffff7e6
000005f6
ffffe694
ffffe77e
ffffb0f7
fffff50c
ffffd9b7
00001d9c
ffffd71a
ffffecc1
ffffeddc
000010dc
00000007
000008c1
fffffeeb
ffffe198
ffffe34f
ffffc456
fffff041
ffffe83f
ffffff74
fffff32d
000014dc
0000013f
ffffe054
00003063
fffff21b
0000470d
ffffffa8
ffffe9b7
fffff8cb
00001776
ffffe53e
ffffe074
00003623
0000347f
00000f55
fffff397
00001052
000009e1
fffffdf2
fffff4ea
fffff05a
fffff1b2
ffffdf6b
ffffe45e
ffffc287
00001388
ffffec79
ffffe000
fffff267
ffffc5fd
0000184b
ffffd937
ffffe38d
ffffc44e
ffffd2d1
fffff5fe
00000e3b
ffffff57
fffffe91
ffffe77f
ffffe4d8
000006e3
ffffdf83
ffffd703
ffffe49c
ffffe8c4
00000efd
fffffe9a
ffffdda3
0000028c
ffffd7b5
00004b8b
00001120
00000961
ffffe9fc
000008c2
0000170a
00001470
0000169e
ffffd3fd
ffffe239
000002ba
ffffd19b
ffffec54
00002888
000015fb
00001a1e
00004515
ffffe9d3
ffffebab
ffffb7df
fffffc5b
00001caf
fffff57d
fffffc2f
00002c4a
fffff7b0
000007aa
0000199b
ffffd8fb
ffffe4b6
ffffee3e
ffffddb0
ffffe567
fffffc2d
000028f7
000012f0
ffffebc5
000002db
ffffc565
00000737
000020e7
fffff535
ffffda95
ffffddd5
00000d51
00001a3a
000003f7
000033be
ffffe416
0000646b
fffff6e4
00003f19
000024f6
00001947
000008e5
fffff1fe
000001d3
00003973
ffffecfc
00000c72
fffff204
ffffdf4d
fffffc72
fffffe3f
fffff5df
ffffd817
ffffe407
fffff731
000009f4
00002146
00002e73
0000072f
00000fca
ffffeaa0
fffff23c
00001a7e
ffffdb64
ffffe092
ffffd5b1
000032c4
00000f95
ffffda24
00001c13
ffffdde0
0000124e
000003f0
000002d3
00002e02
ffffe941
0000101c
ffffc7d8
ffffd306
000018a3
00000425
000001bd
ffffd273
00004985
ffffff2d
000001ea
fffff776
ffffccb6
000012e0
fffff62a
fffffe38
00001665
00003e76
0000045e
ffffde41
ffffe807
ffffe523
ffffe1b6
000016de
00002bfa
0000094d
00002b84
ffffe9e2
00000375
00003d1d
00001b9f
ffffdb65
000037da
00001a9b
000017ed
ffffdf5d
00000e69
000009ca
ffffdbe8
ffffe1e8
ffffe982
0000141f
000014f4
ffffdf8c
00004559
0000004c
ffffe7ef
ffffe162
ffffee46
fffffa78
ffffcda8
fffffe3d
00000404
00001c4b
ffffd451
ffffe7e2
ffffd722
00000ac2
00000c49
ffffeed1
00002e26
ffffcc4b
00001058
ffffddc0
ffffc41d
00000fdd
ffffff68
ffffe8ca
00000a2a
ffffed55
ffffe91e
ffffdbfa
0000344a
00001e73
000022e7
000010f9
fffffbe7
00000018
00001d9e
000020df
fffffd92
ffffdbee
000013fb
00000535
ffffdb02
ffffdc71
ffffed28
000008a7
000045cc
ffffd953
ffffe4e7
00000336
ffffd8cc
0000027e
ffffdf60
ffffda4e
ffffe6af
ffffe030
00001a29
fffff127
fffff3fc
ffffe682
0000063c
fffffa94
000006cf
ffffd55d
fffffb78
ffffd6cd
000037bc
0000173b
ffffef49
00000d01
000018e2
ffffd61c
fffff9e9
fffff8ad
ffffdabb
00000d9c
ffffde60
ffffe64f
fffff9b8
00000a6e
00000e0d
00003479
fffff265
ffffe701
00000495
0000184f
fffff7d0
00001d9c
00001452
ffffc066
ffffd82c
ffffe541
ffffd974
0000097c
fffff8d5
ffffea4b
ffffeed0
fffffe07
000018f4
ffffeef8
00000780
ffffd3fb
fffff66f
00003610
000023b9
ffffeb9b
00002aeb
00002144
ffffe110
fffffe4c
00002a56
fffff0d3
ffffe11e
ffffc7b7
ffffe4e6
fffffcbd
fffffd74
00000626
000012a3
fffffd8e
00003941
ffffdefb
00001b80
fffff261
ffffeee4
ffffe794
00001a63
fffff837
fffffaca
000006d2
00000f10
00003a3c
00002eea
fffff0db
ffffe5ce
ffffec23
0000181f
ffffba1b
00000aac
ffffd50f
00000c40
000015ad
000005e8
ffffd396
0000058a
fffffc3c
00000ad0
ffffedb8
ffffdf92
ffffd6ef
000030cf
fffff2ff
00001661
00004e2e
000007a5
fffff191
000008ff
00000b0c
ffffe8e0
ffffe504
00000598
00001975
000007b1
0000252a
ffffe424
fffffe57
ffffd19c
00002eb7
fffff7c0
fffffcf6
fffff02a
00001082
fffff1de
fffff891
ffffc498
00001c8e
fffffb7e
ffffca32
ffffe07a
00000b13
0000218e
00004030
ffffaf64
00000ce8
000015df
fffff366
00001976
fffff505
fffffe6c
00000691
000011bd
ffffded4
00000017
000006c2
ffffd270
00003e09
ffffecc4
000027cf
ffffee9c
000005fb
ffffde09
ffffb2c2
fffff4ab
ffffed5e
fffff80f
ffffda52
0000043d
00003235
ffffdefa
fffff23c
00003959
ffffedc9
ffffe784
00001408
00003968
ffffe07a
00000983
fffff57b
00002a36
ffffb031
0000073f
fffff6d6
00001eca
000019aa
ffffe3bd
fffff97e
0000110a
ffffedba
000007a2
00003c87
00002ae5
00001d2b
fffffd35
ffffd093
00000614
00002e00
ffffeb64
00000553
ffffd2ac
00001ffa
fffff875
00000236
00000545
fffff870
ffffe73d
00002304
ffffffe7
00004086
ffffea4c
ffffe0a1
00001e9b
00001627
000021a5
fffff078
ffffe64d
000039cd
ffffcf94
ffffeebd
00000539
000011e4
ffffeb00
ffffdd92
000011c0
fffffead
0000075d
ffffed6e
00001e4a
ffffdab9
000001d5
ffffe0e6
0000020a
00002317
00002c14
ffffe9da
00000d56
fffff98d
ffffd5b8
00002212
ffffea57
00000236
000005d5
ffffec9e
ffffc508
ffffea86
00004df8
ffffebf0
ffffe16c
000011ed
fffff776
fffff3c5
fffff33a
fffff8f3
ffffd96b
00000eb8
000073b8
fffffbd4
fffff368
00002ba4
00000a16
00000367
ffffee87
00003ff2
00001311
fffff367
00001ed0
0000317e
ffffda22
000015ae
ffffcda7
0000058a
00000a8a
ffffea76
00000f6a
00004cb6
ffffc3da
ffffeba6
ffffef9d
00000b58
ffffee0a
ffffeb99
0000003b
ffffe291
ffffe12e
ffffe356
00001efd
00001f3d
0000358e
fffff0e5
ffffe37f
ffffd129
fffffcc6
00001cb4
ffffdd3f
ffffb5dd
fffffcf4
ffffec64
fffff97c
ffffebd0
00001409
0000131b
fffff83b
00000b98
ffffdbe7
00000d1d
ffffd322
000006b7
fffffd4c
00001130
00001898
ffffe555
00000edf
00001675
00003bfc
00000752
00000bd1
fffff484
ffffe81d
000013e6
fffffdda
000005ee
fffff6e3
ffffb404
00000fc9
ffffecca
00001983
00000a3b
ffffda34
00002223
00001530
00001da3
ffffe2ee
ffffe17b
fffff2df
ffffbd07
0000182b
0000085d
ffffe4f7
fffff40e
000007f5
00001002
fffff77c
ffffe988
ffffc6c9
ffffd71c
000048ea
fffff62a
00000075
00000765
00002b47
00000d58
ffffdb34
00000740
ffffcfd9
0000192d
ffffd04a
00001edf
00000399
ffffeb85
00003fe0
00001455
ffffef9a
ffffe6a9
000000d8
ffffffd9
ffffe898
000016e1
000014d3
ffffe014
ffffe1eb
000018dc
fffffea0
ffffbefe
00000005
ffffbd55
00002533
fffff207
0000001f
000016a3
ffffe57d
00001133
ffffc63a
fffff642
0000005b
ffffe1bc
fffff45e
ffffe4e4
0000044f
00002f8d
0000054b
00001bc9
ffffe3ca
00002890
000009b8
00001d98
0000317d
00001d9e
ffffee56
ffffd117
00001483
ffffe425
ffffccc9
ffffcf0d
ffffff7a
fffff7f4
000018d4
00003769
fffffce7
000008f7
000005b2
ffffcbe8
000021fb
00000652
0000124f
000026b4
00001e1d
fffffe5c
ffffea74
00002e57
ffffe240
fffffec5
ffffe34c
000002d9
fffffb6b
ffffe608
fffff69b
ffffeb2c
000017cb
fffff2a3
00003b63
fffff4aa
00000a20
00002b6e
ffffb3fd
ffffccbd
fffff7c0
fffff7b6
000014d9
ffffd6a1
00002389
000029ef
fffff168
00002ec1
ffffcd8d
fffffb1c
0000086b
00000be1
00001448
000006f7
000003fd
ffffeeca
00001de4
ffffcc70
ffffe6f1
0000128b
ffffef80
ffffbcbc
00003478
000011bf
ffffe8a5
00000a4b
00002d4a
ffffd5a8
00002d15
000016e1
00004762
00000a30
fffffb75
00001623
00001ba9
00000008
ffffd92d
00002971
ffffebb4
00000180
ffffffe9
00000c29
0000258b
00000201
000021da
ffffe317
ffffd512
00002c01
ffffdaf7
0000146a
ffffebb0
fffffeb3
ffffcb3c
00001751
00000749
00001335
00001735
00000b63
000007d1
ffffe8fe
ffffc71a
0000253c
0000125b
ffffef54
ffffd4f0
ffffe05f
ffffe695
ffffe095
0000019b
fffffe24
00002387
00003e44
00000257
0000226e
00001fde
fffff7a1
fffffb92
fffffa45
0000012f
000009d6
ffffee72
ffffc305
fffff021
ffffde75
000017a6
ffffefe0
000004e4
ffffde62
ffffe0d9
00001347
ffffd877
ffffb1f8
ffffe6ac
00000955
00001916
ffffd2f8
fffffed8
ffffe01d
00001075
00003029
fffff85c
ffffea21
ffffe500
fffffc91
00002078
00000d5f
ffffaaf3
fffff1da
00002968
ffffefed
ffffff19
fffffb9d
fffff9fd
ffffe5bf
000001a0
ffffe6fa
fffff786
00001255
00001fe3
fffff20f
00003bfe
ffffe133
000009f4
00001d1c
00001fc3
00001cde
ffffe8a6
ffffeaa5
fffff08b
00000623
fffffd4d
00003549
00001904
ffffea75
ffffed2b
fffff36c
000033b2
ffffe02c
0000199a
fffff1d6
fffffc9f
000027ef
0000194d
0000060d
0000311e
ffffe4f1
ffffe05b
fffff5c2
00003d00
00000793
ffffe18c
ffffc991
ffffe911
00001084
00001084
00001c9e
00001473
00002441
00002088
ffffda41
fffff28f
00001a65
000000f0
00000ab5
0000277a
000002eb
0000014b
00001809
000015d5
0000062c
0000276c
00001048
ffffc7c6
fffff160
fffffd0d
00001167
ffffeed5
000036be
ffffda09
0000318e
00000497
ffffd798
fffff9b2
ffffef6d
0000116f
ffffece4
0000025b
00000b4d
000019d0
fffffec3
fffff257
00002175
fffff94a
ffffc866
0000153c
ffffd1ba
00001689
00000157
fffff8be
000027aa
fffffcdf
00001ca7
ffffd21c
00003281
fffff793
ffffde18
ffffda42
00000b2d
ffffdebe
00002bff
000013a5
00003314
ffffb8b8
00001234
fffffe95
00001e80
000039f9
00001377
00000b2d
ffffd9b0
ffffe876
000006c5
fffff988
ffffdca3
0000062a
fffffedb
000023e1
000030f1
000018b5
ffffff43
ffffeaac
ffffdcaa
000020a0
00001422
fffff3b8
00002331
000013fc
ffffc373
00000769
00000f1e
000004c3
ffffd5f8
ffffe45f
00001e41
ffffe846
fffffa11
fffffecd
ffffe50e
000035c6
00000e59
0000498d
00004f79
fffffb37
000020c2
ffffc371
ffffcc5c
ffffee0c
fffff536
00003d72
ffffe164
00000d56
fffff90e
ffffec30
00001965
fffffd55
ffffe56d
00001bc2
00006a3a
0000348d
0000071b
0000139e
ffffe457
0000152e
00001582
ffffdbd6
00000b95
00000412
ffffc454
00002201
00001d9f
00000ba4
00002601
00002c04
ffffefa4
00000eb3
00000c01
00000196
000028b2
00002360
00000185
00001bed
000016ed
ffffd98e
00000503
ffffe1e2
0000173e
ffffed5a
fffff99b
00000984
ffffea3f
000011ea
ffffff92
ffffcf0f
ffffee44
ffffe694
fffff239
ffffff6c
00000825
ffffe554
00005a6c
0000044c
fffff189
ffffef19
0000196e
ffffea6d
000004ab
fffff463
0000290e
000004e9
00000f37
ffffd7ac
0000046c
000006fd
000002c4
ffffdcc9
fffff1a8
00000e15
00001030
00000048
00000d84
00001c68
000004bd
ffffe9d5
fffff070
ffffee34
0000093d
ffffdb48
ffffd392
ffffe594
fffff434
00003134
000002ac
000008d2
ffffcffa
ffffe623
0000098b
fffff52e
ffffbfec
ffffe1c3
fffff44b
00003ad4
00000062
ffffe2b1
ffffefef
00002dab
000034e3
00001462
000004a0
000000aa
ffffeb65
00001503
0000123e
ffffdb6b
ffffe682
00002f51
00001108
00000e15
00000eee
fffffe82
ffffe252
fffff2f0
ffffe1a5
ffffe5be
00002fc4
0000137f
ffffd581
00000718
00002249
00002003
00002072
00001d87
00000074
ffffe4a0
ffffefc7
ffffea6f
00000e7f
fffffbd7
00002cf4
00001a2f
000003dc
ffffe026
ffffff88
ffffffc0
00000c99
ffffed08
00000fdd
ffffd2ac
000030bd
00002d6e
00000872
00000697
0000099e
ffffd6ae
00003f8d
00004f62
00001073
000014fd
0000065a
00000f99
ffffee1e
00004546
00001768
0000242d
000022b1
00000088
00000921
00001baa
00002cf7
00003017
000011ab
00000c4a
0000204a
ffffd3e9
000008d9
00001d24
ffffdb90
ffffff81
00001c0c
ffffbd67
00002456
000015b1
00002c35
000021b4
ffffd0ef
fffff3e0
fffff950
000012ec
00000f31
00002566
00001c95
fffff7cc
00001adf
ffffe324
0000032f
0000421d
00000208
ffffd840
ffffdd32
00002af2
ffffbc45
00000832
ffffe9f3
0000529f
00001b8e
0000167b
fffffa13
00001e64
fffff4b8
00001373
ffffdb80
00000eea
00000191
000021b2
fffff93b
00002399
fffff555
fffffcdd
ffffe3e4
ffffe259
00000035
00001013
ffffe562
0000059c
ffffcc0d
000042ac
0000321f
ffffd42e
fffff511
000002ff
fffffb24
00002328
000009d4
ffffd8f4
fffff372
000020e1
ffffaf9c
00000b34
fffff5c3
ffffe153
00000f3d
ffffe226
ffffe405
ffffcda7
0000025d
ffffee90
fffff640
ffffdd62
000014af
00005781
ffffe84a
fffffb3c
000010b9
000043f9
0000117e
00002bf2
ffffee8b
fffff931
ffffc48a
ffffe498
fffff4fd
00002833
000011dc
fffffff5
ffffa12e
ffffe09f
ffffe1c2
ffffdb56
ffffe176
000011b3
fffffefd
00000952
fffffe20
fffff697
fffffe56
ffffe79b
000013a3
fffff3d1
000046fe
fffff242
ffffe245
fffff67e
000000fc
000002a8
fffff602
ffffb5ee
00002a63
fffff68d
00000c83
00001c0c
0000062c
ffffd5f4
ffffc76b
fffffdfd
ffffe41e
00000cc5
00001bb5
00001a5a
ffffdbdb
00003e05
fffffd83
ffffc722
ffffde3f
00001391
00001cce
00004577
fffff29a
00001abd
00004779
00000526
0000029a
00001c20
000002b8
ffffe97a
00000d5d
00003aa1
ffffdd1a
fffffa74
000032c3
fffff1f8
fffffb3b
00000596
00000cb6
000017bf
fffff5e4
00003301
fffff1d5
0000111b
ffffbdcf
00006e82
fffffc5a
000009a9
000018c6
ffffa9e0
fffff175
00000400
00000dc0
ffffb80f
ffffef58
00000515
ffffe972
00000bde
000012f6
fffff5c2
000004b4
00000f85
fffff6fd
ffffbfa8
00000095
0000314e
00000e08
00000edf
00001022
0000133f
00000223
00002c1d
000002c9
00001d8e
ffffb252
ffffe2b8
fffff739
000010f5
fffff7af
ffffe7ba
fffff20f
00000a41
000030ba
ffffe685
00001367
fffff572
ffffddad
ffffd053
00000943
fffff918
ffffdcb6
000047d2
00001d1f
00000fb9
ffffe123
000027d1
000002e4
00000e1f
ffffefa3
00001486
000004d4
00003e38
ffffd6b2
000025b8
00000a33
ffffed57
000037eb
fffff408
000046e6
00002f84
ffffe298
00002587
00003a3b
ffffff04
fffff222
00000302
ffffb50f
000011a2
0000038d
000013b9
ffffd5f0
ffffc42d
000023e4
ffffe286
000006a5
ffffd607
ffffd59d
ffffea59
00002991
00001def
fffff178
00000f19
ffffef39
00000665
ffffcc1a
fffff5cd
00000f2b
ffffd7c4
fffff41d
ffffca61
ffffdc90
000025c0
0000218d
00002296
ffffe937
0000207c
ffffe823
00002b08
000036f3
fffffb1f
000022de
ffffaf4a
00000961
ffffe7d5
00001e87
ffffe021
00001819
0000201e
ffffeeee
ffffeb9f
ffffe2b3
ffffd11a
000009f7
ffffe723
ffffdc1c
ffffda4c
000010b5
000037f6
ffffeca8
fffff417
fffff480
ffffc1bc
ffffe082
00000feb
ffffe313
ffffee7d
ffffd5b6
00000196
000010cc
fffff75b
00000624
ffffc5e0
ffffdece
ffffd6e8
fffff953
ffffd8a4
00001517
ffffe040
00001f99
ffffe6fe
fffffdc1
ffffe289
000016e9
000004a8
0000100b
ffffea61
fffff3b3
000016e7
000016b5
fffff096
ffffbedb
00000e56
ffffee21
ffffda2a
0000138c
fffff9a5
00001083
00000b61
ffffead1
ffffeaca
00002019
ffffdeb5
fffffb3f
ffffed81
000000ab
ffffc113
000033da
ffffe648
ffffe198
ffffdb3a
00000082
00001a40
ffffdf31
ffffbc70
00001ff4
fffffca3
ffffdce4
00000b3c
000010e1
000016c5
ffffee87
000023a8
fffff1fe
ffffdbc8
00000599
0000148c
ffffc883
fffff853
ffffb5df
00001981
fffff8f6
ffffd80d
00000467
000031e0
ffffd5a3
00000352
fffff026
ffffd88e
00000254
fffffed5
ffffdc81
fffff092
00001732
ffffb976
000001a7
0000063a
000042af
0000047e
000016a8
00001a3e
fffffc64
ffffd8a6
0000286f
00000be8
00000786
ffffdb92
ffffdf8f
fffffb8a
0000029c
ffffff59
fffff4bb
ffffdfb2
00004555
ffffb08a
ffffdd96
fffff24a
000022b0
ffffe26c
ffffd6c1
000004d2
00000300
ffffc481
00000fab
fffffa29
fffff235
00000dfb
00002aa4
ffffe72c
ffffdab3
00002471
ffffe714
0000453c
ffffc566
ffffe3fd
00000091
ffffe4d5
ffffd49f
00001e30
ffffc84e
ffffe3c3
ffffedb0
fffff22c
fffff362
0000357a
00004201
fffffe83
fffffd62
00000efa
ffffd52b
ffffd591
00001504
0000100f
000000ca
ffffdcbe
000013ef
ffffef78
ffffe67a
ffffcaf7
00006257
fffff4dc
fffffb3e
00000f92
0000146a
ffffebf6
000025ef
fffffec9
ffffe0f9
ffffff7e
00001a9a
fffffb63
0000199f
fffffe4c
ffffedbc
00001780
ffffd2a4
fffff882
ffffc4c3
ffffcf53
00000a7b
ffffe1c2
ffffd35a
00000465
ffffd1ec
000015cc
0000201f
ffffeae9
ffffb3c9
000015c7
ffffdccb
fffff858
ffffe1f1
000016eb
fffff40e
000019d1
ffffc93b
ffffe916
ffffd724
fffffc9c
0000096c
0000058b
000026e8
ffffbba1
fffffbf9
ffffe8de
fffff671
ffffef6e
000014f4
ffffe50e
0000043c
00001dfd
ffffcd8b
ffffe6de
ffffc28d
000025fb
ffffec13
00000daa
00000bee
00000fcb
ffffd764
ffffe86e
ffffcd40
ffffd13d
fffff789
0000083b
0000074d
00002441
ffffe53e
ffffdc18
ffffe76d
ffffe19b
ffffd510
00000094
fffff8c1
000018d1
0000414c
fffffe42
000027c6
0000084e
ffffef58
000048c9
ffffecdb
00000967
0000176e
fffff29b
00002566
000021b3
fffff252
ffffd330
0000182c
ffffed4a
00000692
fffff18f
000006b6
ffffeef2
00001cec
fffff9b3
ffffbf57
fffff253
ffffe9bc
fffff5c3
ffffd738
fffff6b1
fffffb7a
fffff82b
ffffd0d6
00000c5e
00000d7f
00000a63
ffffbd7e
00002a53
fffff101
00001657
fffff8ac
00000145
00001f6b
000008b3
00000924
ffffdd29
0000319c
ffffc6de
ffffe430
ffffe6b8
00002793
ffffda6e
00000508
000010a7
00002843
ffffbd4c
fffffc3d
ffffce15
00000450
ffffff55
fffff139
ffffefdd
ffffee13
ffffcb11
ffffe5e1
00000168
ffffef35
fffffdb2
00000e87
00002fa2
00003ffd
00000ea3
0000268b
ffffe031
ffffdb5a
000005dd
ffffe9c3
ffffe551
00000723
00000f38
ffffe58a
ffffccec
ffffff9f
ffffded9
ffffee79
fffffcb1
ffffe9e8
ffffe51e
ffffdb2a
ffffd99e
ffffedde
00001b5a
0000194c
00001fe5
0000227d
000009ea
00000f10
ffffc751
ffffdc26
fffff4ff
ffffc809
00005591
ffffe99a
fffffc2c
00000569
ffffbbef
000035f8
00000979
ffffcd61
0000296b
00004d3d
00000a47
ffffee8e
000016ef
fffff287
00000793
00002660
ffffc32d
ffffe37a
ffffea6e
ffffed81
00002a90
00001b0f
00002115
00001131
0000123f
000006d6
000001c9
00002d3c
fffff02f
000036a0
00000f79
000014c5
00000c9e
00002504
ffffc603
00001188
ffffe56e
0000196d
fffff416
ffffe21a
fffff0c2
ffffd566
00001a30
ffffe05e
ffffe5a5
0000050b
fffff36a
ffffdd70
000020ad
00000b81
ffffee48
00004f6a
000025ee
ffffefc4
ffffdafd
00000ef2
ffffdaa5
00002071
fffff3c3
000021ef
ffffed3e
fffff796
ffffbfda
fffff5f3
000008b8
0000080f
ffffdd43
fffff655
00002141
00001a09
ffffefc4
0000020a
00001160
00000a6c
ffffe50d
fffff10c
ffffe5e7
ffffed8e
ffffecd0
0000062f
ffffe14f
00001541
00001a8f
fffff512
00001059
ffffe06b
ffffe3cf
fffff3c8
000014b3
00000e66
ffffffbf
00000527
000035aa
00001192
ffffd95a
fffff155
000023d4
ffffff76
ffffe568
fffff4f5
ffffe492
ffffdc9e
00001a5f
fffff208
fffff3ae
00001060
00003de2
00003088
fffff759
00001c3e
ffffeaa5
ffffe049
000003cb
ffffded8
ffffd6a0
00001180
fffff7c0
ffffb5b3
ffffebc1
00001b30
fffffb6c
00000e00
000026df
00000b2d
ffffdd7f
ffffeb08
ffffeabb
00000010
fffff116
00001cd5
0000010d
000005cc
ffffe71d
ffffe0a0
fffffc5d
000012cb
000016fb
fffff4ab
fffff087
fffffc69
00000681
ffffe490
ffffedbb
ffffd91f
fffff52a
00002dda
00000227
00000ad6
00002db6
fffffb56
fffff34b
fffff554
0000327d
ffffec0f
00002b5f
000023ee
000005ac
0000388b
00000779
000023cd
00002d7b
00001470
fffffb3c
0000004e
fffffdd5
fffffdaf
fffffed8
00000da1
fffffa84
00001139
000005e9
ffffe8c0
00000cca
fffffd1c
0000671f
ffffc6e3
00004657
00001975
00000c91
000009ac
0000381f
00003168
ffffedfa
000021f1
fffffce2
ffffe9b0
ffffeb05
00001935
fffff1fe
00000bcf
00000d07
ffffea20
00001299
ffffdb0b
ffffea61
ffffde93
fffff107
0000222a
000043ee
0000200e
00003541
fffffb97
ffffe0f1
00005f1c
000021e0
ffffe449
0000208a
0000164d
ffffcda9
ffffde31
fffff13e
ffffb774
ffffcbb6
ffffc93d
fffff19a
00001b2d
000038be
fffff878
fffffb6d
ffffd96b
fffff5a8
0000077b
ffffe61e
ffffebcd
000019fc
0000037b
fffff3f3
ffffca92
0000238f
fffffbaf
00000cc7
ffffef22
ffffd921
fffff7ea
fffff0f0
000003d9
00000c3f
00001ae3
000017ac
000037f1
0000086c
00002a8a
fffff059
000022d4
00000cb0
00003c62
ffffffe8
ffffe079
ffffdb0c
fffff90a
00004057
00003d9d
000036b6
00004380
00001ba8
0000025e
fffff527
00001c17
0000000f
ffffffd1
ffffe1a4
00000381
00004a4d
ffffe242
00000565
fffffea1
fffffa50
ffffc806
ffffffc2
fffff53f
ffffe7d9
ffffc91f
00001ea5
000014da
fffff548
fffffd6d
00001f3c
ffffebcb
0000211f
ffffc37e
ffffcd56
000027a7
00000b38
fffffafe
000011f3
fffff91f
0000174c
00002fdc
00001122
ffffe005
0000688b
fffff7ca
fffff7b7
fffffe72
0000178a
00000ef7
0000059d
000013e4
000000e9
000010aa
000037b8
0000244c
00000d81
ffffc131
ffffe09e
ffffb3cb
000027f9
ffffdf77
ffffde99
0000495f
00003098
0000467c
00001662
000014e0
00001888
00002429
00001452
00002cd8
00003b7f
fffff16e
ffffd934
00000d1b
ffffec66
00001418
000028d4
ffffe08e
ffffd2df
ffffff22
ffffd656
0000185a
00000982
000046b2
0000124c
00003b1d
00001242
ffffdabf
00000cdb
00001a68
fffff908
00001a46
fffff00c
00000a83
00001582
00002076
ffffe14d
ffffb62e
0000013e
ffffbb5f
00002c2b
0000066a
000003ab
ffffccb0
ffffc623
fffffcbf
00001587
00003032
ffffd544
00003939
ffffcca4
00003353
0000126d
ffffdb8a
fffff4e1
000017ca
000027fe
ffffe6b0
00000e12
00001532
ffffeac6
fffffe20
000023cf
00002258
ffffc8c2
00003305
00000799
fffff06e
000004f7
ffffda24
fffff164
00000c58
ffffece3
0000032a
000061f3
0000014d
ffffe4a7
0000181e
0000068e
ffffdb6f
00001544
00000715
000018d5
000021c3
ffffec8d
000012d8
0000303c
ffffd086
fffffeac
00000c89
00006a8f
fffffe0c
0000154c
fffffafd
ffffe859
fffff7be
fffff41e
00003929
000025f5
00003af9
00000399
00002d09
ffffeda4
ffffca53
ffffef08
ffffcbe2
00001dce
fffffa39
ffffe20a
fffff938
ffffa52b
000016d5
ffffdc8e
ffffe27b
ffffdd8b
fffff2b2
ffffff03
00000e75
ffffde5d
00001982
0000013a
000002f1
ffffc7ac
ffffd8f4
ffffe0c6
0000148d
00000b48
fffffcf3
000004c7
ffffdc0c
fffffdcb
ffffe3a8
000006b1
00001c5c
0000010f
fffffb84
00003d90
000022f5
ffffecd5
ffffde1b
00001277
00001f23
ffffd57d
0000013d
000033fb
00000a4b
0000205a
00002568
ffffd0ef
00003e6f
00002fae
ffffe411
ffffdcaa
000016fe
00000d9d
ffffd1e7
00001a05
ffffe753
00000555
0000238e
0000097c
00000773
0000199a
00002165
ffffe431
00001e35
fffff928
00006192
00002990
00006060
fffff4b7
ffffbe3c
000023e1
0000111d
0000274f
ffffff95
ffffccfb
00001b69
ffffdf5d
00002492
00002167
ffffda4b
00000dcb
ffffe2d4
ffffe901
00001bec
ffffaf9c
fffff235
ffffe162
00000c98
0000082b
ffffd18a
00001b99
ffffdc2e
fffffefc
000001cc
0000036f
00002af7
ffffb48d
0000132f
ffffef91
ffffcba2
00000dd5
000015ed
00003f34
00001d6f
00001690
00000cfa
ffffe86a
fffffa0e
ffffd357
fffff98a
ffffffef
ffffec36
000037bd
00003ace
ffffcd1e
ffffee1a
ffffc50f
000006b3
ffffe141
fffff121
000019bc
00002bcd
00001897
ffffd827
fffff60d
00003f55
000025af
ffffdf29
000024b8
00001ac8
ffffdd41
00001a88
00002ae2
00000b41
ffff9eea
00000ea6
ffffdd82
fffff98a
00000bd3
0000005f
000037dd
ffffcc63
ffffecf5
fffffcfa
00000b99
ffffe68e
fffff01d
00000fb5
ffffd062
00000b67
fffffa51
00000a7d
fffffbac
fffff8da
0000082a
ffffe387
ffffe22c
ffffd723
000019d1
fffff5ce
ffffeba3
00001717
ffffd601
fffffb98
0000086a
00001d03
ffffdb25
ffffe394
000013cb
ffffe389
00000b57
00000a1a
fffff3da
fffff1e2
000018b5
0000237f
00000552
ffffc7db
00001207
ffffe690
00000854
fffff693
00001921
00001a1a
ffffe2c6
fffff3d0
0000100f
00000423
fffff336
ffffec45
fffffd8b
00000c4c
ffffc892
fffff28f
ffffe952
fffffe7c
ffffeeb8
0000194b
00000cff
ffffe85a
fffffe88
fffffd8e
00004989
ffffd9e0
0000106e
fffff4ec
0000341b
000049fe
fffff5fa
fffff0db
fffff785
000027a4
ffffd1d0
00000ee4
000013c3
00001fd0
ffffda34
00000daf
00000b2e
000010b1
ffffbd86
00001b67
000000d3
000015f5
ffffed3f
00002fa4
00004035
ffffe063
fffff727
ffffdb46
ffffd02e
00001cda
00000220
ffffc7db
00001820
ffffe449
000028f8
00000db0
00002f49
fffff1a4
fffff404
0000174a
00002aaa
00000116
fffffd7f
fffff144
fffff47c
ffffdf97
fffffac3
ffffc9af
0000014e
ffffd0ec
ffffe0db
fffff0c3
ffffe2cb
00001c39
000006da
fffffc01
0000364f
00002d4b
0000444a
fffff947
00000647
ffffe795
000022db
ffffeb68
00002894
00000b51
fffff8c9
00001da7
0000235f
00000177
fffff583
ffffe76f
fffff526
fffffca7
ffffe8c9
0000411c
00003a1f
00003246
000049a6
000007e7
00000645
fffff92a
fffff214
00000e67
ffffc4df
ffffddfe
00001482
000007de
0000060f
000011d5
fffffd63
fffff1ac
fffffa81
ffffd81f
000018fe
ffffba8d
00000230
00004573
fffff95a
fffffd98
ffffe78f
ffffe293
ffffcef3
00000d27
ffffe3d3
ffffd435
fffff1b5
000044bd
ffffcca7
0000301f
00000500
fffff4b4
000029ec
00001625
fffff853
00001eb8
fffff6e6
ffffd24a
000004a6
ffffe2a6
ffffb005
ffffb80c
ffffe4db
00000243
00000608
00000317
ffffe414
000000ec
0000023c
fffffe82
0000070a
ffffed1c
ffffe177
00002318
00000b63
ffffea20
00000177
00000024
000051c4
fffff9a7
fffffd08
000029cf
ffffe4d5
000013a9
00000dc4
ffffe046
fffff779
00000510
fffff620
000007fa
000026ed
000007c1
ffffe674
ffffdecd
00000a53
ffffed9b
0000173f
ffffe4d6
00002b22
fffffa86
ffffe22e
00001857
000027be
00000fe4
00002332
00002a47
00001fc8
fffff238
fffffb0c
ffffe8a5
000003db
fffffa47
000006b7
00001c6e
0000096c
ffffe952
fffffcd9
000024f6
000037e7
ffffebae
ffffef29
fffff789
00003751
00001b79
0000449b
ffffb984
ffffdc43
00002155
000037ff
ffffed2f
00001408
00001c15
ffffe871
fffff8a9
ffffe91a
0000069f
00000310
ffffdfe6
000011a3
00001364
00000c79
00000fbb
00002e33
ffffe03f
000001b1
ffffe7cb
ffffd193
0000051b
ffffdea8
00001426
00005551
00000e63
ffffd44a
fffff15e
ffffc449
000010c7
00003d0e
ffffe773
ffffebee
fffff30e
00001a09
ffffebfd
ffffec01
00002ff9
00001b44
00002992
fffff5ee
ffffe2ec
ffffe03d
0000035c
00001ae3
fffffbf4
00000ad9
00003c5d
ffffec56
ffffb173
ffffc72e
00001d4d
00002507
ffffc9e6
ffffdb30
fffff3ba
ffffe435
00001a4d
ffffb3e7
ffffc4b1
00001409
ffffdfc5
000035b1
00000eb9
ffffdf75
ffffa4ca
ffffb9af
00001205
00000125
ffffed09
ffffbf29
ffffe0b1
fffff8dd
00001c56
ffffd5b4
ffffc1ff
00000e20
00000574
0000164e
ffffedc4
fffffcce
ffffe050
ffffbf73
000000a8
00000c2b
fffffa95
00001b7a
000004a5
00000a8f
ffffef35
fffff5f2
fffff795
00002a60
ffffdfc6
ffffdc0d
fffff4a7
fffff936
00000cd6
fffffb2c
00002886
ffffeb08
0000085b
fffffbc4
00000a90
fffffd74
ffffbd2e
ffffdde4
fffffd01
00002a58
00002502
00002cd9
fffff3d8
00004fe5
00002ac6
ffffef08
00003f07
00001a5f
00001cda
0000054a
fffffc60
ffffe488
00002178
0000460b
00002400
0000147e
fffff44d
00000aab
ffffbe13
00000c1f
00000ef4
ffffce1e
000025f9
ffffd3f6
fffffda5
ffffebab
ffffec9a
ffffd9ad
ffffe413
00001800
ffffffe5
ffffe24b
00000080
fffff16b
00001064
00000eb9
ffffe19e
ffffeba3
ffffd89f
000000ed
00001142
0000196a
ffffe933
fffffdac
0000082c
000003a5
00002840
ffffefda
ffffdf2d
000007ac
0000172a
00002b14
ffffc824
000006d4
0000234f
fffffdd1
00002a17
000044ba
00001b87
fffffe45
00000b1e
00001038
00000b9c
fffff15b
fffffaae
000028e5
ffffff9b
00002598
ffffd55a
00001a8c
00000f2f
fffff429
000007fc
ffffed53
ffffc6d7
00000f6a
00001d08
fffff9bd
00000f1b
0000230d
00000805
fffffcf1
00001eee
00001e6a
ffffdec7
0000212b
00002cdc
fffffb58
00000af1
fffff42e
fffff2cc
ffffff13
fffffd75
00001f1f
ffffebe3
fffffe2a
00001f2b
ffffc8d0
00002c57
ffffdd96
00000013
fffff097
fffff2f5
00000ea2
ffffb49a
00001083
00002a90
fffff213
ffffd425
000012aa
ffffffd1
ffffd550
00000c5b
ffffb0bc
fffff111
fffffff8
fffff764
000003f8
000002cf
00000703
00000594
0000078e
00001f97
ffffbfeb
ffffe86a
0000112f
fffffb77
000011ff
000025ec
ffffe5cf
0000141f
ffffeee3
ffffc0eb
000003bf
00002165
ffffe242
ffffea53
0000222b
ffffe7f6
ffffeda6
000012bc
0000190e
ffffe53d
00001be7
00000c42
000015be
00000bb8
000019e5
00000071
ffffbb24
ffffebd8
ffffef84
0000168a
00001175
ffffee30
00002fd8
00000d03
00002108
000039e1
000004ca
ffffe404
000003e2
00002cbf
ffffd264
000001f7
ffffda53
fffff51d
fffff66e
fffff4d7
0000049b
00002247
ffffe452
ffffea92
00003741
00000f34
ffffebc7
000026db
fffff5d9
fffffdc1
fffffa45
ffffcb14
ffffc7c7
ffffe9a0
00000321
ffffd0a4
00000a17
0000179a
ffffef3a
00003425
0000213d
fffffaca
00000c03
ffffe672
00002f72
fffff7e8
000023ac
ffffcbab
00001949
0000058f
fffff033
000016db
00000d48
ffffd2bb
fffffa61
00000d59
fffff480
ffffeb82
ffffead8
00000287
00001132
ffffebb7
00000a1a
fffffdc3
000006ca
fffff2f3
ffffd8d5
ffffeae7
00003dac
00002d40
00001e1d
00001d28
00001f01
00002db9
00002630
fffff4ef
ffffe7c1
000033a7
fffff97b
000009ec
0000400d
00001c10
ffffd226
00002617
ffffedbf
00001426
00000f7e
fffffff9
000023aa
0000258b
00001972
0000431c
000006ec
ffffc75c
00001854
fffff08d
ffffe8b0
00001f2b
00002449
ffffefff
ffffffd8
00000b15
0000410c
ffffe187
00002677
ffffdab8
00000fc5
00000174
00001d02
ffffface
00002688
ffffdd2b
ffffddcf
ffffd984
ffffdc50
ffffad06
fffffbe8
ffffc9c4
ffffeabe
ffffdc0b
fffff6be
ffffee99
00001f61
fffff8fd
00002f1b
000002d1
00000947
00000195
fffff50a
fffffcdb
00002a74
ffffee68
00002f20
00001de9
00002bf0
ffffeee4
fffff4d6
fffff27a
00000f0c
ffffefcb
0000221b
00000718
0000743e
fffffc43
00000eba
0000136e
000018d2
000041f3
000056b1
00000e94
fffff918
00001895
0000184b
fffff8ce
ffffd991
fffff075
ffffd848
000018ed
00002bb7
00000f3e
ffffff3c
ffffd95f
00000b6a
fffff33e
ffffee76
00000458
0000230c
000024c6
0000452b
0000256d
ffffc60d
000020d8
00003c39
ffffdbe8
00002043
00000299
ffffd97b
ffffe9d8
fffffca2
ffffbf36
ffffb64e
ffffc723
000000b7
000023c3
fffff837
fffff4bc
00000499
fffff8f5
fffff0f7
fffffabd
00000ac9
ffffd822
000022b2
000009f0
fffff30f
fffff514
00001ebd
ffffce86
00001ed3
ffffe4e6
ffffdf30
ffffea1d
0000114c
000003ef
00003259
00002634
00003c1d
000013a9
fffff13b
00003199
00004d92
fffff546
fffff881
00004eef
00000b98
ffffdc42
fffff495
00001300
fffff876
00003c0e
00001936
00002d39
ffffdec8
000030fd
00001569
0000120c
0000013c
0000058c
00000ece
0000113a
fffffba6
000024b3
0000117c
fffff6d0
000025bc
ffffc385
fffff758
000003a7
00001a1c
ffffb16d
000032bc
00001dfb
ffffccac
ffffbcf3
000016cf
fffff9f3
ffffef21
ffffeece
00000764
ffffd95d
000000d8
fffff76b
0000320b
000004fc
000006b6
0000207c
0000082c
fffffdf7
000055ac
ffffe2c4
00004183
0000026c
fffff47d
0000031a
00002e33
00002e86
00001427
fffff1d2
00000d15
00001ae7
fffff704
ffffdeea
fffff3ef
ffffe1ee
fffff607
ffffe6e4
ffffd630
00004f26
00000770
0000448f
fffffb60
00001cb1
00001890
00002993
0000027d
00002479
00005f85
ffffed59
ffffedea
00003cf0
fffffd24
ffffce44
00003013
fffff20d
000005e3
00004421
00002bdd
00000ebb
ffffe52c
0000352b
ffffff59
ffffeada
00003dff
0000096d
000029d7
ffffe4d6
00000808
00000826
ffffecf2
ffffd980
00000ccd
00000183
ffffda4e
ffffdae3
0000133d
ffffb17c
000024e5
0000130e
00000c06
ffffc7b0
ffffbda6
000009e9
00002d9a
00003d5c
00000ecc
000029a9
ffffdb53
00005a70
fffffdf7
fffff78b
00000338
fffffc8d
000040d5
0000130e
fffffcd8
00002ad0
0000023c
00000aff
00002035
000028f1
ffffdd30
000007a0
00002b7f
000004ac
fffff7c9
ffffeb50
000002aa
ffffdf9f
00001f8d
fffff396
000050ed
00001d92
00000dd9
0000083e
00002009
ffffe79a
ffffd5d1
000019b0
0000325d
000009bf
ffffe7fb
00001de8
000028e7
ffffe037
00000875
00000c4e
00004da2
ffffeec3
fffff939
fffff95d
00000664
fffffadc
ffffdf67
00002889
00003c2b
000017f2
000032b9
00004147
ffffeef9
ffffe72c
fffff41c
ffffb6e7
ffffec5f
fffff312
ffffeefc
0000132e
ffffaa37
00002ea7
ffffd519
ffffe88f
ffffdf23
0000074b
00001112
00000056
ffffd331
fffff415
ffffd5e5
00000063
ffffe6c1
00001fb2
ffffeef2
ffffdb1e
ffffdfb8
ffffd80b
ffffc76a
ffffeed0
00001055
ffffdc71
fffffc39
00003b03
000003f2
ffffadbf
000001cd
000036d3
ffffe9a8
ffffefcb
000019b7
000025f3
ffffd170
00000d96
000016b1
fffff2ad
fffff55e
00002a36
fffffe3a
00003221
ffffebe4
ffffdb1f
00000222
00003754
ffffde70
0000093c
00001039
000011be
fffffe47
000019e9
ffffd29e
00001356
000018eb
00002545
ffffd9ac
ffffe95f
ffffed7f
000003bf
0000130a
000011d3
fffff6de
00001271
00002a7d
00001fec
00000b75
00001d3b
fffffa73
ffffbbdd
0000161b
ffffd269
00000b37
ffffeb27
ffffe933
00001311
ffffe058
fffffbc3
ffffc4bb
fffff7cf
ffffe2cd
ffffe936
00000016
fffff9d0
ffffdc90
ffffef98
0000109e
ffffe6d0
00002765
00003ec1
ffffef62
00003296
ffffc6ed
fffff63c
fffffaa1
00000ba7
000022d5
fffff5aa
00000998
00004add
00000c48
0000000c
ffffe8ee
fffff35b
0000259e
0000124f
ffffcdbb
ffffea52
00000a5e
ffffb8c7
ffffe9b0
000007f3
ffffccff
00002562
ffffe09d
fffffbe3
00002d48
ffffd0f3
ffffb3e2
00001f3d
0000163a
fffff88d
fffff64b
000025a1
ffffe056
00004383
0000037c
00000440
ffffe09b
fffffb5d
ffffc8bf
00003178
00000ffc
fffff0a9
fffff7dd
00002309
fffff6e7
00002fef
000008db
ffffebf2
ffffe2c7
00000ce1
ffffbefa
fffff0ff
ffffce95
000012a2
ffffdbe1
00000e27
00004d9d
ffffe80b
fffff6fb
ffffc8cb
0000013c
fffff2ae
00000187
00000887
ffffe5c8
000028c9
ffffc925
fffff37e
ffffe8b3
fffff7f5
ffffeac1
ffffccf8
000012d8
000002d7
ffffeab5
00002a15
00002ea9
0000175d
ffffff2b
000017d0
ffffe69e
ffffec58
00003af2
ffffe0f9
0000022e
00000b96
ffffeeac
00001b34
ffffea37
ffffe356
000004ba
000006fe
000013c3
ffffeb4a
ffffee66
000008ab
fffff953
fffffef3
fffffc1c
ffffe590
000028b4
00000318
fffff46e
fffffad7
0000104e
0000027f
00000e36
0000060c
ffffd9b7
00001c16
0000496e
000000bc
ffffe0e2
00001aad
ffffe6b1
ffffcbb9
000034bc
fffff85b
fffff504
fffffcf1
fffff10c
ffffe2ed
ffffe12a
ffffd04e
fffff8f4
0000600b
000018db
00002ae9
ffffe240
ffffd2bb
00001ae2
fffff0e2
000006de
00001066
00001e3c
ffffba88
ffffe975
000014e8
0000328e
00002736
0000543a
fffff373
000011a1
00004c21
000014ed
fffffe63
ffffcb0a
fffffd9c
fffffbf9
000017a9
0000251c
ffffd786
00000488
ffffe4f5
ffffcfc5
ffffffbd
ffffd769
ffffe52d
00001c42
0000373e
00000944
00001e94
00000df2
00000749
000019e8
ffffcf94
00003240
00001e24
00001a1b
00004b7e
000021f5
ffffcd44
ffffe487
000017ea
ffffd977
000019c0
00002ba8
00000bbc
fffffb0a
fffffa55
ffffe425
ffffe635
0000008c
ffffec7b
000003f8
000013ea
fffff26a
000020b1
ffffdda7
fffff637
000037b2
fffffc49
ffffd266
ffffd8ed
00000d3c
ffffeae8
fffffd76
0000107e
00002d60
00003b12
00002917
fffff2a6
00001730
000008ed
000002e4
00000a27
00004aca
ffffc2a4
00001ec5
fffffe76
00000800
ffffc41f
0000344d
ffffff5a
fffff735
00001783
fffffa6b
ffffea94
00001cce
ffffb7d2
00004110
000024e3
ffffd67f
00001d92
00003616
000015c9
000058b2
fffffc32
ffffe690
ffffea9d
00000f8e
ffff9fbc
fffffc08
fffffd88
fffff05f
00003190
0000141b
fffff8fa
fffffe3b
fffffc98
0000140f
ffffe26e
fffff14d
fffffd5f
00002de9
ffffff48
00001b72
fffff696
0000362d
ffffd8ca
0000456d
00000d08
000006e5
ffffcf00
ffffbdb6
ffffe4b3
00001347
fffff630
ffffcd50
ffffd096
ffffeacc
00000c20
000009b6
ffffcc83
000025af
ffffee3c
ffffea9a
fffff01e
ffffd1b7
fffffb61
00003719
0000185a
000016c7
0000267b
00002644
fffffe67
ffffca6a
fffff34a
00001bd8
ffffdf73
ffffc289
0000257e
ffffdc59
000022f3
0000346c
00000815
ffffeaa1
ffffbfb8
ffffdcbc
fffff9e9
00002fe9
fffff45b
00002f82
00000ec5
000014a4
ffffdcf7
ffffce4c
ffffe2a0
00002214
00000c3c
0000270a
00001d3f
00002ad9
00001468
0000058d
0000147c
00001764
00001d62
fffff413
fffff2da
00003213
ffffeaac
00001347
00000883
ffffd0f9
ffffed01
00000988
000016f1
00002632
00000806
0000169f
fffff16b
fffffe7a
ffffe42c
00007dc8
00001777
ffffed96
ffffe844
ffffa289
ffffe601
00000481
000032ae
fffff6d0
ffffd686
ffffeda4
ffffdfd9
ffffec66
ffffdc95
fffff945
000015a4
00002528
ffffce8d
0000018c
fffff76e
000036d3
0000053b
000000fb
ffffe621
00002b70
000025f5
00000919
00002b72
00000397
ffffdb13
ffffdc58
0000026b
00001899
ffffe59e
fffff7bb
ffffeac0
000045fa
fffffd39
00001c5f
00001d80
fffffd3a
0000237f
ffffea19
fffffdeb
ffffdd0b
000010d2
00003176
0000218d
fffff73f
ffffcc84
000027ca
0000185d
0000140c
ffffcb88
fffff1e2
00001877
00002aa5
fffff4e4
0000100b
000001dc
000025e4
00002707
ffffd0d8
00004435
000034e0
ffffe5cc
00002af4
00001de4
ffffefac
fffffcab
fffffacf
fffff142
000015db
00001561
ffffeb73
ffffdd10
ffffc490
000013b9
ffffb4d6
0000026c
ffffcf39
ffffe48a
fffffbad
00002a78
00000c6d
fffffcda
00001969
ffffc6bf
000032f9
ffffbb32
fffffefc
fffff639
ffffcdd3
00000b30
ffffe1f0
ffffd82a
000038dd
00000498
000023a8
ffffea43
0000286b
ffffe395
00001aa5
00001f9e
fffff79c
ffffe4da
ffffdacd
ffffefe2
fffff8e2
ffffded7
ffffed27
0000242a
ffffed1c
00000144
00000b3b
ffffdea0
ffffc7a9
ffffee98
00000256
ffffe106
ffffd36e
ffffd653
fffff5a1
ffffd6a1
00001116
00003d04
00001553
000005ea
ffffefb7
0000330f
00000d9f
00000ef4
ffffedde
0000007e
ffffdd8a
ffffdbf9
fffff624
fffff44e
ffffef14
ffffea9f
00000e6c
ffffff32
ffffe062
ffffc205
ffffe487
00002c0c
ffffdaf6
ffffea7b
ffffb903
fffff94e
ffffda7f
fffffa5e
00001940
00001fd8
ffffef2e
ffffdfb7
00002c41
00000b7a
00004a8e
00000b91
000014ff
fffff649
ffffd460
00000f4a
fffff6e9
fffff852
000005cc
ffffdf7c
ffffd975
00000a05
0000096f
00001959
fffffe96
ffffd8ef
000016fc
ffffb8dd
000011a2
fffff281
000004e0
fffff154
fffff4da
fffff3d9
000031d9
fffff5ce
fffff4af
00003ea4
fffff4d6
ffffeebb
000004f5
ffffdfc5
ffffdc36
fffffd80
00003e84
00000b45
000011a6
00004133
ffffff01
00001064
ffffeae5
ffffe813
0000133d
0000164f
00000851
ffffd73a
00003daf
fffffad1
00001d90
00001d67
ffffdaf6
fffff2d2
ffffe3dd
00001667
00001af2
000019d3
ffffd89b
fffff685
ffffe6f5
00003947
ffffe777
00000dfe
00000dd6
fffff0c5
0000025a
000022c6
000027b5
ffffeffc
ffffea32
000021e4
fffff0cd
fffff3f0
ffffd150
fffffb3d
fffff8cc
fffff3a4
00001632
ffffd740
ffffd95e
ffffbc4f
ffffe998
00003178
00001bcc
00000b2f
ffffe960
0000366d
000011cc
ffffed02
fffffb42
00001067
ffffdf05
00000ce2
ffffe684
fffff279
fffffbcb
ffffd9a8
00000e36
ffffef8f
00006765
00000928
ffffd174
ffffd4d0
fffffcc2
0000040b
ffffe744
000033cf
000020b2
fffffc24
00001fa0
ffffd572
ffffbf03
fffffbbb
000020c5
fffffa5d
ffffec18
fffff36b
00003318
fffff50b
fffff392
fffffddd
ffffdfbe
fffff69e
fffff58a
ffffdd3c
00003d99
000008d5
00000619
0000411e
ffffc2cf
ffffcfc5
ffffd9f5
000010ec
ffffefd1
00000e5a
00000653
fffff91f
ffffe368
fffffbae
ffffce25
fffff46b
00002144
00000da6
ffffef85
00002991
fffff061
00000323
ffffed8b
ffffceb7
fffffbd6
ffffe276
fffff49f
ffffc9b3
00001776
000017f3
ffffec73
000023ba
00003fed
ffffe4e4
000004d3
fffffa72
ffffef4b
00002720
00002cbc
ffffe785
00001cbf
00003915
fffff3c3
0000179e
00000750
00000453
0000031e
00002517
ffffef27
000006d3
ffffea71
ffffce8f
ffffe943
ffffdb49
00001c38
00002dd3
00000032
00003419
0000191c
000004d0
ffffd46a
fffff71d
0000080b
ffffc273
000010a2
fffff87a
ffffdbc6
000007ba
000004e5
00000b1c
000007e1
00000be7
ffffe723
fffffc63
0000322c
000011c6
ffffd807
0000097a
fffff9fb
fffff233
ffffbfa4
fffff735
00002b7f
ffffe10d
000003a7
00001d5f
ffffe974
00001df3
00003983
00001718
000017dd
ffffbfe6
000013a0
fffffff3
ffffdc74
ffffdfc9
fffff1e2
ffffdefb
fffff939
00002c57
000033cd
ffffcb0f
ffffd90c
00000368
00001cb7
0000143c
00001de6
00000388
fffff76a
00001c48
ffffda96
000026ec
00000abc
000008dc
ffffffd2
ffffbe35
0000381d
ffffec47
0000168f
00000641
ffffe832
000002ff
fffff954
ffffedf3
00000ef1
00001e8a
ffffd80e
00000680
fffffa59
00002a10
000016a2
ffffe559
000025e5
ffffd265
00001a30
00000451
00000a45
fffff5fd
000015e8
fffff101
fffffb46
000022a3
fffff9e4
00001ec7
00004652
fffff07a
fffffd52
0000132d
00000b8c
ffffd8bf
ffffea18
00001dc9
00003e1a
ffffd428
fffffd49
ffffe904
0000160a
ffffd605
000003c3
00002b22
ffffb7d3
fffff22c
ffffdd4b
ffffd85e
00000f49
fffffdcf
00001b31
00001389
000015f1
fffff73b
0000143d
0000160e
ffffbdd4
0000094e
ffffd1aa
00002e8d
00004b82
0000446b
00000d28
0000051f
0000395a
ffffe364
ffffeee0
ffffea3c
ffffe863
ffffda12
00001f8a
00000418
ffffec44
0000079c
00002d5d
000001b3
00001c4e
00001c5b
00003577
ffffd121
00004cdb
00000dc7
fffffd22
000013f4
fffffd51
fffffa58
00000eed
00000b9d
00003cc9
ffffca6b
00001a27
ffffdfbb
00003ea8
ffffe819
00001dc7
00002eba
ffffd2e3
00001737
ffffe939
ffffc99c
ffffdef8
00003439
00000812
fffffd56
000001a1
00003347
00000175
00001e4f
ffffe622
00001e6a
ffffeebb
00001b9a
fffff91f
000002c1
fffff0c1
fffff206
fffff5ff
ffffdf7c
00001cc8
000015b5
00001051
000042cd
00001278
000009e7
00001ce5
ffffce1d
fffff088
ffffeb5f
ffffe69a
ffffef1f
ffffefcb
00001484
0000240c
ffffd9c1
fffffc95
ffffe84c
ffffb349
0000211e
ffffedea
fffffccf
00000c8c
ffffddaa
000032b0
0000291e
ffffd4ac
ffffd16a
ffffbc5a
000024cd
fffffe0b
00000fd7
00002040
ffffd7e9
00000f53
000036b7
00000746
00002deb
00001bce
ffffda1a
fffffef4
00001a8b
ffffd93d
00002e7b
ffffeca4
ffffd2fc
ffffdfaf
0000352c
fffff605
ffffcf07
00001537
0000305b
00000389
00002e28
000009b2
ffffffc3
00004187
ffffe216
fffffddc
00000848
000009a7
fffff0dd
00001dfc
000012d5
fffffb4f
00001de9
00002c50
fffff50e
ffffd6f6
ffffeb5a
000001ab
00000d95
0000138c
ffffdb05
00005282
ffffeb94
00000983
000025ea
0000057f
000013ea
00000a2f
fffff153
ffffe308
ffffe327
00003189
00000584
00001c77
fffff7e2
0000137c
ffffc930
00003a91
00000269
fffffe20
00001ff0
ffffdde0
fffff067
00000097
ffffef7d
0000053c
ffffe60f
fffff35d
fffff0bc
ffffe072
0000161e
00001bed
00000468
00000ace
ffffe9a9
00000525
000043b9
00001207
00000322
00001d63
fffff9a2
ffffdce8
ffffe5b8
ffffe7dc
ffffd533
fffffbde
fffff1ea
ffffef87
00001940
00001e4b
ffffb6e7
fffff251
ffffdb9e
000051ed
ffffe30f
fffff8b1
00002110
00000f00
00000b9b
ffffe943
fffffe01
ffffc86e
ffffff60
000014d2
000008c7
ffffeb4c
000019f8
ffffeb2f
00000597
ffffdda3
fffff278
fffff30a
ffffdd6d
000006e2
fffff364
00000ea5
fffffdd7
fffff54e
ffffcced
ffffdf3d
ffffc1ee
00002c34
fffff6f3
fffff9e5
00001588
fffff969
ffffe2a6
00001479
fffff522
0000038e
00000c38
ffffa38a
00003c24
fffff4be
ffffec87
000000f2
fffffd1a
0000210e
000000e9
0000169a
0000065b
0000178a
00001450
000009b1
00000453
00001736
fffff6d1
fffff73d
fffff017
00000498
0000046e
ffffeee2
ffffed02
ffffed66
ffffbefa
00000c51
00000632
fffff63e
0000103f
fffffd60
000027d2
ffffe827
ffffeb7f
ffffef85
000015a7
00001b4c
fffffab0
00000778
000007e6
0000289f
0000024a
ffffe192
ffffe091
ffffe2be
ffffd0df
fffff969
0000318d
00003413
ffffc81c
000005f0
000008ee
00001fd7
0000003a
00003af2
ffffebad
fffffdd2
000033ec
00003682
000002d3
00001bea
fffff434
ffffd21d
00000006
fffff32c
ffffe64a
000032a7
ffffdf38
000038f1
fffff5ce
00000700
00000065
00000a9c
00000dba
0000177d
fffff127
fffffa40
00001b2f
ffffe8d8
00001d37
00000f00
000041c9
ffffb60f
00000ada
fffff550
000010ae
000048fd
ffffff94
ffffdaa1
ffffe8c0
0000632d
fffff2a1
ffffdd1a
ffffeb8d
00001897
00000ec6
0000086b
00001ff9
ffffeb8e
ffffe416
000004cb
ffffde6b
ffffbe1b
0000062c
ffffdb7b
000016c0
fffff93d
ffffe34b
00001e1c
000002ee
000000df
0000042e
fffff4b5
fffffb53
fffff8fd
ffffe956
00001ac5
0000052f
00002700
fffffb44
ffffce26
ffffefe9
fffff202
00001f1d
ffffff3e
0000147a
ffffcbc3
ffffeb2d
000004e9
000027d3
ffffeda3
ffffeacc
000003f1
00000594
00001f1c
fffff4e6
00000165
fffff79b
ffffdc6d
ffffd49b
fffffde5
000010a4
fffffb77
ffffd67f
00003207
00001cf0
000017b2
ffffe8e3
000040ea
ffffe213
ffffe31e
000017fa
ffffee2d
000048da
000032e3
ffffff2b
00002165
00002991
000008df
000003a6
fffff2fb
ffffe7db
ffffd8a5
000025d2
ffffee7a
ffffda25
00001413
00000c50
00002b08
fffff087
000005d9
00002ad0
fffff7e1
00004113
00002626
00002892
fffff349
00000232
0000565e
ffffe4c1
0000050b
00000d4e
ffffe567
ffffe117
fffff414
00000b0a
ffffefc7
00001ea5
ffffeb35
ffffe924
00000ab2
ffffebd4
ffffe802
fffff9db
0000160a
000001e6
ffffec60
00000343
ffffef72
00001995
00000b69
fffff83b
ffffdcc5
fffff4eb
ffffdbd7
fffffbb7
fffff94b
00000305
fffff688
ffffeddb
0000068b
000035ee
000002fb
ffff99b6
000008f0
00001c23
00003bf8
ffffe06d
00001338
fffffbb7
00000a7c
00001497
000019ac
fffff2c8
ffffe7f5
00001cd1
00001aa1
000006ba
ffffe32d
ffffe11f
000029f2
00000f6a
ffffec9f
00000113
000006ab
000010f8
fffff879
ffffdaeb
ffffd64a
ffffdf2c
000008bd
000005f1
fffff81d
fffff625
00001f19
ffffdc20
fffffce1
00000417
00002232
fffff57b
000028e6
000036c9
000001e9
0000268e
000026de
ffffd25c
00000308
00000d5b
fffffb41
ffffdfa3
fffff9a6
00003bbf
ffffcd25
fffffa12
ffffcbc3
ffffeee5
00000ff9
ffffe201
ffffeb95
ffffd02d
ffffeb12
00002356
00001f42
ffffb5db
00002d9b
0000041a
ffffe8e8
0000018f
ffffce36
fffff178
ffffdb4a
ffffeac2
000017e3
ffffd9dd
00000120
00004301
0000150a
00000703
ffffd34a
ffffd496
00002200
000026f9
ffffe6e8
fffff57f
000020bb
0000028f
00000abf
ffffccb9
fffff0fa
00000bb6
ffffa455
ffffe24b
00001ec5
fffff0a8
ffffc744
00001511
00000fe1
fffff2e2
ffffec40
000001a7
fffffb93
00003669
fffffe93
fffff9df
fffff039
ffffedd5
ffffdd4e
0000274a
fffffc60
ffffeec2
00000842
0000298e
00003e5d
00003a4d
00000d41
ffffe142
fffff565
0000261c
ffffc6dd
fffffd28
ffffd8a7
00001584
fffff5ae
00001fcf
0000518f
000025cd
ffffe9f8
ffffe247
000023d3
fffffa29
00000e1f
00001419
fffff186
00002212
ffffcbc0
ffffc92b
ffffec1b
fffffbff
ffffef59
ffffcc23
ffffe355
00000d6b
fffffa85
00004d34
00003607
ffffed8d
fffffdbd
fffff262
fffff62c
ffffdaee
000030f8
ffffdfc8
00001591
0000031d
ffffef67
0000245e
00000f69
ffffcabf
00000c52
00000e13
00001d9f
00000a8e
ffffed1c
ffffff55
00001408
fffffd7a
fffff4fc
00001575
00001558
00000278
ffffef28
00000155
000028f0
000025c8
00000c53
00000a21
ffffde16
0000137d
000040ef
0000123c
fffff101
00004c09
000000f6
ffffe800
0000486f
00000258
fffff31e
00000439
fffff0a5
ffffccd1
0000145c
000006ca
00000569
00003225
00002fe2
00002d4a
ffffe37e
ffffdc4a
00000e64
00001a59
ffffeacd
00001d36
00003540
ffffc566
ffffe916
fffffdba
00002cd4
fffffecb
00003007
fffff4b2
fffffc13
00000893
fffffca4
000006f3
ffffd628
ffffc90e
ffffbe36
fffffbac
0000047a
ffffd99e
0000037a
ffffdf6e
000000ee
fffff15a
fffff9a3
ffffa9f2
000022eb
00001ba5
000000f0
00000fde
fffff36e
00000f8e
00001c6c
fffff3f0
00002f73
000015f6
000018f3
00002b41
00001249
00001308
ffffff32
ffffea0d
000013ab
ffffaec1
fffffc90
ffffe8b1
00000e12
0000650c
fffff84b
00001028
000038db
00001bd6
00002022
fffff170
00001f34
000028e5
ffffe7ec
ffffe233
ffffe9eb
ffffc7f2
ffffe4fa
00000efd
00005841
0000089d
ffffd921
ffffe6cd
fffff9f0
ffffd68b
ffffe1db
00000699
ffffdc42
fffffc18
000000b6
fffff2d2
ffffd512
fffff2a6
00000e89
ffffca0e
00002bd5
00003243
ffffb22d
00002699
00000333
ffffe82b
ffffaf23
00000704
ffffdff3
00002dff
ffffefa2
ffffdcd5
00001879
ffffe0cf
ffffb613
ffffdc9b
00003bcf
ffffd6b9
00001327
00002903
ffffcad5
000021fb
00003224
fffff0f0
000010fc
ffffd217
fffff63d
000017b1
0000265d
00004aeb
ffffe00f
fffffc49
00002218
ffffc6dd
ffffda99
00001ac7
00001577
ffffe5f5
ffffed37
00000cff
0000130f
ffffb403
fffff107
000034cb
fffff629
00000c84
ffffd5cc
ffffe857
ffffe983
0000189d
000009cd
ffffff10
fffff6d0
00002d34
00000b11
0000260c
ffffdcf1
00000031
fffff43d
000013cb
0000217c
fffff2cd
00000441
fffffc10
00001223
ffffcbbb
00003938
00002872
ffffec92
ffffbde5
00002a63
ffffe4a8
fffff746
fffffbf0
fffffc79
00000319
000020f8
000015ee
00004e68
ffffd273
ffffe1cc
000022c0
000028d8
ffffd8e2
ffffe42d
000028dd
00001c01
fffff049
ffffd5a9
0000145a
00001f7e
00001612
00000699
ffffd835
0000186d
00000e29
ffffe028
fffff71a
ffffd249
ffffdb85
ffffce32
00001c01
00001449
00002ff0
00002465
0000266a
fffff8c3
00000b6d
ffffcbe1
00002197
00000c3e
00001e6c
00001d74
ffffba05
ffffec14
00000373
ffffebda
ffffe914
00003794
00002b39
000002c1
00002cbe
00002ef2
fffff37a
00004bc6
fffff869
0000132f
00000e48
00003db7
ffffb083
00001920
fffff8bf
00002049
ffffed46
ffffe80e
ffffda69
ffffe7fe
00001af6
ffffc2ab
ffffc935
00001e62
ffffe5ce
00000753
00001d2d
00000431
ffffce8f
ffffa688
00002282
fffff270
0000116d
ffffec18
00001239
000016e0
00001d86
ffffd50f
ffffe442
00001ca0
fffff146
000018f5
00001283
ffffedd6
00001a8f
00000c60
00000dc6
0000016c
fffff5b1
ffffee4a
00000166
000027eb
00000a79
ffffe635
00002d11
00002570
ffffe5d0
fffff210
ffffc46c
00000cc1
000004cd
000007dd
0000107c
0000071e
fffff9b9
fffffa96
0000210d
000039c9
ffffe513
ffffe57e
ffffe0d7
000002c7
00001c79
00000b01
ffffda44
00003ea1
0000078e
000018bf
0000110c
000010b3
ffffe653
fffff4d0
ffffef34
fffff26d
000006a6
00001b5d
fffff27b
00002c71
fffff940
fffffca2
ffffb137
00000668
fffff38b
ffffef52
fffffd9a
ffffda4c
ffffeabb
00000e10
00002184
ffffd9cb
ffffd2f3
ffffc439
00000039
00000e16
00001593
000004aa
0000233e
000069e5
ffffd1d7
fffffcac
ffffed5e
ffffff39
00000bd0
00004477
00002075
fffff40f
00001d2d
000002ff
00000be7
ffffea6e
fffff324
ffffebdb
ffffc722
00002aae
ffffd1db
fffff93b
ffffe359
000048e4
00000e99
00000eaf
fffff8ae
00003323
00000ce5
00003f49
00000184
ffffd47e
0000068b
00003353
00001381
fffffd05
ffffda1b
000008e0
ffffbf11
ffffcaf8
ffffc3b4
000007d3
0000019c
ffffeac0
ffffe161
00001537
00001bab
00000017
ffffbbd2
00000131
ffffed46
00000d24
000011e4
ffffefe2
0000041b
ffffeb4f
ffffd901
0000075c
ffffdbdd
000024df
00000d31
ffffecbf
ffffe8f4
ffffbbc4
fffffc33
000024ab
00000b9a
0000105f
0000095b
00004297
fffffcbf
0000248f
ffffe589
00003e11
00003aa5
00001240
ffffe301
00001dc9
ffffdd4f
fffff374
ffffff12
0000273f
00001e5f
ffffe310
ffffeb13
ffffcf30
fffff0d0
ffffde43
ffffea47
000009d3
fffff298
00001ee1
000008d9
ffffed06
fffff32b
ffffec22
ffffdf69
ffffeb60
000030ca
00002427
ffffe675
00001af5
00001543
ffffe232
ffffe0d9
ffffef4b
000017ed
ffffefaa
00000c71
00002dc9
ffffecc2
ffffec9c
ffffc056
00001951
00001307
fffffe3f
00000939
00000e39
fffffcac
0000500b
ffffd871
000015ae
ffffec27
fffff692
00000f66
00003b97
00003396
00000ecc
00002d36
ffffee0b
000027cb
00000369
00000549
00001d65
fffff30e
00001de2
fffff19b
ffffccd0
000046c1
fffff571
00002545
00000544
000010cd
00002fd5
000011c4
000013b8
0000106c
0000234c
fffff0b2
00004537
000005f6
ffffd12c
ffffe10e
ffffd7f4
00001502
ffffed73
00001b26
ffffff52
ffffea94
ffffd6e1
fffffa26
00001b27
ffffe068
ffffffbd
000013d1
000026a2
ffffd582
ffffbc52
00001c47
0000074f
fffffbb5
00001a3a
ffffdc7b
00001127
fffff930
000016f5
fffff96d
fffff8c9
ffffcd44
00000573
ffffe54a
000009ec
ffffe29c
fffffed7
000036c7
000014d1
000034e9
fffffcb0
00003658
00001b9e
fffffa06
fffff0eb
fffff86f
00001069
00000775
000033ca
00002211
00000438
ffffe98a
0000100d
00000742
000016c6
fffff959
00002830
00000ad4
00003d59
ffffdd9b
00000ec2
00000d75
ffffe6b0
000020de
00001010
0000342c
000015f4
0000032b
00001c1f
fffff0c9
ffffd237
fffffb14
ffffe86d
ffffec8a
000003b6
00001f16
fffff0f0
ffffbb89
ffffe9e4
000033ec
ffffe9da
000005bb
ffffd8aa
ffffe5f5
ffffedcd
00001ddb
ffffed72
0000279e
00004885
0000109f
0000244d
000009e4
fffffde6
ffffe345
ffffe502
ffffeaa4
fffff2cd
ffffe316
ffffe9c2
0000209e
fffff5e8
0000100d
ffffe39a
fffffb95
00002068
00000523
00001d35
ffffddd1
ffffe6ee
000007cd
0000113c
fffffdd5
0000588c
ffffc9de
fffffc8d
ffffdd00
ffffd78e
fffff75a
000011f3
000045d2
ffffece9
0000168a
00003d98
00002fc6
00001464
ffffe95d
ffffe6bf
00000596
000002c9
ffffdb92
00002ecb
ffffe3df
0000011a
00000455
000000cb
fffff5f9
00001f14
000031fa
00003dd1
00002a2c
ffffdc5b
00002a7a
00003035
0000273a
fffffbc2
ffffebef
00000789
ffffbfd4
ffffe768
ffffd1bf
ffffdc4a
ffffdc7f
fffffb3c
0000076e
00001cb3
00002df1
ffffe7cf
ffffd645
00000cbe
fffffe4e
000003d3
ffffefc2
00002480
00000746
fffffbab
ffffc511
00002c3a
ffffe9f0
00002ede
000016bd
ffffda5c
ffffd226
ffffc5e9
000006e4
fffff34e
00001339
fffff175
000027df
000007d7
00000cd5
ffffe281
000021c6
fffffbf7
00004373
00000447
ffffb6cd
ffffee38
000021e7
00001f2a
00001a70
fffffe92
0000389f
fffffc3d
fffffbe5
fffff6bb
000025dc
0000050a
00001915
fffffe1f
ffffeb33
00003016
ffffd786
00001033
00000dba
ffffd900
0000014d
000000c1
fffff2bc
ffffe88b
ffffe289
00002d47
00002b3e
ffffd875
fffff1d2
00000952
ffffcd56
fffff15f
fffff7dc
000011db
ffffe3ae
ffffd7c5
fffff4d1
ffffe15b
000032e7
fffffc2f
00000ea8
fffffcfd
ffffe157
00003ae1
0000110d
ffffeb13
fffff0df
000003f5
000044a5
000010b6
00004045
00000774
00000b6e
00000c07
00002105
ffffd47e
ffffdad5
fffff7c5
ffffe4fe
0000474e
fffff2ed
fffffa4b
00002acc
00000c65
00001ec5
00001f15
00002698
000053dc
00000221
ffffeae9
00004495
00001bca
ffffe425
00000240
0000234b
ffffd2c9
00000de2
fffffd3e
ffffe461
ffffce9e
00000e4e
fffffcb8
00000c82
fffff558
00002137
fffffa99
00001a93
00002988
00000b0f
00001555
000006d6
fffff9cd
00004381
00000b17
fffffa60
000021a1
0000129c
000016f5
000002de
fffff419
ffffe3a5
fffffee6
ffffe6e6
000004bc
00001e06
000015bb
fffff7dc
00000fd2
000041ed
0000213d
00004296
ffffd972
00001f79
00002c53
fffff4dc
00003311
00002b86
000007fb
ffffeddd
00002e1c
00000687
00001a46
00002a3e
00001784
00000d9e
ffffca63
00000b8c
000004b6
ffffed80
00001724
fffffa23
fffff434
00003c1f
ffffd910
000001c5
00005430
ffffef03
ffffda2f
00002a1a
000014ee
ffffcf38
fffffc0a
00000ff9
00001eef
00002ae3
00000dd4
00001446
0000221f
ffffecbe
fffffe59
00000db8
fffffdc6
00001bdc
fffff4fd
fffff278
ffffe300
ffffe373
fffffe2e
0000153f
000050f2
00002242
ffffd3fc
000000f2
ffffead5
fffffd79
ffffdb82
fffff200
fffffd0b
ffffecee
000010b1
ffffdd5c
ffffd6e6
00003559
fffff0db
ffffec5a
00001d03
000011b7
fffff421
0000094f
ffffe2d7
00001b4d
fffff079
000018f0
0000016a
fffff712
ffffdf43
00000112
fffff71c
fffff174
fffff802
ffffde81
0000060b
ffffcfb7
00001dcc
00001fb5
fffffcbe
ffffd15a
00000d56
00002cc9
fffffaff
ffffcb77
00001bcb
00000f5d
00000ebd
00001e6f
00002809
00001e5c
0000082b
00000f66
ffffdd5e
000055e5
000002cc
ffffce54
ffffe76c
000033cb
fffffbbd
ffffdb48
00003d50
fffff9ee
ffffdc37
000013df
fffff151
fffffd67
00000fd2
000012d0
ffffd787
ffffed66
fffff29b
00000c32
0000358f
00001a4f
ffffd69e
fffff774
00001fd3
00003620
00003efe
00000e9e
ffffe470
ffffef4a
0000035d
00001315
fffff5ad
ffffee28
ffffebc2
ffffd72b
ffffeecc
00002d18
ffffb43c
000002c6
ffffc5fa
00000157
ffffed07
ffffd9fe
ffffee11
ffffe505
000007fc
000000f8
00004141
000017d4
fffff243
0000389c
ffffcdb8
ffffc874
0000033c
000003f5
00003ef6
fffff4e8
000007f9
00002cfd
ffffde25
00001577
fffff006
ffffc980
0000314c
00003554
000016e3
000037b6
ffffdffe
ffffe2d0
00000a4b
000011fe
ffffc8cf
ffffe911
ffffe470
ffffe708
0000091f
ffffec46
ffffe620
00004746
00003203
ffffdc5f
00001d03
00001444
ffffe8c3
0000495e
00002a6b
000008f7
ffffd98f
000028c6
ffffd641
fffffe27
000004e0
ffffe671
00001cc2
ffffef4c
fffffe36
000003d2
00002c16
ffffde6b
ffffe6ff
00000588
ffffcb95
ffffe8d8
fffffa92
000009ef
ffffe47f
00001aa5
00000ce6
ffffecd7
ffffcbcb
ffffddf2
ffffe482
0000140b
00000677
fffff623
ffffc677
00000283
ffffafc7
000007b9
ffffe02a
fffff61c
ffffe003
ffffc414
00000815
000005be
fffff5b2
00000962
0000248c
0000271d
ffffd95d
fffff97e
ffffe7cc
ffffd4f0
fffffbd5
000007d7
000014e3
00000e52
ffffe4d5
fffffb66
000018b5
ffffd9dd
fffff68c
ffffcc86
00001c24
fffff679
fffff342
00001cbd
000002e1
ffffd894
ffffdd9e
00000aff
000023bb
ffffe14a
fffff66b
00000b85
00004c19
fffff399
fffff8da
00001968
000010b9
00002ee0
00003d38
000006f6
00002633
00002eba
ffffeec7
ffffca16
000008b3
fffffe22
ffffd6cb
00001c4f
ffffdd74
ffffd980
ffffba2b
0000060f
00000ea8
00001e1c
0000154f
00002d39
00002629
ffffea6f
fffffe8a
fffffd21
fffff396
0000388e
00001e3a
ffffc5ab
ffffdaab
fffff436
0000136e
00001672
000020cb
00003059
ffffe25a
000017cd
0000237a
fffff325
ffffe83b
fffff6d5
ffffef9d
00000468
000014a7
ffffd7ba
00001e60
fffffeb1
ffffde5e
fffffba1
00001dee
0000108c
00000242
00004945
000020bc
000034d7
00003f32
00001aaa
00002496
ffffe912
000028b2
00000337
0000355d
00002344
ffffecf3
fffff33e
00001785
ffffead5
ffffde28
0000020a
00000737
ffffd485
0000445d
ffffec0f
00001718
00000e96
00000aa5
fffffb37
00000860
000029c5
00001411
000016c0
0000067b
000003ba
00001519
ffffe76a
fffff83e
00002924
00000e08
ffffedd5
00000fb9
ffffdcb6
ffffdbfc
fffff75e
00000231
000031d8
00001e8d
0000283e
00000c03
00003288
ffffee05
00002f4c
0000027e
fffffeb1
000011c4
000037be
000005f2
0000048f
ffffd75a
ffffe3f3
fffffec3
00000459
00003818
000024c1
00000fb0
000009ca
ffffe54c
fffff12b
0000110e
ffffeddc
ffffeffc
ffffdaaa
00002970
00000fd4
00000255
ffffe18e
00000a3b
ffffbe1e
00003ecf
00002583
fffff0ab
fffff3fa
fffffc8c
ffffd8f0
fffffb5d
0000218c
fffff411
0000370e
ffffe779
00002adf
ffffeff9
0000177d
00000659
000031e5
0000049d
ffffc45b
ffffe8e0
00002246
00000d17
00005a91
ffffeae6
00001acc
00001523
ffffe732
0000147c
00002daf
00001761
000024d6
ffffff52
00000225
00002112
000010a6
00000f93
00002e53
00000c56
0000155d
00001d82
ffffe505
fffff4b4
ffffe59d
0000282e
00003a22
fffff3e0
ffffc725
00001ba0
ffffe321
ffffdaa3
ffffffc6
000006fe
ffffd212
00000f81
00001854
0000002f
000017bf
00001936
00001f69
fffff1e8
ffffde54
00002909
00000c04
ffffffe9
fffff99e
000016d6
00001ce3
ffffdeda
00001cf9
000010be
00001218
000021ff
00000197
ffffdbb8
ffffe341
ffffcc40
ffffdfe3
00000b27
000008ca
000012f4
0000150f
000008e8
00002986
00000318
000016ed
00002b0e
000010b4
fffffc72
00005758
000014f1
ffffe9f7
ffffef7e
000011c9
fffff9b9
00001df3
0000362d
ffffe7a2
ffffcdf5
00000ecf
fffff9ec
0000281b
fffffdc8
00004ae4
0000151c
0000283d
00001d12
000012fe
000021cc
00001e77
000009fd
00000d89
fffffe70
ffffe871
000011fb
00001a9b
00001733
fffff17b
ffffd6ca
ffffe0c5
0000121e
fffffca5
00001160
00000748
00000233
000005df
00000a6c
00001249
000000ca
00002fdb
fffffd1e
00004cf6
00002762
ffffe172
0000265b
00001887
00002e9f
ffffea58
00001257
000008bc
00000030
ffffff3f
00000df0
00002aa3
ffffb739
0000235c
ffffea59
ffffe6c2
00000093
fffffa31
ffffef69
00002c9d
fffffd4b
ffffe713
000041be
ffffeca0
ffffeb79
00001fd1
00001865
ffffd68e
00000ec2
000031fc
000040f9
00001baa
00000753
000026b9
00001b5f
00000615
00001889
fffff63e
00002da7
00000697
00000921
fffff1e7
000004f2
fffff5b7
ffffdf7b
000022b0
00003ab7
00002666
fffff773
0000154e
fffffe40
fffff1dc
fffff865
ffffbc47
00002d75
ffffe538
fffff26e
ffffe2de
ffffcd1a
00004a6c
ffffeac0
ffffe975
00003373
fffffdf9
ffffefe0
ffffead6
fffffda4
fffff615
fffff547
000004bf
00000573
0000135c
0000013d
00000405
00002205
fffffc94
00002334
ffffea06
ffffe9a5
fffff4c8
ffffd74b
ffffc47e
ffffe23c
ffffe51f
fffff1e0
fffffba5
00002e58
ffffed6b
ffffdd0b
ffffe590
00004c81
ffffcf46
fffffabc
fffff807
000007ca
ffffef19
000005bf
fffffd0e
ffffb8f1
000002e0
00001c4f
ffffe90a
0000221d
fffff7c9
ffffd98b
00000d5d
ffffe035
ffffc48f
fffff754
fffff036
ffffef2d
fffffa8b
00000e3f
fffffb24
00000252
ffffcbf9
ffffd0ed
ffffed10
00003fa9
ffffec11
ffffff3a
00000fb7
ffffe3e9
00000c90
00001263
0000032c
ffffee09
ffffce0c
ffffd25d
000030bf
0000237e
0000092e
00000c71
fffff046
00002084
ffffeef3
00001460
000014bf
0000322a
ffffe8dd
0000190d
0000110c
00000c83
ffffe239
fffff412
ffffed0a
ffffe10b
000003c7
00000f93
fffff690
fffff659
ffffefb7
000004a6
00001b16
ffffe437
00001f73
000015d0
00003b2a
ffffec5f
00000593
00000056
fffff0e9
fffffe0c
fffff123
ffffebfc
0000123a
00003bfd
ffffe4ce
000019a9
fffffe10
fffff900
ffffd52d
0000041f
000027d0
00003da6
ffffc538
00000fc6
00001222
00001faa
00000154
00005f14
ffffd3a4
fffff761
0000290e
00003426
000000d4
00002c26
ffffe583
00000ffc
fffffa7b
ffffce64
ffffcdaf
00005a7c
fffff75a
00002110
ffffec32
00000b46
00000257
fffff920
00002410
000008d2
ffffd343
fffff915
fffff014
ffffeeb2
00003547
00001142
0000390b
ffffc60e
00000351
ffffe246
00001154
000023bd
fffffd32
00001851
ffffe085
00002f13
fffffe5b
ffffd3e7
ffffef4d
0000104f
00000180
0000078f
0000137f
00001ee8
fffffa25
000020e3
ffffdf67
ffffeaf8
000019ea
000000f7
ffffe011
ffffe650
ffffd5f7
000000be
fffff7cf
ffffdc1d
ffffe983
ffffe4ba
00000523
ffffdaf0
ffffcbdf
000038e2
000011c8
00002875
000007a8
ffffe274
ffffc09b
ffffac45
00000c22
ffffebf2
00002d8b
ffffe645
fffff67c
ffffeeef
00002f98
fffff16a
fffff257
ffffeca4
ffffede2
00001fb1
000007fa
0000099d
000027db
fffff72e
ffffec1b
00000056
fffff726
fffff90f
ffffc511
00003714
00001627
000009c8
00000a81
00005626
ffffd84c
fffffb85
00000170
000003a3
00003d45
000011ae
0000084e
000014bc
00003596
fffffc34
000005b6
fffffb94
ffffb56c
ffffcfae
00002881
0000198e
ffffdc88
ffffff39
00000c27
00004e74
ffffecd5
ffffff55
00002782
000008ab
00002595
000025c7
000012c0
000000de
0000019f
000038f6
00000db7
00001768
fffff9e9
fffffc40
ffffc9a5
fffffb93
ffffe3cf
ffffde95
00001be9
ffffc775
ffffcfdc
0000156e
fffff52e
ffffd9fa
fffff69c
ffffddda
000037f5
00003ade
fffff083
ffffdcc7
000004f0
fffff109
0000119a
00000665
ffffe77e
0000282d
00003107
0000104e
ffffea32
ffffe2d8
ffffe5f1
ffffd1cf
000026cd
00000270
00000a47
ffffe665
ffffcb5d
fffffbe5
fffffc98
ffffe221
ffffedc1
ffffec55
fffff12b
00002319
00001187
00001c5d
ffffe7d2
fffffb3d
ffffe16d
00000091
fffff7d1
ffffed63
ffffe50a
00003901
000002ff
00001070
000006e6
000012a8
fffff1ea
0000033c
0000228a
ffffef2c
0000111d
fffff4d0
fffffe9d
00002ad0
00001a9c
ffffdc2b
fffff1b7
fffff33c
ffffee2a
fffffd71
0000114a
ffffd507
00001766
ffffcf01
00000e18
00000cc4
fffff713
00003efa
ffffdf1f
fffff615
fffffadf
0000059f
00000fdc
00000df5
ffffd11e
00000a49
00001ca6
00001e97
ffffcff3
00002c99
fffffbe0
000018d0
00001bc8
000016c0
ffffddc3
ffffea67
0000088b
ffffe337
fffffcca
0000020f
000044c0
fffff23d
ffffde8b
ffffecca
fffff38a
ffffe6da
000013af
ffffc6e1
00000849
000000f3
ffffb481
00002a72
ffffd971
ffffb65b
fffffb15
00000a26
ffffe270
ffffe801
ffffe375
00001bdb
00001e69
00002173
00000624
fffff7fe
000011d5
0000280c
ffffbbe4
00001c07
ffffdcbe
0000315f
ffffe3ec
fffff921
fffff016
ffffd92b
000009be
000012f1
fffff8f8
000013ab
ffffe9f7
00002747
fffffd6d
fffff259
00000f83
ffffddc8
00001fb4
ffffee28
00002f7d
00001812
0000085b
ffffe2fa
ffffedf4
ffffefb3
ffffdb98
ffffdf00
00000f7c
00003642
fffff354
00001cc2
fffff248
ffffde33
000008db
000017b1
ffffd8db
00001c6b
0000074d
ffffe551
fffffc3a
00002aee
fffff453
fffff96b
00000d6a
fffff9b8
fffff6ee
00002e1f
00000967
ffffe5bb
ffffd24e
00002789
000004d2
fffff9be
ffffb7fd
fffff345
ffffd78c
00001071
fffff05e
ffffcb8e
fffff5df
00000372
ffffde30
fffffcd1
ffffbac5
fffffb89
00001716
00000c1e
ffffbc7a
0000130c
ffffcdc7
fffff2bf
fffff6ba
ffffee88
0000126f
ffffef6e
fffff3d2
00000b17
ffffe7f0
ffffeab5
00000257
ffffcba1
ffffddc0
00001865
fffff159
000002f4
00002e9b
ffffed64
0000154e
ffffee0f
fffffec3
00004bb5
0000273d
00001334
ffffd6de
000022d8
fffffbdf
0000004a
00002190
00002794
fffff968
ffffed7f
000020e0
ffffdf84
00001e21
fffff375
00000298
ffffddfe
ffffda7d
fffff78d
ffffb962
000009b5
ffffe033
fffff301
fffff889
fffff1fd
000008ab
00002ced
ffffee25
fffffee5
ffffffc4
000018fd
fffff89e
ffffe4cd
ffffe0f4
00000e86
000012d2
0000204f
000040b5
ffffdcee
ffffe1fa
00002399
00001659
fffff087
ffffe6f4
ffffc22f
00000700
00003a33
fffff780
ffffe4f8
00000339
fffff949
ffffe6ed
fffff70b
00001573
00001d5f
000011f4
ffffbb62
000022c5
00001bcd
000018e6
000008e3
ffffe5eb
00000107
00001441
00001e30
0000300f
ffffe849
ffffef48
ffffd18a
000049d0
fffffc64
ffffea6f
ffffd5e6
ffff97e9
00000385
000004d3
ffffe655
ffffefe4
00004c0e
ffffd492
ffffec2e
000011ed
000003af
ffffd73c
00000839
ffffee8d
ffffdca2
fffff72f
00000553
00001558
000002f9
fffff837
ffffda46
ffffe710
fffffe9f
ffffd18c
fffffa0f
00000ebc
ffffdacb
ffffcebd
00000bb6
fffffca9
000010d2
ffffa81c
ffffcaac
ffffe3f0
00000617
00000cc8
fffff8bf
00002327
ffffecef
00001745
00000f82
ffffea14
00001909
ffffdd42
fffff8da
ffffde98
ffffcbab
00000dea
000004c8
fffffc7a
fffffb0f
ffffeaac
00003ca4
fffff31a
fffff063
ffffff2c
000030ea
00001b57
00000ffc
fffff71e
00002287
ffffd715
000023e4
fffffe7a
fffff9d7
00000055
ffffedea
fffff8e7
ffffe82d
ffffc58e
ffffd7cd
000017a6
fffff4cf
000008c6
fffffafd
ffffe823
000012e3
ffffcc95
ffffe929
ffffbd47
fffffc3f
00001315
fffff79a
ffffea64
ffffe90c
000009aa
fffffc35
ffffdda0
fffff007
00001b3c
000015b3
ffffd3d6
0000376e
0000098d
ffffe333
ffffd1b2
00003515
00000696
ffffc7aa
fffffe97
00002902
000015e0
000007d6
ffffe864
ffffe449
fffff8ff
ffffc97b
00001aab
00002518
00001af7
fffff589
00001f01
ffffe8eb
00002476
00000574
000008d3
000016d1
00002b5d
fffff435
ffffd673
fffff5e6
00003548
00001a7e
fffff6a6
00000845
fffffeda
fffffe35
ffffdeff
00004e96
ffffffd5
00000394
ffffe0d6
00000e72
00000ba6
ffffecef
fffffe07
ffffdccd
fffff243
fffff4da
00000ebc
fffffd00
ffffe765
ffffea03
fffff0e0
00001057
ffffed04
0000056f
ffffe5a0
000000b8
ffffd0d8
ffffca48
00002105
fffff568
ffffe976
0000098f
00000361
fffffb5d
ffffe15a
00002abd
00002bba
fffffd83
ffffb7ca
0000125e
ffffc5d9
00000868
fffffe2d
00000738
00000d68
ffffc6fa
00001df5
00000e60
ffffecf0
ffffd48e
ffffc0d6
ffffefe0
fffffe5d
fffff37a
fffffe01
0000369b
00000c14
0000217e
00000593
000006e3
ffffc62c
00003ee1
ffffdc4c
0000301b
ffffea0e
00001e03
ffffe3a1
00003ddb
0000102f
ffffcba8
000021f8
fffff686
00002dde
00001873
00001aa7
00000bdd
fffffd74
ffffe157
ffffdbed
ffffd39e
ffffb4dc
000020c2
ffffff03
ffffdbaa
ffffeab2
ffffee04
00001904
ffffe01d
ffffeba8
ffffcd79
fffff43b
00001a0f
000015cf
00000461
00001d40
00003343
00001c5a
00001ab0
fffff341
ffffe504
fffff5d4
ffffe911
0000104a
ffffbc0a
ffffe0c3
000005b3
00001603
00002030
00002430
000016c4
000020c0
ffffee51
fffffca3
ffffeb28
00001ebc
000013ca
fffffa6f
fffff9a7
ffffdcad
00000751
fffffb98
00002565
00000191
fffffd3d
0000026d
fffff4c1
0000032e
00000548
ffffce36
fffffb84
ffffe700
000020e4
00002e25
0000162d
000004b7
ffffbc29
ffffe6bc
fffff69b
ffffd3fa
ffff9dae
fffff930
00002393
00000e57
0000215c
00001a2f
ffffdefe
000011b0
00001465
00002a5e
ffffea61
000009e0
00001034
00001076
00001b72
ffffe863
00000004
00002397
00001bed
00005ebd
000014bf
000000f4
00001036
00001cf0
ffffd66c
00003be9
000016e0
0000182b
ffffd7d3
00000c1f
ffffe9d3
fffff941
000006fc
ffffea9d
ffffddd3
000019f4
00000e65
0000440e
000029f4
ffffdc53
00001ab8
ffffbcf4
00002f83
000004b0
00000e44
000006e9
000006f4
00002a64
fffffe43
000000ff
fffff2ed
ffffd379
fffffb8f
00002ed4
fffff61f
fffff640
fffffd5d
00000763
00001668
fffffb91
00001cab
00004921
0000142f
fffffce7
00001a47
fffff707
ffffeb02
fffff2e0
ffffebff
00002492
ffffeac6
ffffca39
00002ae7
00001260
ffffde2e
ffffdb2f
0000072f
00000fd8
ffffed40
fffffd03
000023af
0000303c
000000f7
fffff53a
00001a28
00002248
ffffee41
fffffa55
fffffd16
fffff5e5
ffffe3f8
0000152f
fffffc15
ffffe6a8
ffffdd4f
ffffeb4c
fffff619
ffffe3df
00000791
000002c5
00001673
ffffec23
ffffa947
ffffc918
ffffbc7b
000011b8
00000110
ffffe905
00003e9e
00000c6f
0000127f
fffff192
00000d68
ffffea75
ffffe3a3
ffffe6ea
00002c32
fffffe85
000003cd
fffffdfe
00001764
fffff567
0000001f
00000f73
00001e5b
00003bd2
fffff5ee
00001951
00002f31
00003b08
0000097c
ffffa71d
ffffed4e
ffffd4e1
fffffd4c
000026ce
ffffd3ff
000018a0
fffff204
00002244
ffffe487
00003243
ffffd7ac
00001fc3
00002bb5
fffff384
fffff43d
000030fc
000011ab
ffffd020
00000798
ffffd68e
fffff016
ffffc3ab
fffff59a
ffffc6ec
00000718
ffffe8b1
ffffff5b
ffffc400
000011f0
000011b8
fffff1ad
fffff07b
fffff910
ffffea3b
000011a2
00000845
ffffeddf
fffffedb
000011bc
ffffefbf
00000cbe
00000750
ffffd305
fffff627
00001195
00000701
00001cfb
000014f7
ffffc772
ffffe393
fffff5fb
ffffcd2d
fffffe55
fffff957
00001196
00000322
00001378
ffffea06
fffff4eb
00000dde
fffff939
fffff3c0
fffff29e
00000b12
ffffe594
00001238
ffffddad
000025ed
ffffea8d
ffffedbb
000004be
000006ff
0000048f
ffffed81
ffffeb6e
00000134
0000189c
00001f36
ffffdf48
00001d83
fffff353
0000101e
00001936
00003553
ffffc8e4
ffffd5d5
ffffd853
0000011a
00001ed2
ffffe621
00000209
ffffdba4
fffff1f9
000019e7
ffffbfc0
ffffc949
ffffebf1
000004b0
fffff32e
fffff994
ffffd910
00000299
000003ad
ffffd040
ffffed9e
ffffff58
ffffbd26
000013dd
00001389
ffffd4d4
ffffe185
ffffe0e3
00002056
ffffcf4e
000009c1
ffffcf73
000008be
ffffe6db
ffffec8c
000036f9
fffff546
ffffe9c3
fffff401
00002382
000008ec
00002935
ffffea1c
fffff7bf
fffff5be
000010de
ffffe5f5
00004aad
ffffc331
ffffe6f5
000004a3
00000bf6
ffffcf31
fffffb0d
fffffb8c
000000bf
ffffbcad
000000cd
ffffc704
ffffff68
00000a0e
fffffde7
0000111a
fffff498
ffffceab
ffffe3b6
00001f41
fffff9a0
00004b6c
ffffdded
000023c6
0000032c
000011bb
0000171c
ffffee75
ffffe333
00001012
00000db3
ffffd1e9
000009c0
000006ce
fffff8f8
fffff6f3
ffffe295
00000760
ffffcd68
00000b0a
ffffed43
00001ece
fffff0ff
ffffd780
fffff26a
0000353c
ffffffa8
00002348
0000220e
ffffe81f
00000986
ffffffc3
ffffe9c1
ffffdb11
ffffed07
000044dd
00001bfa
ffffe45a
000044ec
ffffe79f
0000192e
00000402
00000654
00000da7
000051aa
00000b20
ffffe66c
000013ef
ffffef96
000023d4
000017c1
ffffe21c
ffffddd4
ffffcebd
ffffeda2
00000463
fffff92d
ffffeb05
fffff769
00001546
fffff588
fffff31c
0000267d
fffff3bc
0000281a
0000192a
00002653
00001292
000027ac
ffffe6c1
ffffef30
00000ed2
ffffe806
ffffc89e
ffffe243
0000029c
fffff207
00003620
ffffc109
ffffd999
ffffcca5
ffffe235
000013ca
00002a58
fffff322
ffffef73
00006aa2
0000174b
ffffe72d
ffffe379
00000a2e
ffffcbc4
0000245e
00000e7f
000007d7
0000037f
00000f93
ffffd740
0000186e
0000774a
00001267
ffffd01a
ffffd1eb
0000060a
0000305b
ffffef6a
00003303
00002cce
00001127
000007c5
000001b3
ffffbe34
00000b8f
00001485
0000201d
fffff51a
ffffe8b7
000007aa
fffff7a0
ffffe406
00000494
ffffd320
ffffddb9
000014df
ffffffcf
00003a1f
ffffe93c
00001a56
000040b4
ffffc6ff
fffffa3a
000005b3
00000c60
00000145
00000163
00001482
ffffe942
00000001
0000101b
ffffdb12
000016f0
00002751
00000508
000012ff
0000430a
00000619
fffff966
ffffe8e6
ffffca39
00000ea8
00002653
ffffee92
ffffbe6a
00001c68
00002f28
ffffddb7
00001af0
00002389
ffffddc8
00001a28
ffffdfec
000002ce
0000304e
00003c6b
fffffdd9
00001c99
00000d30
ffffdf57
fffffc54
00000e1e
00001ec3
00001fe5
000038b0
ffffd396
fffff351
fffffc51
ffffe3c2
fffff085
ffffef6f
fffffba5
0000271b
fffff70f
000048bb
000027f3
fffff02e
fffff484
00000b4a
00002492
ffffddf7
00004b85
00000c4f
ffffea22
00000a43
fffff5e4
00000443
00001c12
ffffe610
ffffe08f
00000908
0000187a
0000006a
ffffde9d
00001b23
00001b4d
ffffe930
ffffdb2f
00001074
fffffa08
ffffef9d
ffffec45
000010dc
ffffd6c5
000020b4
00000309
ffffc3b4
fffff5e7
ffffeda3
ffffe2ef
ffffdc93
ffffe129
fffffa77
000006cd
ffffcab2
fffff7c0
00002ec4
00001f99
ffffa5a4
00001dd3
fffff3db
00002325
00000106
0000119a
00001dfc
fffff44c
00001e00
ffffd68d
00003a3d
ffffd842
ffffe3e3
ffffe3a1
000020d1
ffffeb1e
fffffc7a
fffffb82
00001cee
ffffb973
00000685
fffff4bb
fffff5f3
0000146f
00000f77
fffffa3b
ffffeee4
ffffe6be
ffffe74a
00000388
fffff4e1
0000170d
fffff3d5
000043e2
0000301c
00001f4c
00000d5c
ffffeb02
ffffd3ab
00000ae1
fffff891
ffffe455
00000daa
00001e1b
ffffdbe5
ffffdeb4
fffffe40
000007f8
ffffd726
fffffdf2
000007b8
ffffe9ac
ffffea01
ffffd8c6
ffffe108
000029d1
000011f5
00003354
00003569
fffff5b1
00000009
ffffcda5
ffffe62e
fffff4a3
ffffcedc
000044dd
ffffeef7
fffff411
000007f1
ffffdd7f
00002cde
ffffd69e
ffffd8bc
00001b00
00005f7a
00000a94
fffff838
0000020d
00001aab
00001829
0000054b
ffffce66
ffffe2e8
ffffe7ac
ffffe3a7
0000147d
00000c19
000020a1
000008b2
00002228
000004c6
0000115c
00002d5c
00000922
000027be
00000f19
00001452
00000ecf
00003200
ffffde42
00000b15
ffffea54
00000a78
fffff67c
ffffea39
fffff6a0
ffffd7cb
000013e6
ffffd587
ffffcca3
00000358
ffffe252
fffff228
000016ac
00000598
ffffe7b1
00005483
ffffffba
fffff1c3
ffffe59d
00001bd3
ffffda13
0000126a
fffffdcc
000005fd
00001180
00001089
ffffc1ec
000003de
fffff9a1
fffff60e
ffffc177
ffffeaa3
00001180
ffffffc4
ffffe7b7
0000059b
0000216b
00002156
fffff9e6
fffff506
ffffe565
00000900
fffff3f9
fffff252
fffffa41
fffffa6b
00001c4f
fffffdfc
00000016
ffffe7f6
ffffd4b9
fffff829
fffffa30
fffff46d
fffffa2f
00000248
00003469
00001104
ffffcd28
000009a8
00002718
fffff96c
fffff545
fffffea1
fffff53d
ffffdd8f
fffffc90
fffff739
ffffd87c
00000732
00003177
000010f8
fffff959
00002033
ffffdde4
ffffeeda
00000b35
ffffca3b
ffffe0d8
00002e3f
fffffd59
ffffaca6
fffff84c
000029ac
00000906
00001984
000026e5
00000060
ffffffae
fffff61d
ffffe543
00000ea8
00000ae0
00001065
00000cb1
ffffed10
ffffe896
ffffeef1
fffffe9a
00000f4d
00000396
00000cd3
ffffe4c2
000015fc
000015c1
ffffe76c
00000aa9
ffffe821
ffffe980
00004468
00000c33
000024c4
0000238b
00000854
fffff540
fffff2a7
000036a9
000001d3
00002435
00003466
ffffef54
00002828
00001a44
000012ed
000026e4
000020da
ffffef2b
fffff5a1
ffffddc1
00001eeb
ffffe92f
00002c8c
0000117e
00000657
ffffe10d
0000109e
ffffed1e
00001440
ffffe3d7
fffff979
ffffe2bd
fffff5b3
ffffe52a
ffffca98
ffffecf7
ffffe85d
000005e9
ffffafbf
ffffffad
000024dd
0000045f
ffffd6f7
fffff4d2
000008a2
fffff4b9
ffffba99
00001be5
00001c0f
fffffe98
ffffeca0
000013d4
00002090
00000bb8
000011f7
ffffdffb
00003dc1
ffffe3da
ffffcbdb
ffffd8a8
00004119
ffffe6d1
fffff2ef
00000d5f
0000211b
ffffd052
fffff6d0
fffff3a0
fffff946
fffffca8
00000d1d
ffffdbfb
ffffec24
ffffe3c5
ffffdd26
00000ed9
fffff41b
fffff3b7
00000d44
00003497
00003dba
00000d4b
00001e4f
ffffea99
ffffd46b
000026a8
ffffef4a
ffffd562
ffffe515
ffffefa9
fffff183
ffffd663
0000106a
ffffcad8
ffffef05
ffffdec4
ffffe453
fffffe0d
ffffe6f6
fffffb3a
fffff5a8
fffffc6b
00001f31
00002c9f
000018ab
00000426
00002e84
ffffd93a
ffffe312
fffff917
ffffefb3
000053c3
fffff235
fffff58a
00002295
ffffdb5e
000017c5
00000737
ffffc321
0000362a
000016f1
ffffff28
fffff823
000005bf
ffffd8b6
0000003d
0000193b
ffffc0b6
ffffe220
ffffe6d4
ffffeded
000021fc
00000d24
fffff724
00003718
00001453
000003c1
00001a1c
00000d52
fffff10b
00003018
00000c62
ffffe5f5
ffffe280
00001807
ffffcc2d
0000198b
fffff386
fffff5fc
00000311
fffffa7b
00000e31
ffffe9d9
000013eb
ffffeda5
ffffcae1
fffffe58
ffffce86
ffffdaad
fffffd07
00000e63
ffffe4a7
00001cc4
000009b1
0000011c
ffffc65c
ffffecee
ffffd1f3
00000c36
fffff179
fffff95f
ffffe04e
ffffefa7
ffffb5d8
000023e9
fffff442
ffffffa5
ffffd9d9
ffffdb30
00000486
0000079f
fffff144
00000a41
00002959
00002310
ffffd59f
fffffdd5
fffffc9b
ffffe466
00000218
ffffed31
ffffe764
00001fbc
fffff419
fffffc12
fffff3e5
ffffddd4
ffffe4e7
ffffd4c6
00000d80
00000f61
ffffebf6
00002afe
00001f05
fffff636
ffffebf3
ffffeea0
00002f4c
0000089e
ffffe933
00000794
fffffad8
fffff31e
00000932
ffffe80a
fffff80b
000012fe
00003bb3
00002235
fffffd4b
000006d2
fffff029
ffffc75e
00000f0c
fffff6bb
ffffeab0
fffff8b1
000001cc
ffffbcd6
ffffd929
ffffed79
000010e4
00002170
000012b0
00001673
0000024d
ffffdcca
fffff08a
fffffbd5
ffffee83
00003300
ffffe9da
ffffec42
ffffeff2
fffff137
00000547
00001aa7
00000ec0
000017c6
fffffd63
00002af2
00001349
fffff157
ffffe4a4
ffffe56b
ffffe468
00001ef1
fffffff7
fffffabf
00001c4f
fffffba5
ffffec5d
0000095e
00002204
0000119b
ffffff32
00003b13
000012ad
00005174
00001bb6
00001f0a
00002d15
fffff73e
00002795
fffffe6b
0000059f
00003954
ffffe5f6
ffffebc7
ffffc500
fffffc31
fffff3d4
00001dc5
000005ed
00001c91
00000e2b
000004ed
00001272
00001519
ffffd862
ffffe1f9
00002af4
ffffef40
ffffe90f
ffffe35b
00001fe4
fffffa0c
00000d6f
ffffcec1
ffffeed3
00000f29
00001f46
ffffbceb
fffffce3
fffff06e
000036d9
fffff701
00000fdc
00002111
00002076
00002fab
fffff5bc
00003685
ffffd2c8
ffffc6cf
ffffede5
00003eae
ffffbbc0
fffff560
00002a5e
00000068
ffffe9ba
ffffe76b
00000618
000013a8
00000964
fffffbc7
ffffef41
fffff603
ffffd23d
ffffd752
00002e5f
ffffecb6
000006ad
ffffde32
000028c4
00003702
0000267d
00000a4e
00000972
ffffd100
0000164a
00001203
ffffdf7f
0000013d
ffffdb1b
ffffbb77
00000333
00002a75
00000001
00000e41
00000eac
00000e4e
00001b13
fffff921
00000c87
000004c2
000000fe
000001b1
00003d79
00002e0b
0000137c
0000472d
fffff7d2
fffff59b
00000140
00001022
00002d75
fffffb19
000002db
000013c9
fffff938
00001d8f
00000958
ffffdbfe
000019bc
00004af8
000004db
ffffcf6d
ffffeec0
00000049
00002772
00000ce5
ffffcaf3
ffffd8f2
ffffcf2a
ffffe468
00000434
000015fd
00001bb3
000005cb
00002675
ffffe648
00000612
ffffffbb
ffffda4a
0000572d
00002af3
00001108
000007aa
00003c3a
000003b7
ffffea6b
fffffa45
fffff20f
ffffe825
ffffe292
00003b15
ffffd8e6
00004f85
ffffe3ac
ffffeb50
fffffc58
fffffbbc
ffffedff
00003a61
00000b15
fffff4a7
000025eb
ffffd5e2
00000399
ffffe150
000047b1
ffffc5a7
00003596
00001784
00000e95
00001827
fffffe9b
ffffcdc3
0000109f
000039e1
00002624
ffff90fc
ffffe830
fffffec5
ffffef68
ffffe7c5
000022a6
0000050e
00000ce6
ffffe4da
000011f3
ffffcdea
fffffb79
ffffd7c1
00000f23
00000ffa
ffffd222
ffffe3d2
000001a4
fffffecc
ffffef2f
fffffcaf
ffffdc10
00002b2b
00000789
00001b93
00001515
00000bc2
fffff67e
ffffde89
0000157b
0000336b
ffffea97
000002f7
00003174
000001cd
ffffd94d
fffff759
00002a2e
00000dbb
00000f8a
00002cc0
000018b4
00002f1d
00001477
000013c9
ffffe35a
ffffde04
fffff9b4
fffff227
00002ecc
ffffe3ea
ffffafef
0000002c
00000c86
00002c14
fffff902
00000676
ffffe433
ffffe36f
00000c6d
fffff94a
00004ed1
00002a26
00002938
00002257
ffffe628
ffffd932
000005c3
0000186f
0000201d
ffffec6b
00005a40
ffffc85e
fffff9d5
0000176e
000012b8
00001b50
fffffc33
ffffe7dc
0000214d
fffff956
000036c7
000010ae
00001c1a
00002570
00001318
0000570f
0000328d
fffff587
000025dc
ffffe975
00001aa7
00001d78
0000218d
0000257b
000029c7
ffffeb98
00001991
ffffdf35
fffffda2
ffffec7a
000036a6
00000cb5
000003f5
ffffa447
fffffa20
000009ac
00000ab5
fffffa65
ffffd849
000007c5
ffffdff9
ffffe56a
ffffdfe5
fffff421
000020d2
fffff43f
0000093a
fffffe72
000006a7
000039f9
ffffdf63
ffffee43
fffff34f
ffffdb2c
ffffdd9b
00002151
ffffdfa6
fffff40e
ffffdf3f
fffff872
00000eea
00001432
000033f4
ffffe765
ffffd1f0
fffff60a
00002c1f
fffffa56
000000d7
ffffe899
00001c70
ffffe2b2
ffffea80
ffffe9c1
ffffff73
00000c42
ffffdb5c
000009d3
fffffbc3
000006c3
0000302f
ffffd723
ffffcc12
0000084d
fffff1aa
ffffd93a
00001609
ffffeadc
0000150f
000039ae
ffffe51b
00001696
00001c12
ffffe77b
00000b58
ffffd75d
ffffffcf
ffffbf46
00002541
ffffcfbf
ffffd4f3
ffffd3e2
0000204a
0000075a
ffffdb67
ffff9f33
000015e3
fffffb6e
00000432
00001e75
ffffe464
fffff3a6
fffff24e
000032e6
fffffcc4
fffff33e
00001641
0000234f
ffffb12f
fffff199
ffffcd10
fffffd3b
ffffe7f7
ffffe9b7
fffffcd5
00004731
ffffc659
00001df0
000007eb
ffffd215
00001eb4
00001198
ffffe1cc
ffffd8fa
00000711
ffffe7ad
00001323
ffffda57
00002e4e
ffffe746
ffffe7ae
00001423
0000148b
ffffc064
00003585
00000cba
00001130
ffffc80d
ffffedd5
00000b5c
ffffffc0
fffff5e3
ffffd9ef
ffffff86
00003652
ffffc3bc
fffff712
000017b0
00003501
ffffe2e6
ffffdde7
00001494
0000120e
fffff2a0
00000a90
00000145
ffffddce
fffff541
00002ebc
000018e4
ffffe3a7
00001f4a
fffffb97
00002454
ffffe0fb
fffffe8e
000016d0
fffff96b
ffffe13a
000018d6
ffffd755
ffffcf40
ffffdc0d
ffffede9
ffffe859
00001238
000024aa
ffffe002
ffffda9a
fffff259
ffffcfe3
ffffad1a
0000061a
00004043
00001364
000014d3
0000449e
000000d6
0000091d
00000056
00005e8f
ffffdd0f
00001235
00001ad5
000025e6
00000775
000035e9
00000baa
fffff311
fffff728
000003e2
00001edb
00000555
fffff126
00000454
000019e7
ffffd43e
fffffc5a
ffffb9c8
ffffeb72
00002428
00000f67
ffffe4d9
000025ea
ffffc434
00000e55
0000157f
ffffe32f
ffffb62b
00002959
fffffc81
00000a62
ffffec31
000019c6
fffff73f
ffffef6f
ffffeb17
fffff664
ffffe8e1
00000b71
fffff6cb
ffffef9e
000033a1
ffffd141
ffffff04
fffff8ae
fffff345
fffffba3
fffff9d1
ffffedfc
ffffe581
00004306
ffffd9dc
fffff8fb
ffffdcce
0000170f
ffffde9c
000016b0
000016e3
ffffe057
ffffdd2a
ffffdd48
ffffec13
fffff1a7
ffffeeae
ffffce94
ffffee02
00002ef6
ffffe0e8
ffffeab9
fffff2bd
ffffd073
ffffca08
fffff704
00000a47
00002a5a
00002027
0000023c
00001a4e
00002357
ffffdffe
00002174
ffffdb65
00001450
000007e4
00001c31
00001ab6
00000532
ffffee6b
ffffe82d
00000825
ffffe062
ffffef49
00000712
00001875
ffffcb96
00000e8d
ffffd599
fffff422
ffffe928
fffff4fa
000016d7
ffffcc0f
00002d8b
000020f3
fffff64e
ffffb39a
0000142a
000048b6
0000055c
ffffe77b
00000127
00001584
00000a05
00001ee8
00000b0f
ffffffa5
fffffb73
00002e12
00000f11
00005842
ffffd4cf
ffffdaea
fffff902
000033af
ffffd21f
ffffef8a
0000116b
000010c4
ffffdb9c
ffffef18
ffffb13d
fffff21e
fffff771
0000097b
fffff74b
ffffeeff
ffffc53d
ffffe228
00002ee6
0000073a
00000e2a
ffffe251
00003b68
00002451
fffff5e4
00002edb
fffff64e
ffffc967
00000dcb
ffffea34
ffffdaa1
fffff1fa
ffffe60c
fffffcbe
ffffe776
fffff8e2
ffffc3a2
000000b9
ffffe404
ffffd682
00000d27
ffffdb91
ffffd9fe
00001e4e
00001402
ffffe199
00002f29
000033af
fffffd46
00002e2e
ffffdfa8
fffff18c
fffff966
ffffef97
000056ac
fffff701
fffff756
000049b1
fffffbce
000010fc
ffffd9d8
ffffca1f
0000267d
000043ae
ffffedb5
ffffda97
000010e8
ffffdeed
00001be3
00000602
ffffdb99
ffffed87
ffffc028
ffffe210
0000233b
ffffe5d8
ffffcef9
00002c15
00000f5c
fffffd6c
fffffa62
00002471
ffffe14f
000051c9
fffffd98
fffff055
fffff668
00002713
ffffe038
0000019c
fffffead
ffffffe3
ffffd8d4
0000067c
0000109a
0000072c
00002413
ffffcc43
ffffd6d2
fffffd56
ffffc9a8
ffffdc2a
00000170
00000017
fffff161
0000325c
00003bb8
ffffe706
ffffd8dc
fffffb9a
ffffe0f4
00001d95
0000245f
0000103e
ffffd8e3
000028bd
ffffc6ce
fffffbb6
00000e88
00001909
ffffc29c
ffffbc8e
000002c2
000010e6
ffffd754
0000238b
000024c1
00002808
fffffd1f
00000fd7
ffffc41d
fffff296
00001791
ffffefd6
00000e6b
000001b1
ffffe7b1
ffffff97
ffffe4ce
fffffaf6
fffff45e
ffffe6ab
00001d6b
00000276
fffffe76
fffff4d6
0000018f
00000879
ffffe822
fffff5c0
00001a54
fffff10c
ffffefea
00000156
00001db6
fffff045
fffff7e2
00001286
fffffce5
fffff849
0000503d
00001b77
0000044b
00005980
fffffa95
ffffdede
00000c6d
fffff3b6
fffff9e5
00001bfa
ffffd93a
ffffc96a
fffff81b
000004c3
ffffe886
00002747
000029c4
000011f3
00001134
ffffdc62
00001a01
00001189
000032fb
000038c1
00000769
ffffe04b
ffffd81d
fffffb00
00001c83
00002c31
00001fbe
000029b9
fffff7d9
000025b9
fffff6ce
fffff4f5
ffffed98
fffffedf
ffffe731
000016cd
fffff5aa
ffffef80
00002401
00000324
fffffe60
fffff993
00001191
ffffec40
00002218
0000163b
0000031a
000026b0
0000067f
ffffff52
00001ea6
ffffeba4
fffffa22
00001934
00000787
00002c1a
ffffcfb3
fffffb04
ffffeb4b
fffff082
ffffdfaf
fffffc4a
fffff552
ffffcdd6
ffffdee2
fffff8de
ffffe4c9
00001cc5
000003b5
ffffe0fe
fffffc49
ffffb972
00000e0f
ffffe72d
00001401
ffffddd4
ffffc308
fffff319
00002143
0000517e
0000030f
fffff5ca
fffff617
0000311d
ffffc552
000038e3
00003e7a
fffffd75
00000579
fffffaa5
ffffdfeb
0000488d
0000256d
fffffcf8
fffff232
000004ae
ffffff74
ffffda90
0000308e
000002cf
fffff28f
00001360
ffffca8a
ffffe666
00002328
000010e8
ffffe53c
00001aa9
ffffcea6
000060ae
00002c4e
00003aed
000016c2
ffffb3dd
0000276e
ffffe522
00001518
00000852
ffffe42c
fffff72f
ffffdcf7
00000341
000021b1
fffffc5a
000035b6
ffffee29
ffffebc9
00001661
ffffdb92
ffffd882
ffffd930
00001eca
00003cb3
ffffbf74
ffffdfa3
ffffdcbf
00001567
ffffee93
ffffe2a6
000051c0
ffff9878
fffff8e3
fffff5ec
ffffd63f
00000cee
00000d20
000041be
00003383
000025b1
00000ee4
0000003b
0000119c
ffffc163
00001c92
ffffd1a7
00000c68
00004ce6
0000271a
fffff9cc
00000060
00000db6
fffff0fe
ffffe714
ffffeddf
0000090c
00000c8a
00002bc0
ffffb6d1
ffffcc8b
00002e27
00002462
00000fe6
ffffefb4
00003916
ffffd489
00002107
0000489e
00000442
ffffc903
00000c5d
00000317
fffffa67
00002915
fffff45d
000044f0
ffffeeb8
ffffe4d1
ffffe9b5
000019da
ffffbb1d
00000801
fffff1ba
ffffe827
00000a84
ffffedbc
ffffd3bd
ffffebe7
0000299c
00000a06
ffffcd81
ffffec28
fffff17e
000013b3
ffffff66
fffff14b
00001932
ffffcdeb
0000122b
00001e03
00001e0a
ffffe106
ffffeffe
ffffddef
ffffd77d
00003287
00001346
ffffe921
00003130
00002d41
0000394f
00000d0c
ffffd65c
ffffeb2f
ffffdfdf
ffffff3d
000003dd
ffffec8a
ffffe571
00002c49
fffff614
00000513
00001422
ffffe28e
ffffde3d
ffffeffd
00000315
ffffdac1
ffffc2f9
ffffdb94
fffff0df
ffffed82
fffffaad
ffffdea8
fffff20b
fffff559
00001bdc
00005363
ffffc000
fffffda5
000007b8
000010d0
00005418
00001010
ffffe1e1
ffffdbd6
000031aa
ffffca08
0000209b
ffffecb1
ffffed12
ffffd915
00001fff
fffffcb2
ffffd769
ffffd296
000025b6
ffffe635
000017f1
fffff81e
00002308
00004819
ffffb8cf
fffffb0d
ffffd915
ffffdfdb
000002c7
00002423
ffffdec5
fffffe7b
000005ba
00001bbe
000025e8
00001a9b
fffffa49
fffff9f3
00001083
00000aea
ffffe081
0000126c
fffffc64
00000713
00001417
ffffe016
ffffd55c
00000ab7
00000519
ffffc7f7
ffffecf5
000003c4
fffffb18
0000009b
ffffec1b
00002549
00000c59
00006679
ffffef0c
fffffdab
ffffdb8e
ffffec0d
fffff9f8
00001bb5
00000a36
fffffc99
0000459b
00003282
ffffe9a9
ffffe15d
fffff3d9
00001d2a
00000512
ffffee11
0000012d
ffffeb18
00000668
00002176
ffffe828
0000089d
ffffdd4e
ffffe638
ffffeeb5
ffffcfbb
ffffffd5
00000185
fffff4bf
0000101a
0000289f
00002605
ffffc74d
ffffef80
ffffefc9
000038a1
ffffd2e1
000019e0
00003803
fffff883
00001e9f
ffffd713
ffffd815
ffffc75e
00000c0b
fffff665
fffff5ea
000012f5
00001340
ffffd599
0000250f
ffffc62d
000017d2
fffff64e
ffffc76b
ffffe41d
00000a9a
fffff23c
fffff64e
ffffdc33
ffffdb31
ffffd7b2
ffffe917
00000dd9
ffffe517
00001e5f
00001f38
00000acd
0000124b
0000238e
00000cde
ffffda20
ffffd50d
ffffcc07
00003400
00001e61
000035ba
ffffc713
ffffff92
00000e23
ffffeb68
00000aee
ffffe1f0
000000b5
00000660
ffffe584
ffffee92
00000ca1
fffff63c
fffffba0
000007f7
00000cf4
ffffe336
ffffc7dd
ffffce57
000012ed
ffff992d
00000f20
ffffdda7
00000dcc
000008af
ffffef4b
00003a7a
00001690
fffff725
00000bb4
00003559
00001225
00000dc8
ffffdef1
fffffb9b
00002163
ffffde57
ffffd871
fffff854
ffffe9b2
000004ad
00001fc4
00002857
000032ae
ffffe806
fffffc53
00001486
00002248
0000401f
000033f1
ffffbafb
0000086a
00001147
00000234
fffff731
ffffcb33
000024be
ffffe15d
00000c91
000016b7
ffffe9b1
000030a5
ffffd97a
00001a57
fffff573
00000ca9
000020e3
000002a4
ffffeb7a
fffff788
ffffce48
ffffd09f
fffffce7
0000133d
0000245a
00001c11
0000234b
ffffdda2
0000126a
ffffbda9
0000185f
000028dd
ffffcb52
ffffb7e8
ffffed41
fffffcd3
ffffcf39
ffffeabf
00000f8e
000026d5
00001d83
ffffff42
fffff6ab
ffffedc7
ffffdab7
0000408c
000000d6
fffff28c
fffffc8a
ffffdaf2
ffffdc54
ffffc35f
00003fe8
00000d24
ffffe37f
000018a2
ffffd603
ffffca06
000005f8
ffffe753
ffffecbc
fffffd9a
00001f15
000028a7
fffffe4c
ffffd9c0
fffffe3f
ffffde2f
00000839
ffffc6f1
ffffed59
ffffe1a4
00000fce
fffff6d4
fffffa80
0000183d
000013c6
00000663
00000102
ffffe7bc
ffffe1c5
ffffdc26
ffffe782
00000578
fffff80b
ffffc534
00000ba2
ffffff8a
ffffed3d
0000250e
00000a07
fffff779
00003697
00001d85
00000785
ffffda23
fffff546
ffffe37e
fffffafa
ffffed7a
fffffb40
000016f3
000017f1
000031c3
ffffffa6
0000144f
ffffbe21
ffffef3a
fffff5f8
0000211d
00001315
0000247d
ffffd5a1
00004764
fffff97d
00000024
000017c6
ffffd477
00001528
00001b24
ffffddc0
ffffddb1
ffffecf9
0000077a
ffffd9c4
fffff9a4
00000974
000001c8
ffffff2a
000015d5
000019b8
ffffd383
0000234c
ffffe3a9
ffffc725
000024f6
000009df
ffffe78b
fffffada
ffffe495
0000220a
000021a4
fffff2ed
ffffddb6
fffff487
ffffdc19
00003d16
000028c0
0000006e
00002c73
000015cb
fffff87a
ffffde62
ffffd35d
ffffcf63
ffffbf52
00000ff9
fffff576
00002880
ffffe38d
ffffc8a2
ffffe6c2
fffff5eb
ffffdd9c
ffffe898
fffff358
fffff4fd
00003128
00001d95
00001daf
fffff2d6
ffffdb90
fffff1e1
00001449
fffff168
ffffe594
ffffea19
00000ad8
000001f9
0000187a
000014b7
000005f6
00001d45
ffffe930
00005950
ffffe563
00000d6b
fffff80c
fffffce7
fffff998
00002304
fffff966
00000c75
ffffe823
fffffd67
0000016e
000003fe
ffffdd14
00000739
ffffb77e
000020c1
00001094
000006ba
00004146
ffffd263
000010cf
fffff950
000016e9
00001aab
000017e2
ffffd961
00000ea1
00002a35
00001848
ffffc5a8
00003a62
ffffd0c0
00001c9b
000033f6
00002bc9
ffffed72
fffff482
ffffeebb
ffffe2e5
ffffd9dd
000029b2
00005630
00000604
fffff617
000004c9
ffffeb0b
ffffd1b0
00000e92
ffffdbd4
00001775
ffffe784
ffffc769
00003090
fffff765
ffffc14f
fffff629
00001aa9
fffff451
fffffe6e
fffff479
000022e3
000015d9
000024a8
00001560
00001caa
00000a6f
0000176b
ffffd2c3
00004338
ffffdf38
00001e70
fffff558
000001c4
ffffe254
ffffe40d
000016ab
fffff3d0
ffffe9f2
00000b4c
fffff401
00001639
ffffec07
ffffe027
ffffd152
ffffd43f
00000d46
ffffe403
00001865
00002d24
00002e9e
0000189a
fffff571
ffffda60
ffffe797
ffffdec6
fffff47f
00003bdb
fffffc11
fffffd62
ffffd3da
ffffd587
00001287
000019e3
ffffeb6b
000027be
000025a7
0000010f
fffffedd
00002b94
00001c10
00001441
ffffef48
00000a5b
000004c6
000036e9
00001885
ffffde64
ffffd861
fffff701
fffffc3f
ffffc77c
ffffcc6d
fffffc0d
ffffd6e0
00001bd1
ffffc7ea
ffffdb1f
0000168c
ffffe830
ffffd76d
000004fb
ffffbfc4
ffffef81
ffffed25
ffffec89
ffffcafa
ffffef47
ffffcc00
0000044a
ffffcbaa
0000023e
000019f9
ffffdbfb
ffffd477
0000090a
ffffeebb
fffff49d
ffffe7a0
ffffcd8a
ffffe0e4
00000d27
fffff8e4
fffff985
00001f70
ffffd5f6
0000035f
00000443
ffffe97c
00005fa0
000023b1
ffffe434
ffffd412
0000115d
00000063
000018eb
000019c3
00001784
fffff78b
ffffe1b7
00000166
ffffe6a4
000018ef
ffffe32b
fffffb76
ffffe9cb
ffffedad
ffffe8e0
ffffe814
ffffe658
fffffa74
ffffe782
00000cb7
fffffcf9
fffff389
000032a9
ffffeffb
00000504
00000a3a
000021bf
0000204e
ffffda89
ffffe6db
fffff853
fffff513
000022b8
00002a29
ffffdd9e
ffffd902
00000586
0000246d
ffffec1d
ffffdfb4
ffffdabd
00000c0e
00003253
0000032b
ffffe3bf
fffff263
fffff8a2
000004da
00000980
fffff2c8
ffffd53c
ffffffe2
000000cd
ffffedb8
fffff6b6
fffff46e
000013e0
00002803
000012f4
000006b2
00001cc7
fffffdf5
fffff84c
fffff889
ffffd798
ffffda78
0000012b
0000017f
fffff7d3
0000214c
000004ae
ffffc970
ffffe1ab
ffffdcfa
00004603
ffffd014
fffffce9
00001797
00000eef
00000abc
ffffeca0
ffffcd62
ffffac70
fffffaeb
0000076c
00000236
ffffda4f
00002c12
ffffbc5e
00000abf
ffffd572
ffffcf58
ffffeadf
fffff6b4
ffffe62a
ffffeebf
000022ef
fffff844
fffffbc8
ffffb7ad
ffffd316
ffffbe5e
00002190
00000368
00000f49
00001369
ffffec30
ffffe7a1
000007ea
ffffffbd
fffff120
ffffe32f
ffffb1a3
00003d4a
000006eb
fffff304
fffffd05
fffffcb1
00001e00
0000174a
0000110c
00000ae4
00002248
00001ddc
000015b9
ffffff79
0000009b
fffffcdc
ffffe4a4
fffff166
fffff79c
fffff21d
0000016f
ffffed6e
ffffe745
ffffc9d3
000009d5
ffffe0da
fffff66d
0000038c
ffffe663
00001c77
00000cdc
ffffe303
00000288
000000fd
0000012a
ffffe422
ffffe94d
00001c99
00004af9
fffffe71
ffffd587
0000091d
ffffd857
ffffd7e5
ffffe465
00003dce
0000392d
ffffae72
fffffae8
000016fd
0000210c
000003ba
00003049
ffffdb45
00000372
00003005
0000408a
000008c1
000016bc
fffff80b
ffffd9d0
0000006e
ffffe3f4
ffffd229
000038d8
ffffe706
000036c6
fffffc9a
00000c01
ffffe6a1
fffff78c
000006b3
000008ff
ffffe532
ffffee35
fffffa40
fffff871
00001200
00001927
00004e85
ffffbf12
00000e60
ffffe91f
000002f7
0000463c
ffffe22a
ffffea9e
ffffe1da
00004f6f
fffffda4
ffffccb0
ffffed5d
00000233
000010ef
00000c97
ffffffa5
ffffe70c
ffffe947
000024e9
ffffd745
ffffd360
0000204d
ffffe88c
ffffe8b0
ffffe800
ffffeb99
ffffe348
fffff428
00000162
00000dfe
fffff12a
00001483
ffffe255
fffff3c3
00001b46
fffff645
00002de3
00000cac
ffffbb07
ffffde04
ffffe136
00001e0e
00000358
0000203c
ffffaa74
000008f6
ffffed47
00001529
ffffe1fc
ffffeb3a
ffffeaf9
000021ed
00001762
ffffec74
00001bce
fffff21c
ffffefb6
ffffd276
fffff2f2
fffff75d
000005f2
ffffe1e4
00003666
000007ac
000016bc
ffffd6fa
000040b7
ffffc962
ffffd1ec
00002891
000002cf
00005267
0000412d
ffffff7e
ffffffb5
000019cf
00001475
fffff249
fffffd89
ffffc96c
ffffdb2d
000024b8
00000ea5
ffffcfe3
0000096e
ffffff58
00002e6a
fffff411
fffff5fd
00002c16
fffff31d
00004462
00001a63
000028ff
00000314
00000632
00002b8c
ffffeddb
00001f67
00000236
ffffd931
ffffd63d
fffff252
000008ef
ffffddb1
0000088c
ffffe12b
fffffaec
00001825
ffffe41e
fffff039
ffffde07
ffffd49a
00000101
fffffc28
00000410
ffffffb7
ffffe270
00000f49
0000056e
fffff9f1
0000130f
ffffe9ce
00001b9c
000024b9
000013d1
ffffe102
000017b2
ffffc5f4
ffffe550
000015f0
00000a42
ffffe089
ffffbf1c
00003344
fffffeec
00000c82
ffffffda
ffffe2ec
00004582
00001863
ffffda55
000012f0
ffffe6a1
00000e42
ffffdbdf
000021da
ffffeb81
00002a78
ffffda6a
0000138f
ffffd351
000019da
ffffe5b4
000007c4
ffffe9f8
ffffea23
00000973
ffffd9f0
ffffdcee
00003192
00003971
ffffdc3f
00002009
0000117e
00001ddc
00002da9
ffffe8b7
ffffc1ae
ffffcac0
fffff00f
ffffe0ec
000005aa
00000323
fffffd19
000029b8
00003bdc
ffffee3f
ffffe2c9
000003ba
00003702
ffffe8c0
00002806
ffffe4a0
000040d8
000002a0
0000264a
ffffe768
000037d4
fffff1d5
00002f6e
000007ee
fffff518
ffffbe66
ffffd442
ffffc304
00005002
00001b2a
ffffe4a3
fffffaa9
ffffec29
000014d7
ffffde0a
ffffd0e4
0000185d
00000306
ffffe738
fffffd44
fffff4b4
ffffc425
00000a45
00000de9
fffff510
00002099
fffffe5b
fffff07d
00000978
fffffa51
00002990
00001688
ffffc3cc
fffffdc6
ffffd566
fffff965
00001266
000007b3
ffffeccd
ffffbbf4
fffffaea
ffffd9dd
00001bac
ffffe243
00000aaa
ffffeb39
00005a11
ffffdf62
fffff1a3
ffffcc46
0000111e
fffff815
fffffe1a
000007e3
00000aa0
00003e8e
0000186f
ffffea6a
000040de
0000299d
00000b5e
fffff544
000031af
ffffe021
ffffdf2b
00002693
fffff981
00000195
0000128c
00000b31
000018c5
fffffce8
0000293c
fffff757
00004ab0
ffffdf0d
000061be
00003476
fffff482
fffffa19
ffffb761
ffffc44e
fffff750
00002fbd
ffffe7e7
fffff093
0000032c
ffffd2e5
fffff2b1
ffffeff3
00000253
fffffb95
ffffeb40
ffffc2d8
00000b82
0000055e
00000379
0000213e
000012bd
ffffe546
000006c8
ffffe9fd
00001b27
fffff121
ffffeb98
ffffcc9b
fffff59d
ffffce3d
000002d0
00000c97
fffffe4f
00001b5a
0000214e
fffff7ba
ffffe1ae
00000af4
ffffea4d
000008b8
ffffd040
fffff0a7
fffff566
00000842
fffffc50
00004a2e
fffff091
ffffc358
0000321d
0000163b
000022a2
fffffb00
00000fac
00000482
0000269b
ffffc706
0000151f
fffff64a
000046e4
00003866
fffff974
00004757
000028d2
ffffdaea
ffffedd4
00003230
ffffdc09
00000245
ffffd294
ffffb386
ffffede4
000005d1
fffff732
ffffcb80
ffffc1da
000017b5
ffffe56a
fffff326
ffffcc34
ffffe528
fffff8c0
00002791
fffffc81
000015af
00000d70
fffff7c4
000016a5
ffffdb26
00000d1a
ffffc683
ffffdf2b
ffffe455
ffffd7e0
ffffd777
00000154
ffffd8e4
00000cd4
00000bc2
00001699
ffffe773
00000ff4
00002f9b
000021d6
ffffcfe0
ffffd678
ffffe051
00001bc4
ffffebc1
fffff4a0
00001899
ffffe1bf
0000046d
00002b2f
fffff14b
fffffac0
00000966
000025db
00001168
ffffe8a0
ffffd520
0000168f
ffffdfb7
00000b99
0000201c
00005370
ffffed4d
fffff535
0000098f
00001d98
ffffd9a9
fffff26b
ffffe44a
ffffeabf
00000085
fffff1f6
ffffc8d9
ffffd4fd
fffff49e
fffffcca
ffffe85e
ffffc71f
00000a67
ffffb600
000015d6
ffffcdc5
00001aa4
fffffc46
ffffc1da
ffffe9af
ffffef46
00001343
00000231
fffff45a
ffffd1e5
fffff3c6
ffffd4cd
00003578
fffff7d9
ffffef80
00000937
0000208f
ffffde40
000023ea
ffffd361
ffffe307
fffff378
ffffbba6
00003724
000002c5
00004396
ffffd1b7
ffffe071
00000972
ffffe05c
ffffe77d
ffffefcf
00000b95
000015d7
ffffd234
00001917
000027a0
ffffb9de
fffff8c8
00001324
00001cd3
fffff425
ffffd6cd
ffffeea9
ffffefa8
ffff9b3b
000006fe
ffffef32
ffffff9d
00001777
00001d66
ffffe7f0
00001611
ffffeaca
fffffd9c
00002b75
00000e24
fffff8c0
00003046
00000835
0000169e
00001b8b
ffffdbf9
00000ee1
ffffc741
ffffc5aa
fffff7a0
000007a2
00000bdc
ffffd753
fffff53b
0000186a
fffffdc7
00001187
00000f03
ffffcd47
ffffe665
00002310
000046e4
ffffe202
ffffe9ed
0000380d
ffffc427
ffffe091
0000006b
00000609
00002fae
ffffe3a1
00001eab
ffffebd0
fffff48e
ffffc16d
00000236
ffffe8a7
fffffbfc
fffff29d
ffffed0f
00000031
0000409c
fffff34f
000013f8
00000e82
ffffe453
0000176d
ffffee9e
0000010e
00001540
ffffe6e4
ffffd3c6
ffffc9f0
000038dd
ffffe160
ffffeb0c
ffffd8f5
ffffded2
00002f02
fffff9c4
00001ced
fffff62b
ffffd601
000069d5
fffffde8
ffffc90a
000000f5
0000252f
fffffce3
fffff985
00003701
fffffce3
fffff1fc
00000be5
00000d7d
fffff47f
00001b64
ffffe9a3
00000221
000032a8
000001d5
00001a75
000038d4
ffffe86f
000000c2
ffffe2cb
00001c04
ffffd213
ffffddcc
fffff821
00000fe6
00000f0e
fffff15a
ffffdc12
fffff635
000014e6
000019d1
ffffec10
fffff0df
fffff380
000010ee
000006a6
ffffc7fe
00000770
fffffddb
ffffff6c
ffffec9f
0000240d
0000136c
00000d8d
00001066
000002a2
fffff89b
ffffbe59
fffffc3c
fffff0d9
0000302d
00004023
fffffeb8
000017cb
00002050
000014a4
fffffc18
000017e3
ffffd2e8
fffffc4e
fffff594
00000845
00001484
00000a15
fffff065
00000dcd
00001957
fffffbda
00001c90
ffffe9fa
000004d6
0000185e
fffffc9e
ffffe358
fffff4e1
ffffe5a6
ffffb22f
00003759
00002e06
fffff3c3
fffff78b
ffffdb0a
00002a70
ffffe9db
00001af9
ffffe853
ffffe77e
0000301c
00000cb0
00001c20
0000236c
00002936
00000d88
ffffef2f
fffffb81
ffffffa4
ffffff28
ffffea9c
ffffda1f
00001f4d
000000c3
000036cd
fffffb3d
0000209a
ffffcb8f
ffffffed
ffffd42a
ffffde22
fffff5b8
00000ecf
00000092
00002eca
00001d97
ffffdbaf
ffffdee4
000016f8
ffffdfca
ffffee85
ffffe587
0000166a
00002f17
0000178f
00002261
fffff524
00000795
ffffdcda
00004903
ffffd929
fffffcc3
00002b7a
00000f2f
00000d3a
00001d0b
ffffdf7a
000047b7
000017fb
ffffe465
00001620
00003ad1
0000168b
fffff382
ffffff50
00001410
ffffe91f
00000a42
ffffcb2b
ffffbc2c
00001e24
00001df0
000010b0
000003a2
ffffda81
00002d39
fffffb0a
00000328
fffff752
00000a95
00000bbe
ffffd8b8
ffffd4f8
00001cb1
ffffdbb4
fffff323
ffffdd14
00002656
00000feb
fffffb59
000014ba
ffffff1d
ffffecf1
000014db
000009f4
00001623
ffffefaf
000042eb
ffffdad3
fffff1ed
000034ab
fffff362
00000551
fffff992
00002a5e
ffffee4e
ffffd8f7
0000299e
00000980
000024b2
00000b37
00001032
00003514
00001619
ffffd44f
ffffd6a0
ffffeced
ffffc813
000014ed
00000a76
000009ec
00002ea6
00003695
fffff909
00004395
fffffd19
ffffee4a
ffffbad6
0000414d
00004098
00001ea0
ffffb855
00004192
00002407
ffffbf9c
fffff839
0000136e
00001304
fffffcf4
00000731
00004700
ffffd763
fffff909
ffffe44a
00001062
ffffec9b
0000273d
00004045
fffff27b
fffff41d
000000c3
ffffbe5e
ffffcc5d
ffffe333
ffffd71c
00000fdb
00001dad
00002c27
000005d1
0000064e
ffffe1a4
00000d94
fffff5b5
fffffac9
000004bd
00000df8
ffffd427
ffffe4f4
000029d8
000036cb
00004bc0
00002a4b
ffffde13
ffffce90
ffffd8d6
00003d16
0000070e
00001e03
00004655
00002b3c
ffffe910
ffffe00b
ffffebc1
000051e7
00000acf
ffffd7ed
ffffee40
fffff7b1
ffffef53
000043a4
ffffd7af
ffffd8a2
ffffef24
ffffe65a
000018c4
000002d4
fffff774
ffffe28a
ffffe236
fffff300
0000027c
fffff3b6
fffff628
00000771
000004fb
00000acc
00005093
fffff1da
00001626
000000a2
00001e51
ffffee03
fffff3eb
00000ecc
ffffdd55
000023fa
ffffde74
0000280f
ffffe2b2
000012bc
fffffd7c
ffffce5b
fffffa9f
00001f77
fffff4dc
00001b49
00000ec7
ffffe101
0000097c
fffff2c0
ffffd939
00002dbd
ffffe202
fffff95b
0000303d
0000035b
00002038
0000037e
ffffd789
ffffeae8
000009f5
00001f76
00003613
ffffee9c
00006cba
fffff186
00002e15
00000ace
fffffc56
ffffefe6
fffffcb7
ffffc993
fffff667
00001c76
000023b1
00005098
ffffe3ec
00001249
00003b1e
ffffe62c
00003991
00000181
ffffc469
00000f97
fffff1f0
ffffeab8
fffff646
fffffe5b
ffffff5d
fffffb23
fffffb66
00000d83
ffffea86
00002671
00000179
fffffbe2
00000c77
000000bc
fffffd14
ffffdcd6
ffffe52b
ffffe9dd
000009a8
00002d6d
ffffedf2
00001256
fffffb32
fffff954
00001c3f
ffffbe05
ffffd98d
000003ea
000013d5
ffffebbd
fffffa7f
00000015
00003bd6
000017e8
fffff43e
ffffef18
ffffffd9
000010a4
0000155e
ffffd4e1
ffffeab0
ffffe707
00001403
00003689
ffffd248
00000620
fffffc32
fffff383
ffffcaa7
fffff74f
ffffbe50
ffffd403
fffff02e
ffffb3bc
00003214
00000b9c
ffffe3f8
ffffb492
000019e5
fffff71f
000027d5
0000200b
fffff296
fffffcac
fffffcfc
ffffe303
00000ebb
ffffece7
fffff71b
00000efd
ffffc23d
0000028f
ffffb7a7
00001174
00000a1e
ffffd89f
ffffd24e
ffffda42
00004805
ffffdc24
000008ab
000004cb
000016af
00000c44
00001652
fffff8a7
fffff61a
fffff542
0000124a
ffffed70
0000153f
ffffff0e
ffffb35b
ffffba16
fffffbb5
ffffe817
fffffaf4
00000891
00000ef6
ffffdc84
00001560
ffffbfa1
fffffe3f
000006ce
ffffdb0a
ffffeadd
0000678b
00001d8f
000019c0
00002af8
ffffd1a5
0000008d
ffffcfe0
ffffea17
ffffdf4b
00001a95
ffffeabc
ffffcbfa
fffff0c6
00002ec7
ffffe891
ffffc99e
ffffda76
00000c6b
ffffe64d
fffffca0
000034b0
fffffcf4
0000134e
fffff67a
ffffdded
ffffe455
ffffd4c3
00002da1
000021bf
00000a99
00000801
000003ed
ffffd211
ffffda06
fffffa6f
000016c8
0000184a
000000d2
00002353
0000261e
00001dc4
00000514
ffffe975
000003b7
000005aa
0000167f
00001dc7
ffffe554
0000178e
fffff6d7
ffffd049
ffffb9c3
00007854
00002a26
ffffd841
ffffc68c
ffffd1b2
ffffee24
fffff13c
00002b62
ffffefb2
ffffcc7f
00000132
00000256
ffffc451
ffffe2ef
000013d7
00001ef6
00001664
ffffecc9
ffffd2f0
00000e3b
000018c5
000017bc
000022cb
000008d6
000031e0
fffff755
00002ca1
00003079
00000f80
00001d6b
ffffe8cc
000014ae
fffffec3
fffff58f
00000f3d
ffffe6e1
0000160e
000021cf
0000286a
00000bc3
ffffe0be
ffffc87f
00000ead
0000194f
fffff63d
00001be5
000034a6
ffffeeee
00000fe2
ffffd202
00001989
00000241
0000083a
ffffcd90
00001140
000007d3
fffffaa6
ffffe504
00002580
fffffa14
ffffe134
000011e8
fffff912
000054a8
0000465d
fffff356
000026f1
00001cc2
fffffdcb
fffff47b
ffffd457
00003161
00001b61
0000143e
ffffe327
ffffed8c
ffffcb08
000007db
ffffc683
ffffdf11
ffffd2db
fffffbec
fffff9c8
00001c3a
0000080e
00000e5d
000022f0
ffffe856
00002628
ffffb731
000029d6
00001eb5
ffffde56
00001bb7
ffffbfbf
ffffef0c
00003e26
00000e55
000019d1
0000092a
0000111d
0000196d
ffffea8f
fffff9e8
ffffdb78
fffff923
00000845
00001e35
00001725
ffffdbd5
0000166f
ffffd96a
00000d56
000032d6
0000147a
fffff3d9
fffff9ab
fffff954
000014ce
00000075
fffff74b
ffffcc90
0000184b
00001757
00001c50
00004581
fffff9b6
00000220
fffffe9c
fffff363
fffffa26
00000514
00000076
00001477
00003cff
00001aa4
fffff4bd
00002719
ffffb66d
fffff939
00001ce6
0000013b
ffffff6b
00001343
fffffb0c
000014ea
ffffe67b
ffffb5d5
ffffe1f5
00000346
000008fc
000005b1
fffffa0f
00000b30
ffffc8c0
ffffe841
00001b99
ffffcbb3
00001cea
ffffeb7c
ffffeefa
ffffe090
fffff974
ffffdbfb
00000098
ffffd8e7
0000088d
00001d2b
ffffc493
000017cf
00000001
ffffd470
00002de0
ffffef49
00004151
ffffed83
fffffeab
00003019
00002b72
00002046
fffff931
fffff74a
000009e5
00000b34
ffffc0e2
00000324
fffffc4f
00001528
0000323f
fffff021
fffff35a
ffffd83f
00002d79
00002972
00000081
00001107
fffff877
00001323
000013d7
0000291f
ffffde04
000017a9
00002680
ffffeb97
000002e6
ffffe33f
00004102
00000af1
ffffec17
ffffe61b
ffffe470
fffff59e
000005c8
000015ae
00001672
ffffe8ce
00000852
000008ad
00000e07
000019d8
000007c4
fffffc20
00000dd7
000016ff
0000257f
00001a92
0000531a
fffffc8d
ffffee8e
ffffe8bf
ffffdd78
ffffefed
00000dee
ffffe245
0000248b
fffff3d7
fffffb09
ffffdbbc
000023b8
000007b5
00001cee
ffffc8b2
00000a26
00001fb6
ffffd64f
00000f4b
ffffece4
00003ff0
ffffc6e7
00000c72
00001a2c
00001055
00001514
000021a4
ffffec23
00000299
00007f96
00002de6
ffffd481
ffffd728
0000172d
ffffdf33
fffff584
000027b4
000005c7
ffffebd5
fffffefa
000017a7
ffffd10e
fffffd5f
000002bf
0000160b
00000995
fffff2cf
00000f40
000002de
ffffdd09
00001c0b
fffff1a2
fffff231
fffff662
fffffb03
0000283c
ffffe934
00002ab6
00001d3f
ffffbe4a
ffffd3b0
ffffdc06
000018e8
00003230
0000312b
fffff3df
ffffeba6
ffffebd9
00002519
ffffe906
000015cd
00001c5a
00001eb7
0000369c
00001213
00001d2c
000004c1
ffffbcf8
fffff319
00000e3c
00000bdb
ffffe7ca
ffffe432
00000512
00001e40
00000c8e
ffffe261
00001cad
ffffd517
00000be9
ffffe549
000019e8
0000520a
00003418
fffff063
00002580
000019d7
ffffeb33
fffffd11
00000a6c
0000193a
ffffc457
00004c85
fffff2a8
ffffd0c3
00000868
ffffef51
00001836
00000a72
000002b2
00003225
00000bb5
00005e3a
0000188e
000044f8
fffff5c9
00000c2f
00004724
00000c86
000005ac
ffffe5ed
ffffdb7b
ffffdd7a
fffffc94
ffffe7c1
00000659
000006b5
ffffaa11
00001682
fffff12e
ffffdfbb
ffffd46d
00002f97
0000279e
00000efc
ffffc9b2
fffff884
fffff7eb
00002447
0000047b
ffffb9ec
00002295
0000092f
fffffaa7
ffffcbdc
fffffd10
0000046d
ffffedaa
ffffb384
ffffd930
fffff36a
00001cdd
00001fa8
000046a4
000016de
ffffe880
ffffe482
00001faf
ffffed74
000014a0
ffffe71d
000008ac
00000f47
fffff984
0000157f
ffffe52e
00001181
fffffc2f
0000329d
ffffd285
0000109c
00000952
00000c98
0000052f
fffff91e
ffffdd09
00001aca
0000384f
fffff303
fffffc3d
000026f1
0000361c
0000255f
ffffbd96
00001d5d
fffff9be
0000148e
ffffc31e
000008a4
fffff936
0000073e
00004b17
00000391
ffffe849
00001f0e
ffffccd5
00002112
ffffe50a
fffff382
fffffc2d
ffffcf3a
ffffde0e
ffffdfea
ffffe412
00000380
000012ac
ffffed65
ffffad6d
00001b03
fffffa78
ffffdccd
0000192a
0000157a
ffffe528
000000f6
00000750
fffff548
fffff722
fffff4e0
00002e92
ffffef4e
0000051a
fffffe97
00000a06
ffffdb00
ffffd9b3
0000356d
00003afd
ffffeb3f
00002029
0000002b
00002474
0000275f
ffffe641
ffffdb2f
ffffeb48
fffffe91
fffffc6c
fffff1ff
000013ec
000060ad
fffffaa2
00000eee
00003b48
00003120
ffffde9a
00001aa5
00001e2b
00003561
ffffdfe4
ffffe450
00003ba2
000006b1
ffffce0b
ffffd64f
ffffdef1
0000152d
ffffdf4d
ffffd9a1
0000562e
fffff281
ffffe346
ffffeb63
fffffc9f
fffffa7f
fffff864
00002213
00000cbb
fffff622
00001901
fffff522
fffff6c3
00000e7a
fffff2ea
ffffde2a
fffff8ab
fffff8db
000007d5
00000196
ffffffc5
fffff97d
fffff26c
ffffe818
fffffada
00003296
ffffd8e6
ffffe14a
000001f9
00003034
00001e78
00000e74
ffffe255
ffffb123
ffffc95d
00004065
fffff9f0
fffffcae
00002920
00001db2
ffffcfae
ffffe7d2
ffffe14a
0000621c
fffff2f5
ffffd891
00000b7c
0000361e
ffffe7ef
000019a2
fffff911
ffffe4ca
fffff30d
fffffe5b
fffff5d7
ffffee21
ffffe198
ffffeef2
00001f59
ffffd65e
fffff886
ffffd559
000002e6
fffff870
fffff1b5
ffffea5d
000052bd
00001fe9
00001997
0000159b
00000981
ffffc516
fffff18f
00001814
ffffd2ba
ffffed75
000003ab
fffff8eb
00000cba
fffffd4e
ffffd87d
ffffeafe
000006f5
00000f02
fffff494
00000df1
ffffec31
00000b3e
ffffe153
ffffd9c1
ffffeba4
fffff139
fffff1b3
ffffff5d
000033e6
fffff822
ffffee3c
00000577
ffffdf7c
fffff72b
00000234
00000323
0000143c
ffffdf3a
000026c5
fffff35d
00000e86
fffffd4d
ffffe2c8
0000025a
0000119c
ffffdf65
00001299
ffffe742
0000026f
fffff77e
fffff297
00000611
00001bdf
0000440d
00002b4c
00000466
ffffde28
ffffebdb
fffffdc2
ffffd2b9
fffff9ed
ffffeb7f
0000053d
00001404
00000b5d
0000158f
fffff59e
ffffec79
ffffcf88
000019c1
fffffddd
00003790
00001f0e
00000415
00000902
000008b5
00000327
fffff344
ffffe837
ffffc598
ffffdb75
0000295c
fffff30b
00000cd7
0000083b
ffffe379
ffffde1b
ffffe9fe
ffffef3f
ffffd48f
fffff90a
ffffcbcd
00000727
0000482d
00001494
00001d96
fffff429
fffff98e
ffffe083
fffff8ac
ffffdb52
fffff746
0000168f
0000325d
ffffd7a0
ffffff21
fffff838
fffffd07
00000f25
00001dc7
ffffe424
000012b8
ffffd97e
ffffc2f7
000028b6
ffffecef
ffffcf58
ffffbf77
ffffd6d3
fffff533
00003c41
00002f16
ffffdc5e
00003f06
ffffdff5
000000b5
00002707
ffffc18f
00000a34
ffffeb65
00001176
fffffe33
fffffad9
00001c8f
00000c80
fffff6da
000000a2
000012db
00000fe7
fffff492
000031b8
00000ba2
ffffdaad
000026d4
000028ce
fffff872
00003404
00003fea
ffffc15c
fffff18d
000019e5
000019d8
00000a16
ffffd9ca
00001ded
00001785
ffffddf6
00001d0b
ffffe2c1
ffffef7b
00000523
000007e4
000017bd
ffffc73e
ffffee1f
ffffcf67
00000e0b
ffffced6
00000a35
fffff44e
000000af
ffffcada
00002ddc
000022ed
00004705
00000bb5
00000035
ffffdec4
00005260
00000e2a
000034c5
fffff576
fffff883
fffff2a7
fffff09e
fffff745
fffff2fd
fffff510
00000367
fffffe7f
fffff0e1
fffff048
00001081
fffff6a0
ffffeaa5
00000785
fffffd8d
0000159f
0000052b
ffffffae
fffff844
000001f4
ffffb07b
ffffdf19
ffffd49f
0000167f
00003d16
00002318
ffffe93c
ffffe260
ffffd527
00000386
0000154b
ffffe57b
fffff853
0000192a
ffffdedc
ffffdf81
0000152f
00002bde
0000407b
00003475
fffffc75
fffff2fc
00000ec8
00002648
ffffe4dc
fffffd8a
000028f8
000003f6
ffffd584
ffffabef
ffffdf1d
0000081e
fffff365
ffffd288
ffffdd6b
ffffdb2d
ffffec8e
00001028
fffff381
ffff9d86
fffff291
00000f86
00002324
ffffec40
000008a6
ffffced9
ffffdfa4
ffffea32
fffff7f8
fffffcd5
ffffcb89
fffff817
00000a1e
000007c5
ffffe81e
ffffd981
00000ad5
ffffee14
00003429
000002dd
00000110
ffffc39d
fffff1b7
00001ed4
fffff912
fffff934
00000eb8
000013b0
00000889
ffffb601
00000907
000013d0
00001e2d
fffff2fc
ffffe365
fffffb2d
fffffd78
000000f3
ffffec31
0000483b
0000111f
ffffda69
ffffedd6
ffffe5b0
00000c6f
ffffe2f9
fffff0ba
ffffeb37
fffff97e
000035e2
0000347b
000004ee
00005a50
fffff237
00001331
00000d74
00002ed9
fffff80d
fffffd8a
ffffe57e
fffff56c
0000298c
00004fe2
0000607a
ffffe599
00001078
00001b5d
fffffed2
000003bf
fffffc44
ffffdb62
00001d28
000010f3
fffffb98
ffffd8cc
0000117a
fffff7e1
ffffe4ef
ffffec5b
000029af
00000ff3
00001928
fffff286
000015a8
000011a0
00002ea0
00001716
000006fc
00001064
00002235
000012f9
00002247
00000393
fffff620
ffffefe7
000000d2
000014ba
00002053
fffff49c
ffffc426
ffffbece
ffffd452
ffffe9a9
ffffdaaf
0000159c
ffffd132
fffff4c5
000036b4
0000350d
00000e17
fffff261
0000085e
fffff904
fffffadf
ffffe692
00001c54
fffff06c
0000237e
00000871
fffffc9c
fffffc9d
ffffec39
00000c64
000057a9
00000221
fffff829
000000fc
fffff500
0000061e
ffffc24d
000001c8
ffffb935
ffffe6d6
0000290a
fffff79b
000010a0
ffffed33
0000056c
ffffd0dc
ffffeceb
00003284
fffffdf5
fffff78f
fffff466
fffff2a2
ffffb1f5
00003a37
000014df
000018f4
fffff312
000016cd
000031e0
00003124
0000022c
00002acd
ffffe48f
fffffe20
000019de
0000297c
ffffd6e1
00002e12
000029dd
fffff269
ffffee25
000004bf
00001f53
00000aad
ffffc775
0000059d
fffffdec
fffff0b5
fffff1a0
0000026d
000008c1
ffffef5b
ffffed6b
000015cc
ffffe141
fffff3e6
ffffe9b5
0000211b
00001984
fffff013
fffff2dd
00000329
ffffcf8f
fffffdbf
000020a0
00000ac5
fffffed0
000016bc
ffffdb4f
00002752
ffffcb8a
0000206f
00002402
ffffeb55
fffff14b
0000268e
000005dd
00000257
ffffde2f
fffff55f
000004a4
ffffdcdc
ffffecd0
ffffdc35
ffffc851
fffffe26
000016ed
ffffd3fb
000013cb
00000aeb
00000ad2
00002383
00001b33
000001b6
00000db4
ffffcbf3
fffffa6b
00002597
00001918
fffffc59
fffff474
fffffe0a
000000cb
00000a86
00001505
fffff250
00002d43
000032ea
00004353
fffff3fd
00000d26
fffffe7c
ffffda01
000019ed
00001c4b
00001704
fffff591
ffffce3a
000017ed
ffffeab0
00000d1a
ffffdc88
00000a09
0000062f
ffffffae
fffffea6
0000002f
ffffd359
000009ea
00000f80
ffffc2d2
000003f1
ffffbf97
00000793
fffffa16
00000408
ffffde47
fffff6f7
ffffcb5d
ffffff81
fffff6c6
00001cd1
00001bcb
ffffca60
ffffe119
00001ff7
00001642
ffffd82b
ffffdf46
000006e4
00000164
00002cba
ffffefa0
00002912
ffffe73b
ffffe4b8
ffffeff8
000018ff
fffff7c0
000027e5
fffff6bf
ffffefbb
fffff126
000016c4
ffffdb5c
00001f91
ffffd8ea
ffffdd36
00001c7c
ffffff5a
000022a9
0000275d
00002061
000018ab
00000761
ffffceaa
00000cd9
ffffe8b5
000020fb
ffffed2e
0000280e
fffffcf8
fffffa43
fffff7d2
00001a44
0000079e
000002b7
ffffdbe5
00000327
00004e22
00003320
ffffeb99
00004fb4
00001668
00002df4
00004adb
00004c19
ffffd350
ffffed6a
ffffeaa5
0000048f
ffffeced
ffffe3c2
fffffed5
fffff741
ffffe7ac
00002d7b
ffffa8a1
ffffc3e7
ffffd364
00001e3d
00002c35
ffffe171
ffffe4b2
ffffff23
ffffdcb7
ffffe4e4
ffffe7a4
00001f21
ffffea39
ffffeb39
00000401
00001eeb
ffffed3c
fffff3a3
000016ce
0000134a
ffffcb6c
fffff5cc
fffff0a3
ffffc670
000009ce
00001ffd
000051ab
00000ed1
ffffeb13
00002721
ffffecfa
00000e72
000016cf
ffffe5a6
ffffd686
ffffe6e3
0000112c
ffffd3b5
ffffe945
ffffebd1
00003027
000017cd
0000029f
ffffd39b
ffffe4db
0000266b
ffffedc4
ffffe3f6
ffffc785
ffffcaab
ffffe117
ffffe622
00001340
00001e34
ffffec2e
ffffe579
00002393
000012b0
00004eb0
ffffdd24
fffff2f6
00000fc6
fffff4e5
00001aaa
00001c6d
00001189
ffffdb42
ffffc93f
000003fa
0000090c
fffffe79
00004974
ffffd20f
ffffe400
fffffeb9
ffffc537
0000040f
ffffde6c
ffffe592
ffffefbc
ffffe209
00000bfa
000013c5
ffffdbee
00001e46
00000b1d
fffffacf
ffffd0cb
ffffe10a
fffff335
fffff5c2
ffffeabd
000017e8
fffffa58
00000889
00002525
00001c5a
fffff8aa
ffffd180
ffffc1fd
00000681
fffff013
000001f0
00000f6a
00002046
000015ad
00000b55
ffffe78b
fffff4d8
00000739
ffffda17
00002a4b
00002280
ffffd94b
ffffc8cc
ffffe551
fffff300
00001914
ffffe41a
00000db8
00000b2b
ffffce7d
fffff7ba
00000dc8
fffff65b
ffffdd8d
ffffe576
00002a84
fffff3c5
ffffb46f
fffff48f
00001d5d
00001169
00000bc3
000004fc
ffffb095
00002114
ffffe013
ffffc348
fffff9d8
ffffec6e
fffff949
fffffedd
00001364
00004d9e
fffffe59
fffff3dd
ffffca96
00002635
00001cbf
ffffd6d8
ffffeee3
fffff024
ffffe2c3
ffffea2e
ffffcee0
ffffec13
fffff210
fffff1c4
ffffd3a8
ffffdf18
000010f8
fffff67c
00003735
000024d2
ffffce32
00004e99
ffffe7a9
0000033f
00000092
0000323f
ffffc516
0000097d
000004e0
fffffc44
000016a2
00001ee8
ffffe458
00000310
00001811
ffffeb0b
fffffa87
00001752
000013ce
000013b3
00002487
fffffc02
fffff4d7
ffffef6f
0000048a
ffffd89a
ffffeab7
0000130c
00002144
ffffe8e5
fffff265
ffffe10b
00001d12
000013e2
00000160
ffffd44b
000041fa
ffffeb07
000022bb
00001d0e
ffffe73b
ffffeca1
ffffebe0
ffffeae1
fffffaf4
000012f5
0000126e
fffff151
00007b38
000007ad
00000967
00000448
ffffe142
fffffc7f
fffff251
fffff989
fffff927
00000db9
0000234d
000007a0
00001090
00001ca3
ffffe0ef
0000293d
ffffda6d
00001328
00003221
fffff7f8
ffffe564
fffffc38
ffffeec9
00001b2c
ffffe818
ffffcbc7
ffffc912
00000b3b
ffffe460
ffffdb41
ffffd38e
fffff2f3
ffff9584
00001afb
ffffed64
0000244c
000017c8
fffff17e
fffff507
000013ac
fffff126
fffffbb0
ffffc519
0000454b
00003b22
ffffebf3
fffff0b7
ffffc73d
ffffffda
000042e6
00001391
ffffe3e6
ffffff4d
00000791
0000075b
000009c0
fffff781
ffffdc80
000015df
fffff53d
00000358
ffffe9ea
ffffd65b
00000994
fffff383
ffffe195
0000092c
000013df
ffffd5cd
ffffdb32
000035ac
ffffe3b3
000007d3
ffffde7e
0000268a
00000388
fffff48c
00002415
fffff35e
000027a9
fffff73d
fffff4b9
000004b5
00000a6d
000009b2
00000707
ffffcc62
00002160
000015df
000017a7
ffffbb33
ffffd13b
000036f4
ffffc3e8
ffffe432
0000118f
0000221e
fffff83c
00000380
000011e5
000013e7
ffffe481
fffff946
ffffeba3
fffff971
ffffe834
00001e67
ffffcfa0
00001ae6
00000815
ffffc714
000000a2
ffffeda2
fffff379
fffff2eb
00002ed9
000000af
000027ab
ffffeb81
00001d9a
00001ae8
00002cd0
ffffe689
00002134
fffff29c
000011ee
000026fa
00001682
fffff761
000014d2
fffff6be
00003af0
000028de
ffffda8b
00006305
0000227c
00000bc7
fffff813
00000fc9
ffffed64
fffffd36
fffff660
fffff60b
00000733
ffffad68
fffffa60
ffffc691
ffffef28
00001908
00001ef3
00000057
fffffcef
fffff1b7
00001b54
0000214d
000014ca
00000463
ffffebf9
fffffb4b
fffffd02
00001c88
00000590
ffffddd2
00000439
00001aef
fffff336
0000080e
ffffe940
00001f60
00002201
ffffdb62
00002a95
00000192
ffffb6da
fffff6eb
ffffdb56
fffff47c
000004c3
fffffee4
ffffe3fe
ffffc948
00001d7e
00001fea
0000498d
ffffdd36
00001908
00000c80
ffffcf05
00001ab2
00001117
fffffc02
fffff816
fffff821
00000fb6
ffffe59a
00001977
0000034e
00004ff7
0000214b
00003ff8
00003807
ffffe2d2
fffff8e4
fffff091
ffffc73c
ffffff9c
ffffffbb
00003057
00000ac1
ffffcb98
fffff135
ffffd1f7
fffff500
000005ce
000012cf
ffffe84a
ffffe081
fffffb63
00000e5a
ffffe7ee
000021d4
000049b5
ffffd682
000018e4
ffffd16f
00000d8c
fffff13b
ffffec61
00000c88
00001a24
ffffcd75
ffffe2a5
ffffd90b
00002b77
00004530
0000006d
00000bd0
ffffd0da
fffffc16
ffffeb04
00000603
fffff98a
00000be7
00000693
00003cff
00000865
0000392f
ffffe90d
ffffee37
00000aa8
fffff2a8
ffffffeb
00000c84
ffffe976
fffff0fe
ffffedcc
ffffcab9
000024b3
ffffbce3
00001f40
00000e52
00001890
000038fd
00001ab7
fffffb49
fffffd06
00001ba0
ffffd8a0
00000a81
ffffcf6f
0000027e
ffffe908
00003fba
ffffeff7
ffffc742
ffffe938
00002a02
fffff70a
ffffec96
fffff554
fffffb37
00000542
00003a9d
fffff1d5
00002deb
fffffea6
00002040
00001781
00002da7
ffffebfc
ffffb37d
ffffeb64
ffffdb74
fffff306
ffffee90
fffffaf0
ffffe742
ffffd30c
00001ce5
ffffdbc2
fffff937
ffffc57e
0000016a
0000071f
00000a80
fffffc42
fffff3e4
ffffd7e5
000029b1
00000c78
00003758
fffffdbd
ffffdca6
ffffd51a
00000609
ffffe4c6
0000335e
000008a2
ffffeb46
000020de
00005504
000029a7
ffffc0c2
ffffd987
ffffe99b
ffffdb13
000001a9
00001711
ffffec37
ffffdf01
fffff90b
ffffff48
fffff0a3
000016fa
00001453
00002cb4
00000aed
fffffa6b
fffff320
00000e15
00002b7c
ffffd857
00000d8f
00000c61
ffffe8ec
0000116e
ffffde54
fffff729
00002272
fffff4df
fffffc7e
00000693
00000146
00002f83
ffffb5da
00000e26
fffff2fd
fffff767
00001d5d
000003ca
00001460
ffffcfbe
00000f67
00000ce6
ffffd931
00001d7f
ffffe59d
00000488
ffffdacc
ffffc920
00001170
fffffdce
00000e17
ffffd1a5
fffffe88
000011a7
fffffe0a
ffffe183
fffffb01
fffffcd9
000004a6
ffffff8d
ffffd5ae
000016e6
000019db
00002852
00002b4e
ffffd4d4
0000018b
fffffc42
00003577
00000940
ffffd296
000010bb
0000444f
fffff3eb
ffffe698
00000c22
ffffdccb
0000166a
ffffdf49
ffffca13
ffffd9eb
000021fb
ffffcea5
fffff00a
00000ae3
000013f3
00002a2f
ffffe07c
ffffe4f5
00001713
fffffc19
ffffd485
00001b80
00000e2a
ffffed9d
fffff388
ffffdaf7
fffff1b0
00003f06
ffffc66a
ffffe1e3
00000a1a
ffffe985
ffffe8c8
00000731
fffffc69
ffffde9c
ffffdbe8
00003cd4
fffff963
000033c4
ffffee49
00000566
ffffcc5f
000010b6
ffffcd6d
fffff3f6
fffff49f
00002d8b
00000d39
ffffecae
000026da
fffffdcc
000016d8
ffffd668
000010b3
fffffc19
00001bd7
fffff180
fffff994
00001fea
ffffeb75
fffffa44
ffffffbc
00000571
000007a9
00000c2a
ffffd6a7
ffffe986
fffff2fa
0000233f
0000046b
00000b6e
ffffefff
00001da6
000003f5
fffffc87
00001ab4
fffff65e
00001add
0000010d
fffff7c2
00003b85
fffff687
ffffe7ad
0000308e
fffff6a9
00002a20
ffffe02e
ffffe69e
00001b36
00000a6f
000001dc
000014bb
ffffd609
00000da1
ffffe8f8
000003c8
fffff60c
ffffee04
000024bc
00000b97
000005d3
ffffc972
ffffc7c7
000030e6
000017ec
ffffe690
000027d2
00002c7d
ffffdbf3
00003514
00001282
00001875
ffffd4a3
0000130b
ffffe257
fffff73d
ffffd789
00001538
000013e0
00001b2f
000021b0
ffffd1de
000005d6
00002777
0000082c
fffffd11
00002988
00000ab9
ffffcb3e
ffffe049
00002b31
ffffffd8
00000b05
00004140
ffffdb00
fffff410
00000df9
ffffe4b3
00000d24
ffffc286
ffffedd6
ffffc0eb
ffffee6e
000025e2
000002f7
00000473
fffffdf9
0000292d
00001eef
ffffe7e4
fffffc1f
ffffe4eb
fffffa32
ffffef57
000027d0
ffffd922
00000ed1
00001ecd
ffffd3ff
00003c9a
00003c9e
ffffea04
00003303
fffff3e5
ffffefae
000010a4
000002fa
00001363
ffffd740
fffffafb
00000554
00002222
000024a3
00002fa1
ffffd7d8
ffffdb1b
00002ba5
ffffef56
00003bca
fffff1c7
000003e1
000012a3
00002fbc
000012b0
00000280
ffffcd50
ffffe44e
fffff40f
00004270
000007f0
ffffead8
ffffe7ea
00001c6f
00001b74
ffffeceb
000002f6
000000a0
00002518
0000003b
fffff8c6
0000251c
0000337f
00000dfe
0000254c
00000362
ffffedcb
fffff728
0000195e
fffff06f
fffff26c
00000b56
fffff353
fffffa12
00001efd
00001d4e
00001be9
ffffd24b
ffffe5b7
00001fcd
fffffb10
0000029d
fffff0b7
0000071b
ffffe61e
ffffda37
000012af
000008ad
0000154c
fffff365
fffff743
ffffd833
ffffc9a0
00002fcf
fffff398
0000072e
0000071f
0000077e
00000af3
ffffe725
ffffdbfc
000013f5
00000c51
00002c0b
ffffffee
ffffe738
ffffd918
ffffe615
000018d5
fffffe92
ffffe32e
0000380e
fffffba7
000030b2
ffffd984
ffffea95
ffffdc1e
00001974
ffffd765
ffffc97a
00001ab5
fffffa15
000015ad
ffffb2f9
ffffe564
ffffcc9c
ffffe434
fffffe06
ffffc98e
ffffd485
fffffab4
000038ed
00000472
00002428
fffff215
ffffca3d
0000053f
00001365
ffffd479
fffffc98
ffffe326
ffffedd7
000002e2
00000a64
ffffe313
fffff061
ffffe213
ffffcd7d
00002d13
00000b96
00000ae1
ffffe353
fffffa1b
00002cfc
ffffe6f3
00002f17
ffffcf43
00002f14
00001dca
00000be2
0000036a
00001164
ffffe7eb
00000571
00002879
ffffd8a9
ffffdfc0
00002608
00004d7b
ffffc7f9
0000218b
fffff3e4
0000211b
fffff76c
0000054e
00000811
00002ee3
ffffef6c
ffffeb71
fffff5dc
00001d38
000039da
ffffe888
ffffe07e
ffffd822
0000041f
fffff3ee
fffffe92
ffffea1d
0000050c
000036de
00002841
0000369c
ffffde50
fffff140
00000ba6
fffff2f2
00003298
fffff4bd
fffff7cc
00003c73
0000197b
00000d30
ffffd411
ffffe6df
fffff68e
00000750
ffffd502
00001ea1
ffffdaa7
fffffcad
fffff428
000005b1
0000075a
ffffe787
00001dea
000008e8
ffffec3c
fffffcbc
ffffc3a0
ffffeba3
00000a30
ffffeefd
0000161b
00000d9b
0000151a
00002a22
00001353
00001c28
ffffea5b
fffffc07
00002a5d
00000ef9
ffffaf4e
0000118b
0000036b
fffffa6f
00002ce8
ffffeec3
0000015c
00001ef5
ffffdfbf
ffffd270
000001c1
ffffeedf
ffffd953
ffffffd4
ffffec5f
ffffed67
ffffe3b2
00002c48
ffffb3d9
000009e4
fffff6dd
ffffdf3c
fffffad1
ffffd8aa
ffffff84
ffffcb76
ffffafc4
fffff9c2
ffffecfa
fffff5ac
fffff909
0000109d
00001602
ffffeedf
00001627
ffffd9e2
ffffd23f
ffffe8a2
fffff2de
ffffd95d
0000001e
fffff213
ffffe64e
00001391
00003b47
ffffe895
000000c3
00000efa
000018d9
ffffffcf
fffff5bd
fffff1e9
ffffe633
0000164a
ffffd2e9
ffffffe8
00002392
fffffb48
000003a3
0000105b
ffffe79e
ffffd6b6
00001b14
00000e1a
0000293e
00000c85
ffffe2b9
00001a36
00000449
000020d4
00003cce
ffffe110
ffffff8b
000004e9
fffff4d2
ffffba4c
ffffea0e
ffffe50d
000001a8
00001bd8
0000272b
ffffe8f5
000013d3
ffffcd19
fffffa4f
fffff40c
fffffe99
ffffc1cb
000021c2
00000431
ffffea02
00000296
00000073
fffffb79
00004999
ffffe972
000009d3
00001086
00002bac
ffffb930
ffffe540
000029db
ffffdcbe
ffffe67d
00002147
fffff2e2
fffff1e4
000006d7
ffffed74
000018a6
00000e07
fffffc1a
00002462
fffff170
000001b9
ffffeb73
ffffe7df
0000190e
ffffea74
000008ca
00000853
ffffe9c8
00000804
fffffab7
000039bc
ffffe52f
ffffe197
00001222
ffffff8c
ffffd3fb
00000a24
00003ecf
000018bc
00000536
fffff52d
fffff50e
ffffed7b
00001075
ffffe463
00001d06
00001489
fffffc74
fffff872
000024da
fffffc32
fffff7d4
0000171a
ffffe7e1
00000e85
0000243c
ffffacdd
ffffecb4
00003ab4
ffffdbd4
fffffbf1
ffffed6b
00000547
00000600
fffffa96
fffffa88
00003d3b
fffff126
fffff4ef
00000552
000009e1
ffffd28b
00000c6d
ffffdb59
ffffef7e
00001e1e
ffffff5e
00001620
00002133
ffffef20
ffffebe0
ffffdbc3
00001aa2
ffffbf27
ffffe7db
ffffec28
fffffd92
ffffc8a5
ffffcef2
00000983
00000ef5
00001ac1
ffffef50
fffff226
00001e50
00000f5e
ffffe761
000032de
00000433
fffff20e
fffffb16
000008c9
ffffff42
ffffe46e
000027c0
ffffd3d4
00000d21
00006f1c
000017f0
ffffd362
00003137
fffffb33
ffffd76d
ffffd972
ffffef7e
00000433
00000286
00001038
000042fc
ffffd561
0000220f
000012e4
00002050
ffffe93e
000020d1
000019ca
ffffe6a9
ffffffff
00001f76
fffff708
fffffdf3
ffffeda7
ffffbc0d
00000de7
ffffefc6
0000075e
00003205
ffffdc8a
ffffe28f
0000052c
fffff94a
0000109c
ffffdc94
ffffe7bc
fffff44d
00000edc
fffffabc
ffffebf0
ffffdd40
00002929
00001d2c
fffffd80
ffffd1a2
00001f55
ffffe377
ffffb941
ffffbe6e
000022b5
fffff72c
fffff580
ffffee0d
0000025e
0000103e
fffff42a
ffffda14
00002591
ffffe49b
ffffd9c2
0000061b
00001533
00002dbf
000032d2
fffff006
fffffd10
fffffccc
00000b73
000018c1
0000101f
0000321a
ffffecd8
00003add
fffff8a7
ffffe84d
ffffed92
ffffdedb
ffffeb09
000007c7
ffffda06
000011af
00001c51
0000466a
00001ddc
00002f4e
ffffd463
00000316
00000c54
fffff1ff
fffffab9
fffff4fd
ffffe96e
ffffe7b2
ffffe8e4
ffffec07
00001ee4
ffffc952
ffffd631
000008cf
ffffe9ea
ffffed68
ffffeacc
000001e0
00001898
000000ec
ffffd1e9
fffff556
000023ec
00000609
ffffefd3
00000157
ffffe26f
00003041
00002014
ffffc2c6
00001b43
ffffdcfc
ffffdb66
ffffde7d
fffff02a
00000039
00000976
fffffebc
000022eb
00002123
000023ce
ffffbfd3
ffffee5d
ffffe6f0
00002a5a
00001e2a
000031a2
00002b0d
0000023d
00001ba7
ffffd00f
000024a7
00002385
fffff677
ffffea07
ffffea0a
00001a7d
0000054a
00001e31
00002107
ffffba3c
0000300c
0000210a
fffff0e7
00003fb3
000012e6
0000024e
ffffff53
ffffd6d8
000029a7
ffffff17
0000314f
00000c12
ffffe6ad
000025db
0000283c
00002248
ffffe5d5
fffffbaa
fffff262
ffffe8cf
00003e58
fffffcdd
000019b8
00001e9e
ffffc436
ffffe35e
000017f0
fffff707
000002ea
fffff3f5
000010b6
00000549
ffffe96d
0000060f
ffffe253
00003486
fffffdf8
000020de
00002b02
ffffe2bb
fffffe9a
ffffe0df
ffffbfd9
000004e0
ffffb8fc
000033bb
fffffbe5
00000d92
00000084
ffffe4e7
000035e3
ffffe95f
fffff2e9
ffffe465
00004b59
0000358b
000046a5
fffffaac
fffffdbe
fffffda0
fffffb16
ffffc9b9
fffffa41
000010ae
ffffd62e
00003245
000015f0
fffffa81
0000356a
00002dc4
ffffd592
00002200
000027ee
000003e7
0000049d
00001f0c
00000af5
000004ff
0000200f
ffffc9e4
000005f5
ffffdc20
00001613
00004592
ffffe52f
000003d6
fffff3ce
00002062
000008ee
fffff90a
00002c8d
ffffea37
00000383
fffff889
ffffe55a
ffffebc7
0000273a
00001b64
ffffef5b
ffffe291
fffff953
0000030e
000026ef
ffffde31
00002b1c
ffffe348
fffff1d2
ffffe53b
ffffec38
fffff979
ffffe0e7
fffff015
ffffe7fb
00001e21
00000712
ffffe6dc
0000104f
000015c8
fffffce3
00001057
ffffd2ba
00000d89
fffff964
ffffd0c1
000008a5
00000708
000016a3
000009da
ffffdfe9
0000223f
ffffd756
ffffc445
0000080a
fffffaad
fffff56d
ffffebd3
ffffe60e
00002e68
00001797
ffffd72d
ffffe905
0000107c
00000a2c
ffffe97e
ffffcfd7
00002d0e
ffffed91
fffffb98
0000152b
0000013c
00002cf5
0000320d
ffffe1a9
ffffebd2
000017bf
ffffcb63
fffff51b
0000087d
ffffd20e
ffffda14
00003bac
fffffb82
ffffe752
fffffd89
000033d2
00002217
0000088d
00001a86
000013b3
00001694
fffff6b4
ffffdbdf
fffff158
ffffe8f4
0000150a
00002889
ffffe98e
fffff0d5
fffff6da
000002bb
fffff27d
fffff2b0
fffffd81
0000024e
00000638
000014e8
ffffecb4
000024f7
ffffe13e
ffffe698
00001e07
00000fae
00000764
00000aec
ffffc487
fffff126
ffffd6e3
00000e82
fffff0c3
000019ae
00001bf5
00002aed
fffff687
000038be
00002b51
000009bf
fffff735
fffffeb3
ffffe59d
000022f2
ffffef1c
00001998
00000448
ffffd285
00002aac
ffffe50a
00000e65
fffff4c9
00004370
00001a34
ffffcc7d
000004c0
fffff7ce
fffff505
ffffe7cd
0000383e
000000d4
ffffd004
ffffeac3
ffffceb7
00002f27
00002196
00001364
fffff66b
ffffb4f8
ffffee25
ffffc00e
fffffa37
ffffe604
00004c6b
00000b4c
fffffac1
00000bde
0000361a
fffff93b
fffffe8d
ffffeb96
ffffe9a1
00000531
fffffa96
0000096c
fffff671
fffff3c2
00000ccc
ffffcc7a
ffffdd0e
ffffd11e
fffffec6
000007fe
fffffe20
ffffdeed
00002a49
00002235
000011a1
ffffd404
fffff374
fffff93f
ffffdf64
00001fda
ffffe0c8
000018a5
ffffe6e8
ffffe85d
ffffe0f5
0000243b
ffffd8ce
fffff8a7
ffffd436
ffffeaa8
ffffcde5
fffffbff
00000f60
00000a00
ffffe2cd
000002f5
00005080
ffffe8ff
0000043c
00000106
000061a8
00000dc0
000015ce
00002063
00001cdb
ffffa7f6
fffff9cb
ffffee61
00002b45
00000a0c
00001a1c
ffffe0f2
ffffe8e3
ffffce27
ffffd701
ffffe8ca
ffffdfb5
00001212
000045d9
ffffef9b
00000ff6
ffffd344
fffffc9f
fffff88f
ffffdf4c
00002d11
00002b64
0000019d
ffffe3f2
ffffcc15
0000286c
00001a5b
ffffd54b
00003bf9
00001dff
fffff522
00001277
fffff789
fffffca0
ffffcc72
0000079f
fffff831
00001f33
fffff3f6
ffffefae
00000786
000017bb
fffff3ac
ffffdd06
ffffd17f
fffff564
ffffe8f8
00001076
fffffc94
00001718
0000371d
ffffec60
00002348
00002a43
00000139
00002776
000004eb
0000124c
ffffbe5e
ffffc614
00001d34
000013ea
0000176b
ffffe07c
fffff959
000016ff
ffffe3fe
0000502d
ffffdf5e
00001386
000000af
00002e3f
ffffefbf
ffffe9b5
0000137c
ffffd25d
fffff636
fffff947
ffffea12
ffffe93e
00000c35
ffffdc75
ffffe86d
000029de
00000f94
ffffdc7f
ffffeb06
fffff795
fffff7f1
ffffa474
0000065a
ffffe1f0
fffffc92
fffff5e4
fffffc6c
00001259
ffffd993
00002c61
000022b0
00000d7e
ffffa849
ffffefc0
fffff3ea
ffffe3d7
fffffacc
000000af
00001d5c
ffffd038
00001dd2
ffffe836
00000027
00002962
ffffb9f8
ffffd921
fffffd8e
00001b2a
ffffdbcd
00004825
00000139
fffff3d4
fffff3c1
fffff694
ffffe87f
00003755
fffffb30
00000c4a
ffffd7ef
00003c50
ffffc7bf
0000337d
0000076a
ffffd01f
00003256
ffffe350
00003f72
00001854
00000505
000010bb
00001ba0
fffff062
ffffd57b
ffffc453
ffffb0d7
00000e7a
00001df0
ffffe0cc
ffffd421
ffffe5d8
00001fc8
00001797
fffff7e6
fffff1c3
fffff7f1
fffff408
00002633
00002587
000000fd
000023f8
fffffc32
00002080
000025a0
fffff23b
ffffeeb4
0000009e
000026ca
ffffe1b1
ffffe2ea
ffffe927
00001cc4
0000341b
ffffecbe
fffff16b
fffffd32
fffff11c
000006af
ffffd5c0
00003546
000001be
00002584
ffffe2c4
000008be
000002fa
00001bb5
0000286d
ffffe56b
ffffeb57
00000fa3
00000163
000023ad
ffffde2a
ffffe236
ffffcd36
000021ea
00003dff
00001874
ffffed99
ffffb1d6
ffffdd8d
ffffcf87
ffffe0b9
fffff515
000021dd
ffffef08
00000de3
0000134c
00001e4a
ffffdf13
ffffde20
ffffd8c3
00001207
00000335
ffffd246
fffff71a
00000a51
000024ca
0000068a
ffffe86a
fffff21e
fffff52d
000022e0
00002906
fffff1e9
ffffe144
00001ef8
000006ae
fffff03d
ffffd051
000009d3
ffffe66b
ffffdb06
00003c38
ffffe024
00000757
fffffe31
fffff388
ffffe193
000014a4
fffff9d0
000002cd
fffff519
ffffe47d
ffffdc9b
ffffe525
00002443
0000037f
00001be1
ffffff69
00002dcc
00000bfe
fffff8f7
00000a53
000045fa
ffffdf34
ffffef6e
00002fdb
00000fbf
ffffad91
000029bf
fffff35f
00000be2
000001cc
ffffff76
00000f29
ffffe80e
ffffb9a9
00000e19
fffffaba
ffffdd13
ffffe793
00003409
ffffe6df
0000001a
ffffd519
ffffd903
ffffeba9
ffffcd47
000002b6
00001c40
00001dae
ffffe494
fffff31f
00001e8d
0000032d
ffffeb39
00001ac1
000018b0
fffffc77
fffffcb9
00000440
00000164
ffffc7c5
fffffed7
000002c3
fffffb46
ffffe258
00000b31
00000473
00001603
fffffe75
ffffdd95
ffffe453
ffffe432
00001052
ffffd5dc
ffffd3fc
fffffddc
00003a87
ffffcde1
fffff377
00004a35
00000ef1
000029db
00001b85
00001752
fffff4fe
ffffd44c
fffff231
000042cc
ffffe057
fffff15c
ffffeb4f
00000fb1
ffffe7cd
00003b71
ffffe4d0
00001178
00000fd2
00004714
000014e9
00001e00
000033a9
ffffd769
ffffce4b
fffff4a3
ffffea21
ffffd6e2
000002b1
ffffdc8e
fffffd58
fffffab5
0000291e
ffffe366
fffffb87
fffffead
00000dea
ffffe815
fffff74b
fffff1be
000032ba
fffff91c
fffffda5
000014f7
ffffc417
00001254
fffffc3b
ffffedcb
ffffb744
ffffe870
ffffc522
00001cd4
000003ab
0000019b
000005eb
ffffbe31
ffffdd6d
fffff4ff
ffffe684
ffffea40
ffffd272
ffffd6b0
00000fe7
00000f64
ffffd83f
00003680
ffffdf48
ffffe691
ffffe924
00002855
ffffd9df
00005cc2
00000c9b
000005ed
ffffdc12
00002a30
ffffcbc9
00002839
fffff82a
ffffd3e8
000023b1
ffffdb72
000040b2
00002eb0
00000ffe
fffff64f
00000a32
fffff0e4
ffffd820
ffffbffe
ffffc730
fffffd8d
00002259
fffff278
ffffeaad
ffffe444
00000231
ffffe4f0
ffffed74
ffffc06f
ffffe5b9
000026c5
00004b6a
00000dfa
0000300c
00000d42
00000d90
00000928
00001488
ffffd7c9
ffffdbb4
ffffdcfe
000022f0
ffffd912
ffffeb0c
fffffb8a
fffff88f
00002a81
000015c3
ffffe216
ffffe8d4
fffff2ab
00003939
00000d0e
ffffd48e
ffffd84b
ffffb87b
00000492
ffffbfe9
ffffd22e
000038cc
fffffc3b
fffff76f
00002932
ffffe144
ffffca52
ffffd60b
00000b1f
00001fd7
ffffeae4
ffffe96e
00000dc5
fffff56a
000034e7
00004b7d
ffffe35c
0000120d
fffff924
000011f4
ffffc9c3
ffffdb15
0000230c
ffffffd7
ffffea0e
ffffedba
ffffce9c
00000f7e
00001bf3
000011d3
ffffd2c7
fffff19d
00000211
00001856
fffff43e
00001910
ffffe595
000015bc
fffff6c2
000038c2
000000a9
00002139
000007e4
00003489
ffffc693
00002129
00002199
00001692
000003cc
ffffcd9b
fffff187
fffff815
00000b31
ffffff3f
0000125d
00002175
fffff28e
0000239d
00000f9e
00001f02
000018ba
00002eda
fffff6aa
ffffbd5a
0000030d
ffffe198
ffffc9f9
0000009e
ffffea02
000005c8
ffffe53a
ffffd41a
0000312e
fffff26a
fffffd45
000043b5
00000c7e
ffffe30b
ffffd00b
ffffe78e
000033e8
ffffe160
00001515
000006a4
000025de
0000110f
fffff82d
fffffdaa
ffffd70e
000003a0
ffffedc7
000006bf
000031cf
000038f2
00001187
ffffcf82
ffffe507
00000d55
ffffe8e6
00001911
fffff9a2
00002bcf
00001dce
ffffdc8d
ffffda39
0000277f
ffffe017
0000188c
00000e2f
00003909
ffffeb03
ffffda39
00000dff
00000dd5
fffff699
ffffe0ec
ffffdcd0
00004842
00001d95
ffffef3c
00001ea0
0000054d
ffffd061
ffffef64
fffff35a
ffffd98c
ffffe67e
ffffc3e5
00002458
0000072d
ffffe644
ffffdeff
ffffd9da
00001f0d
00003802
ffffd3bd
00003871
ffffdd1b
fffff8cf
fffff4bc
ffffde79
0000089e
fffff03a
00000586
00000517
fffffd8b
0000086f
fffff47f
00000c10
00000f4f
00000b4d
0000023c
fffff88d
ffffedbb
fffffb6b
00001ccf
00005f34
ffffdede
ffffe713
00002036
000009c4
fffff4a8
ffffe3f8
00003a07
00003d22
ffffc47a
fffff9d3
00001970
ffffd043
000005a3
ffffbe48
fffffe46
000002cb
ffffe937
000007fd
00002679
ffffdfe8
ffffe785
ffffdaf4
00000422
ffffccc6
ffffed28
fffff93b
ffffeb0b
ffffe973
ffffcb7e
ffffff4a
0000382f
00001486
fffffde8
ffffbf58
fffff117
ffffcf94
00001c0b
ffffdb19
ffffe8ee
ffffef4a
ffffed67
ffffef67
ffffef2c
fffffe66
000000a9
ffffd4f4
000035c2
ffffe18b
00001654
fffffca2
ffffd8ea
ffffe23c
ffffdce7
ffffe79a
ffffdb17
fffff4fe
fffff5dd
000003d6
00000ffb
00001e5b
00000827
00000b2d
ffffe928
fffff050
00003e9b
00002756
ffffb322
00000eea
ffffeef4
00001ff8
00000b7d
000007ae
fffffb29
00000b0b
ffffef38
ffffb57c
0000047f
ffffef28
ffffca21
00001691
ffffdf8f
fffff0b1
fffff551
00002a3b
000000bf
00001959
ffffccfc
fffff109
ffffe21f
00001c38
0000018b
000014f2
ffffeb69
00000547
ffffe3a6
fffff615
ffffe9e4
ffffce1f
ffffef1f
fffff7c7
00000616
ffffe867
fffff430
fffffb88
00000fd2
ffffec2f
ffffe424
fffffed2
ffffe47c
000009f9
000012cb
ffffc341
ffffc831
000023ec
00003680
000022ad
fffff560
fffff8f8
00001e06
ffffdc0a
000013c0
000030ac
00000938
ffffe159
000005a0
00000caf
000025bb
ffffcfd9
00000140
00002105
00001e43
fffffd99
ffffe5bc
00000422
00001b77
00000a20
fffffc9e
ffffca87
ffffe722
ffffea4c
0000189d
ffffd923
00000abd
ffffef27
000018af
00001090
000033b9
00001f64
ffffe401
000031f6
0000057b
00000620
00003b46
000010e6
fffff3f0
000010b8
ffffcc64
fffffb8e
ffffe066
000005f3
00001f43
ffffdffe
00001b75
000002cf
ffffd5f0
ffffea89
fffffdee
00002216
ffffc7a0
fffff269
00000c30
fffffb03
ffffd7be
00000979
00002c5c
ffffd058
fffffef3
ffffc478
00000a8b
fffffb09
0000202a
000046f7
00002b56
fffffdea
00004615
000016cb
00001db6
ffffb3d1
fffffaa0
0000139b
000012fa
000004fc
ffffecb3
fffff3c7
fffff941
fffffee1
ffffd8db
fffff502
00000045
ffffc8ee
0000018e
00005b22
ffffe8c9
ffffbac1
fffff745
ffffec37
ffffef7d
ffffebe9
00001e8c
00000d5a
00001b47
00001dd9
00000476
ffffcd58
fffff225
fffff167
000014d5
00002ab7
fffff758
ffffdf6a
000019e0
00000c79
0000215f
0000045a
ffffc198
ffffffc1
000005df
ffffc9c7
fffff92c
ffffe607
fffff430
ffffedca
00002e05
00002d1b
fffffd40
fffff9b6
ffffdf0e
00001c2f
00001b59
fffffd7a
0000186e
ffffe658
000013ed
fffff3a5
fffff671
ffffd600
0000031d
ffffe42a
ffffbde0
00002030
00000736
ffffeac0
00003dab
00003515
ffffffbd
00001c9a
fffff1ea
0000074e
0000092f
00003663
ffffd4a4
000008c0
ffffedf4
00001e27
0000106b
0000063a
ffffed16
fffff1da
ffffe0d3
fffff58f
ffffe6c0
00000f8a
000007dc
fffffba2
00001f4f
ffffea3f
ffffdb6b
ffffedd0
ffffec1d
ffffeb5e
00002519
00003419
fffffb65
fffff0db
00000fee
fffffcc7
000026c5
000024f2
fffff456
ffffff33
00004ea3
ffffca36
000004d3
00002c01
00000e6c
ffffe360
fffffb2e
ffffd09b
000004ee
ffffe89f
00000788
ffffec89
00004b1b
0000203b
00001899
00001204
ffffd3b2
00002345
ffffece7
fffff96a
00001a44
00003da4
fffffd1b
fffffb90
00001076
00003fa9
000024db
00002833
00000b7b
fffffdad
00002c9f
00000ceb
ffffe444
000021f5
000005f3
000007f5
00001624
ffffdfa3
ffffbfbe
00000d07
ffffe121
ffffdf45
fffff157
ffffe6a4
ffffce60
00001791
fffff096
fffffd0c
fffffd32
00000014
ffffe6cd
ffffffcf
ffffe160
fffff32f
000002ff
0000145f
000027d0
ffffdbe5
000007c2
00000aaf
fffffb2c
000007fb
ffffc811
00001168
fffff81a
00000623
00001e0b
0000353a
00002900
00004163
00001157
0000177e
fffff161
fffff3e6
00001b7f
ffffd0ed
ffffdc0d
fffff46d
fffff950
ffffec75
00001bb8
00001bbf
fffff0bd
ffffe754
ffffc880
00000437
ffffdbb7
fffff2a1
00001cb2
000009ea
00002b47
000004b7
ffffe607
ffffc80a
00003d54
fffff6cf
ffffc8af
0000229c
0000350b
ffffcb0d
fffffb51
fffffd0a
ffffeed4
fffff7ae
ffffcb33
000000c9
00002b74
00000209
ffffe415
0000039f
fffff015
ffffc5f5
ffffcf89
fffff5d1
ffffd4b0
00001be3
0000143b
fffffbd1
fffffa86
00001fe5
ffffdf65
0000123c
ffffd96d
ffffe565
00001b03
0000169f
000005bb
ffffda17
00000e51
00003297
00000d87
ffffdcb5
0000188c
00002668
00000284
0000010f
00002ef4
fffffbd7
ffffdb26
ffffeb76
00001352
0000478f
000024f8
ffffeec7
fffff7d4
00000e89
fffff75e
00001e0d
ffffe8c6
00000fc8
00001eed
ffffcbb6
00001dcc
000008b2
00001f72
fffffc45
000025d7
0000294d
ffffe76a
fffff2a5
fffff0a7
0000095d
ffffc0fc
00000e17
00002738
fffff4f2
ffffcd64
00001ebd
000009de
0000178b
ffffd45d
fffff7a4
ffffe6e2
000020e6
00002da9
000036f1
ffffcef6
00000103
00002b96
0000169f
ffffcfd5
000014b8
00001aa2
fffffd59
fffffde8
fffff9cf
00000d19
00002b91
0000002d
fffff361
ffffed4f
00003db8
00002f4b
0000095a
ffffebff
ffffdf96
ffffd84a
ffffe089
ffffef48
ffffeb9d
00002ed8
00004289
000032b1
000003af
00000cd9
ffffd0fe
00002b84
00000c62
000005c8
0000163b
ffffdfef
ffffe87d
fffff3bc
fffff181
00001bd1
00003c02
000026cc
ffffe7f0
00000c04
ffffe25e
000004b2
00002fa4
0000160d
00002de0
00002300
00000e3a
ffffdc87
ffffe526
00001987
ffffe7d3
ffffd74b
000002b2
ffffe2e0
ffffea32
00002b5a
ffffbbde
ffffc5d0
fffff80e
ffffd101
00001a9b
00001cac
00000a3c
ffffd14d
ffffb478
0000152c
00001177
0000022b
ffffd335
00000566
000008a6
000033b3
fffff9a6
ffffeca8
0000150a
ffffff00
0000287a
ffffd3bc
ffffed0d
fffffb9f
00000727
00000e04
0000085c
00001c1e
ffffeb5c
00003539
00002c1e
fffff41e
fffff17f
00000024
00000804
fffff9d9
ffffee46
ffffe246
00002eb8
fffff881
ffffef6a
00000966
00000470
ffffface
000022a1
00001e47
00003e54
ffffd9d5
ffffe704
fffff952
00002830
00002739
000011d9
ffffea2a
000060e8
00001fed
000019a8
0000317a
00000a20
fffff98b
fffff423
fffffb82
fffffbdf
000024c8
00002c7d
00002899
00001a49
fffff63b
0000114e
fffface1
0000080c
fffff76b
ffffd1dd
00000384
ffffcb5a
00001460
00000c18
ffffecca
ffffe953
fffffc80
00000abd
fffff6cd
00001be7
ffffdb7c
fffff60e
00000d38
0000688b
0000137d
00000de9
0000152f
ffffe537
00001a7b
00000cdc
00003d9a
fffff57f
000012d3
00002e1a
0000126a
ffffebbc
ffffdbf2
ffffe00b
fffffeb9
00000d7c
00001eb8
00001e26
ffffd968
ffffde42
fffff462
00000044
000006ee
00002b88
fffffe36
00003071
00001393
ffffd4cb
0000379d
0000365c
fffffbca
00002a6a
0000076b
ffffe310
ffffe9d8
ffffea53
ffffb266
ffffdba4
ffffddd6
ffffe13a
000009bb
00001efb
000000c2
00000e4c
ffffe60d
fffff156
00000003
fffffb67
ffffee6d
00000e8a
000014b4
ffffdb2d
ffffee6e
000018b0
ffffd781
000018ad
ffffdc2e
fffff87f
ffffe3a0
fffff198
00001d58
0000132d
00002185
0000217b
00001308
fffffc87
000038f8
ffffead3
fffff6d2
fffffb84
000048fc
fffff907
ffffc3a9
ffffed55
000005b6
00001e79
00001d54
fffffbd7
00004f03
ffffe738
0000391f
00000374
00001fe6
fffff723
000020b3
ffffea75
ffffe308
000016aa
ffffe84c
000003a2
fffffc25
ffffe4cd
ffffddf7
fffff4a7
ffffe9b4
ffffe080
ffffbe37
000040f4
00003cfa
ffffee54
ffffea69
00000902
ffffcb27
fffff71a
ffffef26
ffffeb7c
00000d95
ffffe828
000008ea
00001493
00001e00
ffffeb4a
00001298
fffff470
ffffcb2e
00002975
000009cd
00002324
ffffe8d3
fffffab9
0000289a
00000526
00003b66
ffffe9dd
00000b5c
000003ec
0000061a
00000111
ffffe6e5
fffff56a
ffffee00
000018ae
fffffec9
fffffda5
00002b84
00002a62
00003093
00002fad
00001672
000031ba
0000259b
0000029f
0000435b
000051b1
ffffeaa8
ffffe4c2
00001e28
ffffef01
0000105b
0000288a
ffffecb1
ffffd4a0
00001d83
000005e1
00000ac1
fffff4e1
00002fdb
000018d1
0000036a
00004184
ffffed7e
0000222c
0000045b
ffffffa2
000027ba
fffffc9f
ffffe8bb
000042ea
00001c36
ffffff55
ffffbd6b
fffff364
ffffc280
000006ba
000001bc
00001fa7
ffffdee1
ffffe3f3
ffffed60
0000263d
000047e1
fffff8c0
00003e4e
ffffc702
00002eeb
00000c2f
ffffeb48
0000243c
00001def
00000f71
00001cbf
000004eb
00002dfe
00002c4e
000013b9
0000184c
00000e51
ffffdb65
00002016
0000044f
fffffdbe
0000066e
ffffee1b
ffffee27
0000006d
000001f5
00000249
000064c9
fffffc53
ffffcde0
00001a98
00001686
ffffe9b4
fffff4b8
00003283
00002654
fffffe34
00000784
000017b7
000029dd
ffffea66
fffffdf4
00000bdd
00002a09
fffff0b1
fffffdbd
fffff1df
ffffffc0
fffffe35
fffff87b
000024e5
000038af
00002444
00000030
00002822
fffffdf0
ffffe968
ffffc76a
ffffb9b8
ffffedfa
fffffc9b
ffffdb9a
ffffc553
ffffd4d1
00004a9b
ffffebc0
fffffdf1
000005b1
000013b1
0000335d
ffffe881
ffffc40a
000012b1
ffffe91a
00000e3a
ffffd8e0
00002634
ffffe229
00002241
fffff07b
ffffbc3d
ffffeb4b
000005c7
fffff36d
ffffd5d4
ffffe973
000000e2
00000f1a
ffffdfce
00000cd0
00001976
00000828
ffffb4c2
00001043
ffffe42c
00002c47
fffff457
fffff2fe
00002454
0000079a
fffffcaa
ffffdc88
000017ec
ffffe94c
ffffd2c6
ffffccc5
000020a2
ffffcc7b
00003024
00001eb4
000013db
ffffaf8c
ffffffe8
ffffe9cc
000022e4
0000117c
fffffeae
fffff6b7
fffff367
ffffd612
ffffebff
000009cc
ffffd08c
fffff440
fffffdb1
0000161e
00002ed8
000034ad
00002622
fffff4bc
ffffdd72
00000c03
fffffec1
ffffe6f7
00001896
fffff930
fffff85f
ffffeadf
fffffc4c
000002d1
ffffdb61
fffff7fb
ffffef7b
ffffe440
fffffde9
ffffcaec
ffffdcbd
000028b9
00003198
00003651
00004230
00000543
0000392e
ffffd8bd
ffffd4f8
ffffdfd8
ffffd3fb
00003f43
ffffd966
0000074b
00000e4e
ffffde4b
000032ec
fffffd51
ffffcbb5
00001341
0000415b
00000a37
000004a1
0000199b
fffff5e8
00000355
000019e2
ffffa57e
ffffe0c1
000002ff
ffffd4a7
00000c68
0000291e
00000a9f
000020bb
000023b9
0000013d
00000fb9
0000261d
ffffdb66
000027ca
fffff927
fffffb71
00003268
00002d77
ffffcc62
00001b39
ffffda01
fffffd47
fffffbfc
ffffefec
ffffea8d
ffffe0d4
00002197
ffffe77d
ffffc0f2
0000024e
ffffe684
ffffdecd
00000f09
000000ae
ffffd9bf
00004f1b
00001669
ffffe5e8
ffffd374
000013c7
ffffe35d
ffffffbc
ffffe994
000012ee
fffff11c
fffffcc4
ffffc9ac
000009f6
00000483
fffff5cf
ffffdcf7
00001658
000025bd
ffffffa6
000001ce
ffffff35
00001ff2
00000007
ffffe1bb
ffffefb3
ffffd136
fffff92c
ffffdb10
ffffed4c
ffffc888
00000f81
00000f2a
fffffe96
ffffff10
ffffdcc0
ffffd2a9
fffff783
000003d6
ffffde7d
0000138e
000004e1
00003531
ffffeea8
ffffcea2
00000165
00001400
00001751
fffff727
ffffe5ba
ffffe114
ffffddc1
00000f71
fffffd58
ffffc0f2
00000926
00003db5
00003140
fffff2bc
fffff5b4
fffffb1f
ffffda99
fffff2b6
ffffc378
fffffd37
0000117e
00000d35
ffffab3d
00000ed1
00001326
fffffed1
00000318
00001e64
ffffeb3d
ffffd218
fffffa05
ffffebc0
000002ad
000017b0
0000136c
000010db
00001928
ffffdba4
ffffe87a
00000a50
00001184
ffffe9e9
00001b3c
fffff2c2
00002f44
00001083
ffffe471
ffffee9c
ffffd216
ffffdc29
00004711
000047ca
00002726
00001deb
00000f44
ffffe80e
fffff702
00002f1c
00000a3f
000017e3
00003498
ffffed87
00002f2b
fffffd7a
00002654
00002d53
0000047e
fffff897
000011e5
ffffd91b
fffff709
fffffd80
000006db
ffffdfb7
ffffeaec
ffffd076
00000ff8
000007c3
ffffc686
000003e7
000006fa
ffffd973
000000e1
00001b6c
fffffce0
ffffd7e3
fffff58e
00000fdd
ffffe276
ffffee9c
ffffd36b
fffffd24
ffffd570
000000d0
00002ed8
000021eb
ffffe80f
ffffe9d5
000033e7
00001ece
00001c66
0000097f
fffff099
ffffec7e
ffffed3b
ffffea5b
00000662
fffff493
ffffdd15
000024f6
fffffbe1
fffff351
ffffd81d
000009eb
0000044d
ffffd83e
fffff54b
ffffc3b2
ffffdf08
ffffeee0
ffffea91
00001c24
fffffede
0000021b
ffffeaaa
00002782
fffff9a5
000071fb
fffff6d9
00001d14
fffff28c
0000129c
0000162d
00001615
fffffb3f
fffffe84
0000012a
ffffdec1
00002492
000005fb
0000126f
00000403
ffffe437
00001e57
ffffca53
00001bdc
ffffe8d0
00003e88
ffffddb9
ffffedf7
fffffc93
00003462
fffff2e7
ffffe4d9
00000694
fffff1e0
ffffd8a3
fffffce4
ffffe4c4
ffffe5d9
ffffd41b
000036e6
000002e2
0000076a
000031c1
0000028c
000001b7
000005e4
fffffa4b
fffff2c8
00003885
00000f1d
0000279d
00003ccc
fffff69c
00002b89
000006d9
ffffe9a8
ffffe97f
ffffccbb
fffff85a
00000421
00001d34
ffffdd38
ffffd65e
fffff82f
00002fb8
fffff68c
00000999
0000024b
ffffe297
0000131d
00001e72
0000351a
00000907
00000aaa
00001110
fffff9e3
ffffe31c
ffffef4e
fffffcab
0000007a
ffffff7a
000014fc
ffffe8d0
fffff2aa
ffffb6c2
ffffd5d9
000030da
000010b4
fffffdea
ffffeedb
000050a0
0000262e
ffffeb9e
ffffe6df
00000cc4
ffffdd56
00003195
ffffeb6d
fffffd27
000009dc
fffff3cc
fffff9d1
ffffe23c
00006af1
00000417
ffffe3a9
ffffcc7a
ffffea00
00001332
000006c5
00004a34
0000135b
ffffd921
00003bcd
ffffc615
ffffbb3c
fffff6d5
0000138d
fffff23b
fffff88f
ffffef09
fffffd81
ffffef80
fffff965
00000972
ffffd88b
00001056
fffff9f8
ffffe6f9
00003525
00000493
00001959
00002a0e
ffffcc66
ffffe3ee
ffffe421
00000fab
fffff150
00000f4a
00001255
fffff5a6
fffff2bc
00000670
ffffe548
00001a8f
fffffbef
fffffbee
fffff429
0000226f
fffffd4e
0000051f
ffffe0de
ffffcd3f
000003d1
fffff550
000000b2
ffffb63e
00000f5e
00003a2d
ffffe752
00002a74
000030f2
00000051
00001951
00000883
ffffff89
00002a8b
00003fd9
fffff8de
000023e8
00001ea5
000010ea
0000076a
0000118f
00001904
00000ac9
00001ee9
fffff2bf
ffffee01
ffffd936
ffffcfa4
ffffe418
ffffdb47
00000ca4
00002d1f
ffffe6a9
00003680
00002055
00000f3c
ffffc000
fffff2f9
00001efb
ffffb556
0000234f
fffff425
ffffdc4c
fffff21d
fffff091
00000240
000011ad
00000ad1
fffff9d7
ffffed34
00002d96
00000604
ffffdebe
fffffa39
ffffb9aa
fffffde3
0000235a
000015dc
fffff908
ffffe1e1
fffff94b
00000f22
ffffffaa
00000239
0000075e
00000501
fffff19b
ffffe71b
ffffe036
ffffec32
ffffd895
ffffcdb2
ffffe949
0000246f
fffff31b
ffffe9f9
ffffed5f
0000114b
ffffe46b
fffffe5a
00000cc8
00003430
00001219
0000140d
0000281d
ffffeb41
00000b72
00000750
0000015f
fffff079
00000ea1
ffffdf81
00000af6
ffffda0e
00002e4c
000008b8
00000e5c
ffffd026
ffffef49
00003e3c
ffffd30f
fffff106
fffff34f
0000218d
000006d5
fffffc31
00000a7e
fffff744
000010ab
fffffa04
ffffe0c4
fffff17a
ffffcc8b
000010e4
fffff2fb
00001eff
000004c8
fffff449
0000040b
0000031f
0000108d
fffff2e8
00004990
ffffea22
00002880
ffffdd6b
000025c8
00001cfa
0000340b
ffffe142
000032ec
ffffd374
00002a83
00001da8
00001d36
fffff935
ffffe1fe
ffffe1ff
00003a07
00000824
ffffcf4e
00004318
0000218c
00000f75
fffffbbc
00000991
00001035
00001a48
fffff76a
00001d9e
fffff27c
ffffc75a
000019df
ffffe01c
ffffdd9b
0000258f
00003e6f
0000153e
fffff62d
ffffef64
000020b0
fffffbfd
fffff2c3
00001e93
000005f6
00000087
00000e56
fffff1fa
00001d5f
ffffd4bb
00001e00
fffff744
000017cd
000004f2
000018cc
00003089
00002a1d
ffffd5e5
000023f6
ffffebc0
ffffcc8c
ffffc675
fffff000
ffffe7fc
0000250e
ffffedda
ffffdc8c
ffffc7f0
00003a5e
00003c94
00002e54
fffff09a
fffffff4
000008ce
ffffd12b
000006e0
fffffe0c
00002d3d
ffffcfb0
ffffe18c
fffff80b
ffffe583
00001a46
0000099a
00003faa
000019c4
00005df5
0000432d
ffffdd52
00000498
000001cc
ffffe591
fffffc7c
00001768
0000288d
ffffeda8
ffffd892
ffffee63
ffffe35a
ffffed9c
fffff774
00000065
fffffb45
ffffbce0
00002611
ffffeaf0
ffffda08
0000125d
00000159
ffffd458
00001b45
ffffe34d
00003ae0
ffffe964
ffffebf6
fffff386
ffffec2e
ffffa6c3
ffffda5a
000001c0
0000140f
00001376
fffffc9e
ffffee87
ffffdcdc
00000261
ffffd176
fffff1be
ffffdcac
00000718
00002146
000026b1
fffff7a6
0000368e
ffffc5dd
ffffd7de
00000c4e
fffff385
00000c2c
ffffedc1
fffffaf4
00000c79
000013a4
ffffca6a
00004ce4
ffffd00e
00002005
000001de
fffffe17
00003e1a
0000330a
ffffeaa7
00000d55
00004041
ffffeb1b
0000032c
ffffd88b
ffffdbe1
ffffc95b
00004350
fffff42b
ffffd3b4
ffffe8c6
fffffc96
00000eaf
ffffe5ff
fffff81e
00000a87
00001953
0000555c
000010ff
000007bf
00000313
fffff8e7
00002c3b
000000d4
fffffff8
ffffd554
ffffe7a0
ffffd0ac
00000869
ffffea42
fffff620
fffff4be
ffffd77d
0000123d
fffff128
ffffe407
ffffe5c6
ffffea04
ffffe50b
000009ff
000025ea
000001ab
fffff80e
fffffc70
0000460d
000018c7
000020ea
fffff8b9
ffffda4d
000022c5
fffff58f
00004646
ffffffeb
0000045b
00001bfa
00000867
fffff6d6
000003d6
ffffe9b7
ffffea37
ffffde34
00002163
fffff859
fffff255
ffffd337
00001805
00001edb
00000716
000036b1
00000d2d
00002b23
000001d1
000014e6
00001a83
000004a8
fffffefe
fffff4ba
ffffff68
00000df7
ffffffa2
00001b7b
ffffd59c
ffffdb4b
00004149
ffffe4e4
ffffe8d5
00001001
00000e70
00000bad
ffffe4a9
00001078
00000443
ffffd98d
00001e2b
fffff0a6
fffff65b
000010aa
0000042c
00000843
fffff0b9
000013d7
000008cc
fffff472
ffffe2b4
ffffec15
ffffdad5
00003692
00000406
00001343
00001790
00001098
00001c05
00001f6f
00000800
0000015c
00000006
ffffee9a
0000171a
00000304
fffffb0b
000035ac
00000a51
00002abc
0000443c
ffffd67f
00006b6d
00000375
ffffee44
fffffb21
0000246f
ffffcdd5
ffffddd4
000012e5
00000749
fffff41a
ffffc002
ffffde2e
ffffb93a
ffffed23
fffffc64
fffff830
000019ea
00001525
000017d5
000022e2
fffffa9c
ffffffcd
ffffe92c
ffffecd3
fffffc2b
ffffeb75
0000026f
fffff233
ffffc7f1
fffff645
00002815
ffffd8b7
fffff1c6
00001bbd
ffffeace
000020f0
ffffe566
00001749
fffffd9c
ffffb2f0
000000ba
ffffbeac
000015d3
ffffdd94
00002420
fffff016
ffffd2c0
00001bc3
ffffff17
00004262
0000029d
0000395b
000011f6
ffffd90e
00000ea9
00002912
fffffd8b
000008e9
ffffff29
00003711
fffff3e0
ffffff3a
00001b5f
000025eb
00000cfd
0000367e
00004b87
ffffef3e
00000ae0
fffffbfa
ffff9c8e
ffffec0d
00000369
000001ca
ffffed3e
ffffcf63
00002ffa
ffffe03e
000010a0
000017c5
00000ef2
fffffc18
00001bd8
ffffd9f0
0000082b
ffffd3f5
000026c0
00004c0f
fffff50f
00001402
ffffe5b1
fffffc66
ffffe0e4
fffff77e
ffffe099
000012ba
ffffd5f1
000002ff
ffffe0b6
00003d0f
000029a8
ffffdf5e
00001344
fffff353
0000036a
ffffe0c5
ffffe012
fffffe15
000003a8
00000baf
00002abd
00002486
00000049
ffffec0a
ffffec58
00003932
ffffd7f4
00000a66
00001748
ffffda92
fffff308
fffffb95
ffffc62f
00001129
ffffd7b7
fffffc5c
000034f4
00003087
00002756
00001f01
ffffe463
00000000
ffffd542
ffffd05d
00000d4f
ffffcf7a
fffffd75
fffff881
00001c1e
fffff07f
ffffde25
ffffecf3
00000ea4
ffffde3b
0000088a
ffffdde8
ffffe35e
000031e2
000035a8
ffffed7c
000053bb
000021c3
00002e3b
000012b3
00003778
ffffdde5
ffffd4a0
ffffc6be
ffffe62d
fffff3f2
ffffe96d
000005f7
ffffd4cc
ffffcb5c
0000680e
ffffbff7
ffffd74f
ffffd64e
00001b00
00002a59
00000fd5
ffffbb64
0000074f
ffffe52f
000027a3
ffffcddb
fffffff3
000000a6
ffffe7e7
fffff5fc
ffffd675
ffffe97a
ffffe1ff
fffff6e3
ffffc3f3
ffffef43
00001621
00000f24
ffffc608
000012e3
000010df
ffffec2d
ffffddb7
000013ed
ffffe8c4
fffff830
fffff8fd
000016c8
00001600
fffffa41
00002c92
ffffdb78
0000284f
ffffe8fd
ffffc6d6
ffffd036
000013d2
ffffeb71
00000561
fffffbb5
fffffc92
ffffd0ad
000026af
ffffec6f
000006b3
0000181e
00000a0d
ffffd832
ffffee38
0000172a
ffffe81f
000002c2
ffffed60
ffffd261
000009a6
000038c9
000022d3
0000141d
00001975
fffffd05
ffffe8c4
fffff6f6
000002ca
fffff466
fffff84e
fffff647
fffffbee
ffffd2ca
00001646
ffffc3f6
fffff25d
fffff111
ffffdcda
ffffde94
ffffed4d
ffffe445
ffffdc42
00000c1a
000015f4
00003940
00001e85
000018e0
00003541
ffffbe0f
ffffd769
fffff465
ffffbd72
00001902
ffffe781
0000277f
00000dae
ffffe513
00001a14
0000106e
ffffd12b
000003f0
000034cb
ffffe1cc
00000db1
000014dc
ffffe287
fffff264
00001af0
ffffc9de
0000002a
00000443
00000435
00001ac4
00001042
0000007b
00003a02
00000f6f
ffffecf2
00002a69
000029d0
00000088
000014d2
fffffafe
000000ae
fffff4b9
00000f5a
ffffab9e
00003883
ffffda54
000001f6
000018a9
000010ae
fffff728
fffff8d6
00000b01
ffffec38
ffffd23e
000011b3
ffffca17
ffffe4ce
fffffc1a
fffff1c3
ffffdab5
00002442
0000314b
ffffe76a
ffffe395
ffffdd2e
ffffd39a
0000068b
ffffd48d
fffffeac
ffffd949
fffff806
ffffa07d
000008c8
fffffa34
ffffe0e6
000009b2
fffff68e
000012f5
000012c2
00000768
00000631
00001790
000022dc
000004df
fffffffd
fffff2a2
ffffd5ea
fffff594
00000f92
fffff8ad
000035af
fffff899
00000f87
00002156
ffffdcdb
fffff69e
00001a99
fffffe28
ffffeb3e
fffff2e2
00002ffa
0000004e
ffffeaac
fffff134
000000f4
0000277b
00000362
ffffe181
ffffd467
fffffa05
fffff8a9
000004dc
ffffe9a6
ffffebd9
fffffd40
000035d0
0000157b
fffff05c
00000172
ffffebbc
ffffb84b
00000983
ffffed65
ffffdc06
00000dac
ffffe5b4
ffffe33f
ffffe858
ffffe4b7
000007ba
0000147a
000015e2
0000136e
ffffe5b0
ffffe447
fffff7b4
000007bc
fffff9cf
000038dc
ffffe61f
fffff685
00000a80
ffffe1d6
0000168c
000000ea
000015f6
00002142
fffff45e
00004879
00001b7c
fffff23c
000008dd
ffffe872
fffff02d
000008ec
00001ade
fffff3de
00001e54
ffffdbcc
ffffd194
ffffed3a
fffff643
fffffbec
000014ce
00002e88
00002509
00002dfb
000013af
000037ea
00002610
ffffe6d6
0000446f
fffff378
00001128
000027da
0000231a
000013b2
00000e49
ffffff69
ffffdd8e
fffff2f8
ffffe12b
00000793
fffffb79
fffff848
fffff6fa
00002d25
fffffa6d
ffffcfc1
000011fe
fffffcbe
00000662
ffffc363
ffffee91
fffff448
fffff52a
ffffd6ca
fffffa5e
00002603
000007e6
ffffbd6a
00000b01
ffffdef7
00000be1
ffffe585
000003b0
00002742
000021d1
00002afb
00000168
00004b49
ffffb92d
ffffcda7
ffffe644
000026d3
ffffe6b3
0000165a
fffff2be
00000a62
ffffce7e
fffff256
ffffdafc
00000083
00000309
00002dcf
ffffdd86
ffffdfb8
ffffec4d
ffffcce4
ffffff39
ffffd87e
fffff018
ffffe804
0000510d
000040e6
00001e03
0000203d
0000079a
ffffc2be
00001dd4
ffffe87e
ffffd125
00000321
fffffa0b
ffffe556
ffffe609
000016d8
ffffe08c
ffffe690
ffffe1ce
000002e4
ffffe6fb
fffff269
00000341
00000e3f
000005dc
fffff7cb
00004196
000035b4
00001e79
00004638
ffffbe9c
ffffdef1
00000cc3
ffffeb6c
00005e76
fffff421
fffffe49
00003431
ffffeed0
000033f6
fffff2ef
ffffd09c
00001c46
00005b15
0000149c
ffffd728
00000bf2
ffffdfdd
0000218b
fffff5ba
ffffe11a
ffffe2cf
ffffebcf
ffffd8cf
00003732
fffffea0
00000fa8
000000e3
00001b7b
ffffee68
0000347a
00003b3a
0000115a
0000338e
000000d8
000007f1
ffffee35
0000153c
ffffdead
000000f0
ffffedd7
000006d7
ffffef1a
ffffe7fb
00000e0b
fffff288
00002664
ffffdaff
ffffecdb
00001666
fffff6da
ffffd824
000015b3
000009e1
ffffd988
000026c2
fffff606
fffffa97
ffffd13c
000026cb
ffffce38
00000901
ffffe4a2
00000d43
0000002d
00001bbd
ffffb14c
0000017e
fffffb64
00000ef7
ffffd308
ffffdd2f
00002f16
00002959
ffffeafa
0000132d
00001426
00001b51
ffffe78b
000021c7
ffffcd79
fffff728
ffffd97d
ffffdddd
ffffe912
00001d33
fffff612
fffffb7b
fffffefb
ffffb8fe
ffffe9c8
fffff8ee
0000019d
fffffbb8
0000080e
00000fdd
00002842
ffffe67f
ffffd4f7
00000828
00000637
fffffe18
fffff349
0000119f
00000921
fffff3a7
000015ee
0000133d
fffff0fe
00000703
000052a6
000015dd
00001b08
000019bb
fffff5e7
ffffcff3
000004f9
00000492
ffffe8da
00001b78
ffffdd0d
ffffb9c9
00001438
00001786
00000f84
00002a73
00001f20
0000039b
ffffe6b2
fffffb3a
00000400
00000d64
fffffab6
00003537
fffff3a7
ffffef8e
ffffe65b
fffff3d3
00003335
000016ab
fffffac8
000028a9
ffffe0e1
00003a36
00003097
fffffa68
000020f4
ffffe683
fffffd35
00004822
fffffc97
0000004b
00000acd
00000fdf
fffff2d1
00000580
000059cd
00001b6b
000003e8
00003308
00000aff
0000156d
00001e81
00002279
000010a7
00001a55
fffff356
00000084
ffffec5b
00002210
ffffd6c7
000015cc
ffffecc2
000012cb
fffff9cd
00001929
000008ac
ffffe90b
000001a3
ffffe76a
000027e4
00000652
00001fd6
fffffbd7
ffffe7e1
0000051d
fffffdfb
00000787
ffffcb5b
ffffe8db
0000258e
000014c5
00001bff
000004ce
fffff64e
ffffecd2
fffff432
000001e6
0000053b
fffffe3c
fffffdd7
ffffe818
00001603
0000044c
ffffdd19
ffffdac9
ffffdc64
0000273d
00000fef
fffff78e
ffffd9cc
00001304
ffffee2e
0000069f
ffffdd74
ffffe800
000011e5
fffffccc
ffffe5bf
ffffe376
0000367d
00003ac8
ffffd2ac
ffffcbd0
00001c08
ffffeccd
fffff15c
0000278a
ffffe891
ffffe465
000011d7
ffffeacb
00000f89
00000bc9
ffffd249
00000609
ffffbf79
00000bfe
ffffed25
ffffd2bd
00001192
ffffd870
0000394e
00000d62
000030df
0000115d
fffffbf8
00002f70
00002aff
ffffedc2
00000878
000025fe
ffffd8d4
ffffeb20
00002bce
fffff41a
00004518
00000380
000004f6
ffffcff5
ffffeeb1
ffffdcf4
fffff20a
fffff00e
ffffdf36
00000afc
00003b15
fffff45f
00000010
00000a82
ffffebf3
ffffed0c
fffff907
fffffda9
00002df8
00002f03
fffffd8c
fffff22b
00000a30
00003029
ffffbcce
00001db5
00002cca
ffffed2c
ffffcafd
0000336f
fffffccc
ffffe8c8
fffff397
ffffd671
00001e8c
00000f75
00001f44
ffffe25f
0000324b
0000113f
ffffe05a
ffffeb71
ffffd47c
000019dd
fffff448
ffffe05f
000012a0
000017e8
ffffee15
ffffc379
00003d54
000009cd
000044af
fffff26f
00002356
00000657
fffffab0
00000585
0000253e
fffff511
ffffd9dd
fffff1ed
fffffc26
ffffed42
00002ffb
ffffdaf7
ffffe966
fffffd4a
00008a23
0000188e
ffffeb30
00001099
ffffd61d
ffffeec8
ffffe6a2
fffff0e1
ffffd536
fffff9e2
000012f0
0000008b
ffffd12c
0000377c
fffffc70
000020e6
ffffed1e
00001584
000012c2
fffff951
00000988
00003ba8
ffffef25
000020f0
ffffde1b
ffffd6f8
000016dd
fffff7a0
0000145f
000019ff
ffffd217
ffffd2d7
fffffdbd
000001ae
00001043
ffffe82e
ffffe731
fffffd7a
ffffc1e9
ffffe7ce
fffffe9d
fffff205
fffff43e
00001dfd
00000ef8
ffffea40
0000281b
000010e4
ffffd1e2
ffffdab1
00001b76
fffff7b2
00000a3d
fffff803
00001cd4
00000d4f
000025ff
ffffc612
00002af2
ffffe272
ffffde96
00002e83
ffffe960
00004b1e
0000308a
ffffd673
00000b99
00001346
00003245
00000173
ffffe736
ffffeff0
ffffd56a
0000290b
00000a2c
ffffe22f
fffff581
fffff08e
ffffffb4
000006ab
ffffefdc
000007a1
fffff550
000051c5
00002f0a
000028b9
ffffe367
fffff3f0
0000148c
ffffd7cb
0000105f
ffffdd18
ffffde2b
fffff217
ffffedb2
0000061d
fffff625
fffffebb
ffffe545
ffffe19b
00001aa9
ffffd653
ffffe3da
00000db5
ffffef43
000007f3
ffffe4bb
00003dc9
fffff508
0000322b
0000059e
ffffebca
000000a6
0000010e
0000297f
ffffe5e9
00002a38
ffffe4aa
ffffc2a6
ffffc8f0
ffffbc73
000010bf
ffffef77
fffffd27
ffffefb8
00001746
00001a7a
ffffb62d
ffffe4a8
ffffd5a3
00005ab4
fffff049
00002aac
00000eba
000014b9
00000875
ffffcb13
fffff988
ffffd7d2
ffffe2ee
fffff81d
ffffff01
00001099
000006cc
fffffec2
ffffff55
ffffc1ad
ffffe98b
fffff48b
ffffdc77
00000c3e
ffffe2be
ffffff71
ffffefd4
fffff8a4
ffffdcb3
fffff2a0
ffffeb02
00002fe5
ffffecc9
0000056d
00000c0b
0000081d
fffff915
ffffffad
00001132
fffff42c
fffff11b
ffffed2b
00000fa8
00002263
00001214
ffffec6f
000005f3
ffffeac3
0000027a
000029a9
fffff0a5
00001a5c
00000008
000004a5
fffff278
00001e17
00002a39
00002041
ffffe8b0
fffff276
fffff864
ffffed8e
ffffcd5c
ffffdf53
ffffb49f
00000762
ffffe8d7
ffffec5d
fffff43f
fffff9da
00002e5a
fffff360
ffffef6d
000001a9
ffffff91
ffffff15
00001e9f
00000033
00004064
00001b55
ffffefec
ffffdee9
ffffd17b
0000009b
ffffdb00
00000aea
00003511
000030d9
ffffe2d7
000023d8
fffff9b8
000035b4
fffff5d5
00003091
ffffdfd8
000012f7
00003729
00001b61
000028b7
ffffc75f
00000b30
ffffd60a
ffffe22a
00001dfb
ffffe245
00003943
ffffeed6
000041eb
00000933
fffff48e
00002c70
000017f0
00000833
00002822
00000d8e
ffffed2d
000007c9
ffffea9f
000019a3
0000138b
00003b52
ffffb563
00001547
ffffeeec
000008be
00003519
ffffd7ef
ffffe28e
ffffe5f1
00001495
ffffdbf9
ffffea1f
fffff553
fffffa22
00002d35
000018e0
fffff640
000005b5
ffffeade
fffff752
ffffdfeb
fffffa2b
fffff1d1
ffffc9d1
ffffebcc
000006e7
fffffc50
ffffe228
ffffebb0
00000603
ffffe65e
ffffede5
fffff850
00001911
fffff342
00002c9a
00001f7f
000004f8
ffffd9bd
ffffcc9c
fffff8b3
fffffd81
fffffbf5
ffffe1bb
00000685
ffffe108
00000b4a
fffff494
000005c1
fffffddd
00001389
ffffdd0a
ffffe37d
00000f63
ffffe7c7
0000110a
ffffd5ac
fffff22b
ffffe295
ffffd05c
fffff5f3
00000f18
ffffd952
00000c7e
00000592
00002caa
fffffd33
00004bad
00001385
ffffef45
0000167d
ffffbff2
000018f0
0000091c
000014a3
0000130b
00000b73
00000f4b
ffffe96f
ffffeb38
ffffcb1a
000006da
00001f97
000000b0
ffffd545
00002665
000011b1
000016eb
ffffc366
fffffc6b
fffffea9
fffffe3f
00001fe1
0000304d
ffffff6e
00000f62
ffffebab
00002e55
fffffcd4
00000bc6
00002207
00000036
0000123b
fffffe44
fffff292
fffff1f5
00002f0b
00001319
ffffe2f7
00000cc9
00000f0d
ffffd75e
000033e2
00003657
fffff3aa
ffffb3b7
ffffe637
000024d9
000009b2
ffffe8d2
000003ae
ffffe197
00001d51
0000234f
ffffbdf1
ffffda8b
ffffd902
00000388
fffff808
ffffe047
ffffe43e
00003a2f
fffffeee
00000e5f
00002dc8
000016ac
ffffd6f8
0000077e
fffff49e
0000041a
ffffe83e
00001f6d
00002006
ffffdf8c
00000957
ffffc597
ffffe501
000007c8
ffffe8ef
ffffbf20
ffffeda7
00000af6
00000c3b
0000104c
00001855
ffffb84a
00003841
0000068e
ffffc9c5
000026c8
00000974
00001e55
0000007c
ffffd408
000022a6
fffff333
fffff814
000017ba
fffffa12
00002597
00001292
00001b61
ffffe216
000008f4
ffffe80d
ffffcebc
00001abb
ffffef91
00002e9c
00001053
00000c4d
ffffc6b1
fffff333
fffff4ea
ffffe16b
ffffe93b
fffff2ca
ffffeaf6
00000989
ffffe4b6
ffffd98a
00003b3c
00000977
000025b1
000001b6
000008a2
ffffdc2d
ffffc78a
ffffc94d
fffffc00
ffffac47
00000124
ffffd5fb
000036f9
fffff654
fffffb34
00001d8e
fffffe4c
ffffdb6d
ffffdffd
00003dcd
000026ea
000048d4
fffff866
fffffcbf
fffff91f
000010d6
ffffe7b5
fffff71d
fffff948
fffff44b
00001839
00002556
000009c0
00000f7e
000013bf
fffff9d0
00001f9e
000025e9
fffff8f6
ffffdf9c
00001890
00001d13
00002334
fffff5db
ffff9d95
00003df8
ffffa53c
fffffe6c
00004fc3
0000020e
fffff7f7
ffffd876
00003b36
00001157
00000106
0000075b
00001582
ffffea2a
ffffea58
ffffdf68
ffffc441
00000fc0
000034d0
ffffe374
00000fc8
ffffffcc
ffffd90d
fffff9ee
ffffcd29
0000065e
ffffed8a
ffffdc36
ffffc210
ffffdde3
ffffff15
ffffc53d
000002d5
0000009e
000003b4
00000e5e
fffff36d
ffffee98
0000004f
ffffeb44
000045e7
fffffec4
ffffd6be
00001068
ffffde01
0000001e
00000e3b
0000412e
00000bc8
ffffefc2
00003320
fffffaf4
ffffcac1
000012ff
ffffe39b
000010c7
00000d51
000002fb
000013ad
00000dbd
ffffedd9
ffffdfdb
ffffec29
0000061d
ffffe05c
ffffb882
00000099
fffffd7f
fffff145
000000a6
00000364
00000fde
00000b32
00000477
ffffe053
ffffe74a
ffffc736
00000d56
ffffdfcf
ffffbe40
ffffddd4
00001997
fffff441
fffff724
000019a7
000003eb
00000a37
000026da
00000c23
00000b05
ffffd2d5
000012fa
ffffc58d
fffffbd3
ffffead0
fffff5f4
fffff848
00000cd1
00003d3d
fffff676
000018d5
ffffbc8e
fffffd17
00001126
fffffbf6
00002920
00000db9
ffffbcd3
000023b0
00000cca
ffffff45
00001192
ffffebc9
00000042
00002b49
ffffdc36
ffffe69c
ffffd9c0
fffffdf1
ffffbef9
00000f9a
000026e2
000007bc
fffff6e8
00000e25
0000275a
0000138b
ffffea02
ffffff0d
ffffed97
00003840
fffff3b0
00002091
00003e44
000011b7
ffffed5b
fffffb12
ffffba2d
ffffd45c
ffffe179
ffffe84f
00003bdf
00000ab7
00000e6b
00001305
fffff9dd
ffffdccf
0000066c
fffffd47
fffff4c7
000003ff
fffff8f1
ffffeec6
0000049b
00002acb
00004fd8
ffffcdf9
00002c34
00001597
fffff6c4
ffffa709
ffffcfa1
00000a27
00001490
fffff3d7
fffff3e1
00000074
0000099d
ffffd205
000013d8
ffffdffa
fffff706
ffffed33
00000ba7
ffffce6b
00000d5f
000006ee
ffffe8c7
ffffd04d
0000420f
ffffce16
0000301d
ffffea9e
00003240
ffffc993
0000010a
000002bd
ffffff71
ffffdef6
ffffdac3
000005fc
fffff547
fffff5a1
00003b82
fffff3c1
00001949
fffff24d
ffffde04
00000905
00000812
fffff9d2
000045aa
ffffe7b9
ffffddf2
00001176
ffffffd7
ffffdf76
00000e92
ffffd5d5
00000bbe
ffffdefa
ffffea9c
ffffeba8
000004a4
ffffeb71
00005382
000032c6
ffffffcb
ffffd962
00000173
0000239e
0000102f
00003e23
fffffeeb
00002472
0000413d
fffff40e
fffffb4a
ffffdf3b
fffff3f4
000012e5
00001064
ffffe7bb
fffff7d5
00000a4a
ffffacde
ffffcd46
ffffff18
fffff480
000016da
ffffe888
000047a7
00004807
ffffdaab
00000e55
000017d5
ffffd01d
00002a18
ffffff23
0000422d
fffff45f
fffff3ec
ffffee9b
00003152
ffffe88b
ffffe074
fffff32a
00002e50
0000107a
fffff8ba
ffffce61
00001240
ffffdf89
fffff1b8
fffff0c7
ffffd9f9
fffff2b8
ffffdbfd
00001ce9
000006e2
0000074e
ffffee67
ffffd3b4
000025d6
000024d6
ffffe021
0000501d
ffffe535
00000038
ffffdff4
ffffed93
fffff7cf
ffffe7eb
000016fb
fffffbbf
00000b9d
fffff090
fffff498
fffff3f7
00003445
00002802
00000f1b
ffffe6f8
ffffd2fa
000016a7
0000395a
000037da
00001e3f
ffffe4f5
0000201d
000011f5
ffffc1bc
ffffc170
00004a57
00004194
ffffe0fa
ffffd5f9
00000e98
fffffec0
ffffe33d
ffffe1d4
fffff0aa
fffffc99
fffff74d
0000001d
00002d5b
fffff112
ffffdd64
ffffdcaf
ffffebce
fffff1ac
fffff124
fffff6b1
fffff52f
ffffe8ed
ffffd4b8
0000073e
000012cc
00002a1f
000007aa
ffffda0f
00000022
ffffdb65
ffffeffd
ffffeef2
ffffe596
fffff424
ffffcd14
ffffd460
00000b26
ffffe8a1
ffffe9d4
ffffd7fc
00001e40
00000879
fffff1a2
ffffee2b
ffffda68
000015d0
ffffd07e
ffffcf42
00000663
ffffdd4f
ffffd32d
fffff6d3
000017dc
00002398
0000297e
00000346
fffff923
0000144f
0000556a
00002ad7
ffffcc60
00002cb7
000002a3
00002675
00000e47
fffffec6
fffff9ae
00000b50
ffffe25d
ffffde86
000017ab
000000d6
fffff12c
00000845
ffffe9d7
ffffff81
00000182
0000053b
fffff977
fffff52e
ffffe238
ffffd21d
00000702
fffff24d
0000199e
ffffd2a2
00001d34
00001938
000009cf
ffffd1d7
000008c4
ffffee52
00000e61
ffffd821
ffffedac
ffffe9c9
ffffe4c6
ffffd0eb
ffffe07c
fffff06d
ffffeb34
fffff2c3
ffffd935
00001638
00001dc2
00001bc5
ffffc1e2
00000e7d
00002ab3
ffffed65
ffffc35a
00002690
00001978
00000282
0000135b
00002c6f
00000a11
00001397
000017cd
ffffe7b0
0000394e
00000d82
ffffc960
ffffee31
0000296f
ffffd17a
ffffe96e
000021a1
000013d9
ffffe078
00001bba
0000040f
ffffed9a
0000037d
fffffce8
ffffe171
fffff38e
00000ac0
ffffed9c
000011e1
0000179a
ffffee64
00000bc5
000036a6
000040c9
00003ec9
000015a4
00000164
ffffd377
fffff3f5
000018aa
00000439
ffffff61
ffffe5af
00000997
ffffc34f
00001a61
ffffbeb9
fffffbdb
ffffe2bb
fffff89e
ffffe77f
ffffe16e
fffff5f1
ffffee17
000010ad
0000018e
000030de
0000005c
fffff85e
00002313
ffffcf8a
ffffdcae
ffffeee8
ffffced0
000025ae
fffffe0b
00000fd0
00002397
fffff989
00001693
00000067
ffffd1ec
00001d6b
000030e3
ffffee1b
00002dbb
000007cc
fffff445
fffff687
00001b4f
ffffbf3c
0000019d
ffffd02e
00000502
00001de8
000001a7
ffffdd3e
000040a2
0000114a
0000091f
00001a29
00001e80
ffffe3c2
00004c68
00000c49
00000404
ffffdbbd
00000911
ffffba3f
00002175
ffffefbf
fffff55f
00000a7f
000003a8
00000597
00000881
00000c57
fffff856
ffffdfca
fffff6fb
ffffc09b
ffffef42
fffff65c
00001550
fffff864
00001dff
00001f73
ffffe429
ffffbfc3
ffffdde3
00000416
0000011c
fffff5f2
0000016f
ffffe97d
fffff721
ffffb8ac
ffffdae6
ffffee0a
ffffe51c
000005de
ffffddd5
00000795
fffffa15
fffff6d6
00001413
ffffff0b
00001d72
fffff70c
fffff252
fffff62f
ffffe82a
000004b5
00000c6d
00001f18
00002465
ffffd487
0000096c
00001892
ffffcbaa
00000de8
00000bc8
0000150f
fffff79a
ffffeca5
00001522
0000049c
ffffedc6
ffffe551
000005be
000035ba
fffff82b
ffffe98f
ffffe4e1
00003515
fffffcf2
fffffdd6
ffffe883
000002af
00000bb9
00004627
00001364
ffffea77
000008d9
fffff7b3
ffffcd15
00001a93
00000743
ffffec2a
00001a37
ffffec93
ffffe198
ffffdd0e
fffff9fa
00000d8f
0000022c
00001fe7
00003b40
ffffeb2a
ffffdba1
ffffe08f
ffffff19
fffff891
00002e95
000012ec
ffffe228
fffff0e4
ffffecd2
00001115
fffffe99
00002d2c
00000a7f
fffff8d0
000029a2
00000dd6
fffffc44
ffffe185
000005bd
ffffd199
00001235
0000000d
ffffe71b
00001e81
ffffcc2a
ffffe5bc
ffffed1e
ffffec61
ffffe7c5
0000297e
000038e7
0000241e
000040df
000029e4
00002765
00002772
fffff111
000038a8
00000b29
0000273b
00002cc0
00001d1c
ffffe1a3
ffffed8e
000035ca
00000481
fffff9ce
ffffd5cc
000024f6
fffff16c
00001f18
fffff2ac
ffffe608
000033eb
000014b8
fffff67b
ffffde81
ffffc7dd
ffffecac
ffffb90a
0000385f
000008c8
fffff03e
fffff2da
ffffc31b
fffffb39
ffffd1b1
ffffdc9a
fffff4a8
0000139e
000008e1
000016ec
00001ae5
00001228
fffffc8b
ffffe25d
fffffd58
00000b64
ffffe548
fffff40e
fffff928
00001e03
ffffe3c1
00002def
fffffd80
fffffc3b
fffff968
00000d4f
00000d94
000003f9
00000e00
fffff668
fffff693
00002f68
00001cf4
ffffe9ab
fffffb53
fffff535
00001008
fffffe3c
00002b72
ffffd2a2
0000117d
ffffe5af
00000c87
00000916
00000900
00002f59
ffffe270
00000aee
0000024f
fffffd78
00002e9a
ffffecb2
ffffdab9
fffffd77
00002bf0
000027f5
ffffb98d
000049df
fffff0c7
00002330
000013c0
00003196
00000287
ffffeb16
00000165
ffffc07d
ffffdb25
fffffcf6
0000382d
ffffee87
ffffdf80
ffffdf68
ffffff1a
0000017d
00001f3e
ffffd831
fffffd21
fffff899
ffffd4de
00002dd1
fffffa15
ffffebdb
0000043a
00001c34
ffffe601
ffffe5c8
ffffe25f
00002a4f
ffffe445
00001f18
00002a5f
fffff25a
00001208
00003d74
ffffb3be
00000a69
ffffe0c0
0000314f
ffffe189
fffffd33
000001cf
fffff2cf
00001a82
ffffea70
fffff6fa
00001318
ffffef6f
000019a7
ffffe86b
000002be
000002e3
ffffe58a
000002fa
ffffd530
00003540
00000f87
00001693
000005d6
ffffe4fe
ffffecdd
ffffd496
ffffdca0
00001a5a
00001b0d
0000050c
fffff1e5
ffffe849
ffffe04e
00000dbb
00001ffb
ffffde7e
0000057a
ffffee30
fffff33e
ffffef81
fffff1a7
ffffe1c9
000009cc
000025dc
00000bc2
00000dac
000027a1
fffff9f3
ffffd8f7
ffffc99f
00001b2b
ffffeb04
ffffe723
ffffd16d
ffffef24
ffffcc1b
fffff6fc
fffff048
ffffec41
ffffe56c
ffffe14e
ffffc860
00000756
ffffccdd
00001006
0000256a
00000b3c
ffffa59f
fffff989
ffffcf0a
ffffe703
fffff677
fffff8c3
000004de
fffff706
ffffebf3
00002596
fffffb9a
ffffde00
ffffec27
fffff2bd
ffffd22d
00000a56
00000484
fffffff9
00000e2c
fffffc93
0000108d
fffffff5
ffffe94e
000059b8
ffffff2c
fffff4d4
ffffd508
00002c71
fffffdc8
0000152f
000029e0
000011c5
ffffea24
ffffd1c9
0000229d
ffffe538
00002216
000005f2
fffff82f
ffffdd8e
ffffd316
fffff7a5
ffffcd8b
00001618
ffffdf20
ffffec6c
00001684
0000007b
00000f28
00001479
ffffe65c
ffffebea
fffffb8a
00003c4c
000009d4
ffffe693
fffff00d
00001e4a
fffffb87
00003a54
00003403
fffffbdb
fffffc30
000008fa
00001ccf
ffffee6c
fffffb79
ffffd595
000025b2
00005bc3
fffff643
fffff648
00001722
00001674
00001304
00000099
fffff029
00000622
ffffe8cc
0000095e
ffffffb7
00006c5c
ffffc369
000039be
fffffa9c
00000b1a
00000f49
00004086
0000207c
0000021c
00000766
00000fda
ffffebf5
ffffdd7c
fffffe23
000002d3
00001360
fffff66c
fffff176
00002ab8
ffffd510
00001289
ffffeedb
0000067e
00002fa8
000034ca
00003f22
00004285
00001817
ffffb32c
00004a2d
00001481
0000022c
00001c47
ffffff08
ffffe307
ffffba71
ffffe723
ffffc5d0
00000414
ffffc58a
fffff1e5
000028ad
00001416
00000944
00000c4a
ffffcb0a
ffffd749
fffffc6c
ffffcb74
fffff28d
00002cbf
00002ee2
000013dd
ffffc381
000037aa
fffffd12
0000170f
ffffed60
ffffdeaf
fffff1e5
ffffe6a8
fffffe13
fffff1f6
00002783
fffffac1
00003344
fffffdbe
000026f8
00000456
000001f5
00001561
000053f9
ffffef63
ffffd589
ffffe14f
fffffe3c
00001c32
00003fdf
fffffb94
00003869
00000ff3
00000736
fffff4a1
0000240c
fffff3ce
00000d4e
ffffe5ea
0000165f
00003619
fffffab8
00000b6f
00001679
fffff295
ffffdf78
000009f1
ffffeb25
fffff065
ffffade4
0000288d
00001c34
ffffe5a5
00000582
00001d16
ffffec3d
00002b29
ffffcf3e
ffffe72f
fffffab2
0000199a
00001303
00001dae
0000183e
00003866
00003ddb
ffffde66
ffffed6d
00004f1a
00000909
00000326
ffffee49
000010f8
00001eb3
00000a9e
00000d7a
fffff7c0
000018ec
00003015
00003f88
fffffa38
ffffd0b6
ffffe7db
ffffd3b1
00000ffb
ffffd9f9
ffffe66f
00003f50
00001183
00004a20
0000084d
000016b0
00002f4c
fffffd8e
00000192
000030b0
000019f8
ffffea7c
ffffc562
ffffea37
000006a1
00002624
00003563
000020bd
ffffd165
ffffe599
fffff11a
00001c67
000002fd
00003a78
0000450f
000027d7
000003d4
ffffddd1
000012a0
000031ae
fffffb3f
00001a89
00000129
00000942
000013e1
00001353
fffff584
ffffe702
ffffecaf
ffffd9ad
000030ce
ffffefd6
00000e8f
ffffe5e1
fffffc85
00000394
fffff813
000021c4
ffffedaf
00003ad2
ffffef69
00002fd7
00003cb2
ffffcebb
0000209c
0000174c
0000330c
ffffd424
000026eb
0000124d
000002c8
00000b39
000002e8
00001ec9
ffffd876
0000315f
00000b74
fffff117
00002116
ffffef3b
fffff133
00001ae4
ffffe370
fffffaa4
000056c9
ffffea8a
ffffc89c
000031e3
00000ef7
ffffd5a3
00001f1d
fffffe7d
000035dd
000019a7
ffffec5c
ffffee3a
00000796
ffffdf26
00000eaf
000008e2
00005868
ffffe2a0
00002a91
fffff0f0
ffffd6e4
ffffd34e
ffffeae1
00001859
00002f52
000036d7
00001888
00004347
fffff1be
ffffdd9d
ffffec09
ffffcf6a
fffffaa3
fffffa26
ffffdbe4
fffffbea
ffffad8b
000017f5
ffffebeb
ffffd856
ffffeb0f
0000047b
ffffdd6e
ffffe3d5
00000b1a
000013e3
ffffe76e
ffffdb13
ffffeb96
ffffed80
0000175d
ffffffce
00000fae
00000218
ffffda9a
00001054
fffff029
ffffe718
ffffe7bd
ffffd67a
0000190e
000008e6
00001894
0000115b
fffff442
00000dc2
000005f5
0000270b
ffffdfc6
fffff960
000006e1
fffff272
fffffe75
00000088
fffff46f
ffffcefc
ffffd3f5
00000b9e
00000a35
fffff4cb
ffffe996
ffffd834
0000014c
000023f6
ffffe525
ffffee1e
fffff7f2
00000825
ffffc353
ffffe8be
00003f40
00004646
ffffcd7a
ffffe0ba
00001671
000010b4
000000ca
fffff785
ffffeb79
ffffdf34
fffffece
fffffc48
fffff93e
00003041
ffffdb97
ffffe426
ffffe784
00000627
ffffe070
00001136
0000115c
ffffcf74
00001bbd
ffffdfd1
00001ffe
fffff9d2
0000049a
00001b32
00001ca8
ffffe262
00002c20
00001330
fffff0ca
fffffa77
00002032
ffffdf26
000037a0
fffff753
00000172
fffff5e0
00001442
fffffb92
00001155
0000169a
ffffeecf
fffffb96
000031f6
ffffe7b3
000014d0
ffffe0ee
fffff971
ffffe9fa
00000dff
0000049f
00001bb0
00000bb8
fffff73e
fffff086
00000d69
000055a1
ffffeafc
00000fbc
fffffeca
fffff414
ffffc658
0000307b
ffffedae
0000018b
0000035c
ffffdac5
000018b2
000019d0
00000582
ffffe534
00001ff9
00001280
ffffed5c
ffffe156
ffffb849
00000725
ffffdddd
ffffdf0e
00000b64
ffffff52
ffffef44
ffffb13e
00003229
000022c0
00004e3d
fffff095
00000d54
fffffe20
fffff9c2
ffffed32
00002bba
ffffee4d
ffffd837
ffffe9bf
ffffe8d7
fffff38b
000023b8
ffffdbd7
000020a9
ffffe2eb
00006986
fffffd92
ffffe249
00001210
fffff0f8
ffffe69f
000002cb
ffffedf4
fffff6c2
000014d0
00001f88
fffff4eb
ffffe416
00001fed
000010d1
fffff9f7
fffff2d3
00000799
0000032b
fffff815
fffff040
000037f6
ffffff7d
0000017d
ffffe734
ffffe23b
00002819
fffff4b3
ffffeca0
0000238c
ffffe0d8
ffffe33a
ffffeda8
00000cb8
ffffffd9
00000b1f
000016a3
00001154
ffffad42
ffffe8bd
fffff6fc
000011e1
fffff290
0000245c
000008c6
00000fb4
fffff68c
00002c67
ffffdb55
ffffe023
0000052e
ffffe884
00000536
fffffc71
00000809
000006f0
00000f97
fffff291
00001bfa
fffff568
fffff627
00001d01
0000031d
00002581
00001cf9
ffffd67e
fffff52e
00001628
00001daa
000000cb
ffffd8f0
ffffe2b3
fffff01f
00003687
00000edd
fffff77d
00000159
ffffdbae
000007ce
ffffd6af
fffff2ff
fffff3c4
ffffdecd
000042ed
0000176c
00000de7
ffffc5e3
fffff5da
00000c21
ffffd627
000008ff
ffffcd5d
ffffecab
ffffffbd
00000dbf
fffff2f8
ffffdc3c
ffffe4c7
ffffd882
ffffeb20
000023ad
ffffee58
ffffdfe9
fffff290
fffffe9f
fffff12b
fffff928
ffffd502
fffff7a2
0000075a
0000326e
00002aa9
fffff44b
00000092
00001e12
0000021a
00002458
fffff619
0000244c
fffff85c
00000d87
00001313
ffffeed5
ffffcce7
fffff07c
000019ed
000014bf
ffffe169
00001059
ffffd7d9
ffffde59
fffff8bb
fffff4e4
00001f6b
00000532
00003b33
0000288d
00002c32
ffffc65e
000009f0
00000a28
fffff7bb
00002e96
00002c8f
fffff229
fffff243
ffffe9c5
ffffc993
ffffd05c
ffffdff8
00002b2d
00002eeb
ffffe587
ffffd1aa
000009a5
ffffe752
ffffdfc3
ffffeaa4
fffff3dd
fffff11c
00002e4c
00003c24
fffff772
00001800
00001ba9
ffffb768
00001e27
ffffe164
fffff257
ffffed92
00001223
0000015e
ffffe0a1
00003087
ffffe90b
00001d6e
ffffe503
000017df
00003192
fffff1ca
000007c6
00003e69
fffff5f0
ffffcd13
00000ea5
0000353f
000001ab
0000495e
ffffda41
00000b44
ffffffc1
00002339
00002b77
000002fa
000003aa
000035dc
0000176d
0000217c
ffffdb3c
00001cbf
00002e8f
00002fae
00000ddd
ffffc847
fffff695
ffffdbe7
00000fe5
ffffd4a1
00000c0f
000038d2
ffffcaf1
ffffa98b
0000291c
ffffd954
fffff290
fffff8e2
0000069a
ffffb973
00001bbe
00001498
000022ea
00001d2f
00001beb
00002381
ffffdebb
ffffdea2
00000e54
0000065b
00000ff0
ffffe7f0
ffffe6bc
000011a2
00001849
00002513
00000d2b
ffffef97
00000c09
00003536
ffffbb7f
fffff23e
ffffd6b0
ffffe000
ffffe1d6
00001cfd
fffff71a
00002c9d
00000999
000030e0
fffff9fd
fffffdde
0000070d
0000381a
ffffeb53
00006490
ffffee92
ffffce24
ffffd8f5
00000003
ffffeb75
ffffe4a8
000039b0
00003a07
ffffd6d9
000027a1
00001ef8
00000def
fffff310
00004318
000015da
000000d7
0000173d
ffffe2bd
0000167b
fffff74a
0000058f
000007e6
ffffee60
ffffb985
00000741
00001309
0000027b
fffff036
ffffd627
ffffddaf
00002771
00001424
0000103a
ffffca9a
fffff888
00000ef9
00001116
00002f33
fffffd6d
00001136
000017ac
00003f20
fffff2a5
ffffe0cb
000044cb
000015aa
00002bb9
00000afd
fffffb36
ffffed51
00001d32
000029b7
fffff174
000014bf
ffffbc59
fffffc7b
000021bb
ffffe7b4
0000027f
00002935
00002a4f
00000ea9
fffff8b5
ffffd8b4
00004c75
fffff63f
fffffc93
000036a2
000032bf
ffffc9d3
ffffe162
0000324b
0000457d
fffffeb2
00002f8e
000016b8
00002f63
000025af
00002c64
0000070f
00003c29
fffff8ba
000016e9
00000f57
000028d1
ffffe667
ffffe948
fffff904
00000f72
000029ec
000021bc
00003cfb
000017b2
00000e3c
0000089d
ffffc7bf
fffffdbc
fffffc14
00000f6d
ffffe726
ffffd984
00003058
ffffeeb4
000015af
fffff450
ffffea38
ffffb558
00001442
ffffe8c3
00000bfb
00001ce0
00001675
000028cf
ffffe54c
fffff8e5
00002251
00001356
ffffe6a7
00003497
fffff549
ffffdab3
ffffc30f
ffffea14
00000074
00001307
fffff901
00000974
fffff64e
00000c9f
ffffb7fc
fffffc9c
ffffd82c
000062fe
fffffdf5
0000192e
00001953
00004530
00002ca0
ffffe225
00001a30
0000327a
fffff9df
fffff23b
00000a66
0000127d
ffffe814
00004f24
fffff563
ffffdf41
000001f0
0000313b
000016d0
00003348
ffffff9e
00000a03
0000172c
ffffee68
00002e91
0000219e
00001308
00001435
ffffd2d7
00000ac5
00001f95
000046a0
ffffd891
ffffeda4
000005bd
000008cd
0000256a
fffff423
fffff9cc
000019ed
ffff9b21
00000e0b
00003482
fffff70d
000023e5
00001438
00003c2e
0000284e
ffffe967
00001f73
0000030a
000019f5
000007ff
00003683
ffffe90d
ffffca6e
00002059
00001d85
ffffcf1e
00000212
fffffa39
000026b2
00001753
000001a9
ffffe786
fffffa41
00003cfd
fffffae8
ffffffbf
fffffdd2
00001326
00004b60
00001c79
ffffe373
0000133f
00001e1a
00000172
fffffc02
ffffe57f
0000237b
fffff015
00000d9b
00002a0d
00001ed4
00000e40
00002fb4
ffffaffb
0000313f
ffffed2c
fffff493
fffffbf9
00005b77
000028a8
ffffec0b
00001e3f
00001d15
ffffdeb1
ffffea6b
ffffed1c
000047b4
ffffc274
0000172d
fffff169
00005ec2
00001f26
000003db
0000584e
00000496
00000b65
0000030f
ffffeb21
ffffffcd
000006cb
ffffba3e
00001320
ffffd7d9
00005a36
fffff8ca
000025af
00000d0d
00001d74
ffffec78
fffff171
00000bfd
00002fc4
00001899
fffff74e
ffffcc88
fffff0b0
000021bf
fffff6d9
fffffa12
fffffdb8
00000687
fffffcb5
ffffd509
ffffdff9
00002383
ffffe794
ffffc42d
0000175b
fffffa62
fffffdea
ffffc357
ffffdccd
000011b9
ffffd831
ffffdca5
ffffce19
000028ae
fffffa4e
fffff240
00000bcc
0000048e
ffffe467
ffffe597
ffffebaa
fffffa70
000013c5
ffffff17
00002d29
000037a5
ffffe800
ffffdb51
00003677
000051b4
0000151d
fffff7a2
ffffed9a
00003b22
fffffff2
00001603
fffff9de
ffffe83a
ffffed76
fffffca6
000025a8
00000ea1
ffffea69
fffff4d6
00000c21
00003576
000010f7
00001219
ffffef4e
0000159c
00003f30
ffffd8d4
00002199
00001888
00000041
000045c7
ffffdf9b
00000061
00001172
00001a25
00000d54
ffffd3ce
000032c7
ffffe559
ffffd8ab
000030a1
fffff202
000035c4
ffffee91
fffff362
00001411
00001648
000002a7
ffffff73
00001342
000018de
fffff389
00003987
0000425c
0000015d
00000437
00002686
fffffe68
000037f9
00000003
fffffc1f
000031a9
00000f30
ffffe980
fffff80f
fffffe02
00000194
ffffe13c
fffffbaa
00000541
000006c9
ffffebb4
00000aed
ffffe20a
000017f8
000011dc
00002378
ffffe1b4
ffffdb0c
0000227a
fffffade
00001eba
ffffebf7
000026ed
00000654
00002583
000014cc
fffffbe4
ffffe641
fffff763
0000037d
00003165
00000759
ffffdc81
ffffd7e5
000012d9
0000267f
ffffe3c9
ffffff9a
000000bf
00001e9a
fffff856
00001397
00001edf
000036aa
ffffe0e2
00003ac1
00000e32
000001ec
ffffec20
000007e5
000016cf
00001502
000010c3
00000e5e
fffff92e
0000307b
00002233
00000c18
fffff586
ffffefb6
000028aa
00001579
ffffe8be
ffffe5d5
000001a5
fffffb8c
ffffbbb8
0000148c
fffff5c7
00001805
0000218b
0000163b
ffffd369
ffffe0d5
000005e6
fffffc33
00000294
000005a2
fffffff2
000006f1
fffffb69
ffffed73
ffffe93b
0000168b
000002ea
fffff979
ffffe06f
ffffd84c
ffffed2e
00002769
fffff889
ffffea18
000025db
fffff3f4
00002bfe
ffffdf8f
0000007b
ffffe5d9
00001534
ffffe174
ffffdda0
00000446
00000f77
fffff761
ffffc06d
000007fa
ffffe7a1
ffffdf0b
000001a5
ffffe84e
ffffd082
0000100b
0000351a
fffff713
00002c0d
ffffeca8
ffffc43d
fffffc38
0000101d
ffffe1e0
ffffeb8e
fffff274
ffffff43
fffff9a6
0000030d
ffffea16
ffffe907
fffff67d
ffffab72
000030a9
fffff826
fffffa25
fffff5f5
ffffff4f
00002242
ffffd2b0
00001496
ffffdd57
0000267f
000018d7
00000d31
000010b0
0000096f
ffffda65
000016b7
00003c7e
ffffc380
ffffe9f5
00002406
00001f72
ffffef73
00003497
fffff95f
000020c3
00000b21
00000777
0000075a
000023f7
ffffd250
fffff7d6
fffff590
000031fe
00002c85
ffffee33
ffffdf57
ffffd6ff
00001280
ffffed88
fffffa29
00000822
fffff20c
00001280
00002763
00003c67
ffffdd75
fffff68b
00000022
0000144f
000009de
00000d5c
000015ab
000024ce
ffffe842
000011fa
ffffe0c8
fffff2e7
ffffdf65
fffff74b
ffffbccc
00001a85
ffffebe6
00001bd1
fffff519
fffff5fa
000001ad
ffffeab1
0000375a
fffff587
00000601
ffffe965
ffffdca8
ffffec0b
fffff6ff
fffff7fd
fffff3c5
fffff9bc
000027e9
00002c27
ffffef23
000016ce
fffff0eb
00000d2b
00002dd0
fffffba9
ffffcdc5
0000085f
00000ce8
ffffd310
00002f2c
000010ec
fffff22a
00002056
ffffed21
ffffc85d
ffffffdf
fffff5f0
ffffcb6d
fffff534
00000209
00000342
ffffd5ea
00001727
ffffc67c
0000011a
ffffeb6e
ffffe91f
000014aa
fffff186
fffffb60
ffffdd7d
ffffbf8f
fffffdfa
ffffdb1b
ffffd94b
fffff73c
00000226
00000f7d
fffff308
fffffcf4
ffffd798
ffffd8a2
ffffe630
ffffcbd8
ffffed61
ffffdf95
00000009
ffffe335
00001e3a
0000369c
fffff86c
ffffec9f
000029ea
00001917
0000225a
ffffee8b
ffffeb91
ffffaefd
fffffb01
ffffcb59
ffffee55
fffff785
00000e8c
000005c6
00002409
00000dcc
ffffe5a6
fffff6c3
000006c2
fffff6f7
fffff390
ffffeb57
ffffe69a
fffff482
00001e94
00005ccb
fffffec6
fffffe49
00000e08
00001f28
ffffc281
ffffebe3
000030da
000010a6
fffff41a
00000f57
ffffd3ab
00000f24
ffffe525
00004724
ffffe4af
0000141f
0000076d
00001565
ffffdf6d
00001237
0000027b
00000727
ffffdb46
000002a7
fffff57e
00004465
fffff7c4
00003465
ffffd91d
000024e0
fffff1f3
00000a4e
fffff775
ffffcae1
000023da
fffff954
00001497
00001f72
000021e0
00000b16
ffffee56
0000134a
00000827
00000664
000005e9
00002a9e
ffffcc8b
00000a26
ffffeff4
ffffea3f
ffffd3be
fffffe41
0000054b
00000182
ffffd786
00000bf1
fffffc7a
ffffcff1
fffff278
0000457e
fffff956
000012ac
ffffd500
ffffe75e
00004fa4
ffffccd7
00002457
00000e09
00000840
00002e06
ffffef4f
0000179c
ffffe2c6
fffff3c4
fffffc45
0000082d
00002003
00000791
ffffeb90
ffffbd18
ffffdf5d
ffffef2f
ffffffad
00001d57
ffffe213
000045f9
00003181
ffffd29d
00000367
00000bbf
ffffed2a
fffff064
00001190
00003d05
fffffb02
ffffe138
0000298d
fffff790
ffffbe11
00000056
ffffeaa0
00001f81
00002513
fffffeca
00002876
000002b7
000005b0
fffff019
fffffbd9
ffffcb55
00001536
000003f6
fffff852
ffffdcee
ffffdd54
ffffcdbf
ffffd674
ffffe8b4
0000288d
fffff290
000026ad
ffffecd0
0000160d
00000d6f
ffffd93e
0000165b
fffff73b
000031e7
0000050f
fffffa34
ffffd49f
ffffd1d2
000016b8
00001b62
00003bc7
0000053a
ffffc8f1
fffff304
fffffee6
00001e05
00003e1a
00001ed1
00003046
00001bf7
00000e04
fffffb10
fffffc32
000047f3
00001279
ffffe8f3
00001506
ffffef5b
ffffe385
00001279
ffffd431
00000a8d
fffff789
ffffd962
00000363
0000388e
ffffe8bb
000000eb
ffffdd78
000003de
ffffddf7
000001e3
fffffeca
fffff9a5
fffff84b
000007cb
0000444f
fffffbe9
ffffff91
ffffffdf
00000750
00000124
ffffbe64
00002207
ffffe397
00003073
ffffce6c
ffffff6a
ffffd1c3
00002ae5
ffffe73d
000007a7
fffff04d
000040c2
ffffcea8
0000104f
00000b94
ffffaf56
000004e1
ffffbb04
ffffd481
00000894
0000092f
ffffec43
000024b0
00000077
000046f5
00001ded
fffff4c6
fffff0a4
00001ec5
000042f1
00002a00
ffffb86e
000045fe
fffffc66
00002b9a
00001ae4
ffffcc03
ffffd171
fffffcea
ffffc6b8
ffffe036
000003d7
00000a12
ffffe930
fffffa16
ffffed9f
00000f72
fffff36e
00002aba
fffffe4f
ffffff20
ffffd854
ffffe1d5
ffffe5dd
00001c36
00001141
00000f14
fffff47d
ffffde4b
00000640
00001846
00000458
fffff9d8
fffff36b
00000408
00003a0d
0000210f
fffffa56
fffffe7d
000010fe
ffffc688
000000ca
fffff955
00000569
fffff1e4
fffff731
00001376
00002b61
00000117
000009ca
ffffc72e
0000131b
ffffdb05
fffff9f7
ffffb2a1
0000252a
00000daa
00000b8c
00001561
fffff907
fffff3af
ffffe746
0000093a
fffffb0f
ffffef70
ffffe66d
fffff309
ffffeaab
000018a1
ffffff07
00000b38
ffffff68
00000589
00005920
ffffdfb5
ffffe265
0000186d
0000336d
fffff5f3
fffff4c8
00002b0e
fffffe12
fffff6da
0000175b
ffffd2c6
ffffefae
fffffa84
00000a85
ffffefc8
00002ce0
fffff973
00000f4f
00000571
00000591
fffff910
00000c73
000049e6
fffff0d6
00002114
fffff584
00000e87
000005e7
000020aa
00000f08
000011be
ffffc0bf
000005c0
00001dfe
ffffea2a
fffff749
000022f7
0000001d
00000e07
000005ab
ffffe95e
00003dab
00001b83
ffffeb46
00001595
00001710
ffffe05c
fffffcb4
00000243
00001028
ffffebe2
ffffe7d4
ffffe362
ffffda95
ffffe7dc
fffff306
00000ca0
00003394
ffffe29e
00000c86
00000c03
00002037
00000386
000016bc
00000614
00001428
ffffed6c
00001921
ffffe3ef
ffffe4d7
ffffe8ba
0000143a
ffffe61e
fffff0c6
000013aa
000001c6
00001c36
0000091c
00000fc6
fffff13e
ffffd54b
00000562
ffffc7bc
fffff4d1
ffffecae
0000173d
ffffe01e
ffffbb10
000038ba
00001ec2
00003bf0
ffffff0b
0000093e
000008ee
fffff142
fffff756
00003e6d
fffff8b7
fffff5ce
ffffee52
000005de
ffffea7c
000019ed
fffffd32
000028d6
00000e57
00006710
00003a4e
0000099d
00001e00
ffffe58e
ffffb4a5
00000664
ffffeca7
fffff1f9
fffffc7f
ffffe1e3
00002150
ffffb2c7
0000198c
00000746
00001b49
ffffeadc
fffff8c4
00001289
ffffd897
ffffe752
00003d8e
0000119a
ffffe902
00000fbc
ffffccb1
000016ea
fffff3db
ffffde52
0000029f
00000527
ffffcd5e
ffffeaf2
fffff04e
000021fd
00000c75
fffff9b9
fffff983
ffffef06
fffff644
ffffd35a
000004fa
fffffaeb
00001206
00000422
00000bec
00000775
fffff836
ffffbba9
ffffe1a2
000017bc
ffffdc5e
00000d02
000000d9
fffff895
00000e2b
fffffd38
ffffda9d
00001650
ffffe4b5
00000073
00000ffd
fffffcdb
0000328b
00002721
ffffe883
000001c2
00001170
ffffe1cf
00000d00
ffffd9a5
00000793
ffffe9e6
00003cd5
fffff992
ffffe150
ffffe506
fffff5d1
ffffd619
ffffe5f0
ffffda09
ffffedd5
00002177
0000571c
fffff9d3
00002eff
ffffeb7c
00000db9
00002deb
ffffffd9
000019ef
ffffc804
ffffd842
fffffe7f
fffffab2
ffffe630
ffffee11
ffffd843
ffffdd26
0000115f
ffffd8a3
ffffc84c
ffffcc88
ffffe16c
ffffbf9d
ffffde8a
fffff78f
0000058a
0000030b
ffffd1af
ffffe8e4
ffffe7b6
ffffdea3
00000cf0
fffff2c3
00003748
fffff2ab
ffffc4ed
ffffe60a
fffff495
fffff251
ffffcc01
ffffdd2e
00002894
ffffff1f
000009d9
0000380f
00001ed5
000007f6
00003408
ffffedfa
000050d6
000043aa
ffffd5ae
00000796
ffffccee
fffffc4e
00001580
000006c2
fffff08e
00002147
ffffe835
0000121d
ffffb06a
000017fa
00000904
00000193
ffffdbc9
ffff9bcb
ffffd6a5
fffff469
ffffd418
fffff3e9
00002d94
ffffc5b7
00004126
00004712
00003b87
0000307c
ffffac2d
ffffecda
ffffbcde
fffff1a9
fffff4de
00000731
fffff99a
ffffd1eb
fffffdc8
00001579
ffffe9dd
00000fc9
00001069
00000fae
fffff520
0000046b
ffffc70d
0000098d
0000095c
000040de
ffffc32b
fffffa6a
ffffdd8b
000033e5
fffff0c2
ffffeda4
fffff44f
ffffc03d
ffffc9f1
0000351a
fffff6e1
ffffcadd
00001572
00001aef
00005c67
00000ed7
0000063e
00001433
00000119
ffffc602
000008a6
ffffd817
ffffe4c3
00003ac0
0000037d
00000226
000013ea
00002d46
fffffa90
ffffe57b
0000090f
fffff39e
00000a68
ffffe13c
ffffdf2b
ffffc5de
00000367
00001299
00001114
ffffecb6
ffffe73b
00001429
ffffe2ac
0000475d
fffffa9b
ffffe6b0
fffffbf4
00004c6f
ffffe031
00000d5d
ffffe69a
000023d5
ffffeda9
000009b9
ffffe866
00001dfb
ffffdd07
00002843
ffffe9c9
fffff9f6
00003480
0000219c
ffffec30
fffff93c
ffffffe0
ffffe7b7
ffffeae8
ffffd6e5
fffff5d8
00001f09
fffff65d
00000bd6
00001cfe
ffffdad9
ffffe3e6
0000476f
000006d0
00003923
ffffec76
ffffee27
ffffdc3c
ffffdac6
00000041
fffffe8d
000055d9
00002338
000004d6
fffff37a
ffffdbb5
ffffdffc
ffffcdc8
00000f62
0000063a
00000db4
ffffb96a
000048d9
ffffd7e5
00001522
000017b4
00000082
ffffc9b7
ffffe8f3
0000001f
00000e57
ffffc920
ffffe946
fffffc0f
ffffe2d0
ffffe679
ffffd9fa
fffff6d5
000002ca
00001cc4
0000429e
fffff339
ffffd3ea
0000037e
ffffffd4
00004b7c
fffff245
fffff310
ffffedaf
00003ec2
ffffe352
000047ed
fffff988
ffffd6ad
00000124
00000eef
fffff15d
fffff8a1
ffffd9d9
00003565
fffffdd4
00000540
0000068e
00000817
00006ff4
ffffe669
00000ca6
00000925
ffffff51
ffffebff
000039e4
00002b9b
fffff974
0000000c
000012ae
fffffd87
00000c6f
00002210
fffff7f2
ffffd45b
ffffc9e8
ffffe98d
fffff055
ffffda33
fffffc4e
ffffd24b
fffff6d4
fffffab4
fffff956
000009b2
ffffd27e
ffffc7f6
fffffb95
ffffd641
00002bee
ffffbe82
ffffe7f9
ffffe393
00002aef
ffffec9b
ffffff7c
fffff955
fffff369
00000295
0000169c
ffffee06
fffff2a1
00002bcc
00001af3
000015ca
ffffd855
fffffeaf
ffffc305
00003af4
ffffe130
00001321
00000c09
ffffde70
fffff69f
ffffcf87
ffffe722
00000557
ffffed45
ffffc06c
ffffc3c5
00002c9f
000023de
ffffbea4
fffff7ec
ffffe9c4
ffffcc63
000004c0
000018fb
fffffbc3
0000102b
ffffd16d
fffff937
0000050d
ffffe1c4
fffff49b
ffffd764
ffffcc82
ffffe0ae
ffffd424
ffffd818
00001a68
fffff3d0
fffff155
ffffeabc
00002d6d
ffffe69a
000009fa
fffffdfd
ffffe3ea
fffff194
ffffee87
ffffd984
fffff915
00001b93
ffffbf8a
fffff176
ffffd782
fffff1fe
fffff299
00001e63
0000220d
fffff56d
000036f4
fffffa2f
fffffbb9
0000020c
ffffc0b0
fffff5a4
0000234e
fffffa2b
00002f20
ffffc500
ffffdffe
ffffd56a
fffffd54
000011d7
ffffd8bf
ffffc119
000000a4
0000188f
fffff0e8
00000ce5
00001950
000025ef
fffffbfd
00003850
00000a42
ffffc903
ffffd80d
000007ed
ffffb432
00000bc0
ffffc6f3
0000057d
00000c2e
ffffd80c
00002cd9
00001494
ffffc66a
000013aa
000001b8
ffffdd3a
0000078c
fffff3bd
fffffeb3
00000c27
fffffb7c
ffffcfcb
ffffef49
fffff191
00001171
00001aa1
0000364c
000030a5
ffffef1d
fffff1b2
00001529
0000116e
00001c4c
00001f1a
ffffe967
ffffe4cb
0000109e
0000167d
fffffd7a
ffffbc33
0000450e
ffffca98
ffffd812
fffffdde
00000842
fffff057
fffff510
fffffd2e
fffffda8
ffffccdd
00002332
0000037e
ffffe42a
00000d11
000018f8
ffffcec2
ffffe96d
0000279b
fffffb80
000018ea
fffff2b6
ffffc7dd
fffffad4
ffffd49c
ffffd4e1
00001879
ffffd61d
ffffc5ab
fffffc5e
ffffee0e
ffffe3c0
0000174a
00001a04
000007db
00002e60
00001354
fffff7e2
000000d5
00001e17
000004b7
ffffec2e
ffffe33c
ffffec30
ffffe199
ffffdc33
ffffd904
00003bbc
ffffff2f
fffffb93
00000480
fffff323
ffffe10f
0000044b
fffff759
ffffdc8a
000000e9
00003c5b
00000b87
fffff840
fffff6ec
ffffecd0
ffffd68f
ffffed00
ffffe275
ffffd326
ffffcc77
fffffe0f
000004ee
ffffdeb7
fffff58f
ffffeeaf
00001ea1
000016fa
ffffe813
ffffe5aa
fffffbfd
ffffb910
000002d8
000015e2
fffff268
ffffe6b5
0000316d
ffffddcf
00000291
ffffce87
00000b0e
0000227e
00000b64
00000bf7
ffffce18
fffff78f
ffffd4c9
000004a1
fffff117
00001fa9
00000436
fffff14e
00000e51
ffffe09b
fffff3f0
ffffcfbf
00001639
ffffe6a8
fffff63e
00002316
0000366e
ffffdf4a
00001be3
ffffe12a
fffffe8e
000000fa
fffff869
ffffffef
00003170
fffff475
ffffd5be
fffff296
fffff74a
ffffe422
fffff332
000010eb
00001a72
00004dfd
ffffdf32
00004037
000022d7
00000e23
00003de0
ffffe66e
000020e3
00002d31
ffffea4b
000018b5
ffffeefb
ffffe98b
ffffffcf
000007f1
ffffe3df
ffffc6c8
ffffe2a4
0000038d
0000069a
00000cbc
000025fe
000015a4
ffffc796
fffff452
ffffe848
ffffe687
ffffc5c0
ffffd56a
0000036e
000020ae
00000497
00000651
fffffef8
00002323
000008f8
00002ee3
ffffa357
0000162e
00002a05
ffffd3c0
fffff509
ffffd7c1
ffffe687
ffffca4b
ffffdfb5
ffffff21
00000eb7
ffffebe0
ffffff76
ffffd089
00000bdc
0000236b
ffffff8c
ffffec7e
ffffdb2e
ffffe2c1
ffffc1b6
ffffeccf
00002675
00004eae
ffffd327
ffffffbf
000030a0
0000145c
00001a66
ffffe274
ffffd350
ffffd44f
ffffecc3
fffffe4c
fffff8e7
000027f9
ffffd90a
ffffecda
00001c65
fffff004
fffffe7e
00003a7a
00000881
ffffc748
00001411
ffffbec2
00000739
000013c1
ffffec19
00001792
000018dd
ffffd66b
00003b60
0000065a
fffff2d3
000005e4
0000127a
ffffbfbe
00002164
fffff20b
0000086f
00000095
00001053
00000ff5
00001117
00001001
ffffe78a
fffffc9a
00000a59
fffff100
ffffef27
ffffd7fd
000002f0
fffff835
ffffed48
00001ae8
00000d17
00001bbb
ffffeddc
ffffebf5
000003e5
00005e0f
fffff502
ffffeceb
ffffefcb
00000b83
ffffc6f4
0000290e
fffff16a
fffff5d7
ffffeeb2
ffffc955
00000ba0
0000126a
ffffe95c
ffffe426
00001c27
00003c2d
ffffe55e
ffffebcf
ffffebcd
fffff898
ffffd1b8
ffffde55
fffff169
fffff740
fffffce5
ffffb008
0000161d
00001374
000039ce
ffffef92
ffffffa6
fffffa23
00001146
ffffeea1
0000360e
ffffbda7
ffffe8dd
ffffebfe
ffffdbb1
ffffe4ca
0000087c
ffffd886
000036a8
ffffec89
00004cb7
ffffe4ac
00000289
00000544
ffffeb35
fffff485
0000046f
ffffec0b
00000c9d
fffffb47
00002fbb
ffffd5f4
ffffdd16
000006e0
000018b6
fffff8d9
ffffddc9
ffffebc1
00001926
ffffe901
fffff40c
00002756
00000733
fffff888
ffffd6c1
ffffcdc3
00001cbf
ffffec86
ffffe677
00000cb8
ffffeef6
ffffee7a
fffff3d8
00000452
ffffdedc
00000fef
00002ce1
000017a6
ffffc644
ffffe378
000007b3
000020b2
ffffe0f1
00001059
fffff033
00000637
ffffd44e
00002a5d
ffffd50a
ffffd13d
000004cf
ffffec2b
00000491
00000f9a
000006da
00001298
fffffd46
00001dbb
fffff25d
000001b8
000020e8
00000100
ffffef57
000009ab
000003eb
ffffd9dc
ffffe06e
00000bb8
000022ce
fffffb05
ffffd9d5
ffffc57c
00001665
0000140d
00000c44
00000e7d
fffff4d9
ffffdc11
fffff0c9
ffffe6cb
00000e65
fffff827
ffffd3f7
00001782
000010aa
fffff5d9
ffffb299
ffffe644
ffffede3
ffffc600
00000770
ffffccd9
fffff057
ffffff88
00001cbf
ffffeb55
fffffca0
fffff328
fffff52c
ffffe735
00003132
000005df
ffffdc3b
000011a4
0000074f
000001d9
fffff6ed
000010aa
000002ce
ffffe38f
00001065
ffffb033
00002023
00000875
ffffeca8
ffffec28
fffff25d
00001bc5
ffffef63
ffffc328
000006a7
ffffef3c
00001d76
fffff961
00002b70
000026c9
ffffee17
ffffc441
00003e62
ffffff99
00000759
ffffe9c9
000008f9
00001ad9
000031d0
00003034
ffffed00
00004448
ffffffbb
000035ce
ffffee7e
0000308b
ffffe278
000017d4
00001508
ffffcdad
fffff504
fffff83d
000018ea
fffff563
ffffe464
fffff654
00001eaa
00002e21
ffffd0b1
fffff6b1
00002989
00001bad
ffffa903
00000586
fffff281
000016e9
000064f2
00000548
ffffef61
00001555
000008dc
00002e1f
ffffd2e5
ffffe4e5
ffffed40
ffffc3b5
fffff56a
ffffffcf
ffffcf5c
00000e8c
0000009d
00002262
ffffc914
000033dc
000005d8
ffffebf4
fffffbbb
000001f7
ffffdef2
fffff499
000009fd
0000068e
000029c4
00000e10
00003af8
fffff4bb
00002820
00000b1f
00001baf
00000d13
ffffe51a
000009dc
000043ef
ffffe76d
000007f2
000018f8
00000b5a
00001b16
ffffe2ed
ffffd1d8
fffff97e
000019b2
000008f7
ffffdf54
00001735
0000338a
000006d3
fffffc67
00001d5f
ffffe8a0
ffffe872
00000fc7
00000ad5
000013e5
ffffc601
00002fd4
00002a79
000003e6
ffffcfc5
000013fa
fffff8ef
fffffc4f
fffff28a
ffffca36
00001ad0
00000b55
ffffd094
ffffed5a
000019d3
fffff075
00000110
00001342
000009ae
ffffdec9
00003038
000007c4
00001f73
fffff906
ffffe4d4
ffffe81d
ffffe468
00002919
ffffee01
00001c60
00002738
ffffec9c
ffffff93
fffffab0
fffffc7d
00001d12
fffff1d6
fffffa03
ffffc3da
000027b3
00000517
ffffd730
ffffd89b
ffffc10d
ffffe3d7
00003b25
ffffe5b4
00002b2e
00000e63
00002de4
fffffa1e
00002650
fffffc83
00004588
ffffeaae
00000471
000007be
000024f4
00000698
ffffe408
fffffc75
ffffef21
ffffef1a
ffffed89
000007f9
ffffecba
ffffe0fd
0000223a
00001266
fffff230
00000382
00000399
00003bfa
fffffee1
ffffd1cb
fffff9e8
000054d1
00001b05
00002504
00001a0a
0000121d
ffffd875
00000429
000009dc
ffffd016
fffff2f9
fffffb0b
fffffbe1
fffff377
ffffd330
ffffce21
000012cb
fffff88b
ffffde7e
00000a3c
00000f36
ffffe7b2
00002ce7
fffff346
0000063b
000009d0
00000188
0000180d
ffffe140
00002e31
00000426
ffffec03
00005130
fffff8b5
000038c3
ffffe928
ffffe595
0000073a
ffffeeab
fffffbf1
00000619
0000050d
0000010d
ffffe3ad
0000027b
00001c14
0000250f
00000ac0
00000255
fffffcca
00001eac
ffffdc36
0000021e
00000fec
00003ed6
00001b0b
00001b55
0000236d
ffffe826
ffffdde5
fffff820
000010a1
ffffff1c
ffffed18
000018c3
ffffe879
00000646
ffffd75e
000005d4
fffffd1c
00001dc2
fffff3f3
ffffefc7
fffff154
00001b07
00000e10
ffffdfd7
000011b0
ffffedb3
00001118
ffffdfca
00000ce4
000007a3
ffffede1
ffffd8de
00000777
00002a1a
00000cc0
ffffd505
0000180f
ffffdfc6
000010e2
fffff6fe
00000823
0000442a
00001330
000034c1
fffff6de
000035d5
ffffdc2e
ffffdeb2
ffffec0e
0000202a
fffff18a
00000692
00000724
00000ee2
ffffd555
ffffedd4
00000ee4
000002c4
00001669
00001bab
ffffd4d7
ffffde3a
ffffdf97
fffff457
000008d8
ffffe9dd
ffffea06
fffff63d
00002b27
00004bc6
00002bf7
00001c1b
ffffeb00
ffffd214
000019d7
fffffb0b
ffffe4f4
0000083e
fffffffe
ffffcaff
fffff09e
00002b86
ffffc293
00000399
ffffd1a6
00001749
00001301
ffffe98d
fffff60f
0000058d
fffffe61
000002fd
00004871
00002f4c
fffffd65
00004a74
ffffc791
ffffd6fc
00000428
fffff9c1
0000520c
00000521
fffffb8f
000022c6
ffffee8a
000036fc
00000d60
fffff0e1
0000259b
00005500
00003521
00000ffc
000004d1
ffffd727
00001b03
fffffc21
ffffca8b
fffffbae
fffffc18
ffffdbe5
00003246
0000002d
00000cd5
00002058
00000f87
ffffdb34
000013a5
0000427f
fffffe72
00003006
000036c5
fffff885
fffffef6
00002d9a
ffffe84f
fffff1e2
fffff21a
fffff588
00000fc8
fffffcbf
00001ace
ffffe050
00003c30
ffffeb26
fffff823
000020bd
ffffdf22
ffffcc2d
00001149
ffffe341
ffffcacf
00002078
fffff433
00000e72
ffffda5f
0000449a
ffffd97f
00001d29
fffffc3d
00001974
fffff0b9
00001657
ffffc09f
0000067a
fffff941
fffff37d
ffffb553
ffffb913
000043ef
00000ba8
fffffa9f
000010cd
000025d1
000000d2
ffffe27d
0000093b
ffffed4b
fffff427
ffffc81b
ffffe364
fffff5de
000017c6
fffffa11
ffffea61
00000528
ffffbd56
ffffede3
fffffaba
00000a5d
fffff907
fffffcfc
fffff7e3
000032b0
ffffdbd7
ffffdb2a
fffffaa0
00001e79
000005f2
fffff5da
0000180f
0000190b
ffffee4c
00002492
00003597
0000031f
00000609
0000510d
00000460
000039d2
00001a2f
ffffedca
ffffbd74
fffff574
fffff5a0
ffffe75e
000020f8
ffffc484
ffffced0
0000106b
fffffbef
00001d62
000025ea
00000f36
fffff2f7
fffff0ec
fffffdb9
000008d0
fffffc20
ffffff64
00003ad1
000015e5
ffffdbef
ffffe064
000006b0
00001561
000021c1
ffffeac7
00003ddf
ffffdc0b
00002040
0000318a
fffffdf4
00003182
fffff301
ffffebcb
000041ba
00000a1d
fffff424
000025a1
0000044a
000013db
00000b3b
0000518c
00003937
00000689
0000432c
0000171a
fffff3ba
000038e8
00001172
0000154b
00002340
ffffe799
0000079c
ffffde86
00001a6f
ffffe8b1
fffff625
ffffe1f0
0000064a
fffff5f7
00001c70
00000c8f
000011fb
00000fe1
0000038c
ffffe23a
ffffeeaf
000000ff
0000026f
00001cb2
ffffff01
ffffedda
000006f5
ffffcf87
ffffe4a0
fffff964
fffff834
ffffd77b
ffffd90e
00000818
ffffdfdc
ffffe955
00001bcd
00005237
000019fc
fffffcf4
fffff1a4
00000da3
ffffea61
fffff3bd
ffffbf29
000003ea
ffffdbd9
00001c3f
000009ac
fffffde5
fffff8e1
0000010f
00000d84
ffffd8d5
ffffc980
ffffd2c7
fffff7a7
ffffdeb7
ffffbdf2
00001e93
00001e82
ffffda9c
ffffbcd2
000001ef
ffffe180
00004ad0
fffff974
ffffdf53
ffffee5d
00000b27
fffffa00
00001594
000007d8
fffff5a8
ffffea8c
ffffd7c3
00001204
ffffe465
000001bd
000016fb
ffffd5d0
00001b81
fffff633
000047fd
fffff14b
00001120
00000e46
00003676
0000112e
000037d2
000019f4
0000016e
ffffc3c3
ffffee08
ffffee87
00003b4d
0000047d
ffffd023
ffffeac3
fffff86c
fffff245
ffffd436
fffffde6
00003c37
00000f68
fffff622
ffffdc68
fffff436
ffffdebf
ffffe1a6
00000469
00001091
0000294a
00003511
fffffbf6
fffff3f8
ffffe993
00001aa2
000004d3
ffffcad0
00001feb
00001f43
ffffd2cb
00001fb8
000013fd
fffff035
ffffca9c
000024cf
ffffe8be
000007da
00001847
00003b4a
000019fa
00001e56
ffffe590
ffffde0f
ffffe0fc
ffffdc35
ffffe496
000024f2
ffffee02
0000186e
0000153b
fffffe2f
ffffe616
0000169d
00001739
00002019
000015d8
00000635
ffffff29
000001d0
00002bc1
000003f5
000024e4
ffffdcbe
0000000d
00000519
ffffeb5c
000039c0
ffffe19a
00002a0b
ffffd778
00006d4c
000013d1
ffffd266
ffffeef9
ffffdb6e
ffffe564
0000170c
000007c7
000010ae
ffffcfc8
00000dc2
ffffe2db
ffffbc65
ffffe229
ffffffec
000003bd
00001725
ffffe616
ffffed12
0000253c
fffff41a
000003e8
fffff036
fffffb0a
000006e0
ffffd90b
00002659
00001948
000007ad
fffffcdd
ffffd364
ffffd512
ffffe959
fffff3ba
000000b4
000017e7
fffff5f3
0000135e
ffffeaec
00000664
fffff4f7
ffffe05a
ffffc3f2
000012b2
00000e2d
fffffd36
00001750
00002d8d
000007aa
ffffcb08
00001f20
fffff47a
000019ab
ffffd08e
00002681
000007fd
00001a95
fffff981
0000381a
ffffcc45
ffffef12
00003258
ffffe105
00005304
00002edd
ffffd764
0000265f
000055ad
00000b40
ffffdbf2
ffffc654
ffffd513
ffffe71b
00002f81
ffffdd04
ffffc375
ffffdd0a
00000e31
fffffa2f
ffffd8f4
ffffeba9
00000d3e
fffffaba
000029f8
00001bdd
00001d67
00000d69
ffffe7fc
00001bef
ffffd6f3
00000be4
ffffd38a
ffffd70f
fffff696
ffffd0c3
fffff0c5
00001d7f
000013d7
fffff0e9
ffffe0e2
000022c6
00000205
ffffe1dd
00001e7f
00002506
ffffe213
ffffe39b
ffffd7b5
00001144
ffffc60a
000015ff
0000030b
ffffe3e4
fffffec6
ffffea09
00003281
ffffeeaa
0000123a
00001f92
00001bf0
00000669
000010d6
ffffe428
ffffbacb
000007f8
00003775
0000553c
000003a0
fffff066
0000207e
ffffd840
00001819
00001d10
ffffd6cd
ffffece0
fffff28a
00001f26
ffffea1f
ffffeb72
000004a0
00002b7d
00000e6c
00000aa4
ffffe143
ffffeb1f
00001e2b
fffff379
ffffecd4
ffffba86
ffffd2ff
ffffeed5
000002bd
00000d6d
00000b72
fffffe70
fffffac2
00001035
00001bc3
00004e35
ffffdd8f
fffff9bd
000001e3
ffffd99a
00000a93
00002022
ffffd665
fffff459
ffffee96
fffff404
fffff5a2
ffffe9db
00003e15
ffffd1aa
fffffa97
fffff7f4
ffffe998
fffff37c
ffffe4b5
fffff5ed
ffffe6e3
ffffdee0
00002077
0000162d
ffffa337
fffff936
00002c62
ffffea66
fffff0fe
ffffd7a8
0000091b
fffff20e
fffff349
0000123b
000025c6
0000018c
00003899
00001633
ffffdff0
ffffd05a
ffffdd3a
ffffecb4
fffffd12
fffff950
fffff9ea
00003b6c
000006d1
ffffef37
ffffda14
00001480
0000403c
ffffb11c
ffffecb1
00001b65
ffffc95d
ffffc4f6
ffffe384
fffff3cd
0000094a
ffffe6f7
0000084b
000004e3
0000062f
fffffbca
00000a32
000009a8
ffffc475
000004fa
0000286e
00000312
ffffd04b
0000053c
00002ab5
00000c39
00003e8d
fffff969
ffffdae2
00001ae8
ffffdea6
ffffc2e4
fffffbcc
ffffc26b
fffff441
000005f6
00001bf0
0000538f
00000515
00000c4a
ffffdcf6
000032cf
00001515
000013bc
000023ce
ffffe006
000022c6
0000062f
ffffceae
ffffeecc
ffffee05
0000162a
ffffca9d
ffffedae
00000709
fffffe2b
000041be
00002032
ffffd91f
00004e29
000003c2
00001016
fffff099
00005653
ffffdfd9
00001f27
000008ec
000005ab
0000150e
00001f98
fffff20e
00000955
00001822
fffff9f3
fffff439
fffffc83
ffffe212
00000f93
fffff50c
0000053e
ffffe8e8
ffffe84f
0000249f
ffffe762
00000f80
00002d23
00001897
ffffef6a
00001066
ffffe582
0000363b
00001ecd
fffffbb4
ffffd9e1
00003d62
ffffee29
0000249a
0000387f
ffffdd46
fffff06e
fffff725
ffffe023
000006f1
00000a97
00002e44
00000250
000052ad
fffff24d
00000fd6
000007f1
ffffd56e
00002e07
ffffe8d8
fffffc38
0000094d
00002d83
fffff5e5
000003a2
00003da9
00004866
fffff7ef
00002588
ffffe7fe
00001057
00002a85
ffffead9
000001cf
ffffe2f7
00000004
fffff2d1
ffffe3be
ffffce6d
ffffd234
00000d13
fffff0e8
fffffb3b
ffffd964
ffffcce4
ffffa9ca
00002497
ffffea6c
ffffff05
ffffcff6
0000166c
ffffee9b
00001a37
ffffe384
fffff898
0000067f
00002daf
00003624
00001c36
00000697
fffffe3e
00001e09
00000819
00002873
fffff74d
000034c3
fffffca5
ffffba83
00000c16
ffffec15
fffffd13
ffffd145
00000b07
ffffebfe
ffffbb6f
ffffb6fd
ffffc7d4
000015eb
00001a09
ffffed0e
0000240c
ffffedd5
ffffcf83
ffffc346
000012d2
0000064f
00001a8e
fffff8ed
00002eea
00000e2a
00001852
00000489
ffffe52f
00000567
00001cee
0000178e
ffffd03c
00001f94
000019f3
ffffd926
000017f8
000003c2
ffffd6cf
0000092a
000019ca
ffffdfeb
0000063b
fffff6c2
00002c8d
00002980
fffff8dc
00000d58
00001325
00003094
ffffd607
fffff463
0000012e
00001fbe
00001f9e
00001762
ffffc63d
00002f24
ffffe134
00001637
fffff543
ffffe54a
fffff8bd
ffffdfe1
fffffb8e
00000d60
ffffb6e5
fffff16c
000011e4
000001ca
ffffe3c8
ffffee17
00001acf
ffffece7
000020c6
00000fde
00001a0b
00000b58
00000151
ffffef9b
fffffb2f
ffffdb8b
00001e9b
fffff135
00001bff
ffffec34
00000241
ffffdff1
ffffcac4
00002163
00003f93
ffffe56c
00001d79
ffffe5ea
00001336
000046c1
ffffddb2
fffff114
fffff3be
fffff4ce
ffffe5f5
ffffe884
000017d6
000031a0
00001010
00000f54
0000253e
00000a3b
ffffef03
ffffe5c6
000028c6
fffffa24
fffff568
fffff5f3
0000150d
000008ed
ffffbfd2
ffffed8d
ffffd8ef
00000d00
ffffd24c
ffffe3d8
00002c46
ffffe6f1
fffff443
ffffeef3
fffffc61
000007aa
ffffef3b
00001ef3
fffff596
000004a9
000027ca
00000ddb
ffffe671
ffffda07
ffffc9f3
fffff16e
ffffeda7
fffff815
0000096c
fffffea5
fffff070
ffffeb20
0000029c
ffffcc13
fffff40a
000017c2
ffffe20b
ffffc23e
000029d2
00001225
000004f2
00000da8
ffffed67
ffffd955
ffffd5f3
0000055b
ffffdbe7
ffffd4f3
00002cbe
ffffee23
ffffdfc0
000008fd
fffff845
000021db
ffffcd31
ffffe075
00001614
ffffff76
ffffdd4d
ffffe133
fffff13d
fffff8ac
fffff2f3
0000192a
ffffec4c
ffffd1ce
ffffe6a9
00000cdf
00000a80
fffff18e
ffffe456
ffffe7cc
00002e2d
00000d21
ffffe951
ffffe63e
00006053
fffff7fa
fffff46a
000008bd
ffffecae
fffff49b
000002a3
000004ab
fffffd3a
00000c0c
ffffe539
0000028a
000018bb
fffff961
ffffb72f
ffffd3ae
0000112f
00001c12
000019ab
00001e12
0000085a
00001b54
ffffc874
ffffe007
fffff366
000009e6
00000f6b
ffffe7d2
00003248
ffffccc6
fffffa2c
ffffd95a
fffff9d4
fffff621
fffff604
fffffec4
0000273b
ffffea0f
000004cd
ffffd314
00000334
ffffe7b3
fffff6bc
ffffe9fa
00000420
ffffd0b7
fffff356
ffffd9fa
ffffe2f8
00000f27
ffffd252
fffff823
00002ae7
00004d56
00002e6a
000013d7
00000168
000001f2
00004332
ffffd4b5
00001e7c
000005af
fffffe8a
00000aa6
00001704
ffffef94
ffffce4f
ffffd2cc
ffffec09
ffffee4f
fffff198
00003a3f
fffff836
00002418
00003081
fffff6ae
fffffd42
ffffed3f
000039c5
fffff642
00002a62
fffff48d
00001604
ffffd35a
ffffe838
00003d74
00000622
ffffcd77
fffffcd8
ffffe4b7
fffff567
000002c4
fffffb6e
00000650
fffff781
0000334f
fffff5c6
000014fc
ffffed98
ffffdb79
000003e2
ffffef26
0000061d
00002c3e
000001cb
00002145
ffffea31
0000081f
fffffcde
00002101
00003ec0
00003c4d
fffff52e
ffffde5e
fffffe5e
fffff3ae
fffff625
ffffe26d
fffff9ab
000002fe
0000232b
000029f7
ffffebc0
fffff937
00000448
ffffc8f4
00001f3d
fffff6a1
00000fd2
000016a3
00000714
0000021c
ffffebaa
000017ad
000000ca
00000f56
ffffc98a
00001ac3
0000135f
00000752
ffffedd4
00000253
00000aa1
ffffd628
00000889
00003745
fffff6fb
00003f9e
ffffbba1
fffff479
00000226
fffff954
0000104a
00000073
0000287f
000028f6
00002cd5
00000c6b
ffffbaec
ffffecc4
00000738
00003f15
fffff1e0
fffffc3b
0000183c
ffffcfd8
0000005f
ffffe9da
0000080b
0000351d
fffff8b8
ffffc330
000033de
ffffe589
ffffc85e
00001d31
000028c3
ffffb2cd
00000398
00002093
000023c2
00002916
000006f7
00001908
ffffe168
ffffe1fa
ffffedc5
00002f9a
00000d34
00000cec
fffffec7
00002c5e
fffff54e
00002e26
00000ccc
ffffded1
ffffe62c
fffffa02
ffffcae4
0000104a
ffffafdb
ffffdbd3
ffffe2c7
00001ec7
00003c9b
fffff946
fffffcb0
ffffea84
00000640
00000553
fffff1a0
0000056a
ffffe68b
00005cd8
ffffccab
ffffe0e1
ffffef4a
fffffa01
000012a0
fffff9e2
000021fe
0000173c
fffff993
00002dc3
0000051d
000012bd
00002129
00002a9b
fffffd25
00000a47
fffffa60
00000d9e
000001b3
00001027
00003726
ffffe288
00000dd8
ffffd1ce
fffffc76
00003edc
fffff0e7
ffffebee
0000049d
ffffe61d
000013aa
00001cee
000000fa
ffffc4a3
0000165e
00003326
fffff879
fffff4a7
fffff78f
fffff284
00003331
000026e6
ffffbbfa
fffffc08
00003b6a
fffff876
00000b51
ffffff62
ffffeb3e
ffffd9c4
fffffbc0
ffffffc0
000006ed
000011ae
fffff9e5
fffffafa
00000aac
ffffffe8
ffffe0d2
0000382d
0000179f
00000709
ffffd717
ffffd222
00000ef8
000007c7
ffffef7f
00001d87
00001c67
ffffcc16
ffffe516
00003634
000047a3
00000aec
00003448
ffffff7d
00002246
000044dd
00001856
fffff633
00000a33
fffff182
fffffccc
000001c1
00003050
00000672
ffffec47
ffffdcea
fffff29e
00001396
00000243
fffffff6
00000cdf
000036cd
00000737
ffffd1f9
0000204a
0000116c
00001ec6
ffffe571
0000108d
00003d62
fffff8ba
00000246
00001eb7
fffff94e
ffffe509
00003176
ffffdb56
00002642
ffffda9b
00001f45
fffff69e
000005a8
fffff367
00000198
ffffd589
ffffd02c
fffffc72
00001c1f
ffffe927
ffffd09b
ffffef47
00003383
0000141d
ffffde7c
fffff24c
ffffc291
ffffe42c
ffffcbd8
fffffea8
fffff7ff
00003ff5
fffffe12
000006e4
000010f6
00001820
ffffeb40
fffffc94
00002354
ffffea9c
ffffd3b2
ffffd905
00003207
ffffd764
fffff9b0
0000139f
0000014d
ffffc6c7
ffffe852
ffffeddb
000010e0
0000012e
ffffcc6e
ffffffda
fffffb67
fffff635
ffffaf2a
0000162d
fffff32f
fffffd62
00001828
00000d01
00002d11
00000899
00001531
fffff923
fffffd9f
00001e3b
fffff92f
ffffe5b1
ffffe190
ffffd39c
ffffd1e3
fffff61e
000018c5
ffffddfb
ffffd16b
00001e1f
fffff028
fffffecf
00000c1c
00002f01
ffffed3f
00001c4e
000013bf
00004452
fffffb88
00001276
000003e0
ffffe222
ffffd254
ffffd5fa
ffffe8c8
00001af0
ffffcf82
fffffba1
000029f1
ffffdebb
000001f2
000009a9
ffffceb0
00002c5c
00000fc3
ffffc327
ffffebdb
00000fcb
000003b7
0000224a
00003d5e
ffffc893
ffffc817
ffffde1d
fffff90f
fffff5dd
00002eeb
fffffee5
00002eb1
00001522
00000a67
00001a95
ffffe6f6
ffffe228
000044b7
fffff9d6
ffffee5f
00001ad7
0000168d
ffffd8af
0000042d
ffffde67
ffffec1d
fffffbba
ffffef3c
00001ae7
ffffeecf
000022d8
00000e7b
ffffae15
000019ec
fffff9a1
fffff566
0000505b
00002a34
0000057a
000006a3
ffffeade
ffffeaba
ffffd362
000001e8
ffffd1f9
0000215f
00000db3
fffff983
00001520
ffffee25
ffffccfc
00000d54
00002cfa
00001b47
ffffd1a2
ffffd947
ffffd6e5
000003ef
fffffb49
00000cfc
ffffea79
0000127b
ffffc5d9
ffffe51a
ffffdcae
ffffdfaf
fffff2d3
fffffbe4
fffff061
ffffe5ef
ffffcee0
00002147
000001d9
000003b9
00000b20
ffffcb20
000018a9
fffffc12
00001202
00004478
fffff5a5
ffffcbb6
ffffe60b
fffff60e
00003886
fffff145
000001bf
000000bb
000003e1
ffffedb2
ffffeae5
fffffd7c
ffffec38
00001170
0000246f
0000183c
ffffdf26
00000bda
00002702
ffffc42b
fffffb0c
000002cf
fffff7b7
ffffee28
00002d40
ffffa37a
fffff876
fffff556
0000183a
ffffea60
00002f51
00000c8a
ffffd256
000012cc
ffffda8d
000018e3
000034bf
0000324b
00001900
00000c05
ffffeb21
00000272
ffffde25
00000f9b
000006db
00002f22
ffffd5c3
00000887
000003c3
00000bb1
ffffc52a
ffffce48
ffffd789
fffffe2a
0000069c
0000341e
000028fb
000009c4
00001f7e
fffff7b0
000023f0
ffffff6a
fffff521
00001463
000002a0
0000451e
ffffec2f
0000167c
00003d35
00001458
000037a2
fffffd43
ffffff1e
000013ae
ffffea27
000025f1
0000130c
000014d1
00000ab7
ffffafbe
000006ec
fffff817
0000024f
00001f41
000039fa
00000f9e
00003f5a
0000164f
fffff214
ffffe735
fffff2fb
00000e45
ffffd464
ffffca03
fffffcda
fffffa08
00000695
00001bb8
000002ff
00001f7e
fffff490
ffffd487
ffffee2c
ffffceaf
0000079b
000031dd
00000d62
00001a9d
fffff49f
ffffe645
ffffdf95
00004c09
ffffe2c0
ffffdab1
00001e3b
000041d1
ffffd266
fffff57b
00001639
fffff8b7
00000d04
fffff590
ffffe30c
0000403c
00000788
fffff790
fffffc67
fffff7ea
ffffbbea
fffff814
ffffe66a
ffffe1d0
00001505
00001ab6
00000968
ffffe989
000023f9
ffffee09
00000291
ffffe6a0
ffffea38
00002620
00001981
000010aa
ffffd902
00000343
00001a12
ffffea84
ffffd33d
000027bc
000001bf
fffff2a9
fffff516
000017b4
fffff194
fffffe8e
fffffb8c
00000315
000042d4
00001319
ffffdf83
ffffee7c
00003492
fffff972
00000d8a
fffff2d1
00002456
00001774
ffffc9f5
0000135b
00000d52
000009de
fffff6fa
0000057f
00002012
fffff019
ffffd543
ffffeeac
fffff7b9
ffffcef1
00003eda
00002b62
00000d24
0000058b
0000368f
00000d6c
000042b8
ffffe03b
ffffcb14
00000403
0000354e
00003669
00004420
ffffbecd
00000cd2
000009c9
ffffe139
ffffc616
00000942
00001b4e
0000028f
fffff093
00000bae
fffff327
00000c27
000003ae
fffff518
fffffff3
00002c37
00002fd9
00002c5c
ffffe810
ffffdf52
ffffd7af
ffffd37b
ffffed40
fffff6ff
00000fed
0000538f
00002634
fffffae0
fffffa6e
ffffc05e
000017aa
00000535
000004b1
00001dab
ffffff2e
ffffd55f
ffffdf76
00001969
000046a4
000029b8
00003e0b
ffffd5d4
ffffe29e
ffffc68e
000029b4
0000402c
00001cef
00000d75
000031ee
00000a50
ffffb0ec
ffffed62
00003aee
00001991
ffffb900
ffffdc9d
0000102f
ffffe8e0
00003b23
ffffb658
ffffc287
ffffeb9d
ffffc585
00002444
000019c0
00000804
ffffc77c
ffffb37b
00000c58
ffffe58c
00000035
ffffcd88
0000009e
fffff2c6
00000d95
000010a6
ffffcfd0
00001705
000000ab
000027af
ffffc9d2
fffff01f
00000931
ffffe8ec
00002597
ffffe20d
00002b78
fffff4d9
00003fe6
00001877
ffffbe57
ffffdda4
00001f63
ffffe64d
00000846
00000214
fffff218
00000cbf
fffff072
ffffcc44
000018a8
ffffdc1f
ffffdcee
00001c4d
000006de
00002d3b
ffffc859
ffffd292
ffffe09c
00001317
0000295e
000018fe
ffffe32c
0000679c
00002db9
00003086
000009ef
fffffbbd
ffffe9e6
00000d6d
ffffeee2
ffffefa0
000007a2
0000149b
000021dd
00001b4b
ffffd7a4
00000966
ffffc8db
00000f76
0000091e
ffffca7d
00001314
ffffd422
00000207
fffffe4a
fffff924
ffffd2a5
00001df0
0000330b
fffffc5b
ffffe13d
ffffff5d
ffffe8eb
000027ec
ffffe3dd
00003466
ffffefa2
ffffefdb
fffff4d8
ffffd918
ffffd2eb
fffff15f
00000906
ffffdebf
ffffe9d5
000023f4
00000965
ffffae39
fffff582
00000b10
00000092
ffffe097
0000089a
ffffeda0
fffff6c5
ffffeb9e
fffffa53
00000108
ffffee8d
00001eb7
ffffe0d8
00000587
ffffc30d
ffffc70c
ffffe72e
0000143a
ffffea17
000017f9
ffffe6bb
00001ab3
ffffdfa7
0000105a
ffffece6
fffffb94
00000957
00000ef2
ffffd40a
fffff1b8
00000a7d
ffffca7c
fffff66e
ffffd7d6
ffffffae
0000087c
00003c1a
00002928
000016e7
00002586
0000066a
ffffcb93
fffffec2
ffffea77
00000024
fffff437
fffffc7d
00001b79
ffffbb04
ffffe995
ffffe97e
ffffed0a
fffffa74
ffffca98
ffffd04f
fffff7bf
ffffde97
fffff08d
000018b4
00000004
00003103
00001514
00000fca
00001839
ffffb870
ffffe098
fffff955
ffffcdf0
00001cd2
ffffcb21
00000eb7
00002e4b
ffffee07
0000121c
fffffa33
ffffdbcb
00001e5b
000028b3
ffffcef9
fffff74e
00000dd3
ffffeb89
00000262
fffff477
ffffbcea
00000ebf
ffffe4a6
ffffe3c3
00002b08
00001675
ffffe918
0000164f
00000806
00000274
000018f8
000027c8
fffffc23
0000173a
ffffe5e5
00001511
fffff0ab
00000ade
ffffb6f0
00003281
ffffd6be
ffffed9a
fffff6fd
00000e29
000007fb
00001140
0000186e
ffffe400
ffffdcf6
000018b6
ffffd037
ffffe332
fffff8f7
0000055d
ffffbdd0
000022b8
00004810
fffff708
000003eb
fffff303
fffff2b1
000005c6
ffffd480
fffffc97
fffffbe0
fffffa48
ffffa9ac
ffffe95d
fffff5d7
ffffe9f9
fffffe5a
fffffca0
00000f60
000025a4
00000141
00000c0c
00002df6
00001677
000006f7
ffffe5ca
ffffe801
ffffedef
00000a3d
ffffdf13
fffff984
00002398
ffffefe9
000007c5
0000118f
ffffdaa1
fffff787
00001b39
0000072f
ffffe8ef
fffff569
00002105
0000108a
00000b27
fffff4c8
fffff4f7
00000ca4
00000322
ffffe282
ffffd6e4
ffffcf24
00000ca0
00001efb
fffff071
ffffc5dc
ffffe880
00003606
00001240
ffffe045
00000e0e
0000083b
ffffbd61
000017e5
ffffef56
fffff5f5
000002bc
fffffe28
ffffd64c
000001ba
ffffedee
ffffffa0
0000405b
00003546
00001f4f
ffffc85f
ffffdf54
00000c43
000004f1
00000b5f
00002b5c
fffff9a6
fffff0ca
fffff4a2
fffff2b9
00002d93
ffffe9c9
00002e6d
ffffeb16
000004b2
00001cf9
000009d5
ffffe613
fffff3c4
ffffdb3c
ffffd2b4
000005de
00001e45
fffff9f3
00001401
ffffe8d5
ffffbf9d
fffffecd
fffff661
ffffcef0
00000486
00002b67
00000024
00002774
ffffe9e6
00004955
00001eb3
fffff4e6
00003191
0000040c
00000e7e
00003ab1
00000422
00004050
000022b6
fffff4b9
fffffbf6
ffffcb33
fffff7ba
ffffdbe6
000003db
ffffe0bb
00001cdd
0000289a
00002086
ffffdea3
fffffb90
00000622
00000469
fffffaf9
ffffdaf9
ffffdb5e
000008a1
fffff571
0000276f
00003310
ffffe0a7
fffff304
00001dac
ffffd5d9
ffffddb4
ffffd03e
00000142
000029f6
00000829
0000165a
ffffe816
00000bf6
ffffbc86
000045af
ffffd798
00000e5e
00001418
00001e40
ffffd370
fffffc00
ffffcf4c
fffff6c3
fffffbb6
fffff245
ffffd3b2
0000469e
00002070
000013bd
ffffc385
ffffe847
fffff67a
fffff6df
ffffbd70
ffffe16e
00001521
00001698
00003ccb
0000201e
00001728
000028a2
ffffe6be
ffffe110
ffffbe8f
00000b20
00000a51
000000b5
ffffd445
ffffee54
00001e8f
00000483
fffff535
00000c9a
ffffdc92
00001795
ffffda97
fffff8d6
ffffebe7
00000d86
ffffe420
000024df
0000340f
00001861
ffffea66
0000048e
00003504
ffffd8f0
00002e92
fffffcde
00001df9
00000ac9
ffffc87b
0000315c
0000215a
ffffea5d
000010a2
000032c2
0000057b
00000c54
00000449
ffffb4d1
ffffed83
ffffeac2
000011ea
000009fd
00000086
0000411a
000027a6
00001197
00005d2f
fffffe45
ffffcb87
ffffff3f
000033f2
00003f26
000007ca
ffffd96e
00003163
000007df
ffffd5ea
ffffea68
fffffdcc
00003b4c
ffffecad
ffffed3e
0000000e
ffffff4a
ffffe886
ffffd64d
fffffe22
fffff094
000016aa
00002429
0000262b
ffffd571
00001751
ffffd730
ffffe24d
fffff26d
ffffffb1
ffffe52a
0000300b
00000046
fffff57d
fffff9ef
fffff053
00000828
00000fad
0000016a
ffffe34b
00001692
ffffd8d3
ffffd325
ffffe595
00002f0c
00004077
000014ec
ffffce4f
ffffa554
ffffca9b
00003182
00000de6
00003030
0000158b
00002aa1
ffffe596
ffffda97
ffffdbad
0000675e
00000b4b
ffffe9ac
ffffecb2
000015b0
ffffe9e8
000019b5
ffffd99a
ffffdac1
ffffeee3
ffffeb7b
0000234a
00001d2a
ffffe431
000010de
ffffda76
fffffef8
ffffd2d7
fffff1ff
fffffd13
ffffe852
ffffd616
fffff421
000042a4
00000881
00002eb8
00001cf8
00001017
ffffc4e9
ffffea7a
000000b1
ffffdd37
00000313
ffffee35
00001cf3
ffffe979
00001559
fffff5e2
0000068c
ffffe41e
00001022
fffff75b
fffffef9
ffffdfe8
ffffe6cc
fffffef3
fffff24a
ffffea6a
00001534
ffffeecc
ffffe997
000018cb
fffff503
00000e36
0000109c
ffffd7ff
000011ab
fffff94e
000027ee
0000346c
ffffd429
00006f14
00001a95
0000202c
00002c03
ffffe0f1
fffff2c1
0000181d
ffffefb8
ffffee76
fffffb19
00002066
00000a7a
fffff5c2
0000047f
00000e66
ffffff23
00000ba5
00001e6c
ffffe757
0000078d
ffffbf94
ffffcebc
0000004d
00000392
ffffe10d
fffff417
ffffdda5
00002688
fffffc38
00000c88
ffffe9da
00003845
000030f3
00000476
000014e4
ffffddb9
fffffc06
0000016f
000016f3
0000378d
fffffc36
000008bf
ffffe1c0
000028c2
0000113d
00001a70
ffffc9ad
ffffb1c1
00000141
ffffe52f
fffff4c7
ffffe22d
00002a22
0000018d
0000108e
00000f00
00001bec
fffff904
000017f3
ffffd390
ffffed02
00000515
fffffddf
00000f83
0000045f
000012bf
000003a3
ffffc5fd
fffffe08
ffffdc91
00000c20
000018c5
ffffe41c
ffffc1bc
0000346d
00001e62
00000dd8
ffffc61a
00000115
fffff31c
fffff0ef
0000219a
ffffe128
fffffeec
ffffe4ff
ffffe9ed
000002d6
fffff591
fffff87e
00000a0f
ffffe6fa
ffffe4d1
ffffbb8f
000004a3
0000260e
fffff8b4
000010a3
00000f5e
00004a5a
ffffeaec
ffffec01
00001a0d
00004dd4
000017f3
0000054a
000003de
00000718
ffffc6b6
00002668
fffffd8c
00003756
000014bd
00000d7c
ffffeb24
ffffcfc4
ffffbeb1
ffffd3fb
fffff293
ffffdb03
ffffe971
00003d41
fffff8ca
00000046
ffffb799
ffffcf4f
ffffd849
fffff05d
000026d7
fffffe1f
00000137
ffffebd9
00000894
00000229
00000d45
ffffded6
00001bd6
00000575
fffffe59
000015b5
000009e8
fffff0be
ffffba00
00000812
00000745
ffffe8d0
ffffe7b1
00001fb5
fffff998
00004181
ffffeeef
ffffd97d
ffffee6a
ffffecfe
000010f4
fffffa4f
000006ab
ffffe7a3
000056ba
fffff23c
00000a21
00002ca9
fffffefd
000024c0
00001289
00002e4c
ffffdb1d
ffffcdd0
00001e6f
00002fe6
ffffed11
00001e07
fffff83d
000026e0
fffff201
000045e8
ffffe7ec
00001cc4
ffffedb5
00004079
00001019
000002cd
0000217c
ffffc7b7
ffffcaf0
fffff070
fffff6e1
ffffce70
fffff933
ffffd39d
ffffec0e
000020af
000017af
000007c5
00000122
00000e75
fffff0b7
ffffccc2
00001206
fffff7cc
000010ae
000012b2
fffff22b
00000563
ffffcb2f
00001bb1
000001f0
fffff036
ffffb29d
00000325
ffffbef1
000008ab
fffffb7f
00000b54
000012b5
ffffda89
00001691
fffff9f8
fffff615
fffffa0a
ffffaad3
ffffca32
00001167
fffffa99
ffffef30
000042f0
00000b2e
000005be
ffffee4f
00002ef2
ffffd483
00002b46
00000791
00001b5e
ffffdeb4
00003a90
ffffcbd9
000025c8
00000f65
ffffcd64
00004214
fffff7d4
00003c84
00002738
fffffdd4
000002f7
ffffee3c
ffffdb74
ffffce75
ffffcd40
ffffae3a
00000058
ffffee94
ffffe444
ffffd23f
ffffd720
00002545
ffffe322
00000148
ffffb268
fffff3f1
000005c2
00003334
00000097
000027d8
00001e02
00001af1
00002503
00000ad9
ffffcee8
ffffe159
ffffe2f3
00000c6b
ffffc898
ffffd858
fffff8e2
000003ac
000028f7
00000d48
fffff7a0
ffffed8b
0000055a
ffffef70
00000ba7
00003274
0000054c
00001443
ffffd28c
00003dcd
00000f15
00000daf
fffff8ef
ffffd11b
fffff291
000010eb
fffffce7
00002d4b
ffffdfd3
00000e7b
fffffac3
00005585
0000259d
000006cc
ffffdce9
ffffbf71
ffffefd4
ffffe9ef
ffffe8d3
ffffe156
00002a73
fffff432
00000cfb
00000ba8
00001395
ffffe7a6
0000064a
00000370
fffffa43
fffff0fc
00000912
00001958
000003f3
fffff38c
000008b0
ffffea09
fffffd3d
00000208
00001172
fffffe30
00001388
fffff29e
0000101e
000004a8
00002ec0
ffffd00e
00000036
ffffe568
00001089
000012ac
00000676
00001fcb
ffffd450
ffffee69
fffffc9a
fffff641
00000aa5
00001188
00000f65
ffffe65c
ffffcb60
00000edc
fffff956
00000abb
fffffa05
000006e4
000024dc
fffff0df
ffffe71b
fffff001
00002dc7
000014c6
00000c13
ffffed90
000022cc
ffffe5f2
000024da
00002292
ffffdf00
fffff649
ffffedbf
fffffd9c
ffffe1e1
ffffcb16
00000746
000018c7
ffffe7c8
fffff780
0000003b
fffff5e3
ffffff73
ffffded8
ffffe34c
ffffd13f
fffff403
00000067
ffffffa0
fffff2c6
fffff4d2
00001644
fffff29c
00000255
00000210
00001bd2
ffffe390
ffffedac
000036f7
ffffe052
ffffeb14
ffffe3bd
00001425
000012d5
ffffd695
fffff0ec
000017d4
fffff8d4
ffffe7b3
fffff526
fffff132
ffffd0ce
fffffd3f
00001ef0
00001cfe
000038a2
ffffe6fe
0000283b
ffffeee9
00001d59
fffff947
000003ad
ffffff1f
00001ad7
0000177d
ffffbede
00000b92
00001780
00001dbd
ffffccf9
0000275f
fffff12b
0000094e
fffff1c0
00002bdd
fffff91d
00000166
ffffd8a0
00000bf8
ffffe95d
000003e9
000008ec
ffffcba6
fffffcef
ffffee19
fffff9bd
000013db
fffff8af
ffffe979
fffff0fe
00003077
fffff370
0000099a
ffffd26f
fffff79f
ffffeb89
fffff589
00001d54
fffff506
ffffd3e1
000009c4
ffffeb8e
0000164c
ffffc8be
000006f2
000021aa
0000143f
ffffbe90
00000e3f
ffffcf32
00000123
fffff931
fffff6dd
fffff0e3
ffffe373
00001e50
0000357d
fffff853
ffffdf59
ffffdd22
0000004b
fffff4b7
fffff8e3
000008e8
00003c53
fffffcee
00002c91
00001858
00000348
ffffd401
00002d8a
fffff86d
000008a9
ffffaf4b
00002c4d
fffff8dc
00000ccc
00003a60
ffffd5b5
00000613
00000a2e
0000286d
00000877
000014af
00000e7d
ffffd808
ffffef13
ffffea5c
fffff2a6
ffffb8f0
000023bf
ffffe654
ffffe735
fffff661
fffff891
00001e1e
ffffc1cf
fffffa36
ffffbee3
ffffdbd7
00001590
00000009
fffff6d2
fffff468
000018ff
00001aa7
00000246
00001058
ffffedc5
00001111
fffff1c6
0000295e
ffffc044
fffffc1b
00001234
000011e9
00008067
00001d86
fffff482
000015f1
00002ee3
00000530
00001664
ffffeee0
fffff966
fffffd85
ffffebc7
00000c42
000030a4
ffffc921
00001ea1
0000083d
ffffffe2
0000048a
00002f0a
00001872
00000467
fffff871
00000f04
00000b1d
ffffd816
ffffd248
ffffe5bc
00002543
fffff23d
ffffd1f1
00002922
ffffd371
fffff421
ffffe529
00000322
00002ef5
000010f3
0000268a
00003c05
00001a9d
ffffbbb8
000011ac
000001ba
00001000
fffff9af
000015f6
ffffe83b
ffffe51a
ffffc836
ffffca7f
ffffef35
ffffd4c8
00001586
00002b9d
fffff4f9
ffffffec
00001e0d
ffffc909
ffffe3f7
ffffd958
ffffcb50
fffffcbf
00002295
0000404b
00002b56
0000060b
0000183b
ffffcd35
000031b5
ffffe877
ffffd3d6
ffffea59
fffff1ce
ffffee07
fffff1d8
00001e01
fffff6a4
00003fb7
fffff5cf
0000097c
00000dff
00001a97
00000d96
0000311f
fffff68b
ffffd3e5
000025d0
0000350f
000023e6
0000609b
fffffe66
000003f9
00000c36
ffffeb32
00003470
000034bb
fffff2d6
00003347
ffffdafb
00001d8e
00002940
ffffdeba
0000206b
00004a06
fffffd3c
ffffd52f
000008d3
ffffe7d3
000004b9
ffffe022
fffffdf3
000015d4
ffffdb9c
ffffcfaa
00002794
0000080c
00000597
fffffccf
00000ba4
fffff29c
000027db
00000da9
0000082d
00003327
000006ae
00002b30
ffffdc9d
fffff3e9
000008f1
000014bd
fffff082
fffffe2d
fffff6a3
0000184b
0000116c
000013b8
00002740
000011cc
0000246d
00002db3
ffffe99a
ffffd888
fffff47a
ffffebaa
ffffe3ee
fffffc19
fffff5fd
0000328b
fffff191
00003e87
fffff46a
00000186
00000e98
0000168b
00000b84
0000282d
ffffe9c4
ffffed93
ffffe50a
ffffeecc
ffffcc17
ffffe0ea
000025d3
00002c04
ffffccc3
00000799
fffffe7f
00001cca
fffff17d
00003a60
00000d0e
00000923
ffffed22
ffffebe2
000026b2
ffffff0d
ffffe0f4
000020e0
ffffefb7
ffffc8d3
00001efc
fffff03e
000017a5
fffff4de
ffffe7c7
000003b7
00003e8e
ffffdee3
000000a5
ffffdb19
00001534
00000712
000004b1
00001b16
fffffaa8
000026cc
fffff134
00002dab
00000c65
ffffe720
000041d7
00001236
00003674
000006b8
000017b2
ffffd256
00000a32
000008b9
fffff3d7
000037e2
ffffc459
00000449
000016f9
ffffee53
000038ec
00000295
000006f3
000023ca
ffffe73e
00000abc
00004983
fffff77d
ffffea8b
00003181
00001810
ffffe352
fffff024
00000e5d
000037cf
00001335
fffff5ec
000021ae
00000e32
00000ff4
00003a76
00000d20
0000472d
ffffe8d8
00000fc5
00001346
ffffec50
ffffe683
fffff8ce
ffffe7f4
00003130
00002638
0000175d
00002b9d
fffff275
00001f72
00001e62
ffffd7dd
000010a9
000002c1
000008b9
fffffbe7
ffffd643
000021a7
fffff0c7
fffff238
000003f6
ffffe50c
00000c2e
fffff199
0000122c
fffff219
fffff41e
00000414
00005e29
fffff70b
fffffea0
00000577
ffffe7b4
00002f70
00003e1f
00000032
ffffdfef
000008d4
000019e4
0000222c
ffffdac2
ffffcd33
ffffe966
00000326
00001c45
fffffa63
00000aab
ffffe78a
fffff34c
fffffe5e
ffffef9f
00000951
0000092b
00001874
00004946
000029b3
ffffaf22
0000107f
0000237a
ffffe2e9
00002489
ffffff58
ffffe4b1
ffffd173
ffffeb96
ffffb4a1
ffffed81
ffffcc93
fffff61a
0000100b
ffffec53
ffffe4b1
000012a6
ffffcce3
ffffda40
fffffeb7
fffffd80
fffffbfe
0000257b
000032f2
ffffed4b
00001102
00002059
ffffb7e4
00001b2c
ffffe984
ffffe1d6
fffff1bd
fffff6d8
000003ff
fffff008
000030f1
ffffebd5
00000069
fffffe62
00002005
000033b8
ffffeb42
00000dec
00004a75
fffff4d8
ffffc285
00000b3b
00000c97
fffff342
00003235
ffffe688
00000dd3
ffffe442
00002e3c
00001893
00001aa1
0000061f
000030c8
fffffc4c
00001cee
ffffeecf
fffff66d
0000232e
000004f7
00000979
ffffb236
00000409
00000096
0000005a
ffffaf5a
00002790
00002de2
ffffca53
ffff9e89
0000395f
ffffed6c
fffffa36
ffffef7b
0000054b
ffffe007
0000014f
00000323
0000420e
000023ef
fffff1d9
000014f4
ffffe545
ffffdc30
00002c55
ffffffd3
0000185b
ffffff78
ffffe350
000005e7
000033d0
000038fe
000019ba
00000105
00000b31
00002d9b
ffffd3f8
ffffdc3c
ffffdcf0
fffff499
fffffa6d
000008f9
fffff21e
0000478e
fffff85f
00003ebc
00000466
0000131b
000011cb
00001886
fffff8d9
00002c41
0000236a
ffffdca2
ffffded7
00000755
ffffed2e
ffffc7c6
0000241e
00002718
ffffe880
00002d95
00001fab
00000a07
ffffe394
00002d38
0000299e
fffff9e3
00002231
ffffebf3
00000e23
fffff675
ffffec6d
00001dbb
ffffec43
ffffb7ef
00000345
00001c0d
fffff9f3
fffff000
fffffd92
ffffd474
00002291
ffffebf2
00001726
ffffd3fe
fffff388
fffff6a9
00000bcc
00003b00
00000810
0000383d
fffff1b7
0000333c
00000c02
fffff030
000042b6
00001200
000028e7
00001706
000011ef
00000fff
00002e06
00002437
0000006d
00001a01
ffffd70b
fffff98a
00003000
fffff3cf
00000b22
00001ec8
0000182a
ffffff70
fffffbab
ffffe7b8
000059b4
ffffffc4
ffffe506
00003b40
0000334f
ffffdcda
fffff16b
0000181f
00003796
00000dee
00001355
00000a80
000011bd
ffffeae7
00001b1b
000016f9
00003a53
ffffedd2
fffff100
fffff678
ffffefb9
ffffe763
ffffee7b
00000757
00003efa
0000116e
00004713
00001e48
000005b6
fffffefb
000000d2
ffffdd80
00000877
fffff7e4
0000036c
0000190d
ffffbe30
00002dee
fffff013
00000f3c
fffffa90
00000ded
00000eee
ffffe0f7
ffffc495
ffffdcde
00000d89
fffff4a3
0000063d
00005bc7
ffffde96
00002252
00002dc6
ffffcbcb
fffffda0
ffffd917
0000280f
fffff662
fffffcd3
ffffd5f5
000001b2
ffffe2c6
ffffec84
000023bd
00002313
ffffda7d
ffffee5d
ffffc96a
000024c4
fffffbc3
ffffde74
00001582
fffff6b3
00002e01
ffffc87f
00002191
fffff276
ffffd49a
ffffdaef
ffffe582
ffffe46c
00002add
fffffb79
000022a5
ffffe3f0
fffff5fa
fffff953
00001f91
00002370
00003115
ffffec77
ffffcde6
fffff694
ffffff48
ffffedc1
ffffc8d9
00001fb2
0000141c
000000d9
000010d8
0000199d
ffffed57
fffff2af
ffffe89e
000015e4
00002bcd
000009d4
00002607
00000843
ffffeb94
0000016e
ffffe473
000012a6
ffffc885
ffffedd8
00002274
0000176f
000009cf
ffffe6e0
ffffdbc2
000046bf
00000624
00002d24
000040fa
0000121a
0000009d
ffffd472
ffffc72b
ffffdc22
fffff2e9
000027ea
ffffd72a
00000edc
00000797
00000b7f
00001efa
ffffeb7c
ffffe48d
ffffe7a3
000079f3
00000b4f
000008b6
000012d5
ffffecca
00002285
0000165f
ffffd031
000003c5
ffffe5c2
ffffb60e
000012f2
000022e7
fffff62e
fffff04e
00001dcd
ffffe82e
00000895
00002caa
000011ad
000015b0
fffffc33
0000068f
00003743
00002520
ffffd95b
0000012d
fffff0aa
00000ae4
ffffef31
000004be
fffffc00
ffffe5ce
000010e4
ffffda4b
ffffd610
ffffdc5a
fffff47a
00000bca
ffffec25
fffffc9c
ffffe37c
00004ff7
00002496
ffffe850
00000819
0000143a
ffffe98f
0000148a
ffffc9eb
00001d90
ffffffad
000005ef
ffffcb51
ffffe09c
000048dd
fffff478
ffffc2a9
00000092
00002b37
fffffd7b
000013fd
00002077
000019ee
ffffefe0
0000140e
fffff5c0
ffffd094
00001aaf
fffffc8a
000015cf
ffffd93e
ffffee59
00004fcc
ffffe9ab
fffff113
ffffe5eb
ffffc894
000011d7
ffffe291
ffffd3e0
00001188
ffffee15
00003964
00003a9d
ffffc602
ffffe551
000000e8
00003bd2
ffffff90
ffffeff0
ffffd382
ffffbad3
00001a21
00001a72
ffffb450
fffff263
00003344
00001352
fffff524
00001380
ffffebe6
fffffdbb
ffffe128
ffffacc6
fffff792
000032f6
00000699
ffff9fbd
00003520
00001bdc
ffffee14
ffffe645
00002b55
ffffe4f5
ffffe821
ffffe935
ffffe10b
00000a01
00002591
00000c2c
000002a8
00001498
ffffd633
fffff43c
00000d97
00000dec
ffffe5c3
fffffd52
fffff42d
0000169a
00000537
ffffe999
fffff04c
ffffd792
ffffeb43
00005010
00004966
00002b3f
0000286c
00000848
fffff9de
fffff99e
0000228f
fffff41c
00003cba
00002ad4
ffffcf9f
ffffdcad
fffffdaf
000032ae
0000217d
000001ea
fffff761
00002e4e
ffffea45
ffffe487
000000cb
ffffe879
ffffb8dc
00000e3d
00001785
00002501
ffffe000
00000836
ffffe70b
fffffed9
fffff8f8
ffffebe3
fffff21c
000001fb
fffff24b
ffffed6a
ffffda4f
ffffee63
ffffca28
0000015d
000025b3
00001f73
fffff7f6
ffffbeb3
fffff8b9
ffffe1e5
fffff837
00002d79
fffffe3d
00005c39
000030e4
ffffe8c6
00000bce
ffffe9e5
fffff821
fffff436
00004b5f
ffffd63e
00000306
fffff760
00000ffb
ffffa99f
0000374e
000006b6
fffff957
0000078f
0000027b
00000ed8
fffff59c
ffffd1f7
00002a58
00003f4e
ffffe744
000027d7
000035ba
00003235
00000855
00000be4
ffffcf08
ffffe858
fffff747
ffffd3d6
ffffde11
00000ca8
ffffe4f9
00002aca
000028a9
ffffe288
ffffea35
fffff1d5
00001a16
fffffd4d
ffffec17
ffffe3b2
000018f1
00000510
fffff673
ffffc730
00004637
ffffceed
00002dfe
00003603
00000cc6
ffffbce2
ffffd595
ffffa087
000034e0
ffffe825
ffffed65
00001ffb
fffffcc5
fffff62f
00000add
ffffd15d
ffffe2bd
fffff694
fffff994
fffffef4
ffffea0b
ffffb03a
0000263f
00002dbe
ffffd3a1
00002c3b
0000264d
00001c18
ffffd205
ffffc49d
000038f4
00003285
ffffd8eb
000004a0
ffffe821
00001a55
fffff95b
fffffdf2
ffffe94b
ffffbf6c
ffffcf1e
00000be9
000028fa
ffffe59e
ffffce0a
fffff59c
fffffed5
fffff49b
ffffec22
ffffd0ff
00001ac2
fffff5a3
ffffdfc8
ffffed51
fffff58f
0000278d
fffff48e
00000012
00002294
0000284c
00002ecb
fffff309
0000280e
ffffdd8e
ffffec9a
ffffec20
fffff63b
ffffdd8e
fffffdab
fffff0e3
00000bd4
fffffd68
00000bbc
ffffd2c6
000018f4
00002385
000053be
fffffbcb
00000c74
fffff213
ffffab95
ffffc704
00001028
00000746
00000112
fffff4dd
ffffd82d
ffffc55b
fffff0f8
ffffdb70
ffffe23a
00000920
ffffe6df
ffffc765
ffffd966
fffffc4c
00001313
000035af
fffff4f6
ffffc28e
00001f5d
fffff9c3
00000c2e
00000b66
ffffe34d
ffffb554
ffffe293
ffffe551
00001c07
ffffe202
ffffcc78
fffffd48
0000411b
ffffeab3
fffff741
fffffd13
fffff805
ffffffd6
ffffcdcd
00000205
fffff272
00001acb
000008d5
00001a1b
ffffd982
ffffc92f
00001d53
fffff781
000054e5
ffffecd0
ffffe7e2
00000a64
00001937
ffffe5c2
00001428
000019dd
00002f98
00002de7
ffffdce6
0000176d
00002567
ffffd409
00000455
0000190f
fffffa2b
ffffe8d8
ffffc331
ffffcfad
000023cb
00001c31
ffffd30c
ffffe742
ffffd779
fffffbc8
ffffc802
ffffe19c
ffffee51
ffffe0b0
000002f8
00001ddd
fffffb2e
00000c15
00000914
ffffd00c
000025eb
ffffdabc
fffff17d
ffffe296
ffffc4df
00004bfe
ffffdf98
ffffe23d
ffffe2e2
ffffece1
000051fb
fffffdba
00001dc2
ffffea01
fffffeb0
00002019
00002141
00000c95
ffffe242
fffff9ca
fffff1bb
0000196f
fffff76c
fffff959
ffffddb3
ffffd269
ffffc2f1
ffffe25c
00000c9e
00002fa3
ffffe8a4
00000f70
fffff723
00004940
000025c5
ffffbfde
ffffd45c
fffffc06
0000054c
ffffde3c
00002584
00001041
0000050b
fffff353
ffffe4be
ffffe55b
fffff38a
00001b94
00001b17
ffffe8a0
ffffdf04
ffffe5bb
00001bb0
000023e6
ffffcd32
ffffefbf
fffffe0a
ffffeee2
ffffeafb
00000bf0
ffffe51b
ffffb5e0
000014a1
fffffbca
00000f55
00000f17
00001be1
ffffbac7
ffffff19
ffffed3b
ffffff15
00001ed5
00001942
000029ef
0000034a
0000098f
00001f75
ffffde2b
ffffe640
fffff348
ffffe17b
ffffeb70
ffffbdd2
00003bfa
ffffbddc
ffffebaa
ffff976f
fffffcfc
00001093
ffffcf13
ffffc482
000008da
fffff536
00002ff0
00002078
ffffaca7
00001da6
000010ec
00001102
00002c1a
ffffd779
fffff9e7
fffff596
ffffc3b4
fffffddf
ffffbf94
00000b50
00002d5e
ffffe29e
fffff823
00001434
ffffc113
0000270d
00000a4e
ffffcca0
ffffec28
00003bc9
000010ed
ffffe831
ffffef4f
ffffe6d7
00002f21
ffffad99
ffffe3c8
000003cf
ffffe2fd
ffffe49f
fffff66d
fffff7f8
ffffff72
000001ea
fffff3e8
fffffcf8
0000140e
ffffdf21
000012a6
000007a2
ffffd08e
ffffe2eb
00003a7b
ffffda42
ffffcf5e
000002b1
0000392e
00002194
00001049
00000654
fffffa08
ffffeb1e
0000241e
ffffd5c0
ffffd90c
ffffee77
00002823
00000907
ffffd7b8
000031f8
0000167a
000000bf
ffffc6db
00000277
0000164c
fffffb55
ffffe8d5
00000a73
00000059
ffffb22d
ffffc211
ffffeec4
ffffd2d0
0000034e
ffffec57
ffffc9b1
ffffeec2
fffff4f7
000017a3
ffffe45f
ffffe3cb
00002362
fffff6f4
fffffb50
ffffe736
000021e4
ffffdde5
0000056f
00001b75
ffffc97c
000033f8
00002053
ffffda91
000030a3
00001933
00000f9b
00001e83
fffffae8
000031de
00001af3
000000da
00000a7f
000015e5
ffffff9e
00000123
fffff038
ffffe7f0
00000012
00004ee7
00000adf
fffff8fc
ffffe4e5
ffffeedc
00002786
000012e5
ffffc902
fffff7c7
0000252d
ffffdeac
00003a26
fffffba1
fffffec6
fffff9c2
ffffe4b7
fffff553
fffffdfd
ffffeb52
00001a14
000023bb
000003f7
00005055
ffffc517
fffff0bd
00000be8
ffffffa8
00000114
00000747
00002214
ffffe31e
00001f4e
fffff8af
00001892
ffffcc7d
0000481e
ffffc7ad
00000f05
00001428
fffffdcb
000005e2
ffffc47f
ffffff83
ffffca67
fffff32a
fffff805
ffffd4d7
000016b2
ffffe9d0
fffffaa8
ffffe734
ffffc6f0
ffffaa92
00001f0c
00002e0b
ffffe6c0
0000332a
ffffd853
00002289
00004207
0000093f
00005439
fffffe8f
00001a1a
00004baa
000019c5
ffffedc9
ffffb2fc
000012f4
0000217b
00001854
00000e7a
ffffdd6a
000013ba
000005cb
0000145c
00000d44
fffffdbb
000015c2
fffff086
ffffed8d
fffff1a7
ffffea5a
fffff3ed
ffffdef6
00000f66
000028e1
000013f9
ffffe2ff
ffffddfb
00000369
ffffe7ec
fffff07d
ffffb6c4
00002efb
00001c1b
00001772
0000350e
0000093c
ffffefd7
0000146d
00001b4c
0000058a
ffffe7ce
000001ba
00000e1a
fffff7e6
00002f05
fffff839
00001017
ffffdeb8
0000008c
000063da
fffff927
fffff9cc
00000eff
0000122c
ffffdb98
00004244
00001ea8
00000cda
fffffa77
000007df
ffffdaa0
ffffe3f0
fffff61f
fffff13e
ffffdbaf
000031ba
00001146
00003a84
00001ac0
ffffdd70
000011d2
ffffd8e2
00004361
fffff39e
00001548
fffff214
000007ac
000021cf
00003c52
ffffe379
00001bdb
ffffd2d5
00000840
00003608
00000432
ffffe5d7
ffffe4f8
fffff68e
000026a3
00000eac
fffff308
00005179
0000132a
fffff859
00001165
fffff0ba
00000747
fffff156
ffffdc0f
00002111
ffffefed
ffffc5aa
00002949
fffffe65
ffffdf30
fffff7d6
00001697
00001894
fffff2bb
ffffdb77
00003793
fffffeba
ffffea92
0000004e
fffff703
000030ac
000007b5
fffff0ed
fffff639
ffffc46d
0000014b
0000105b
00002a85
ffffd77b
fffff11e
00001d4c
00003eea
ffffd275
000018c0
ffffe248
00000528
ffffd56a
ffffa8ad
ffffd6d8
ffffe238
00002b8f
0000021d
ffffd902
0000530b
000037e9
0000205d
000001e7
00002382
00001c55
ffffdbbc
fffff638
00000171
00002732
fffff720
ffffeec3
00002bfd
fffff5ae
fffff211
fffff5a9
00003566
0000268d
00003c1f
00003c7b
00001faa
000001b9
fffff860
ffffaa02
ffffdf47
fffff7e3
0000180d
ffffffea
ffffc7ca
0000263e
ffffe291
fffff298
fffff80e
00002469
ffffda48
ffffdab4
00002a91
ffffeb3a
ffffe1b3
0000334f
000024ad
ffffbfa0
000023e6
ffffe758
000007b5
ffffc06b
ffffdaf4
ffffc1f8
00000b71
ffffeac1
ffffdd47
ffffd91d
0000133c
00001f94
000006d6
ffffe2a1
fffff897
000017a2
ffffead4
fffff89d
ffffd9ad
ffffe48b
00001396
0000220b
00000b2c
00002059
ffffb228
ffffef8c
00001869
0000137d
00001a1c
ffffe65d
ffffd93e
ffffec4a
fffff93f
ffffc011
00001aee
ffffed73
00003139
fffffaba
fffff895
00002212
0000117a
fffffe36
00000a30
00001043
ffffde4d
00000afa
ffffdbb4
00000cbd
ffffcb8e
00002203
00000146
ffffcc32
ffffdd9d
0000070b
ffffe72b
ffffe948
ffffede3
fffff396
00001985
00002c42
ffffda59
00002e1f
fffff588
00001407
00001d66
00002ab6
ffffe096
ffffca8e
ffffe894
ffffdf15
0000090e
ffffd637
ffffeb29
ffffe277
ffffde29
0000359d
ffffccbd
ffffc529
ffffec72
000036a5
fffffc3a
ffffee49
ffffea45
ffffe46f
00000cdb
ffffed61
fffff150
ffffe827
00000262
00000553
00002966
00000f2b
fffff008
00001250
000004a7
00000159
ffffd5a9
ffffd276
00002bad
fffff160
fffffc99
000019d4
00002993
ffffe5e7
fffff805
00000c23
00000659
ffffd863
000000c5
fffff2c9
fffff58f
fffff795
ffffec90
ffffb610
ffffe992
00001ae9
0000123a
ffffeb27
fffff5a5
00001e05
ffffc498
0000185b
ffffdd30
00000aaa
00002597
ffffcaf1
ffffda43
ffffff5a
00001e99
00002ed8
ffffca8a
ffffceb7
fffffc4b
ffffcc99
000007f8
ffffd60a
fffff3a0
fffffbee
00000753
ffffeb0d
00002f10
000015cc
ffffdcb3
ffffee67
ffffccb3
00000eae
fffff498
00003610
ffffe014
ffffbcba
000015f0
ffffe531
00000d6a
ffffea0c
ffffe710
00002240
fffff699
000007d1
00000d25
ffffd24f
fffff47f
fffffae0
00003937
ffffda2e
fffffb5f
00000eae
00001536
ffffb53a
ffffedfe
ffffdb22
0000012b
ffffe8d3
ffffe058
ffffe3e8
00003baf
ffffceb2
0000030c
00001c01
ffffe91d
fffffcf0
00001403
fffffb07
00000c92
00000efb
ffffd539
00000c05
ffffda18
000026a7
ffffca7c
fffff90e
00000c97
ffffe0d0
ffffd4cd
000031f8
00000303
00000529
000004cd
ffffb9e0
000002cb
00000b22
000025a3
ffffc417
fffff2ba
00004edc
ffffc0fc
ffffdfa4
ffffeb26
000006d0
000013be
ffffdc42
00000bdc
fffffe69
fffff3c9
ffffbb69
00002223
fffff910
fffff7c8
fffff623
ffffe376
fffffa7a
00002819
00000e4c
0000216a
fffff6a8
ffffebc9
00001033
ffffc85d
ffffeb91
0000184a
ffffeaad
ffffdddb
ffffd7dc
00004d36
ffffdd95
0000127c
00002098
ffffcd1e
000018dd
fffff3d3
ffffff2f
ffffccbc
ffffe7bb
00006d62
00000c7f
ffffeb15
000035b2
00001995
000002f9
ffffe8cd
00004b56
fffff6bf
ffffec06
00000dda
00002ac5
ffffe970
00002df3
ffffbaec
ffffe001
00001aa4
fffff427
000000d0
000014b5
ffffec28
fffff312
ffffe698
0000045f
ffffdb1f
ffffe85d
ffffe5c6
00001e88
ffffedc0
ffffedbb
000007a9
00000a30
fffffbde
00001b2b
fffff5e8
ffffda05
ffffeb88
000011bd
fffff3d1
ffffd283
00000afa
0000070c
fffff694
000008f3
000015f6
000007ee
000008ca
0000296b
fffff117
00001a0b
ffffc85a
0000067b
fffffcde
000026e1
000006f8
ffffe99b
fffffed2
0000031f
00005a3f
fffff572
fffffd06
ffffd6cc
0000079f
fffff0b4
0000066b
00000f6e
0000016d
ffffd570
00000b08
00000d79
ffffeaca
fffffe3d
ffffbe3b
00002fb1
00000f17
00000fc4
ffffcd58
ffffdf81
ffffd87a
ffffb17f
000015a1
ffffffb8
fffff172
fffff7a6
ffffe35d
00002305
0000049a
000006a1
fffffb71
ffffd94c
000036fa
fffffdd3
00000d5c
000000ea
ffffec57
ffffe391
00000266
ffffd1f1
000014d0
ffffceb4
ffffe6de
000025ab
ffffec73
fffffd5e
00003e21
000018c1
00000cbe
ffffc588
fffff14d
fffffa9a
ffffb523
ffffdfb1
ffffedd0
ffffe1a5
ffffe9ab
00000c02
000049b0
fffff4fb
ffffe6ae
fffffd45
0000040a
0000059a
000021d1
ffffef27
fffff535
fffff91c
fffff65b
fffffc45
fffffb98
fffff012
00000845
ffffcd92
00004270
ffffe5fb
fffff702
0000329d
ffffdfc4
ffffea9f
ffffda71
ffffdfa2
ffffdd6a
0000193e
ffffecc0
00000640
fffffdf2
00000157
fffff01f
ffffe3d4
00005889
ffffb5a8
000004ea
ffffee91
fffff7aa
00001294
00000c76
00000ff2
ffffe87d
ffffeeb6
00001dad
fffffd48
0000522d
00002e95
000000af
00000c24
00001a74
ffffc661
0000009f
00002099
00000b15
ffffef78
0000082c
ffffee8f
00003728
ffffded3
fffff36c
0000189e
ffffd669
ffffce87
ffffe7c6
ffffcadc
fffff587
00000322
00000e07
000015ff
fffff777
00000873
000037b4
00002280
ffffdf46
000000da
00000103
00001b32
00002b8a
00000cec
000024e7
ffffeea5
00002246
ffffdbe8
000000f7
ffffef9f
00000da4
ffffee75
00000f5b
00000d92
ffffe423
ffffe845
00000416
00000b12
00001a04
00000845
00004068
ffffcdc2
00001ab9
00001ce5
0000105d
fffff081
00000756
fffff99b
00000da3
ffffda4c
00001f0b
ffffc67c
000028f1
fffff8d7
000029b1
ffffd48a
00001fbc
fffffebe
fffff9a4
000019c0
fffff1b0
ffffdf34
ffffe057
00001148
00001d73
00000d05
000024af
00002a16
ffffcd87
000000f5
ffffc52f
00002a78
00000e67
fffff890
0000160f
ffffe870
00001674
fffffa55
ffffe6d7
ffffd24c
00000e37
000013fe
00000c2a
00004427
00004866
00000ca1
00004b18
ffffcae9
ffffdb06
fffffe01
fffff9f7
ffffde6d
00000ae0
00000b36
00003ab8
ffffd9e7
fffff6f6
ffffd6bd
ffffd719
fffff3b9
ffffd7cc
ffffdfa0
00002e6c
fffff61f
0000074b
000028c0
ffffe300
ffffd411
ffffbbba
000021d2
fffff281
00001a36
00000ec5
fffff3de
fffffbaf
000020ef
ffffedb8
00001a5f
000007e4
00000336
000009c4
fffffea7
ffffd5b2
000049ac
ffffee3c
ffffde53
fffffd7c
00000c74
00000d9b
fffffb27
00002d95
000021f6
ffffff20
0000337b
00002c19
00000ed0
000034a0
fffff27c
ffffe7a1
000021e9
00001e71
0000029d
fffffb41
00002302
fffffbe1
00001038
0000188c
ffffa5a1
ffffde1a
ffffefc8
00000b3b
00001a46
0000025d
ffffd74b
00004132
ffffea06
00000a5d
000008ba
fffff74e
fffffb40
000015db
ffffd480
ffffcca4
ffffe5dc
00000460
ffffd3a8
00000c60
fffff86d
0000102a
ffffc89f
00000149
00000085
ffffd6e6
000016aa
ffffe013
ffffd6fe
000018f7
00000813
ffffed35
00000ab3
000008b8
fffff92d
ffffddf0
fffff11a
0000071d
ffffe6b7
000033ce
ffffe476
00003246
00000615
00000697
fffff69e
00001e7f
00002bc6
00000da9
00000d32
000018fb
ffffecdf
000004ec
00001f39
00001703
000025b3
ffffb755
fffff06e
00001a45
ffffc614
ffffd1c6
ffffdb67
00000180
000026e3
00003058
0000385b
000028ca
000023f9
ffffe3c9
00005ae3
fffff55c
00000568
00001b96
00002c17
fffff4ad
ffffd43d
fffff056
ffffe6cc
000013b6
00000550
0000273e
00003547
000005e9
fffff337
ffffff95
fffffea3
ffffff2a
fffffc49
ffffc05e
ffffd629
000020e8
00001f88
00001d15
ffffe5ff
00001b30
ffffddc5
00002445
00000603
ffffd64e
fffff039
fffff05a
ffffe1b8
00000e39
00001c95
ffffef3e
00001874
fffffa35
00003d71
000000af
0000152a
00000eec
00004760
fffff4c1
fffff926
ffffd915
00000c0c
000039c3
000063a2
00000511
00002e12
000027ec
00002025
000005aa
00001da8
000012d9
00000679
fffff648
00000303
00004943
00000c5d
fffffc28
0000152c
00000417
000009c1
000016b1
ffffb2c4
ffffec28
ffffdd98
00002b34
00002c48
000010c5
000011bc
00002475
ffffeb31
00002bc0
ffffee10
ffffe1d8
ffffdd18
0000250e
0000081c
00000fee
000016bd
000028ab
00002133
ffffe73d
ffffd3cc
0000445d
00001688
000000c6
fffff8b5
00001a4e
00001c63
ffffd9da
fffffc2d
00000130
00001637
00001c15
000024dc
ffffefd0
ffffee6b
000001d6
ffffe3bb
fffffdb3
fffff6a0
ffffdbca
00000cc9
00003874
0000309d
fffff33a
000014a8
00001672
00000351
00000768
00002f10
000014c0
fffff63a
ffffc905
fffffdfd
000018cf
000033c6
00002f76
fffffcb8
ffffd503
ffffd836
ffffe5b4
00001ecd
fffff286
000049dc
00002697
000033c4
0000043d
ffffd7c5
fffff22d
00004848
fffff3bd
0000166b
ffffd816
00001504
000008ff
00001bda
ffffff44
ffffd19e
ffffe0eb
ffffc7e6
0000254a
fffff645
00001219
ffffe7e4
fffff982
ffffe7e3
00002078
0000150f
ffffe24d
00001855
ffffff90
000036db
00002d6c
ffffcd8d
00002268
000017ac
00003468
ffffcf7a
00000f24
ffffeed1
ffffe79d
0000248b
00001831
00002927
fffff017
00003043
ffffd4ba
ffffe525
fffff4cc
ffffecc6
ffffede2
00001850
ffffffc8
00000249
00004640
ffffdeba
ffffd199
00003751
ffffd5de
ffffd561
fffff870
000008bb
000028c6
000023d0
fffff1ee
000022b7
0000138c
0000048e
00002efd
00000454
0000472d
fffffe7e
00002627
00000638
00000e0d
ffffe159
fffffed7
000020c2
00000f67
000040f0
00000dee
000059e1
ffffdba3
fffff479
000002ad
ffffdcc8
00001ab1
00000054
ffffeaff
ffffd8c3
ffffb618
00004a20
ffffa8f5
ffffdd1e
fffffaf7
fffffc0e
ffffd2fa
ffffff81
00002b1a
fffff516
000015d3
00000f73
00004718
ffffb79f
00003f9a
00000485
00002189
0000344e
00003b7c
ffffff7e
fffff23e
ffffd088
ffffef05
ffffd62b
ffffdbf4
0000072c
00001320
fffff37d
ffffdb01
fffff1d3
fffff8e0
ffffcc81
0000142f
fffff2ad
0000077b
0000398f
00004f3e
00001c90
00000f86
000014d6
ffffda8b
0000380a
fffff8de
000015fd
00001f00
00001692
ffffffdc
ffffe455
fffffc09
ffffbf6d
00000768
ffffffcb
000016bb
00001d9f
fffffe76
ffffe692
000001be
00000e7b
ffffec9e
ffffffb1
ffffaea5
ffffeaa9
000016b5
00001c0d
fffff8fd
0000038c
ffffe4f0
00000380
0000104b
ffffd552
ffffdaae
fffff40a
00001f7f
ffffd2de
00000f0f
000029ae
00000713
00000399
00000bdb
00004fe0
000014a9
fffff8ee
000025b2
00002819
ffffce75
00001b88
000001ad
ffffd19f
fffffd29
00003da0
00001fa5
00001431
000027ef
00002238
00000561
fffff8d7
fffffa20
ffffd80c
00000b2a
00001944
0000221b
000004c3
000004fa
ffffdc9b
00002ad4
ffffdd39
ffffc704
000005ae
000023a8
ffffde38
00001cac
fffff299
00001361
0000066e
00001df4
000013ad
00004c3c
ffffe284
ffffe302
ffffd779
000032d2
ffffe280
00003a73
fffffabf
0000436b
00001312
ffffe428
00001e26
00004b4a
ffffe2c2
00001a6f
0000029e
00001782
ffffcc46
000001b3
fffff3f5
00002fc2
00001159
000039bc
00003ab6
00000371
000001f1
000018e9
ffffaef0
00000590
ffffd18f
ffffbbbd
00001583
000011ee
00006b52
ffffe7e6
00000ed6
00001d3e
fffff6f3
00001972
0000048d
00003769
0000334a
ffffd448
00000406
fffffab9
00002da6
00002940
0000079b
ffffff82
ffffe134
0000149a
000029fc
ffffc592
00001d07
00002f4e
00003663
ffffe3ee
ffffdc47
0000158e
0000161a
ffffd758
fffff339
ffffce58
00001f1c
00000a12
00000765
ffffeb27
ffffbff6
ffffff02
ffffda0e
00000db8
ffffeb5e
000005ea
ffffdcab
ffffe434
00000318
000025af
000040e5
ffffd5d0
00000a76
ffffdcd5
000018ef
0000474d
ffffd464
0000054e
00000c3a
0000531e
ffffe7b7
00002924
00001cb9
ffffcbfb
00002987
ffffee9c
000030af
00001176
00001ca3
ffffef5e
ffffea41
fffffdc7
ffffd7ba
000010b9
ffffdc1f
00000859
000025a1
000026f9
00001b98
ffffe5f9
00002818
fffffc27
ffffe3fd
ffffec39
ffffeccf
00000576
00001d4e
ffffd9ca
00002ce2
000003fd
ffffcc62
00001dc9
00000e91
00007c16
0000044f
00001cee
00001c5d
ffffef4a
fffffb08
ffffebb0
00001d7a
00001518
00003fae
00003035
00008a5c
ffffe5f4
000001ce
00000495
ffffd337
000003d8
ffffe6e0
ffffcc5c
00002851
ffffb3e1
0000010f
ffffae6d
ffffeeaf
ffffb7e8
ffffe2e0
fffff949
fffff83e
0000083f
ffffcefb
ffffe8be
ffffe3d7
00002e63
00002d79
ffffd4d7
fffffd8d
fffffe10
00001150
00001395
fffffbe9
00002330
00000fee
fffffd71
fffffd09
ffffcd45
ffffd6fc
fffff4ee
00002688
0000589c
000026d3
ffffe428
00000b6b
ffffdb04
00000d49
ffffeccd
ffffeb95
ffffdce5
ffffef35
0000233f
00000910
ffffbaca
00000619
00003038
ffffebe6
00000f8c
ffffec5a
ffffd578
00000e35
0000077c
ffffa42c
ffffa681
ffffcb2b
ffffc9c1
00000e02
00000114
fffff0cd
00000ed6
ffffefd8
ffffeb55
000011a8
0000452e
ffffeda1
00000967
00001f49
ffffd51e
000035b1
000025a1
ffffeb33
fffff3eb
ffffc0d5
ffffea70
fffffb53
00001045
0000471f
ffffe0de
00000c13
00001735
ffffec35
0000034c
00000396
00001542
ffffdf3a
ffffe886
0000226e
00000bc5
ffffbdc9
fffff6b2
000024b7
ffffe245
fffff4e4
ffffe6d9
00000d16
ffffdbba
000040da
00002796
00001dce
ffffeaec
00003aea
00001bac
000014c5
ffffd329
ffffd769
00000b9f
ffffe198
fffff121
ffffca09
000015e7
fffff1d3
fffffcaf
ffffcfee
0000397f
00001581
ffffb198
ffffd511
00003c37
ffffdcbb
ffffd6d5
ffffe04e
ffffe0f7
00000cf3
fffff6b4
000014ac
00003c8e
000003e2
00000513
00002544
fffffca6
ffffce51
000011ad
00000d38
00001c9e
ffffdd7f
ffffd28d
00000440
00001c28
00003d78
fffff993
ffffd521
00001b55
fffff59e
ffffcd02
00000457
ffffdd0e
fffffdaa
ffffecc1
00000d5e
00002a59
00000bb5
00000d90
00000694
00001c70
00000ac9
fffff237
000010a2
ffffef91
00002f2d
0000264f
ffffd4a7
ffffd594
fffffe3f
ffffe6d0
ffffc73d
00002744
00001a4d
ffffe3c5
00004b53
000039fe
fffffd31
00002653
00000b73
00000648
fffff6af
00004a09
ffffc71c
00002836
ffffe359
00002976
00000e69
fffff6f4
ffffdb2d
fffff256
00001192
ffffe895
ffffcc23
00000a37
ffffe46d
00000518
000029d0
00001478
ffffc8f7
ffffd40a
fffff96b
ffffe911
000014cd
00000475
00002671
fffffb58
000016a6
fffff9ec
000014db
00002643
fffffd0a
ffffe8f7
00003afc
ffffe923
00002f69
00003408
0000001c
fffff98f
ffffed5c
ffffe044
fffff5d0
00002ec1
0000080c
fffffeb6
00003e5e
000024fb
ffffee00
00000587
ffffc841
000034eb
fffff847
fffffe37
0000114c
000023d5
fffffe65
fffffa2a
00002391
00002d43
000006aa
00002412
fffff8bd
00000ea1
00002334
fffff997
fffff901
000033d2
ffffda45
fffff89a
00000214
ffffe8f6
ffffbdc0
00000583
fffff484
ffffec8c
ffffe08a
fffff04f
ffffd833
000013da
ffffddf1
fffff224
ffffc831
ffffdf1c
ffffff05
fffff4b9
00000176
ffffdc9c
fffffa94
00001804
000037f2
ffffeda6
ffffe762
ffffdaa4
000000e2
ffffe4fd
000022d5
00001d85
ffffea5f
ffffff70
00000e9b
ffffe574
00002a7a
00000a49
ffffe45d
fffff940
fffffdad
0000110a
fffffad0
ffffe06f
ffffc5ca
00000ca7
000004e8
fffff9cc
00001d18
000012d0
ffffcd4b
ffffed59
00000925
0000440f
fffffaba
fffff6c7
00000e3a
000012fa
00000951
ffffe675
000007ee
ffffe251
ffffe455
00001cb5
fffffa23
ffffde25
000011e5
0000098d
00000f74
ffffc079
fffff967
fffff3fa
fffffa94
00000101
ffffea6e
0000192f
000013e0
ffffe5b4
ffffdb88
00001f05
ffffe69f
00003d0b
000001fa
fffff396
fffff3be
00000514
ffffd7a9
ffffefdd
fffff46b
ffffe957
000014b3
ffffc77d
00003802
ffffff25
ffffd548
000017f6
ffffd804
00001aa9
ffffe135
00001679
00001487
00001af7
00002625
00000cbe
ffffe7fc
00004037
000027af
fffffc37
fffff8e4
ffffec1a
00000054
000001fc
ffffeaca
ffffe7da
ffffd46a
000019e8
00001b34
ffffef2f
fffffe37
ffffe67c
00001118
00000895
ffffe3a9
fffff64e
00002b55
00001fab
ffffff6d
000027ec
fffff6fb
00002bbb
00002279
ffffddfe
ffffd212
ffffefd6
fffff6ea
ffffe627
00002b8b
00001219
ffffd312
000003da
0000239f
ffffe81d
0000026f
00000c5b
ffffe9bb
00000a80
00002b56
00004a33
000011e8
00001486
fffff844
fffff995
ffffefc5
ffffe5d6
ffffe6b6
ffffee5b
ffffee43
000020c6
fffff1a2
fffff15a
ffffce37
00000a40
00001389
00001ec6
0000041b
000003fb
00003164
0000070b
000011a5
fffff163
00002190
ffffcc96
00002754
fffff79d
00000829
00001c27
fffffe93
ffffdada
ffffea7f
0000843b
000006f7
ffffd155
ffffcfee
fffff6ed
fffff433
00000a6a
00002729
0000085c
fffff918
00001f0e
ffffdd11
ffffd2d9
000008f0
fffffdef
0000298c
fffffd7c
ffffe693
00002d82
000004e2
000002c8
00000658
ffffda36
fffffb58
00000ab5
00000500
000027c7
fffff886
00002283
00001b08
ffffb7fc
ffffede1
000001b3
00001fb8
fffffd04
00000693
ffffd9af
ffffd4a4
ffffd93b
000012a5
ffffdf64
00001e40
0000017b
00000b29
00001100
00000051
0000118b
00000553
ffffe46d
ffffb390
00001f68
000015f2
fffff655
ffffc2e2
00002d23
000042dc
000022ab
ffffdb7d
00003517
ffffe26f
0000002d
00000719
ffffd523
00005097
00004151
ffffdf5d
000002d3
00001fcb
00000094
fffffce7
00000459
0000016f
fffff329
00003738
ffffe8bf
ffffc844
ffffe40f
fffff029
fffff549
ffffe022
00000cf7
00003513
000006ce
000056cb
00001c0b
000030d5
ffffead2
fffffad9
00002daa
ffffe7e1
00002e54
0000003e
ffffc111
0000038d
ffffec47
00001589
00002d49
00001635
fffffd58
00000823
000007ef
ffffd8a8
00000163
fffffa46
000001f9
00001984
00000167
fffff644
00000f10
fffff1bc
00006fe0
fffff4f4
00003379
00001a51
fffff535
00001a08
00002126
00004186
00000e18
00000303
00000e3b
00000517
00000ce3
00002297
ffffec20
00000401
ffffff98
000008c3
000012cc
ffffb602
ffffe8ef
fffffb82
00001b3b
0000183a
0000374e
000013b0
00002534
fffff307
fffff213
0000485f
00001ef3
fffff320
00000b5b
0000271f
fffff440
ffffd476
fffff223
ffffd9c1
fffffa20
fffffe83
ffffec6a
fffffc83
00003acc
000000f5
fffff67a
ffffe5df
000003ec
00000d03
ffffeba9
fffffd48
00001b55
00000097
fffffba0
ffffc495
00000fe3
ffffecac
000002b8
00000016
ffffefad
ffffde3b
ffffdaa3
ffffe83e
0000136d
00000787
ffffff40
0000298c
00000f1e
00002731
ffffdace
00000a1e
0000056c
000038a9
fffff868
ffffee01
ffffe941
ffffeba2
00003231
000014ad
00003058
00004e25
00000b7f
00001b0f
fffff004
00001b05
ffffd803
fffff78c
ffffdf0e
ffffd911
0000476e
00001bba
000002af
ffffe556
fffff85e
ffffe34d
ffffefef
000009bd
ffffe91f
ffffdb83
000039bb
000030e9
00001f25
0000193d
ffffffa4
ffffdc35
000009da
ffffd5b9
ffffc64d
00000bb3
fffffe1b
fffff16b
00000352
ffffef26
0000197e
fffffa8d
000006ff
fffff38e
00007247
ffffff44
000014b2
ffffef7c
00001ef0
000012b8
ffffda2a
00002151
ffffdb31
0000277d
00002597
00001765
00002151
ffffeff6
fffffe7e
ffffdbc1
000044f1
fffff735
ffffd4d9
00003598
00003462
00001a67
00001161
0000286d
000028b6
fffff8ea
00001df7
000014aa
00003261
ffffe8fd
ffffffe8
00002787
fffff674
000035f2
000009d7
ffffc886
ffffdf64
fffffaae
ffffe73d
00000dd5
ffffef8d
000028bc
00000fbe
0000328b
00001e7b
fffff62e
000021d7
00003159
ffffe993
000007d3
fffff08d
0000236f
0000245b
00000be7
00000f52
ffffbfe0
ffffefd1
ffffc865
fffffcea
ffffebdb
0000187b
ffffd7b2
ffffe6d5
fffffdae
00002423
0000349a
ffffde85
000032ae
ffffe140
000023d4
000002f3
ffffbfb7
ffffef58
000007f0
00002972
ffffd7e6
00001071
00000ff4
fffff028
fffffe08
0000202e
00002601
fffffd41
00002bae
00000093
ffffdcc7
fffffcbc
ffffda83
fffff07b
0000076a
00000295
00001b3c
00003fe9
00000432
ffffdc79
00000adc
00000a9c
ffffd669
ffffecc1
ffffeeb6
000004c7
00000256
ffffe367
0000036d
00002362
ffffdad9
0000010b
00001318
000016ac
00000815
fffff0da
fffff1bf
00000b2a
0000061a
ffffe891
00002ca9
00000e98
00002f9b
000008d6
00004709
ffffbed8
ffffc256
ffffd32f
ffffca11
00000dcb
ffffe36f
ffffe714
ffffd045
ffffbc96
00004097
ffffd98a
ffffd880
ffffeda5
ffffd926
ffffe5e6
00000b5e
0000011e
00002b72
fffffcda
00000b8e
00002003
ffffc0cb
fffff61f
ffffc7b7
ffffce44
00001f09
00000ca7
00000710
ffffd822
000009b6
000002b3
00002f49
00003995
ffffee5a
fffffc2e
ffffcfb4
00001770
ffffeb2e
000018bb
0000185f
fffffff9
00003341
00004442
fffff43e
000011f6
00000bf3
0000004d
ffffed06
000014b4
000016c8
00001932
00002541
00001d65
ffffc887
00002674
ffffe7f1
ffffdef1
0000168e
00001380
ffffd884
ffffeb75
ffffee2f
000032ef
000046ce
0000290d
0000181a
00003980
00002b20
fffffeec
ffffd6f7
ffffed2d
fffffdb0
fffff52c
ffffdf90
fffffed5
000006f3
ffffff17
00002e78
000019c9
ffffdfaa
ffffe75a
ffffede5
fffff72d
0000114e
ffffcb8a
fffffc2f
00000843
fffff08e
ffffead1
ffffb9e9
000032cf
00001252
fffffe47
fffff468
00000c59
ffffc6df
0000013f
ffffd0a6
ffffec8d
fffffe9b
00000c5b
00000efc
fffff86d
000005b6
fffffc67
ffffef0d
fffff603
fffff665
fffff05f
fffffb89
fffff784
ffffd981
00001a80
00001442
ffffdbf9
000011e0
ffffe6de
fffff012
fffff493
00000d99
00001333
00003974
fffffa78
ffffcb4f
fffffa1a
00001740
fffffa2e
ffffeb75
ffffd1b9
ffffe86f
ffffca38
ffffed87
00000b48
00000ab5
ffffac22
ffffbb9e
000012d5
000002b4
ffffdd67
ffffdf91
00002d21
000014c1
000007f9
00002572
ffffe1ba
fffff18d
00000df6
00002439
ffffeda5
00000b9c
ffffeec4
0000068c
0000175d
ffffb574
fffffc45
00000692
fffffac5
ffffbfdf
0000368a
00000bf4
00000f63
fffffc5f
00000889
ffffde36
00001591
ffffe838
fffffbf5
ffffbb14
000017bb
00000e98
ffffcd07
ffffe584
ffffe101
00000842
fffff4a0
fffff88c
ffffed2b
ffffc843
000005fb
fffff7e5
000036c3
fffff7ff
000002e5
00000afe
ffffd5bc
00001c50
00001bcc
0000061f
000011f4
ffffc316
000003c3
00001b30
ffffe5bf
000008c6
ffffe7e2
ffffc08f
00001487
000001b6
00002afc
ffffdeb4
ffffd8c3
000016d0
00003ce5
00003f0f
0000150a
fffffe4e
00003053
00001efa
fffff527
fffff0f9
ffffd020
00001464
000012ae
00002c93
00003346
00000180
ffffe975
ffffde08
00001aea
fffffcbb
ffffe47d
ffffefbb
00000ede
000012f6
ffffe503
0000518d
00001931
00000690
00002528
fffff53f
ffffebb9
00000480
ffffffe9
ffffda91
000022d3
ffffef75
00000518
fffff259
00004403
ffffd71a
fffff408
fffff66e
ffffeced
0000119a
ffffe26a
fffffbbd
ffffcdde
ffffaa82
ffffd7ba
ffffc975
fffff922
ffffd18f
00000191
ffffe0d6
ffffdc28
ffffe665
fffff157
000004b4
00000384
0000235e
00001077
fffff15f
ffffec19
fffff602
000035bc
ffffe9bc
00001b75
0000061e
00001a03
0000147c
0000119c
00001c7b
ffffffca
fffffdc3
ffffb639
00000d3d
ffffe1ff
00002b07
ffffec8f
ffffca53
ffffe5d1
00000977
ffffcdf6
000004b0
ffffe825
ffffe664
ffffff6a
00006932
0000274f
ffffb45e
ffffdc34
fffff3d4
ffffe893
fffff136
fffffea0
00003188
ffffef9e
00000e25
00001cd0
fffff892
fffff232
ffffee8e
ffffe834
fffff902
00000b51
ffffc36f
fffffa5a
00001aa4
fffffdb5
ffffeca0
fffff0fe
00001175
00000aab
00000406
00000387
0000149f
00001ad4
fffff960
ffffed8b
fffff168
000039ba
fffff5f8
00001e6b
0000016e
fffffac9
00001ad8
00000cb8
00001f0b
00000a6b
00000e60
ffffef7d
ffffffda
fffffd30
ffffe271
00000d1f
ffffd6c2
fffff91a
00003a94
ffffd5b4
000006b8
ffffa63f
ffffddc9
fffffa84
ffffe74b
ffffdf50
ffffe791
00000160
ffffe893
000014fb
fffff15f
00001902
00001937
fffffca8
000013ad
ffffca3c
ffffdc65
fffffd53
00002acb
00000499
ffffcf64
00001698
00002cc6
fffff3dc
ffffed48
ffffe8ae
ffffec8a
00001d1a
ffffc589
ffffd7aa
00000f34
000004ca
ffffe82c
fffff855
ffffeefc
ffffc9ec
00000c4a
fffff168
00000f6e
0000233d
ffffda90
ffffcb54
000020f7
00000271
ffffee48
fffff187
fffffb01
ffffe7dc
00002bf7
ffffdcbc
fffff927
ffffe16c
ffffee86
ffffd6fd
00002b25
ffffef44
ffffe06a
fffff3be
00004081
fffff7f9
00003563
ffffec92
fffffc54
ffffe198
00001946
ffffdb83
00000e98
ffffd04e
000036ed
fffff477
ffffee24
00002772
fffff53f
fffffe3b
ffff9dc0
000015a9
fffff4a7
ffffd753
00000746
fffff821
ffffee10
ffffcf71
fffff31f
ffffd9c9
ffffcd92
00002347
ffffeb55
fffff577
00000482
00000f1d
0000129f
00000c1b
ffffefa2
fffffadf
ffffe066
ffffea74
ffffdf03
000024dd
ffffe814
000003ee
00000a0b
ffffeeeb
00002b61
fffff9d7
ffffe66f
00000bc9
00000aeb
00000c4c
ffffda37
fffff2ef
00003dfa
000011c5
ffffea01
00000c39
ffffe299
00001b16
fffffdc4
ffffeaa2
ffffece1
0000120f
00002dd1
00001f07
ffffdfcf
ffffe7a2
fffff6a8
0000186d
fffff586
ffffc46a
00002896
00000498
ffffcfbd
00004a0f
00001661
ffffe421
ffffe301
fffffda9
ffffe374
ffffd935
ffffc8b1
0000174a
0000414f
000008f1
00006147
ffffd835
ffffd1c9
ffffe7ef
ffffeecb
ffffea6a
00001194
00000015
ffffcd00
fffff4fa
ffffef21
000013be
ffffc74f
00005939
ffffd112
ffffe6b5
00003980
fffff68f
ffffef69
ffffb992
ffffdfb4
ffffd050
ffffef9f
00000606
ffffd066
0000019a
ffffd883
fffffb7b
fffffbf3
ffffdfeb
ffffc5f4
00000e43
00000dbb
00000fef
000036e6
ffffee23
00002733
00002323
ffffe434
0000751a
000001d0
00000998
0000383b
0000246b
ffffe7a8
ffffe9ec
fffffff7
00001a31
0000078f
00000368
fffff177
00004658
ffffcb83
00000911
fffffde6
ffffb930
00001ba6
00002f47
00001b58
fffff59b
00000fb0
fffff905
00001929
ffffe0a6
000001ca
fffff053
ffffd22d
0000387f
0000210a
000025a5
fffffb02
00000574
00002039
00001de6
ffffea95
0000055c
ffffe7a5
00003866
fffff1ae
00000266
00003c9b
00003fcb
fffff936
000032e5
ffffd196
fffffe3f
ffffd7ae
ffffff27
ffffe2ba
ffffe551
ffffd3c2
ffffe226
ffffec0e
00004cb8
00003403
0000047a
fffff39a
0000061f
00002e62
00001227
ffffdc24
ffffdfef
ffffe670
ffffee77
ffffd9f7
0000155b
00001047
00000d7f
ffffed55
fffffaae
ffffd6ef
ffffd68e
00001a87
ffffed20
0000001a
fffff2cf
fffff8c6
000028fa
ffffe335
fffffd43
fffff0ff
0000217e
00003b75
000016bd
ffffe220
ffffe0d4
ffffc43e
0000142d
ffffe395
00001087
00003066
0000010f
ffffee47
ffffe7e6
00001043
ffffda5b
ffffe5d6
ffffe584
ffffd32a
00000c3c
fffffa77
000014f9
ffffbdef
ffffea86
ffffddf9
ffffd677
00002fb8
ffffdbb0
ffffcbb6
00001886
00001b10
00000c96
00003a82
ffffdd36
ffffde61
fffff459
000006e5
ffffde44
000005fe
ffffc71b
ffffeed1
0000005f
ffffe958
00001574
fffffd1b
ffffddb8
ffffcf85
0000520d
fffff600
0000061d
ffffd22f
00001674
00000fa2
fffffda4
00001b62
ffffd522
00001ea9
00002493
00000656
00000d1f
0000050c
00000a99
00000b25
00003858
ffffba31
ffffd645
00003081
00002f8e
ffffe2a0
00003397
00001332
00002516
00000373
00001bc3
fffffacb
00004ced
fffff16b
fffff62a
ffffe68b
fffffb75
000031b0
ffffd1b0
ffffe098
ffffe232
0000059a
ffffe19d
00000ece
ffffece7
ffffe3c2
00003f84
00001209
00003413
ffffde9b
fffff4e2
0000009b
ffffdd2d
00001d70
ffffffa3
0000181d
000022e8
fffffc9b
fffff19a
ffffddc8
000003ee
ffffe5d1
000001bf
ffffc919
00001748
ffffdbb2
00000ef9
fffff49d
ffffeed2
00002342
00000aa6
00003b42
ffffdb7b
fffff9d5
00001ac6
00000b5d
ffffdc1a
0000103b
fffffcae
00001b71
fffffee3
00003be0
00002e95
00000a30
fffffaf9
000006ba
ffffe92d
00002271
000003dc
ffffef32
00001ee2
fffff9fa
ffffeaa4
0000133e
000023d4
00001130
00002f55
fffff2b5
ffffdbdf
ffffee12
fffffa1b
ffffde51
00000f46
ffffd303
fffff064
ffffcac6
00002142
ffffcccb
fffffe08
ffffccaf
ffffd7de
000018d7
00000a86
fffff614
ffffdf02
ffffc831
ffffd1d1
ffffda39
fffff9a3
fffffba4
00001c69
fffffdb1
00000697
000009f1
fffffccc
ffffbdf2
ffffe6f5
fffff261
ffffe710
ffffde01
fffff451
00000aaa
fffffc16
00000204
fffff768
fffff072
00001fd9
fffff447
fffff304
ffffff38
00000499
000010e0
000021a2
000003fb
0000448d
ffffcc37
000018c9
000009df
ffffc9db
00000306
00001d94
000038e4
fffff3a6
00001305
000009df
ffffeea3
000001ec
0000071a
0000012f
ffffe8de
000017d3
00000cf7
00001eac
ffffe456
fffffc0b
0000165d
fffff973
ffffdf3c
00002539
0000008e
00003518
ffffe14d
ffffdf34
0000349f
00002f54
ffffdf01
00001936
fffff902
fffff1db
ffffd22b
00000452
ffffb097
fffffbf6
ffffd6d5
ffffd74c
ffffdb24
000065f3
00002c9d
ffffd4ef
ffffd68f
000000a2
00001cb9
ffffea88
fffffd3d
ffffe000
ffffe492
0000127f
ffffc570
0000133c
fffff5b5
fffff8b6
00000954
ffffe294
ffffe3a6
ffffe44c
ffffeabb
000006a9
fffff20f
000018f5
00001f31
00003680
000013c3
0000082b
000018f7
00000c15
0000326e
000003dd
fffff7f1
ffffc486
ffffbe45
00003ec2
fffffc9d
0000523d
00004e14
fffff6f8
ffffe43c
ffffef5a
000003e5
ffffefbe
ffffe617
ffffecd3
ffffe0ff
0000435d
ffffe97c
0000101d
ffffd673
ffffe9be
ffffd1c8
ffffdf75
000015d7
00000559
ffffe8de
00001c6c
00002d01
000016b7
00000ee1
ffffcf68
ffffee92
000003ad
ffffe9cc
ffffc141
00004052
ffffd7c9
ffffdf33
fffffc2f
ffffeb80
000004e2
0000085c
00000ca7
fffff14b
000076d7
ffffef20
fffffbf2
00000255
ffffedb9
00001db6
ffffeedc
00000e9c
ffffe366
00003741
0000268c
fffffb46
00002721
fffff7f1
00001d28
ffffeee9
00004603
ffffd12d
ffffd9d3
00003d25
00003301
fffffb76
000017f3
00001283
00003987
00000645
00001b9e
00000569
00004b72
ffffe477
0000353e
0000145e
ffffdf8f
00001b01
ffffdc48
ffffc00a
ffffe89c
00000225
ffffd0bf
fffffd4b
fffff665
0000114d
fffffba5
00002c27
000021a6
000005ed
000017fc
00000581
ffffe189
00001432
00000548
0000416e
000024c5
00002c75
ffffec61
ffffc8b7
00001608
ffffc3b9
fffff4be
ffffed9f
00000a0a
ffffcc06
ffffea86
ffffff69
0000022d
00002370
ffffe864
00003573
ffffc808
00001379
000003ed
fffff840
ffffdd24
000029bd
00000137
ffffe88a
00002149
0000259f
fffffa99
ffffe152
00002d7d
00000ffd
ffffe57b
000018c9
000018d0
00000e0c
00000cc8
ffffc939
fffff506
fffff209
00000419
00002648
00002bf5
000025e2
0000099b
ffffef75
fffffacb
ffffee3b
00000a4d
ffffe541
ffffeb1f
ffffe110
fffff540
0000185c
00001e00
ffffb457
ffffd674
00000808
00001203
000003b3
ffffee18
ffffe7c4
ffffc0e3
0000277c
00000ce9
00003041
00000a15
000015b5
00000bc5
fffffc74
fffff100
ffffb4d1
ffffdefe
ffffdfec
fffffb43
ffffd73b
fffff3b5
fffff7da
ffffcf64
000019cf
ffffe914
ffffdea4
fffffc23
00002283
00004bea
000018fd
ffffce9e
fffffde9
000013b5
00001bc7
0000005c
ffffca82
00000ccc
00001cd4
000010cd
ffffc4ac
00000f0b
ffffefc7
ffffea33
fffff80c
ffffd8cb
ffffdd6a
0000185c
0000122d
00002b90
00000e0b
ffffe1dd
ffffae1f
000019fa
ffffd89a
00001cc2
00000007
0000056b
00002ecd
fffffb45
00003f64
ffffd5bc
ffffeb62
fffffd76
000037ef
ffffe0d2
fffffd1a
000007ba
00002ccd
00000d9c
fffff57c
ffffb5ea
00002085
00003b9e
ffffd6b1
000004fb
00000d8b
0000318a
000014cb
ffffd990
00000546
ffffe478
0000129e
ffffd172
0000038f
000004fe
000014a4
00002838
ffffdb4a
000008ce
000022b3
ffffc66c
00000799
ffffd993
000006b3
00000228
ffffcdcf
ffffc666
ffffc90c
ffffd9d0
00000d65
00001d17
fffffd8e
ffffd89c
00000ed4
00000834
ffffcb70
00003688
000019a3
00000bab
00000a78
00000aaf
fffff5a4
0000206f
fffff10b
000011a5
ffffad9d
fffff118
ffffcf39
0000356e
ffffea26
ffffdab4
0000309f
00002cde
ffffd2ea
ffffea77
00003b93
000015e3
00002287
ffffdafb
ffffeee7
000010b6
fffff4fc
ffffdef3
ffffd2fd
fffffa59
00002b32
00000a11
000040c2
00001010
00000502
ffffe02d
00002272
00000c33
00003b0a
fffff7c7
ffffd5b3
00001f5b
000013cb
00000083
ffffee66
ffffdd52
00002c15
ffffcc90
0000098e
0000329b
ffffe627
fffff059
ffffe726
00002f1c
00001e81
00001e2a
0000263f
00000f87
ffffe308
0000029a
ffffe578
fffff416
fffff9fe
ffffe5db
ffffe42e
000006d7
000019c3
ffffefb4
fffff8a8
ffffe04f
ffffedf1
00001d95
ffffd5b6
ffffd840
00000739
fffff687
ffffe4ca
00000a5a
00003d0c
00001ebe
fffffa3c
ffffe452
ffffbe07
ffffd8b6
00001bb3
0000233e
fffff23e
00003997
0000337c
ffffd510
000000cb
fffffc98
00004acb
000004d5
ffffd489
0000235c
00000ff1
ffffc814
00002ff5
ffffe8cc
00000530
fffff730
fffff4a2
00001b33
ffffe08d
ffffe311
00000d77
0000193a
fffff118
ffffe1d9
ffffbb46
fffff51c
00000097
000007b5
fffff426
0000389e
fffff58a
00001699
00001010
00001b4f
ffffb1b1
00000d38
00001047
ffffbbfc
ffffb8d1
ffffeb69
00001829
00000cea
000007bc
00000d94
00000597
00001f82
fffff1a3
00002f55
fffff930
ffffe28b
000012a6
ffffe2eb
00000ec1
0000024b
fffffb89
fffffbfe
000018a9
000041de
ffffe635
ffffef58
fffff1c2
ffffcbb9
000014b8
ffffec24
fffff980
ffffebca
ffffd9b0
00003709
ffffde6b
0000079c
00000407
fffffbcb
00001bb2
00002f52
ffffc808
00000405
ffffe536
fffff55e
fffffd0e
fffffdae
fffff12e
fffff734
0000057d
00001636
000014a6
fffff739
fffffdba
ffffcc8d
ffffc123
00001cee
ffffe52f
00000c56
ffffeaaf
fffffc9c
000004f0
ffffedee
0000068d
fffff4a9
ffffd03e
ffffd52f
ffffcdb4
fffffd52
fffff4bb
ffffd1e3
fffff8a2
fffff029
ffffe10a
ffffea75
ffffd365
000013e9
00000396
fffff5e4
00001ca9
00002fe7
000021c8
ffffef7c
000002db
000015cd
000028d5
ffffc76d
00002faa
00004d19
ffffe78e
fffffb7c
00000273
ffffec79
0000287d
000034df
00001d14
fffffe7e
000014d8
00000f83
ffffd11f
00001ce1
fffffebb
fffff5fc
000023d2
00000731
00000aa3
fffff7d8
00000ee9
ffffff9e
00003fe0
ffffde3c
000040fc
00001d0a
000054af
fffffdab
ffffd860
fffff21a
ffffd73e
000017f1
fffffbc2
ffffd470
00001ebc
ffffeaaf
00001090
000019f6
ffffeecd
00001de1
ffffec29
00000ac6
00000ed4
ffffd567
ffffefee
ffffeacc
00000a64
fffffc23
ffffdefa
fffff399
ffffe761
0000045d
0000081e
0000083f
0000155b
ffffc5ab
ffffcf8e
fffff6dd
fffff62d
000010a1
0000228c
00001512
00003465
00001409
ffffed62
ffffe279
ffffefe7
ffffdc3e
00002597
fffffce9
ffffcbe8
0000358e
000020ff
ffffdb04
fffff861
ffffd8fe
000015cc
ffffdcb1
ffffffd9
000007a3
0000511f
ffffe3a3
ffffb64f
fffffdea
00002725
ffffddf7
00000750
ffffe019
0000023b
ffffb19c
fffffe8c
00002b5e
fffffa51
ffffb198
ffffe4a4
000009fa
fffff87d
00000c47
00000b20
00003904
fffffcf8
ffffdbe2
ffffef9a
ffffe249
ffffe1b2
00001402
0000146c
ffffecf6
0000124d
fffffb8b
0000005a
00000616
fffff854
ffffea8a
ffffde9a
fffff4de
ffffdd7d
000020f3
ffffeec6
fffffc62
0000102f
ffffdebd
ffffd898
000022a0
00002167
ffffde25
ffffd857
00001562
00000960
fffff809
00000519
ffffe2f0
fffff900
fffff924
00004ba5
fffff836
ffffd52d
00000f73
fffff5a3
000018c7
00001a02
ffffeeba
00000d5b
00000604
ffffee12
0000169f
000013ce
00000988
ffffcff6
ffffd9f9
fffff399
ffffd424
ffffda91
ffffd302
ffffe6f9
fffff837
00001ace
000009d1
ffffd725
ffffe617
000014ce
00003ea1
ffffeaad
fffff882
ffffe055
000041b1
00003c60
ffffe9cc
fffff00b
ffffd5f6
00001777
ffffd427
00002d79
fffff795
fffffb70
ffffe5cd
0000058d
0000124b
fffff113
ffffb4d1
00001026
ffffef09
00001a1a
ffffe527
0000111a
0000450f
ffffff5f
000016c8
ffffd66e
ffffdb8f
fffff51b
00001019
ffffe223
000021c9
fffff684
000012f2
00003285
000026ed
ffffebe3
000006cf
00000164
fffffcc8
ffffe992
ffffefab
fffff4fa
0000080c
ffffcda1
ffffe8c4
ffffc774
ffffe317
ffffef62
ffffe683
ffffe8b7
ffffe740
ffffe340
fffff4c6
ffffe139
000026b8
00003a25
0000342d
fffff627
ffffe791
ffffcb82
0000156a
fffffc17
00001fdd
fffff372
00001096
00003925
000009b3
fffffe8e
ffffe4b2
fffffc3d
ffffd426
ffffeb98
ffffe617
fffff042
00001ac4
fffff876
ffffdf9b
ffffe7ac
ffffd5e2
00000533
ffffef40
ffffbfff
fffff9b5
ffffeca5
0000136f
000015aa
00003cba
00004456
ffffc626
000005ac
00002a93
00001a90
ffffc017
ffffe206
00001dc9
0000104d
fffffa2d
000005dd
ffffe133
00002742
ffffc7d4
00001ca1
ffffd5dd
00002c7f
ffffd630
fffff619
fffff499
0000064d
ffffec3b
fffff337
fffff907
00000647
ffffe1d8
00001bcf
0000131c
0000532e
ffffbacc
fffff0c1
00003fe9
000022bf
ffffbaf1
fffffd5e
fffffb9b
ffffee20
00002bb9
00002087
fffff28b
000018fa
ffffeb58
ffffe7a3
000000c7
ffffe0d9
fffff254
fffffaf1
ffffecc5
ffffe44e
ffffd601
fffffaf8
ffffeec4
ffffed14
ffffcbf8
00001ec6
ffffe76b
ffffdb62
fffffd79
00001b55
ffffd7aa
00002329
00000602
ffffec6f
00000795
00000042
00003733
ffffead9
000021e7
00001f7d
00001733
000014a7
ffffc57a
0000136a
0000207e
ffffdf38
00002332
00000414
fffffbcd
00000b77
00000879
ffffa32e
ffffd33a
000027a8
fffff58b
ffffe61d
fffffccb
00006680
00001d84
ffffe6c2
00001bee
00003faa
ffffc9f3
00002b63
0000048a
00002d62
ffffb90f
ffffe5dd
000007e2
fffffa53
ffffd016
00000a8f
ffffd0d7
00003982
00000285
ffffccef
ffffff09
00000648
ffffd359
ffffd98b
fffff9bb
ffffe9f7
ffffee14
000000d7
fffff354
ffffe040
00001ce3
ffffee8e
ffffefcc
fffff3b4
00000583
ffffd84f
0000186d
ffffd388
fffff760
fffff2c5
ffffeffe
ffffda03
ffffe256
fffff718
fffff2ac
0000238b
fffff592
ffffee3e
ffffe4f6
000028d0
0000229b
0000013c
ffffd149
ffff9720
ffffe875
000046ab
fffffa6b
0000185b
0000003f
00000e05
00001c85
00000c75
ffffcb7f
00005aca
000009da
ffffefd3
00000116
000010b3
00000a66
fffff898
ffffe1d3
ffffca32
ffffe2e9
fffffd1d
ffffeb26
00001c40
ffffef79
ffffe748
00001852
ffffcd1e
ffffe517
fffff018
00001a32
fffff56a
ffffe869
ffffd327
00002b49
00001f7f
00001bc1
0000185e
ffffe4c4
fffff29b
ffffe4f8
00000a6c
ffffddda
000002ed
fffff269
ffffd7ac
ffffeeac
000005b7
ffffd84f
00000b42
ffffe200
00000dfb
ffffe767
00000564
fffff224
fffff9c1
fffffbd8
ffffdd8a
fffff642
fffff671
ffffdbff
fffff6f4
00002b32
fffffb4b
fffffa29
00002724
0000114b
0000130e
ffffe58c
00002d58
00001cf6
ffffce58
00001568
fffff808
00000a6d
ffffee2e
ffffdca8
fffff075
00000936
00000811
ffffe40d
ffffe650
ffffe53d
ffffea61
ffffe9c3
fffff881
00001174
00005876
00001acf
fffff43c
fffffff9
ffffd880
ffffec94
fffff7af
0000144a
00000a36
ffffd33d
ffffde00
ffffeef2
000000c7
ffffe446
00000d90
0000253e
000009ca
00004237
ffffc0d8
0000147a
fffff4ad
ffffc5d3
00001901
000034dd
00001d1f
ffffec5f
000019d4
ffffffcf
00000796
00000abc
00000f31
fffff5e2
fffff1f0
00004181
fffff588
000025db
fffff044
000021b1
00002e23
00001749
ffffffde
000015bc
00000d2c
00001c5d
fffff937
fffffc09
00003041
00002c0e
ffffd9ca
00003f82
fffff34d
00000d53
ffffcf23
ffffe8b8
ffffe441
00000285
ffffd206
fffff6ba
ffffef2e
00004cb2
00003392
fffff26a
00000f03
00000540
00002508
00000cf8
ffffe1f6
ffffe90d
ffffe8ac
0000041b
ffffb4c5
0000150c
00000d63
00000465
00001502
ffffff93
ffffea81
ffffddbf
fffff0a0
fffff1cf
00000fbf
fffffcea
00000e34
0000381e
fffffad4
00001f31
ffffec6e
00002061
00003336
00001382
ffffcfd1
fffff7ba
ffffc720
fffff6b3
ffffd9cd
00001b79
00001f89
000007e0
ffffd1f7
ffffe13c
0000088d
ffffe1e1
ffffc75f
fffff67a
fffff497
000003b3
00001b0f
ffffea55
ffffdc67
00000470
00000500
ffffe18c
00002f9d
fffff06e
ffffbd2a
00002f0d
000011b5
ffffffe2
00001c26
ffffcfbf
ffffed70
ffffdfa7
000009d6
00000c6a
fffffd34
ffffd715
ffffe270
ffffff33
ffffe247
00003c07
fffff430
ffffdebc
ffffe6cb
0000630b
fffffee1
fffffe9f
ffffe03c
00002d3d
00000434
000023ef
00001399
00000203
00002263
0000433b
00003480
00000294
00000375
ffffe6a3
ffffe9a8
000026e7
ffffd5bf
ffffda90
000048fb
fffffc81
000016d7
00002a45
00001cc1
00001e35
00000cc4
00000da7
ffffec60
00004027
ffffeb9f
000008a2
00000703
fffffa3f
000015cc
ffffe5fb
ffffdeef
ffffe5f6
00001074
ffffe3c6
00000842
00000004
ffffdaa0
000033c0
00000bed
000015f4
ffffd692
00000337
fffff7e5
ffffe851
0000135d
000012fd
00000a7c
00000f80
ffffff5d
fffff65d
fffff198
00001295
ffffd723
fffffbd3
ffffc4fa
00000347
fffff649
fffff3db
000012af
ffffe31a
00001e6a
00001fc2
00002950
fffff343
00001f55
000019fc
000000e6
ffffe761
fffff195
0000051f
ffffda7e
00000d9f
000044e9
0000102c
ffffd98b
00000992
00002033
ffffef43
000016d6
00000e7e
ffffef11
0000275f
ffffdf0a
ffffeac1
00002411
00002696
00000be9
000021d1
00001179
fffff099
fffff7fd
ffffff20
fffff803
00000ac0
ffffe5e4
00000d42
ffffc71d
0000044e
ffffe93e
ffffff4c
ffffc173
ffffd63f
00000e18
00000610
fffff6d2
ffffe944
ffffc633
ffffcc10
ffffdd17
0000001d
ffffed7b
00000eeb
ffffee9f
000013c4
00000dda
0000031a
ffffbf68
ffffec7c
ffffd986
00000592
ffffe5eb
fffff119
0000143b
00000240
fffff1c5
000014c8
ffffef64
000031a7
fffff5e1
fffff6a7
000004b5
0000296e
ffffc7f9
ffffc953
ffffd664
ffffddde
00003386
fffffdfc
00000f75
000037d5
00001d8a
ffffe5e5
ffffadc7
ffffe3d1
000001bc
ffffe1a0
ffffef1e
ffffdf66
fffffef5
ffffe9fa
ffffedba
000006e3
0000075b
ffffec2c
fffff56d
ffffb52c
00002609
00001fdf
000015c7
fffffc55
ffffda23
ffffe151
fffff16e
00000423
00000003
fffff754
ffffcca2
00002350
fffff102
00001011
00001d7d
00001fc4
000007ff
fffff708
00003d4a
ffffe542
000014a1
ffffecfd
0000002d
00000f39
000062bc
ffffe08b
000001a1
00001491
ffffdc61
fffff00d
fffffc6c
ffffb451
00000335
ffffdd6c
000013f7
0000157f
00001527
00004f5c
ffffeb47
00002388
00001b03
00001578
000006ef
000033a9
ffffcb5b
ffffec08
000005bd
0000432d
ffffaf39
000025ef
ffffe494
00001186
fffff59e
0000081d
0000203e
ffffd9c5
ffffdab9
ffffe142
ffffeaa3
0000080b
00005561
00000a38
000009cb
0000084e
fffff0cf
fffffbe9
fffffe62
ffffaa3e
00002a68
ffffe330
ffffb2ba
000020e8
fffff4a8
ffffca83
00000faa
00000354
ffffec1d
fffff790
000002e8
0000062d
ffffff6d
0000147a
ffffe9dd
fffff432
0000266f
00001338
fffff60a
00002f05
ffffde98
00003242
ffffce3e
000007c0
ffffe0a2
fffff28d
fffff6c5
0000287f
fffff177
00003b26
fffff4a9
00001e40
ffffdb5b
ffffdc52
ffffe6b9
ffffdd37
ffffe416
ffffed71
fffff752
00002e28
00004640
fffff67a
ffffca71
ffffd738
fffff208
ffffee37
00000833
00004a65
fffff37a
000009fd
ffffd850
ffffdff7
0000384b
0000126c
ffffee3d
000038ce
ffffef67
ffffee53
00000098
00000ee6
0000042e
00001365
ffffebc2
fffff224
00001b9f
00002d5f
00000257
fffffba2
ffffdb33
fffff6f9
fffff310
000004b5
ffffca01
00000045
ffffd3e7
000054b1
ffffc5b5
ffffbeb9
000007a9
fffff55b
ffffdddc
ffffeab3
ffffe0e7
fffff510
ffffda0e
ffffebf1
ffffcb3e
00000f01
ffffe247
ffffcbf9
fffff1a8
00000fba
000015b5
fffffb5d
ffffd95e
00001829
fffffed7
ffffd5fb
0000000d
ffffe463
ffffd7bf
00000be9
00001559
ffffdfe6
00002eb1
ffffd903
00001ab7
0000006e
000004ca
0000234a
000037eb
fffff005
fffffb9d
fffff847
ffffee1e
00000eb5
fffffbb2
00003ff8
ffffc232
ffffe45b
00000973
ffffdb54
00001058
fffff31f
00000132
ffffdc0c
00000847
00000025
ffffc5e6
ffffd3ad
ffffcc01
fffff948
000012ae
fffff4f9
fffffe15
00002d5d
fffffae3
fffffd52
00000ca0
000029da
fffff697
ffffe5b5
ffffdd6a
ffffe286
00000417
00002b79
00000c18
000018b0
ffffceab
00001483
ffffdf6d
fffff661
fffff228
fffff741
00000660
000003b3
fffffab5
00000d4d
fffff5f9
00000af5
ffffda88
fffff06a
000005e0
ffffed1c
00002769
00001528
00001389
00000fa3
fffffdf3
ffffd48a
ffffe6c6
fffff3d9
00001aa9
0000148f
00000833
ffffd904
00003e71
00000940
00000872
000014be
000007be
ffffe087
ffffd548
00002d76
ffffe2f5
000000cb
000028ba
00001a16
0000541e
00002ba4
ffffe275
ffffffce
00000376
000015a2
ffffffe1
0000462a
ffffd5cc
000042b8
0000056d
00000be8
ffffbbf7
000037eb
0000087b
fffff6a7
00000d3a
ffffd473
ffffdb13
0000004d
ffffc77c
00002e2e
000024ef
fffff9c1
00001d9d
00002e04
00002316
0000542c
ffffcb3f
ffffd8c4
ffffdf9f
ffffef2c
ffffc95e
000018e2
fffff4a4
ffffe20b
000012dd
000005dd
fffff491
ffffe4be
000001fa
0000087a
fffffed2
ffffde83
fffff6ba
00002f2d
ffffeb85
0000234c
ffffdc6b
000020f9
0000062c
00001a06
ffffeace
ffffff01
ffffc5e3
ffffc843
ffffe95d
0000122b
00000e99
ffffcb4e
ffffe2c7
fffffd78
00000743
ffffe6b6
ffffdbb8
0000218f
ffffe0e1
ffffd7a8
000015d5
fffff768
ffffe9c6
00002382
00002728
000018db
0000312c
00000287
fffff5f5
ffffff8a
00001e7f
ffffea4a
ffffdec2
ffffbb1f
00000632
ffffc122
00001444
000027c3
ffffe469
ffffd51e
ffffba8d
ffffda68
fffff1f0
000026d7
fffff538
00002198
ffffe802
000026f4
ffffd98e
fffff2af
ffffde8c
00001992
0000234f
0000298c
000024a6
fffffd3d
fffff1c3
000014ce
00001b71
fffffae6
00001fd6
ffffe78d
fffff04f
00002f6d
000004ee
00002a18
000013d2
ffffd7d2
ffffe984
000049dc
00001f90
00002c7e
000013b2
00000e59
fffffe76
0000251b
ffffde9d
00006218
00001b56
ffffe240
ffffd7d3
ffffa307
ffffd530
fffff05c
0000470c
fffffbbb
ffffcd33
fffff9de
ffffe9a2
fffff0ba
ffffd3cb
00000fc9
0000172a
000033e4
ffffdbce
fffff958
00000ca5
0000228d
00000462
000016fd
ffffcc2d
000025f9
00000550
000014ea
fffff769
00000aac
ffffc940
ffffec10
0000080b
00000308
ffffead4
fffff49b
fffffabb
000048e5
00001c2c
000024bd
0000221a
fffff480
00003a41
ffffed00
fffffa5b
ffffe0f3
00003038
00000f6c
000025e9
000012ba
ffffc742
00001750
00002090
00000db4
ffffe7db
fffffc42
00003468
00001e4a
000005d4
fffff8d0
000004eb
000028ad
00001941
fffff68e
00003e05
0000217f
fffff83e
00002ea4
00000420
ffffea96
000003b0
00000994
fffff609
00001a07
fffffbf6
ffffe0c3
ffffe15a
ffffb8dc
00001df1
ffffb8f3
00000411
ffffaea0
ffffc040
fffff303
00000294
0000029c
00000c78
000018c0
ffffd6d0
00000fac
ffffbf62
00001e4b
fffffc1e
ffffca1c
000006a5
ffffea9c
ffffe119
000028cb
fffff6dc
000017d4
ffffedf4
00001ad8
0000036d
000017dd
000004f0
fffff936
fffff8c4
00001232
ffffc606
fffff088
ffffcbbc
fffff6ef
00002826
0000022c
000011c2
ffffece6
fffffee9
ffffd22f
ffffe7ff
00001435
ffffe1ee
00002a6b
fffff975
fffff5c3
0000169d
00002850
0000501b
ffffcdca
00002d4a
fffff566
00000fed
ffffa303
00001da8
000026e8
00000adf
000016b8
000012df
ffffea3d
00004548
ffffff50
fffffc75
ffffe9f5
00000f56
fffff99e
000002c4
0000060c
00000077
0000110a
00000f63
fffff1d9
00005b95
00001cf6
0000272f
ffffdb4c
00000ab6
ffffda7d
00003ca9
0000232f
000017f1
ffffe5ad
ffffd4f2
00000b7b
fffff05c
fffff7f6
0000073c
ffffecce
ffffffdc
00000cd5
00000d20
00001b79
fffff3d0
00001375
0000159d
00001ed1
fffffba5
0000087d
fffffa9b
ffffc1aa
00001327
00002aaa
fffff1ac
ffffd6e8
ffffdb4a
ffffeca4
fffff710
ffffef0a
00004e61
fffff39c
0000199b
fffff226
fffffe1f
00000343
000044bf
00003464
000020ad
00002386
00003747
000014f0
fffff4dd
ffffc3c8
000027fe
fffff7d2
0000025c
00003347
0000019a
fffff3cc
ffffbfdc
fffff24a
fffff3e3
ffffe805
0000098e
00000cfb
00000528
00002c61
ffffc083
ffffe073
00003764
00000138
000000c6
ffffed3b
0000111a
ffffcc01
0000248a
fffffe4a
fffff9ad
ffffe1ef
00001ab6
00000ae1
fffff208
00002066
fffffcf6
fffff25a
00000600
ffffd9e1
0000024f
fffff092
ffffe6af
fffff5e0
ffffc145
000009f2
00000805
ffffea8e
fffffa52
ffffeef5
000005e5
00001585
ffffeada
00002b02
ffffee95
ffffef66
fffff218
00002758
000013e1
ffffde05
0000158d
000016ab
00000478
ffffdf8c
000000ea
000001d3
000011b4
0000218a
ffffce2f
ffffd101
00000db9
000033bf
00002823
fffffc0e
00001dbd
ffffd880
fffff045
0000214c
00000a99
000003f4
000002f5
00002e10
ffffe8b2
ffffd5b8
000014a1
000005a5
ffffd753
000001fc
ffffec09
ffffe095
ffffccb0
ffffdc89
ffffeb94
fffff997
00001014
ffffe11c
ffffe649
00000d20
00001eb4
0000295e
ffffec17
ffffe6ec
fffffccc
ffffdef6
000013af
00001678
fffffc97
000008f7
0000233e
ffffe76f
00000280
ffffd0a0
ffffe5ec
fffffeda
fffffd57
ffffdcbb
ffffec98
ffffcc73
00001731
ffffde68
fffffb83
fffff28a
fffffcd0
0000139a
ffffd44a
00001403
fffff26d
ffffe3f3
000007d1
fffff74a
ffffd434
ffffe016
000019a1
000011e9
00002726
00000e64
00002f2a
00000875
00000898
000011fe
0000008f
fffff802
fffff33c
0000093f
000006b4
000017ce
fffffab2
00000013
000028c2
ffffec8c
000013cd
ffffe578
0000258e
00001529
ffffe618
ffffea76
fffff43c
000032f6
ffffffe0
000011b3
ffffa848
ffffe9c8
000044e0
fffff258
00000ece
ffffd734
ffffe5af
ffffc66a
ffffee68
ffffffa9
0000058b
000018c0
ffffde4d
fffff22e
00001670
ffffef54
fffffad7
00001431
00001c91
fffffc5e
ffffd011
ffffda25
000020c9
ffffcf8c
ffffe7a9
fffff411
000008c6
ffffe105
ffffeaee
000021bf
fffff9c3
ffffe6de
0000111e
fffffd9b
00004848
000026a8
ffffcc23
00000b9f
fffff839
ffffea46
00000f85
00002efa
ffffdcf8
00001ac5
ffffe1b2
000019f7
ffffd4b4
00002a31
00000526
00000a67
00000c66
ffffdfb8
ffffed3f
fffff54c
ffffdbd2
00000be8
000021db
fffff867
00002d2c
00001b1d
00000760
0000429f
ffffddc1
ffffd554
ffffd50f
ffffe96d
ffffdc01
00000fe6
fffffccd
0000050e
00002649
00001777
fffffc16
00002f29
000010dc
00002762
ffffe754
00003555
ffffd6da
00000089
00000241
000044f6
ffffd96d
00003760
ffffda81
00003deb
ffffe232
0000034b
fffffd96
ffffc7b1
ffffc041
00003abb
ffffe3ce
ffffc748
00000626
0000069b
00001b4d
000004f0
ffffeb50
00001dc3
fffffe02
ffffcb89
fffff2f3
ffffc95c
fffff8db
00003279
00002dd8
ffffee90
00001981
000029d0
ffffe424
ffffe094
ffffefff
00000078
ffffe412
ffffc657
fffffb2b
ffffcb96
00000ac9
00001877
000007af
fffff2cf
ffffc9ef
000006ed
ffffd50c
000040ef
000004a5
00001757
fffff111
00003d12
ffffd47e
fffff50b
ffffe339
00002c09
ffffdaf1
00000b4d
ffffde07
000001dc
0000052a
00001f98
ffffceea
00001292
00003324
fffffcdd
fffffad0
00000e24
00000b47
000008d9
ffffff75
fffff273
000011d6
fffffba1
fffff735
fffff7d2
00000127
fffffbe6
ffffedc7
00002f54
0000048c
00006fec
0000157c
ffffe89f
ffffdc4c
ffffd492
ffffdb97
00000a7a
00004b00
0000079a
fffffae8
00000790
ffffc9fd
ffffd7a3
ffffe8f3
fffff11f
0000096b
00001de9
ffffc1ef
00003168
ffffdc05
00001980
00001b83
ffffeb68
ffffd4fc
fffff676
fffff872
00001c9c
ffffd846
fffff8bb
ffffde21
ffffdb05
fffffdfc
ffffeb54
fffff7d7
fffff802
0000052a
000031fb
fffff969
ffffe3ac
0000210d
ffffdc5d
00003683
ffffd135
ffffeb18
fffffad7
00001c4b
ffffe879
000044c5
ffffdbb4
ffffc992
00002a28
00001540
00001444
fffff4b4
0000132b
00003d9e
000020f2
ffffede4
00003305
00000d4c
00006111
00000379
ffffcd85
00003ea8
00001a36
ffffe62c
0000308a
000031ff
fffff8fc
00000354
ffffeaeb
ffffeac5
fffff4a0
00000602
00001cee
ffffe6be
ffffcb56
0000055f
ffffe949
ffffe252
ffffee25
ffffdd23
0000089d
00002036
ffffffc0
000005b5
ffffee2b
ffffced2
00001823
ffffd851
000014f6
ffffcc76
ffffe6d7
ffffdfb6
00000daf
ffffdddb
000011f7
000001c0
00000dcf
00000977
00001f65
ffffe363
0000019c
000001bd
0000207b
ffffe60a
ffffc5c0
00000549
000009c0
00000b67
fffffa83
00002aa7
fffff171
000044e5
00001c0b
ffffd890
fffffbc7
ffffdcce
00000ef4
fffff02b
00000073
ffffe6e3
00001092
ffffefc9
0000049b
0000470d
000002fa
ffffba17
fffff1a4
ffffcbcf
00000360
fffff584
fffff35f
000031c1
ffffef04
000017fe
ffffe573
0000224b
ffffe318
ffffd457
ffffccf3
000003c8
ffffdb57
00002b53
fffffb5e
00002949
ffffcfb3
00001423
fffff601
00002086
000031a7
00001cab
0000045c
ffffcd34
ffffd4e8
fffff57c
ffffdf0c
ffffc5f8
fffffb28
fffff86c
00001602
000012e8
00001a7e
fffffc73
00000e48
ffffe337
00001c57
0000245e
ffffd455
000027f9
00001ad2
ffffd0dc
ffffef75
fffffdc6
000037ac
ffffe3ea
fffff166
000018b8
fffffbe2
fffff770
ffffd81d
ffffe1a0
000025ae
fffffdd0
0000133d
00002879
00000803
00001d85
ffffcec3
ffffcf20
fffff374
ffffe5ad
0000419d
ffffe652
0000213f
fffffeaa
ffffef27
000020e4
00000c0a
ffffe3c0
0000058c
00007431
00003240
fffffef9
fffff91f
ffffede5
000013e1
00000b7e
ffffbc4f
000005db
0000126f
ffffb553
000004e4
000028e1
00000aa8
fffffc4e
00001fa4
ffffed71
00000ad1
00003d60
00001142
fffffe60
00001539
ffffead9
00004533
00001e95
ffffd17e
00001670
ffffd53d
fffff254
ffffec25
0000035c
ffffebfd
ffffdc87
000011fd
ffffe2ad
ffffdf90
ffffeda6
ffffff00
fffffb04
ffffe736
000010bf
ffffccdc
000040a2
000005ec
ffffe952
fffffde3
000021ec
ffffca1a
0000084c
ffffde8f
000024fc
0000028e
00000bcc
ffffb4ec
00000c1e
00002c07
fffff49a
ffffc2b6
fffffea0
000024ac
fffff5c4
ffffefbb
00000aeb
00001be2
00000233
00000cac
fffffec3
ffffd8ea
000012eb
ffffd406
00000bbe
ffffe3fc
000007b6
0000287f
000005ba
ffffecd3
ffffee67
ffffd932
fffffcbe
ffffee54
ffffdca3
fffffa9c
0000102d
00004d9c
00001640
ffffd790
fffffb66
000007b4
00002501
fffff60f
fffffa21
ffffe4af
ffffc0c6
00001bd7
000017a3
ffffd309
00001011
0000305d
000018ca
000006fc
fffff684
ffffef46
ffffe185
ffffdff9
ffffcaa7
ffffef17
000007ca
000003ba
ffffb62d
00001152
00002715
fffff54b
fffffe24
00001418
ffffe2bc
ffffdac1
fffffe2a
00000d45
00001542
000011a8
00002591
00000448
ffffec8b
ffffe40e
ffffe3dd
000013b0
00000cd8
ffffd38c
00003ae2
fffffedf
00003b3f
000027a4
fffffcd3
00001394
fffff39e
fffff90c
00004570
00004b7f
00000c0f
00002911
000017c9
00000c23
00000504
00004d40
00001837
00000a01
00001abc
ffffed0b
ffffd505
00000dbb
000010e0
00000897
00000ab5
ffffe5ac
00001df5
ffffdfd0
fffff83e
fffff440
000001ae
fffff995
000021f0
00001ce6
ffffed92
ffffc2e3
0000257a
0000037b
00002f2f
000022af
ffffe534
00001c88
00002c11
ffffea3b
0000048d
ffffe153
ffffc8d7
ffffe0fc
000041d8
ffffef89
000000ed
fffff491
ffffc301
ffffcd10
000029e6
ffffd9d4
fffff1cf
0000066b
ffffd719
00001101
00001585
00000ec3
ffffe448
fffff6dc
fffff37f
ffffd8a1
ffffe244
ffffe96f
00000bb9
00002867
ffffef8c
ffffeb6a
000006ed
00000243
ffffe533
fffff758
0000346a
ffffcced
fffff3f7
ffffea07
ffffe58c
00001e9a
ffffd08d
ffffd8b8
fffff1f0
ffffe5a0
00000c7a
ffffec79
000022a8
ffffbc3b
00003b91
ffffc9c6
000012d4
000013e5
ffffb815
000016b7
ffffe753
fffff29f
000014a7
000004cd
fffffe07
00001ed8
ffffe456
00000ffe
00001407
00000e28
ffffe3de
000011f3
fffff19b
000000b7
00001a39
00002b79
ffffe1ba
00003ee8
fffff63e
ffffcf68
fffff8da
000017fb
00005d3d
000001c1
ffffc05d
fffff513
00001758
ffffcf66
000002a0
ffffe7b0
ffffe6ef
00000847
ffffd8a2
fffffbe6
ffffbb81
fffff5db
ffffe41f
000003ab
ffffef51
fffff609
0000060c
000009a0
00001182
00003662
0000034c
00000f46
0000110f
0000080e
fffffd59
00000827
ffffe3e1
00003f1e
00000469
ffffd7f5
ffffec51
fffffa70
0000161d
fffff0c4
ffffe961
00001e6c
ffffefdd
ffffcb14
0000062f
00000512
ffffec5c
ffffd5b1
000008e5
ffffde15
000016a6
000021c2
0000090b
00001957
ffffff3b
ffffee01
ffffeba9
ffffe70e
00000898
00002b89
ffffe7d3
00000e70
ffffe355
ffffe694
fffff1bf
00002134
ffffe939
00001847
00000037
ffffdc23
ffffeecf
fffff577
0000227a
fffffc68
fffff2a9
000009b8
00000012
000013f6
000028e9
ffffe672
ffffdfa8
00001269
fffff996
ffffdd84
ffffb86b
fffff34b
fffff655
ffffe56b
ffffec80
ffffdfa5
fffff689
00000bcf
ffffc177
fffff7a0
ffffb3f8
00000dd1
000035cf
000000b1
ffffd0a4
00000fb3
ffffaffb
ffffe63e
ffffe71f
0000078f
00000e07
ffffd321
fffffd6c
000008a7
ffffe92f
fffffa85
ffffd74e
ffffea5c
ffffef83
0000015d
00000510
000019c9
ffffe7aa
000015f7
000028b3
fffff55b
ffffc67d
000032ea
000009d0
fffff8a7
ffffcc13
00000a3c
ffffeff5
00000e39
000003ce
fffff169
00000332
ffffefed
00000250
fffff3df
00002028
fffff974
ffffdff7
ffffebb1
ffffe433
ffffd44c
ffffd39f
fffffb68
ffffe15b
ffffdf84
00000c16
000003cc
fffffa7a
00001ef2
ffffeef9
000008a9
fffff515
000018e1
fffff558
fffff060
ffffe727
000003d6
00000de5
000022b3
00004386
ffffed38
fffff8c0
00001124
0000308c
ffffe8b7
ffffed5b
ffffe3cc
00000974
000021ef
000029a4
fffff226
0000122a
ffffebe8
ffffde9a
fffff691
00000669
ffffb1eb
00000643
0000379e
fffff6b0
ffffe8bc
00001415
fffff869
00001a58
00002124
ffffdda4
ffffed4b
00001207
00000ac6
00000c7c
fffffa93
ffffe114
00004818
ffffe81c
ffffeaa6
0000024b
ffffee69
ffffbe9b
ffffe763
fffff28e
000026e6
0000146c
0000229f
00001124
00001093
00000c6c
ffffc32e
00002fb9
00004b05
fffff35f
fffffcfa
ffffedbf
00000fec
fffffe03
0000196a
00000c97
ffffc652
00005a30
00001009
00001c32
00003bab
ffffe8bf
00000eef
00000beb
ffffdbbf
00001bf7
00001416
fffff8fb
00003c9e
0000209a
ffffdec5
fffff803
00003000
ffffb518
fffff694
ffffe188
000009fd
00003fcf
00001873
00000f4f
ffffef3f
ffffd48c
0000244d
ffffe8e1
00000617
000017e3
00001949
00000434
00000601
fffffe0a
0000240c
ffffd7a1
0000489b
fffffae0
0000195a
00001001
ffffded6
ffffe6d6
00000e14
ffffd74e
ffffe247
ffffc3d6
00000369
0000002d
000019cd
fffff05d
fffffbc2
fffffe81
ffffe501
ffffdb16
ffffe01e
0000378f
0000152d
00004942
0000349e
fffffb29
00001595
00002e58
ffffeb48
00000071
00002755
ffffc79a
ffffddea
00004111
ffffecc8
000049a8
00001a51
ffffe6ab
ffffffc6
ffffd866
ffffc67b
00002763
00002145
fffff024
00003722
00001e09
fffff351
0000116f
ffffe11c
fffff389
000006d2
fffffd85
ffffe637
ffffef18
000001d8
00002119
ffffd77c
000012f5
000036a3
000010d4
fffffba4
ffffe719
00001c9b
00003338
0000314a
ffffdc13
ffffdfc4
fffff412
fffff319
000010cb
00001fca
0000067f
ffffe903
000001f1
ffffeec1
ffffca53
000082bc
fffff24d
ffffcdb7
00001006
ffffc77d
fffffa72
000001a3
00001bdb
0000137c
00000be3
0000009e
ffffd687
ffffd421
00000ba4
fffff94b
00004412
00001d91
ffffec84
0000155a
ffffe90d
000030bf
00000fdb
ffffdfee
00000aa1
00000c03
fffffd59
00001319
fffff36e
0000185c
0000015f
ffffc834
00000c20
00003a69
00000170
00001222
ffffd129
000020ef
ffffd089
0000066a
00000d9a
ffffe9a5
0000130f
000009a6
00000a0f
fffff2e2
00000301
00002283
fffffbaa
00000a78
ffffacfd
00000c63
00002eed
0000050f
ffffd7e6
000000b2
0000346a
000032b0
ffffe77b
00002f7e
00000269
fffff535
0000151e
ffffd046
00002773
00005f54
ffffd3ba
00002f70
000011ab
fffffd10
0000118d
fffff1f6
00001512
0000064b
00001c8d
ffffe754
ffffcd9b
fffff028
fffff25e
ffffb512
ffffe649
ffffcd3f
00001f7e
000014c8
00003406
00002217
ffffe879
fffffc4b
ffffd439
00000dd9
ffffcc11
00001e03
00000b4b
ffffe275
fffff60b
00001699
00001592
000020a4
ffffe204
00002bf9
fffff60b
00000cf9
ffffde68
00003321
ffffde59
ffffbf3c
00003931
ffffec9d
00001a94
00001a09
fffff2ad
000002ad
00000f3f
fffffe9c
00000833
000013ba
fffff6af
00000f16
fffff9cb
000008dc
ffffe61a
fffff073
ffffe794
00002490
0000226b
fffff8de
ffffc7f5
ffffe6cd
ffffb426
fffffd8d
fffff27c
00001fa4
ffffe9e1
00001851
00002527
00003261
ffffff93
ffffe9e4
00003e02
000034e5
ffffddae
ffffeeac
fffff650
000015d8
00000391
00002d8d
ffffffd6
00000b0d
00000a4b
000021a4
000061a3
00005afd
00000cf0
00000101
00000547
ffffe3ad
000024ca
00002b0e
0000064a
fffff298
0000121d
00000622
00000cc7
00001730
ffffedf0
ffffc96f
ffffe80e
00003067
00003b2b
000013bd
ffffea50
00001de1
ffff9d08
00003064
000031ee
fffff83b
00000df7
fffff76c
00001528
00002c98
ffffe2ea
00000cf4
ffffe194
00000169
00001e18
000017a7
fffff655
ffffd369
00002039
00000974
ffffdb75
fffffc2b
000017e5
000010ed
ffffe801
0000146e
fffff10d
ffffec5e
00001b49
ffffe8c3
000015bc
ffffdf68
ffffebf9
000040d1
00003326
fffff036
ffffd6f2
00002aca
00001d87
ffffe0b7
ffffd8e8
00003526
ffffccfa
fffff82a
000018b6
ffffe7cb
00002275
0000403b
ffffbfcc
00002783
ffffddb0
fffff03e
000021ea
000030b4
ffffd5b3
00000b5e
000035e2
fffffc3d
ffffd805
fffff851
ffffee23
000022b6
ffffd56c
ffffe05e
ffffd017
000026ee
00000ebe
ffffdded
0000146d
000010bd
00000efc
00001c4c
ffffffc0
000001dd
00000924
fffff5ef
ffffff2c
fffff5a5
00001690
ffffec51
0000058c
0000166b
0000145c
ffffedbe
0000056a
fffff597
00002acb
000030e5
00001eca
ffffd551
ffffef09
000020c0
fffff019
ffffeff6
000009f0
00002d47
00000b30
ffffca9b
000007be
fffff6fc
fffff4c4
ffffce41
00002147
ffffe982
fffff34b
00000123
fffff40f
fffff4d5
ffffe7ca
fffff5c8
ffffae8d
000008bb
ffffe808
fffff7ab
ffffed3e
ffffdc65
ffffceda
fffffafa
00000465
0000187c
fffff80b
00000e67
00000c70
00001174
ffffc427
0000130e
000027e9
fffffc96
00000164
fffff4af
00000a7e
00002429
fffffad7
0000124e
ffffff04
ffffe75d
ffffe3b8
00000b18
fffffffe
00001191
ffffd07a
fffff3ce
00000b09
00001776
ffffeafb
00001a3b
000003fe
00002f91
000006f7
fffff546
0000005d
00002820
000016fd
00003195
fffff84c
ffffe869
00001422
ffffffa2
000032cb
fffff3ea
00003abf
00000580
ffffde2b
00001a38
000000f5
fffffa94
fffff3d5
ffffdf03
00001123
00004b4a
000022dd
ffffebdd
00000bf3
000007bb
000000a8
00002e9c
00003203
fffff473
0000127a
00000553
00002048
000027b2
ffffd2eb
00000983
ffffebbb
00001521
000019e6
ffffc9f5
ffffe561
00000b4b
00003530
00001c84
fffff148
0000054a
ffffc5ef
ffffedb4
ffffdb98
00000a07
00002b4f
00003560
0000004c
fffff197
fffff370
ffffc998
00000e3f
00000966
00000289
0000078b
fffffba9
00001535
00001b99
000022a8
00005261
ffffaf38
00003aa7
0000050a
fffff393
ffff9331
ffffdba3
000008cf
000025a9
00000952
00002bc9
fffffedc
00000754
ffffce17
00002da7
ffffeb27
000007e2
ffffe39e
00001164
ffffd06b
000014b9
000000f4
ffffe1ba
ffffdba2
00003d11
ffffe9c5
00001999
000005e3
00003bff
ffffbd36
ffffed6f
00000ccb
ffffea81
ffffcb47
ffffe517
0000146f
fffffd33
fffffa42
000007d3
00001953
000007fd
00000db7
fffff631
fffff13f
000000d5
fffffcaf
00001223
ffffe874
ffffebb6
00002847
fffffac6
ffffd039
fffff78c
fffff006
000021f2
ffffc4b3
ffffe7b3
ffffea8f
fffffa4d
ffffcf06
0000354a
000055ac
000025e0
ffffef66
00001ea6
000023d7
00001ef3
0000048d
fffffe7f
000026d5
00001c67
ffffdbd3
fffff28d
000001ac
fffffbef
00000618
000002fc
ffffde71
fffff001
000018bd
ffff9a73
ffffd171
000017f4
00000b95
0000142f
fffff080
00003b2b
0000323b
ffffc179
000006b9
00000a98
ffffcb86
0000157e
fffffc3b
0000371e
ffffd251
fffff866
ffffdb5d
00000f39
ffffeffc
ffffe16a
fffffee2
00002420
00000c07
ffffddef
ffffd0ab
0000093e
ffffc144
fffff72a
ffffd331
fffff45e
ffffd762
ffffbfaf
00002b93
fffffb06
000010c3
fffffbf5
ffffeb44
fffffdf7
0000078b
fffff75e
00005847
ffffecb8
ffffffd7
ffffed44
fffffcdd
fffff843
fffffa86
0000232d
000015e2
00001843
0000064b
00000959
ffffeb0c
00002b02
0000216a
ffffe1cb
ffffd7c1
ffffcb6d
00000c6e
0000132a
00002e2c
00002ab9
ffffdd97
000031d2
00000b02
ffffdeca
ffffd00d
0000498f
000021a3
ffffdace
ffffd8ae
00001b4a
fffffd69
00000b45
ffffe4b4
ffffdbf5
fffffcec
fffff0a5
fffff5a9
00001fa8
fffffaaa
ffffdbbe
ffffe740
ffffefbb
00000384
fffff975
ffffdf1f
00001044
ffffecf7
ffffca5d
00000a4a
fffff32e
00001352
000023dd
000000eb
000004e9
fffff9df
ffffebdb
ffffd824
ffffee8b
000006c1
ffffd387
ffffe20c
000021b1
fffff7d3
fffff9f5
ffffe269
fffff4fc
fffff100
fffffacc
ffffdb13
fffff59e
00002325
ffffe4aa
ffffd77d
fffffeea
ffffeb28
ffffd747
00000811
00000659
00001ccc
00001ba2
fffffe45
00000f72
000023f7
00001e87
00002127
ffffdb20
0000146b
00001b7b
ffffeebe
ffffe83d
00001237
00000e34
ffffff46
00000952
ffffd2c7
00001f53
fffffbd7
fffff823
fffffb1b
ffffdda6
ffffe0c2
fffff40a
fffffde2
fffff35c
00000a94
ffffb60a
ffffc329
00001628
ffffc9f3
fffffab0
ffffddc4
ffffebd1
ffffafd9
fffff29c
000032e0
0000296d
fffff47b
fffffc43
00000d83
ffffdc9e
00000261
fffffaa6
00000851
000005ae
00001822
ffffff88
fffff01e
ffffbf87
fffff394
ffffdce5
ffffe9a3
fffffb2e
000015c0
ffffc244
ffffe790
fffffd85
ffffe8d7
fffffd20
000023be
00000697
00001b8f
00002e9d
00002e94
000011eb
000015e4
0000206c
ffffdbf3
0000174d
00001c89
000018c9
0000188a
ffffda30
000022a3
ffffee50
ffffff32
ffffba5d
ffffcae5
00002658
ffffe90a
fffff6a0
000006ae
00000a30
fffff7fc
fffffa2c
00000d3a
ffffed1c
ffffce17
00000ec2
0000045d
00000534
fffff16d
0000258c
ffffd0ed
0000160a
000030d1
ffffdaa1
ffffd7c1
ffffeb71
00000097
ffffc1a0
000031e1
00001892
00001d4d
000009d6
00001edd
00003578
0000292b
ffffdb4e
00002c23
fffff849
00000b84
000020f9
0000256b
ffffe82a
000003a8
00000e8a
000030be
00002993
fffffaa3
000045d9
00002262
00000f2a
fffffa0b
00000396
fffffdb9
00001c90
fffffb36
00000fe6
0000085a
ffffda9a
00003278
ffffd0fd
ffffe138
00001474
0000468c
fffffb9e
fffff6fa
ffffc103
00001266
00000d74
00001748
00000180
0000183b
ffffe3db
00001ac9
fffff0e6
00002623
ffffe831
00002c60
0000180d
000026a6
fffff63f
fffffb7f
000037e2
0000296b
ffffcf81
00001675
00001337
ffffda86
ffffcfd5
00000630
ffffd980
0000321e
fffff271
fffff17e
ffffef0b
00000cda
00001c35
00004853
ffffebc5
fffffce1
fffff6f7
ffffa880
00001bcd
fffff6a0
00003af0
ffffb97e
00000547
0000250b
fffff251
00001889
000017d1
00003997
00004fc1
00002677
00002a9a
ffffd8d0
ffffdf23
000005ca
ffffeeb7
00000004
00000553
00001367
000002ca
ffffc3e7
00000163
ffffee65
ffffff8a
ffffd5ee
fffff4fc
ffffe7d6
ffffde5c
ffffecad
fffff7ea
ffffd96a
0000177b
00001366
ffffb47e
000006e0
ffffe77e
00001de0
fffff51e
fffff06d
fffff5a1
ffffef18
ffffc5b6
ffffe6f3
ffffeb3c
00001e71
00006c34
00000496
fffff410
ffffdea6
00002729
00001a2f
fffffae5
00000977
fffff14d
00003838
0000350c
00001fac
00003a8e
ffffdb79
00000d95
ffffd849
00001528
000006ea
fffff9c3
ffffdec0
ffffefb7
ffffed8b
ffffcbaa
0000578d
ffffbae1
fffff6e0
fffffd47
0000150e
000033ca
00001a96
0000038a
000000a2
0000253e
ffffdf0e
0000057e
ffffdf49
0000141e
ffffdd49
00004b32
ffffe3ed
ffffd4b5
0000119a
00001b60
00001b4c
fffffb50
00000e82
00001dc9
00000302
00003407
ffffe0f6
00004273
000007bb
00002297
00004293
00003be8
fffff274
fffff14d
fffff10f
00000193
ffffeb1f
000009a4
ffffefa0
00000861
ffffca18
fffffde4
ffffd1cd
fffff349
ffffbc5b
00003764
00001e74
ffffd98d
ffffeb58
ffffd6ec
00000121
ffffdb90
fffffc8f
ffffd951
00000e21
00000a0c
fffff2e0
ffffe891
ffffed38
0000183e
fffffd68
fffff156
fffff25c
fffff627
0000121a
00000705
0000146d
000033c9
ffffeeaa
00000e2c
00003098
fffff643
ffffbd41
ffffd30a
00000816
fffffe3c
0000008f
0000181a
ffffee56
fffff605
ffffccde
000035de
ffffff6c
000025ad
fffff140
fffff805
ffffcd1b
fffff914
ffffea06
ffffd1de
fffff4a4
ffffea21
ffffe417
00002a9c
000015b7
0000486d
ffffc51f
fffff08b
00001a15
000017c8
ffffe281
fffff34e
fffff5e5
fffff53a
000024b6
0000142b
000017e9
00001d2b
ffffe754
ffffe542
ffffe2e5
000001a6
ffffd7a1
00001fc2
ffffba68
ffffd337
00000580
00000d1b
fffff721
ffffd5d1
ffffb914
000023ff
ffffe40d
000004c9
000001f8
ffffe9a6
ffffd67a
00000db1
0000344c
ffffe35e
ffffe9d1
0000171c
00003885
ffffdb03
0000063c
fffffe99
0000190a
00000a0d
ffffda69
00000f92
000022c8
ffffc5cd
00000f0e
00000db3
fffff782
fffffdb0
fffffdde
ffffb201
ffffd312
fffff696
fffff430
000008fa
ffffe5a8
0000556e
00001b29
ffffe4b3
00002c15
ffffe695
ffffa745
00002ed3
fffffd63
00002b88
ffffe439
ffffd204
00001164
000006b9
ffffcda7
ffffecee
ffffe740
00003fe6
ffffe35c
ffffdf74
00000095
0000259b
ffffe816
ffffdb39
ffffe3c3
ffffded1
00001bb5
ffffeb10
0000149f
ffffe590
00000b9b
fffff398
fffffce8
fffff89d
00001368
ffffee78
00002ba0
ffffe5de
00000b65
ffffff2a
ffffe8f2
ffffedc3
fffffa5f
fffff0b6
fffffd43
ffffffc8
ffffe095
ffffe4b5
ffffe3ba
000026c9
0000209c
00001361
ffffdb47
ffffc294
ffffd651
00001d14
0000329a
00001da7
00000bb5
00003140
00000ca4
ffffe730
ffffdbf8
0000608c
fffffc57
fffffceb
fffffd2c
00001eef
ffffea44
00002374
ffffd7bc
fffff2c1
fffffbae
ffffee69
fffffdaf
00002823
ffffeefe
0000033f
fffffc14
ffffee7d
ffffdb30
fffff13c
0000088f
00000c80
ffffd0db
ffffc79b
0000326a
000001b3
00002734
0000155a
ffffeb85
fffff90c
ffffdfb5
0000163a
ffffed72
fffff2f5
fffff6ff
fffff35e
ffffe9b1
fffffa02
ffffff2c
ffffe2a6
ffffd3fb
00001c15
ffffe446
00000b98
ffffdd4e
fffff047
00000c1a
ffffc593
ffffcc9d
fffff957
fffff05d
fffff454
00003962
00000172
00000db5
00000006
fffffb3f
000000d3
00001b59
000011ce
00001094
ffffc9ef
00002b08
fffffd85
fffff8d9
fffffb74
ffffc5e9
ffffe4a1
00001df6
ffffddab
ffffd3ee
ffffe0d0
ffffeaa8
ffffdd4a
ffffeec6
ffffe71b
fffffc14
00001d1a
0000156e
0000111a
00000b73
ffffdd32
ffffd0d2
ffffd392
00000ad9
fffff86c
ffffe3ea
ffffda93
ffffbe1a
00000498
fffffcfb
0000072c
00001ebe
fffff045
00002770
fffffb37
fffff9fe
0000257b
00001dd1
00001fc6
000022b4
0000082f
fffff41a
00001502
ffffe40a
ffffd9d7
00000cd3
00000f59
ffffce15
ffffd7b9
000046d1
fffff5ce
fffff263
ffffdc28
00000376
00003add
fffff64a
0000010b
00002d47
ffffd636
000006dd
00000526
000000cb
ffffeca2
00003fa5
ffffdbfb
00001fa2
00000ef2
00002f96
ffffeabc
ffffe2b3
fffff663
ffffea08
000000c5
000009dc
ffffe973
000006a3
00000f8b
ffffe3a2
00004056
00000268
fffff30c
000033ae
ffffcbe9
ffffc2de
ffffddd2
fffffb88
ffffdeba
00001263
ffffe3dc
000010f4
00002168
00001e69
00000624
000009e1
ffffe287
000027c9
fffff24f
00003d46
fffff7c4
000022a3
00001301
000043d6
fffff078
000023e9
fffffcb7
00002c55
ffffe792
fffffeb5
ffffdbde
ffffb80b
fffff5f2
00003ce7
000017d6
ffffc2a1
fffffff2
fffff794
000030b6
fffff27d
ffffce54
0000198e
00000dca
ffffe4b6
000014ad
ffffd3bb
ffffe09d
00002ee9
00000717
ffffdff1
ffffff0e
00003284
ffffd9d0
0000079c
00000a81
000017b1
ffffdd48
ffffc97c
fffff783
ffffe4b2
0000035b
00001d4d
ffffeb7e
0000022c
ffffccc4
000011d3
ffffcd4f
000034f0
0000055f
00002ac9
00000c84
00006235
ffffca6e
00000a43
ffffee60
000015c2
ffffe50f
0000022f
00001555
0000354a
00000ac3
0000235d
00000141
00002fd8
00003e69
ffffdfd3
ffffe245
0000292d
ffffd94a
ffffdd42
00003829
fffff3d6
00002991
000010ad
000000f6
00001c08
000015c4
0000230d
00002007
00002163
fffffb2b
00005bed
00003a11
ffffe621
ffffe14e
ffffec36
ffffd422
fffff491
00003aed
00000a30
ffffe697
ffffed3f
ffffed10
0000107c
ffffe5d9
000000ec
00000aa9
0000022e
ffffd393
00001b3c
ffffe648
fffff6ec
fffffbf4
00000a0d
ffffd4e6
000008f1
fffff9d0
00002614
ffffd59f
fffffbaf
ffffe23c
ffffe04e
ffffde5c
ffffd31c
00001e8d
00000c89
00001194
fffff494
0000143c
fffff118
000036f4
ffffecd1
0000196d
ffffe28c
ffffeb07
000030a2
0000094f
fffffc62
00004b39
ffffd7aa
ffffda9e
00001d1b
0000222f
00000ee3
0000027e
00000d77
00000dd9
00001e49
ffffeb30
00001418
fffff673
000067cd
0000019d
fffff505
000040c8
fffffe2d
fffff6e9
000005b2
fffffb59
ffffcdc7
00001616
fffff2f3
ffffd7ff
ffffbdd1
00002cff
00000bcc
ffffc93c
ffffd958
000017ff
fffffdeb
fffffad8
ffffdff6
ffffeac7
00000343
00002118
fffff850
000025db
00001527
ffffed64
0000155f
00000cdd
00000390
ffffdc34
ffffffd4
ffffcadf
00000644
ffffe7d6
00001b60
00000b6c
ffffe437
fffffe4a
fffffdf1
ffffcedb
00000c6a
ffffe8e8
ffffe2b4
000012c7
00001480
fffff196
ffffdc20
000024db
00004b18
ffffcafd
00001504
ffffdff4
ffffdf01
00001eae
00002017
00001afd
ffffd3aa
ffffe12a
ffffeccb
00003c0b
ffffd4aa
00000482
fffff63c
ffffb4bc
00002a47
000037d2
00000d81
00000479
00001d1a
00000ce3
000013cc
00000d31
00001616
fffff108
000044be
fffff75d
ffffdab0
00001acd
00001bb4
00000306
000034cb
ffffc0d1
ffffed9f
ffffe452
000008a4
ffffb7e0
fffff65d
fffff084
ffffb52e
ffffedab
000028f8
00001a32
00002619
ffffd242
00000502
000011ee
fffff4db
fffff8f9
fffff1ad
00001f1b
ffffd6e3
00001023
fffff190
00000a2d
0000089e
ffffd186
fffffbfc
ffffd217
ffffd728
000016c3
ffffff3f
ffffff2c
fffff941
ffffea90
00003646
fffff054
00001bcc
ffffe451
000036e1
000025ef
fffffd90
00000181
00001d7e
ffffbdce
00000595
ffffed52
fffff1d7
00001d96
ffffe2ac
00004a83
fffff297
ffffffe3
ffffc4da
ffffffb3
ffffe91f
fffff09d
ffffe336
ffffdd43
00000a5b
ffffc258
ffffffd6
ffffb3fd
ffffd6d3
00002962
fffff54f
ffffd863
fffffdc0
00002e6d
fffff7d8
00001b47
000011c2
ffffefb0
00000af2
00000ac4
ffffef1a
00000ce9
ffffe6f9
ffffd743
00003213
00000426
ffffecfd
ffffe97b
ffffd92d
ffffe437
00003e20
fffffa75
00001110
ffffe695
ffffea16
fffff3e9
fffff4ff
000020a5
ffffd75f
0000241a
000013ad
000033ca
00001dde
ffffe8d9
000015be
000006e3
0000137f
ffffbe49
ffffd776
00003497
00001052
ffffee0e
00001a89
000002e3
000025c1
fffffd19
00001a12
fffff587
00003be5
00000a71
ffffe579
ffffef2c
fffff900
0000127c
ffffe8d1
000002ce
ffffe7bc
000000aa
00001968
00002c5c
ffffdbd0
ffffdab2
0000370e
00000cd5
00001d7d
ffffc1fe
00000559
fffff4e6
fffff4ea
00001fce
ffffe9de
000011f3
00002489
ffffdcbb
fffff40b
ffffc390
000014d6
fffff197
fffff731
ffffe63e
00002302
ffffb845
fffff392
ffffe334
fffff452
00003514
fffffc67
00002a7c
ffffeb4d
ffffef0a
000011bc
ffffdc40
fffff275
fffffa30
fffff824
000013ee
00001674
000038fe
00003374
00000c9b
ffffe79d
ffffdd4f
00001cab
000024af
fffff9d2
ffffd373
00000b23
ffffeac2
00000224
000012ba
000000bb
00000830
00002dad
000019eb
fffff005
00001320
ffffefd4
ffffe9d8
fffff1d2
ffffd35d
ffffe5bc
ffffac8c
000017f5
ffffdbe5
fffff96d
ffffe35e
ffffe629
0000232c
00001305
fffff46c
00000275
ffffddf0
ffffe9d0
ffffda09
000001ff
fffff84c
000021cc
00000782
00002b50
00002910
ffffe939
ffffc2ac
fffff345
00000f82
ffffeb00
ffffde37
ffffccf4
0000078e
00000502
00001021
00000751
00000904
0000018f
000022d1
000013bf
ffffdbc5
ffffee33
ffffd33e
ffffd485
ffffe6c1
ffffe604
ffffebe7
00001382
0000132f
fffff352
000004bb
ffffc35e
0000009f
00001163
fffffb6f
0000084d
000003db
ffffe884
0000093b
00003d42
000053a1
fffff026
00002021
00000c9a
00001f86
ffff9162
fffff610
0000277e
000000d4
fffff2a8
000011cd
ffffebc8
00003a7b
ffffcc3c
00002a53
fffffd78
000030ce
fffff219
ffffd923
ffffe726
000001af
00001393
ffffdbb5
ffffcd89
0000056a
ffffff1b
0000266d
fffff1af
00003de9
ffffb422
0000151a
00002e0b
00002a28
ffffeea4
ffffcb53
00001095
ffffe9b3
ffffff3d
00000563
00002192
00000e09
fffff9c0
00000268
000008f2
ffffffab
fffff1f7
00003366
ffffde09
ffffe902
fffff2cf
fffffe01
ffffe112
0000060d
ffffe1ef
fffffb31
ffffc24b
ffffe734
fffffb08
fffff6ba
ffffcc8f
00003e84
0000058a
fffff1fb
ffffe830
fffff412
00002521
fffffa0f
000029b8
000026ca
00001f1e
00002ce3
ffffee37
fffff4b9
ffffe02d
fffffb36
000003e8
ffffff57
000011d8
fffff8eb
fffff8f6
ffffd1bb
ffffd8ff
fffffe0a
00000546
000004e9
ffffeaa9
00005a02
00004321
ffffca64
ffffe837
000006c4
ffffdc97
0000264d
fffffb4b
00002ee6
ffffddec
fffff730
0000116f
0000194b
ffffcbf1
fffff2e6
fffff6de
00000c6a
00001675
ffffdc67
0000053b
fffff437
ffffda46
000002b7
fffffc0e
ffffdea6
00000edb
ffffbab8
fffffc21
ffffeed1
00000719
ffffeacc
fffff6ca
fffffdbe
0000236c
ffffe27a
0000291b
fffff067
000013b8
0000059b
0000084b
00000445
ffffd33d
000016f7
0000196b
fffffee0
ffffd931
ffffddda
ffffe17f
000008b6
00001230
fffff914
ffffc53f
ffffdc0a
000005bc
00002d93
00003a1d
00000397
fffff046
00000ab8
00001c7d
fffffa3e
000006ab
00002692
00001c1f
000003fa
fffff685
000014bd
00001852
ffffed8b
ffffdd04
ffffed65
fffff59b
ffffd259
fffff173
00002fdc
ffffdf72
00002310
ffffe014
ffffe9ed
ffffec66
00001775
000020f8
fffffff3
ffffcd44
ffffde07
00002361
0000014a
00000e56
00000667
ffffe32b
00002e7f
ffffcf60
00001ad1
000003c6
000007dd
ffffe7cb
ffffde2c
ffffd78d
ffffffdf
ffffdf27
000002f2
fffff312
00001b64
ffffc815
00001468
0000117f
ffffef1b
0000295e
ffffcd99
ffffde28
fffff88f
fffff39c
ffffe634
0000110c
00000d40
000033de
00002608
000027d9
00001074
000002d9
00001bfd
00000a49
ffffd1d0
00001787
ffffed86
00000cf5
ffffff3f
ffffd439
ffffcc07
00000b2d
00000c5f
ffffd8ab
fffffeaf
fffff1ac
ffffe498
ffffefd8
ffffe382
000009bb
fffff5fa
0000301c
fffffa26
00000f5b
ffffc6ce
ffffda56
ffffffcf
00001747
00001577
ffffdff6
000003fc
00001949
ffffff55
ffffe937
fffff0eb
ffffddca
ffffe7da
ffffbcb6
00001899
00000309
00000a2f
000011cf
ffffed34
fffff8e9
ffffc74b
ffffd6b7
ffffd237
ffffdf11
0000019d
fffff64b
00000e08
00003543
00002c85
ffffeb94
ffffe023
0000001b
00002c30
ffffda5e
00000527
000050e8
fffffa5e
fffff196
000001ac
ffffd3f7
000013aa
00002227
0000011e
fffff798
0000244e
00002018
ffffc597
00000311
000037d3
fffff3ab
00003a37
fffffa78
fffff041
fffff82d
0000289e
ffffec64
00001c87
00000b04
0000427e
fffffda8
00002c0d
00000146
ffffbd66
0000145f
000013cc
fffffec8
0000287b
ffffd52e
00000d1f
ffffd9c8
fffffa2b
0000170d
000006b6
00000fd1
00001948
ffffe0a0
00001657
fffff09e
ffffca95
ffffd017
00000f27
0000065a
ffffbdc8
0000128b
ffffe2c3
ffffefbe
00000345
00002539
0000382a
ffffd031
fffff7ed
ffffc483
ffffce82
00002d18
0000120f
00003342
0000086f
000000f0
000002f5
ffffdeb2
000029bf
ffffc0a3
ffffdd75
000015cf
00000571
00002238
0000225e
fffff6d0
fffff896
000001a6
ffffefad
ffffd6f9
ffffedc4
00001703
00002c88
00003601
ffffef41
fffffe55
00002484
fffffe89
fffff933
00003740
0000297b
00000aa8
ffffebc3
000019ae
00001337
ffffade8
00001428
ffffdea6
00001851
00002bbd
ffffe7b5
00003668
ffffd608
fffffe10
fffff586
fffff5e7
ffffc7a3
fffffb06
0000173e
ffffe4bc
00000963
00000081
ffffd387
ffffcea7
00001b42
00000d5b
fffff46d
000003fe
ffffdc91
00000fc5
ffffe3c8
ffffaa19
00000d3b
ffffe918
ffffd948
fffffdb4
00000156
ffffdfc8
ffffc347
000007b0
ffffdd46
000025af
0000228c
000006ad
fffff8db
000027ae
000027e8
00000db4
ffffbeb5
00000915
ffffe470
fffff3b1
ffffd1fd
00000e96
00001380
0000107d
ffffdf4d
00000705
ffffe802
ffffe0df
ffffff04
ffffcd2e
ffffcb11
fffff095
00000b7e
fffff5fe
0000036c
ffffea9e
ffffe1f0
00000561
ffffd87a
fffff12b
fffff39f
00003ba2
ffffed21
000004f2
fffff0c5
00002825
000022f7
fffff989
ffffe07a
ffffda25
000023e2
ffffb247
00001277
00000ce5
fffff1bb
ffffcd35
000005f8
00001a49
000014dc
ffffd67c
fffffabf
fffff9b1
00002e5d
0000065c
000024f0
0000274e
ffffc2e4
ffffd92c
ffffdf82
fffff6cf
000006db
fffffb78
ffffe814
00000f7b
fffff487
000027e6
ffffedcb
00001a52
ffffdaff
ffffcf8c
000048dc
00002039
ffffdf05
000052c4
ffffe83a
00002589
00000750
fffffa52
ffffcb89
fffff774
ffffcdd9
ffffc746
ffffee50
000010ad
ffffe6e0
000011b9
00000012
00003b83
00001fe0
00003155
fffff35a
ffffd583
fffff6d1
000020c0
ffffd615
00002bc4
00002627
fffff514
ffffccb0
ffffc318
00000b8d
00001179
00001dad
fffffab9
fffff8e6
000037d1
ffffe57e
fffff2d1
fffffd67
ffffdc5a
00001cd0
00001bcd
000002d5
ffffd342
fffff710
00000b8c
fffffb9b
ffffec2c
00000fd1
fffffe50
ffffd29d
00003130
00002001
000009c1
000010cd
00000a08
00004e5a
00001862
ffffee9b
0000294f
fffffaed
000023cf
fffff642
fffffbc3
fffff6d7
0000422e
00000c8e
00000caf
ffffa78d
00002f9a
fffff56f
0000072e
ffffd7f9
ffffd74b
000000a3
ffffef7a
ffffdb98
00001ffa
000029c5
ffffea91
00001dab
00001ae5
00000742
0000188a
ffffe229
ffffe96e
ffffdfac
ffffebb4
ffffee44
000002b8
ffffffa8
00001a16
ffffee1f
00001808
ffffe840
fffffc8a
fffff076
00002e68
ffffff3d
00000c73
00000195
00002a86
fffffc43
00003665
ffffc010
000011e3
000012b0
0000208d
000008d5
000013f4
ffffc8f5
ffffcfb2
ffffe125
00003862
00002d2f
ffffbf22
000027aa
fffffd98
00000f46
ffffda5a
ffffe47d
00002a44
ffffed36
ffffea37
00002736
fffff459
ffffdaa1
00002b5e
ffffe8fd
ffffedd5
000025c8
00002c53
ffffe29a
00001200
0000032c
00001448
00000bb0
ffffe7d5
ffffd97d
ffffe8a9
0000111b
0000198a
fffff2a1
ffffe62c
ffffb972
fffffc18
000000bb
00003f39
000001ab
ffffed9d
000009df
00005aa2
ffffe0fc
0000165c
ffffe1d2
fffffc36
fffff1f1
000000d9
00002581
00001b9c
00000870
00000be8
fffffa79
ffffde73
00000e3e
00003b9b
ffffd9f2
0000319a
ffffed2e
ffffd6c7
00001e92
ffffe176
00002414
000013a1
000008d3
00003ba7
fffffc89
00000a15
00000fc7
00004638
0000383d
00004ae2
0000318b
ffffcc78
ffffe072
ffffd2cd
fffff7f8
ffffeb54
00002982
000005f3
ffffef89
ffffd3c2
fffff52b
00000898
ffffd318
00000352
000014bf
00000138
ffffd34e
ffffebbb
000011b3
fffff921
00002302
0000240d
ffffc54c
00000415
fffffe71
0000169c
ffffd90b
ffffe9e0
ffffcd4b
00000ae3
ffffeb1c
fffff77c
ffffe4f8
0000084d
0000495e
00002a20
0000167d
ffffe2f2
00002712
00002a9e
000023ab
fffffe14
ffffe48b
000005c9
00004191
000008b8
00004382
fffff06f
ffffd744
0000072d
00001bb8
fffff1b0
ffffe8fb
00001422
0000124b
000009ec
ffffe682
00001534
ffffd93b
000036da
00002821
000016f5
00003653
00000382
00000a32
00000e07
00001d29
ffffe7ac
fffffd78
ffffe3ab
000003f8
fffffb34
000016f8
ffffebf8
ffffc934
ffffbe54
00001e96
ffffd362
00000007
fffff77b
ffffd67d
ffffedf8
00001603
fffff9bb
0000307b
00002eb2
ffffe69f
00001796
00001284
fffffbd4
ffffd158
ffffd8f1
fffff688
ffffe641
fffffbac
fffff233
ffffeb4e
ffffeb1b
00000f7f
000000f0
fffff5e7
0000043d
0000447d
00003df0
fffff4b9
fffffdc7
ffffca8d
ffffeee5
fffff034
fffff896
ffffe7bc
00001cbd
00000cdc
00001b03
ffffe5a8
00001479
fffffa61
ffffebeb
fffff727
ffffe723
ffffedbc
fffffe8f
fffff194
00003a1e
000028dc
ffffdf45
fffff43d
00002d1d
ffffea2e
ffffef48
ffffd28a
00000712
00001a6b
0000017f
00001b92
ffffefbd
00000325
ffffdaa4
00004a4e
fffffb97
00001b34
00001db3
00001328
ffffd904
000007c4
ffffe36e
00000339
00001678
ffffe009
ffffda3e
00002ed9
0000120a
000025c6
ffffca5f
fffff4d6
fffffc5f
00000018
ffffccf8
ffffe2de
fffffe62
00001ab4
000034ae
0000034f
00002736
000026db
ffffdb58
fffffd98
ffffddec
fffff4ec
0000079b
00000ce5
ffffbcb1
ffffd036
ffffff21
fffff87e
0000019e
fffff8e2
ffffe6fc
0000269b
ffffe449
ffffff7b
fffff9e3
ffffeff1
ffffd7bd
000021e9
00002449
fffffaae
fffffedc
fffff8d6
000022a6
ffffbde3
00000579
ffffe2ea
00000f6a
0000033c
ffffc806
00002be8
00002f8e
fffff274
00001a21
00002798
000009a8
fffff837
00000064
ffffc00c
ffffed47
00000d34
00001480
ffffef33
ffffef90
000046c9
000016e4
fffff311
0000390b
fffff51f
ffffc3ff
00000dce
000019aa
00004bde
fffff23a
ffffd1cf
000033ff
fffffcc4
ffffd2a1
ffffe2ab
ffffdea3
000030a8
ffffe906
fffff3b5
0000208c
00001400
fffff9a9
ffffdc2c
00000ac7
ffffe5e7
0000235a
00001146
0000153d
ffffca04
000003cb
ffffd24f
ffffdffb
ffffee2d
00001b72
ffffef70
00001bbd
fffff1bd
fffffff5
ffffff4f
ffffd10c
000009a1
fffff982
ffffe2a6
ffffe43b
00000b1c
ffffdbe0
ffffd660
fffffa3b
000025cd
00000651
00001d75
ffffd5f4
ffffcc37
ffffc822
000029d9
00004c79
00001d4b
00002199
00003725
fffff381
ffffe129
ffffd973
00007826
00002325
ffffee65
0000022b
000014d4
ffffeba4
00002306
ffffd067
ffffe7e5
fffff007
ffffe283
00000b45
00003612
ffffe95d
fffff36f
fffffa86
00000086
ffffda41
ffffd345
ffffff87
fffffdd9
fffff798
fffff31c
00005280
00000b45
00002652
000019d7
000002ad
ffffc347
ffffe78d
00000930
ffffdb6b
000008be
ffffee34
fffffa90
fffff9bc
00001572
fffff2cb
fffff9d7
ffffedf4
0000054a
fffff918
00001f98
ffffd774
fffffa53
00000713
ffffd241
ffffd1b2
000011b0
fffff56d
fffff250
00003cbb
ffffe80d
00000704
fffff2e1
fffff3ce
00000177
00001898
00002068
00001242
ffffca8a
00005342
000009d1
00001c65
00001865
ffffd21d
ffffe9b7
000010a5
ffffd8cd
ffffef0e
ffffeaac
000005b0
ffffdf2e
ffffdfd0
ffffef5b
00001fce
00000e89
000012b1
00000a03
ffffe8aa
00000228
ffffc63f
ffffb92e
00001dd6
fffffcc2
fffffb4b
000003e9
ffffdecb
000010b2
000008b7
00000b92
ffffdbdc
00002cfe
00001f6b
ffffdb0e
00001402
ffffdb1d
ffffed21
000015ad
0000303e
00001b82
ffffd02e
ffffc992
ffffbe41
00002dec
fffffb20
fffff9e8
fffffa2a
ffff92fd
ffffe863
00000523
fffff9e0
fffff43a
000038e0
fffffaea
00000098
0000192c
000014cf
ffffe0be
0000014e
ffffef0c
ffffce2b
0000143c
00000622
0000065c
00000a26
ffffe2ed
fffff257
ffffdf12
ffffea12
ffffbaef
00000c51
000008c5
ffffd2f0
ffffd913
00002cbe
000020d9
00000258
ffffb051
ffffedbe
fffff2a7
ffffd47a
00000b35
ffffe8c4
000015e6
ffffdbcb
00001e08
ffffd81e
000027b6
fffffd90
ffffc5ec
ffffedd9
ffffdc05
ffffd937
ffffee46
000020d4
000000ea
00001539
fffff2e5
000049d4
fffff76a
ffffe814
fffffc63
00004a43
fffffd0b
00000457
0000133d
0000195b
ffffb684
000021e4
ffffec0e
0000210a
00001212
0000107d
00001042
fffff024
ffffd720
ffffe23e
fffffc05
ffffe0c7
00000c02
0000258f
ffffe1b3
0000214f
ffffc65b
fffff9c0
ffffde91
ffffca94
00002e1b
000008e8
fffffdcf
ffffec16
ffffde9b
00001dbc
00002651
fffffa29
0000321e
000024bc
00000a6a
000001ce
00000845
000007ba
ffffc341
00003886
0000018b
00000a14
fffff7ac
ffffe8d0
00000888
00002d52
ffffe5e0
fffff2bb
fffffc37
ffffdc1c
fffff243
0000043b
fffff371
fffff0de
00002c6c
fffff57a
000027a6
00002bc9
fffff5ee
00003d47
0000141a
00000765
ffffe17f
ffffbab4
00001bc8
000023f3
fffffc75
ffffe7f8
0000016c
00000e99
ffffdb3b
00005dd1
ffffd49d
00002147
fffff1a9
000013ed
fffff128
fffffc4d
000015a9
ffffe0bb
ffffdf43
fffffe63
fffff53a
fffff859
00001ab0
ffffcfcb
ffffd783
000020c5
00000b72
ffffdb58
ffffdf7a
ffffe40b
fffff695
ffffce4b
00000a40
ffffe6b1
00001119
fffff593
ffffe888
fffffed5
ffffcee7
00001f21
00000cce
fffffe6e
ffffce34
00000a26
ffffaeaf
ffffe7b7
ffffed85
fffffcb4
00003442
ffffd2e5
00000b74
ffffec28
ffffedba
000024b3
ffffb26f
ffffd0d2
00000aba
000014f9
0000041f
00003deb
00000b64
fffffe27
fffffc81
ffffebfe
ffffe7c9
0000323b
0000096d
00000009
ffffd8c5
000013b5
ffffc35f
00001a93
ffffeecd
ffffe8c1
000020d7
ffffe995
00002be2
00000b70
000003a5
fffffe04
00000c2d
ffffe180
ffffb4b4
ffffbc7c
ffffbb7c
fffff13b
000000b7
ffffe9d0
ffffe09c
000001ab
00002ac0
00001b09
fffffb5c
ffffeac2
0000047a
ffffe678
000021b6
000015fc
00001f58
00001e0a
00001860
000014e5
000032cc
ffffe3c6
ffffce37
fffffe1f
00002b44
ffffcca7
fffff2ed
ffffe7c4
00002245
00000ce9
fffffd86
ffffed9a
fffffd3b
ffffe865
0000303e
00000cc7
fffff249
00000350
fffffd13
ffffd4fa
ffffe0cb
000010f8
fffff199
00001f92
ffffdfa9
ffffe56f
fffffc9b
fffffa32
000025ba
ffffe862
ffffd9c4
000010e2
00000691
00001b02
000010cd
00002ad2
000011b5
ffffa959
fffff179
00001e4c
ffffee1e
ffffcafc
ffffd143
fffffb54
00002e5e
00000f52
00001dcd
00000bf2
000017db
ffffcb39
00003ab7
ffffe3ed
00003305
ffffd5ea
00001b5c
ffffddf6
fffff5e7
fffff4da
ffffe804
ffffef1c
000030fe
ffffe087
00001d3b
000009c0
00001796
ffffc62a
ffffd97d
0000243e
00000f02
ffffa677
fffffcae
00000c80
00001631
00004918
00002c39
fffffa10
00000ce8
00000906
ffffeb13
ffffda92
fffff62f
ffffe11b
fffff870
000002be
fffffc03
00000a97
000025a6
fffff39a
00000bfe
ffffc35f
000025bc
ffffe3f4
fffffb0d
ffffdbb2
000015e3
ffffe13a
00000984
00004777
00001781
fffff475
00002101
00001841
00001f6f
00001d85
000005d3
00000a4e
00000f3b
ffffc4ac
00000876
00002d30
ffffd8e1
00002d35
000009f6
ffffcebe
ffffea6a
ffffe02d
ffffb3a9
ffffc9c3
0000224e
ffffe9b9
0000007d
ffffdfd0
0000360f
000018ba
ffffdb1c
00003892
00000106
ffffcb53
00001508
000001a9
000035d5
ffffd143
000018bd
ffffdffd
ffffff2a
fffff2dd
00000181
ffffe8f4
000011b1
ffffe82e
ffffc265
ffffd57f
000024ae
ffffdf93
ffffe401
fffff5d7
fffff531
fffff307
ffffe7c4
00001b0e
ffffe8a8
00003f21
ffffe040
ffffffa3
fffff8b4
ffffe398
ffffdc70
000024a0
fffffc9b
ffffddcb
00000b6f
00001f19
ffffe855
00000079
00001447
ffffe461
00002a42
ffffe666
0000129c
ffffe4ee
000028e9
00001d98
ffffedf1
ffffef23
ffffb318
ffffecbb
00002d19
fffff388
00003d1a
fffff6b4
000033b5
fffff843
00000913
fffff76b
00005406
ffffde94
00000ce6
ffffd62b
00001b7b
000002d1
ffffee79
ffffe40b
ffffde0c
ffffed54
ffffe910
0000065d
00000c59
fffff13d
000000dc
ffffeab5
ffffe201
000024fb
0000118b
fffff46e
fffff3b2
ffffd864
ffffe6eb
0000344c
fffff942
00003fc9
0000349b
00000440
fffff6a0
0000063a
ffffe3d7
ffffe268
fffff9b4
000019e1
ffffdb9c
ffffd9fe
fffffd78
fffff97b
fffff3ba
ffffe18b
ffffe7c7
ffffff1d
ffffed9e
ffffcbb0
00000bc3
00002476
fffff3be
ffffea8b
fffffdb2
ffffff00
ffffdcf4
000005fd
ffffe121
fffffd6f
000031ac
fffff555
00002490
000008bc
000016bd
0000283b
ffffee00
000026af
fffff498
ffffe991
ffffe412
0000096c
00002297
00001101
00002876
00000661
00001e7e
000005fe
00001143
ffffd505
fffff90c
fffff23b
00002b4b
000011dc
fffffa92
00002432
ffffe48f
ffffbf20
0000072a
ffffc6ca
ffffe108
ffffc274
fffff8e9
00000f74
ffffef38
fffff53c
ffffe0e4
fffffb41
ffffd166
00002301
00002414
ffffdc81
fffff64c
fffff19a
00001897
ffffff5c
000000a1
0000297a
00000b57
00001821
00002390
ffffde91
ffffa9d7
fffff80e
00003916
0000519a
00001266
00000d18
00000127
ffffd1b9
00000de9
000005b3
fffff847
ffffeb00
fffff1ea
00002e1b
fffff7ef
ffffc852
ffffff47
000037fe
fffff68f
ffffff7a
00000205
ffffdfef
00000f1e
ffffee80
ffffbdcb
ffffc6ae
ffffe3cf
fffff201
00000018
00000ab5
000005f0
fffffa45
fffffa4d
000005de
00000a2d
000042dc
fffffe75
00000769
00000978
ffffc7b9
00002538
000025f8
ffffe071
fffffca4
ffffcb32
fffff225
00000619
0000043c
00003b4f
ffffdb68
00000f64
00001dff
fffffb86
ffffe851
fffff845
00001dfc
ffffe42e
ffffd5ca
00001fe8
00000c37
ffffa09d
ffffe0e2
000048fb
ffffd16e
00000ee8
ffffde1c
0000168f
ffffdc7b
00001d9b
00000051
000011e0
fffffadb
0000428c
00001c50
ffffe7d9
ffffc825
00000541
fffffab6
ffffe483
000006d2
ffffde96
00000fad
fffff6e6
ffffeab8
ffffc990
00001dd6
00004990
ffff9d87
ffffe2c3
0000283f
ffffbe23
ffffb934
fffffb57
fffffa52
000019e6
ffffee9e
00001767
0000090d
00001928
fffff6b1
00002035
0000092a
ffffc5e0
00001142
00001af1
00001487
ffffd4ef
ffffe2ed
000032d0
00000882
000042f1
000011a3
ffffe252
ffffff25
ffffdbfd
ffffc5dc
fffff5a0
ffffc6a0
ffffe2aa
fffff14c
0000291a
00003ac0
00000cb1
000009ae
fffffbcb
00001e7e
00000c2a
000010a3
00001935
fffff2fc
000034a9
00000ca8
ffffd061
ffffe767
00001525
000004fc
ffffbce7
00000ed1
00000522
fffffae4
00005396
00003161
ffffde16
00003966
000013d9
000012f8
00000137
00006563
ffffce7d
0000084e
ffffe6b9
00002e7a
00000be7
000008bf
ffffdae8
00002125
000027c1
fffff598
ffffed3e
fffff9d2
ffffda23
fffffbb0
0000162e
00000b39
fffff4d2
ffffeff5
fffff3e3
fffffe42
000021f8
00001c5e
00001b50
ffffe0a4
00001b32
ffffe29c
fffff97d
00002dc2
00001760
ffffe09c
0000429a
ffffe9f0
000017ed
000034fa
000003ac
0000009c
ffffecb6
ffffde9b
fffff048
00000be6
00002048
fffff9b9
00004a3f
0000081d
000015b2
fffff554
ffffcf05
00003353
ffffe634
00000666
00000ec4
0000279c
ffffe92d
fffff37c
0000363e
00003abe
000009a6
00001c65
ffffff1e
0000004d
000028a9
ffffeacb
ffffee1a
fffffc18
fffff2ac
0000015c
00000b42
00000f0a
ffffd320
fffff6e5
fffff771
00001306
fffff62e
ffffe5e0
ffffc30d
00001147
ffffeb53
ffffe998
ffffc0fc
ffffe3b8
ffffec1e
00001aa4
ffffda70
ffffe650
00002601
00001dee
00003028
00000af6
fffffc45
000011ad
00001c77
ffffe506
fffff757
ffffd811
00000c71
ffffe990
00002bd2
00001efd
fffffc8c
000037e8
ffffffd2
000002bb
fffff5bf
ffffdb23
ffffe03c
ffffc510
00001e3e
00001517
ffffeaab
ffffe56a
ffffd993
ffffe75a
ffffd329
ffffe21c
ffffba91
00003d87
ffffb888
00000144
000036f3
00001380
ffffe9e2
ffffc821
fffff086
ffffe2f3
ffffe240
ffffc331
000000ab
fffffebd
00003057
fffff9cd
0000091f
ffffe4ec
00000a34
00001fce
00000d72
000016e3
fffff84f
fffff3d8
ffffd102
0000251a
ffffce52
ffffbb98
ffffb457
ffffdbc4
00000e12
00001607
00001ce3
ffffffa0
000019ab
ffffe933
000000c9
00001142
fffff80c
0000188d
ffffff87
00000f9b
ffffd9d5
fffff7f6
00001fdf
0000208d
00000650
00001b8f
00000cb0
ffffedb7
fffff346
000020ab
ffffe3cb
0000113f
00001acd
0000483c
ffffe755
00002e44
000016a4
ffffcc05
ffffc3ea
0000149f
fffff84c
fffff54e
ffffc9d3
00000b71
0000078f
ffffde33
000029bd
fffffdef
fffffce9
fffff0d7
fffff5d3
000014b0
fffffb27
ffffecf2
fffffe5c
000025ec
fffff1dc
ffffed6c
00000477
00001038
ffffd119
000013b3
00004459
000014ce
fffff72b
000027b5
ffffeb39
00004561
0000025f
0000396b
fffff156
ffffe8f7
00001306
00001d16
00001223
ffffe6cb
fffff5b8
ffffddbc
ffffed69
000004d9
fffffc7e
00002487
ffffea59
000000a0
00001685
ffffc9aa
00002344
fffffedd
00000dcb
00001cc6
00000664
ffffc378
fffff717
ffffe482
00000e0d
00003aed
00002151
ffffe389
ffffe614
ffffc783
000010fb
000037f9
ffffe7a2
ffffea3f
fffff63c
fffff540
ffffe1d1
fffffb71
00000f98
00001148
000022fd
00000d64
fffff7eb
fffffdc4
0000018b
ffffff6f
fffff6e9
00000cb5
fffffd76
ffffb8cc
ffffb39c
ffffd865
ffffe4e1
0000102d
ffffddf4
ffffe8a8
ffffe13d
ffffd12e
fffff2f9
ffffe7cb
ffffb19c
0000158c
000022f9
00001714
ffffcbf4
ffffed1b
ffffc2b4
00000058
000018bb
fffff815
fffff2fe
ffffbdaf
fffff7b2
00002f1f
ffffff32
ffffed0f
fffff2ba
fffff7ea
ffffe0a4
000019c0
ffffdf7c
00000ac2
ffffe13b
ffffe940
ffffeb96
fffff046
fffff84f
00003239
ffffe704
0000142b
ffffd8b1
000026bd
fffff754
00002daa
00000a46
ffffd836
000008a7
ffffd75a
00001788
fffffc59
00002445
00000e62
00000cca
fffff059
ffffe625
fffff1c5
ffffb949
fffffb58
fffff74f
fffffadd
00001b74
00003134
00000c77
0000357c
ffffd2fc
ffffdfb9
00000d67
00004477
0000188e
00000d56
ffffe43a
00000a3b
00000093
00002352
00002533
00000165
00000cae
00000753
fffff192
fffff397
00000435
fffffcf7
000024dc
000037b4
00000874
ffffee41
fffff6ac
0000013d
ffffefb5
ffffe8ea
000016ff
fffffbef
fffff3a0
fffff448
000027d4
00004370
ffffd320
00002d99
fffff8bf
fffff731
00001e2d
00002ce1
00001e35
ffffffe1
ffffdf7b
ffffec37
00001233
fffff3c9
000020b1
00000360
ffffbf6f
ffffdf24
ffffe394
fffff439
ffffcac3
0000382b
ffffdd4b
000005f0
000032e6
0000502f
fffff2d5
00001ea1
ffffed2e
ffffdd59
00003155
ffffff5a
000014b8
00000474
00001f9e
ffffe8ca
ffffd7b6
fffffe2e
ffffb41b
00002154
000003b1
ffffff9a
000007aa
0000179d
fffff43c
000010ff
ffffb88d
ffffd48a
ffffc4f5
ffffc56f
00001021
0000008f
00002c58
fffffba5
fffff481
fffffcef
fffffce7
00001ad4
ffffd9fb
ffffd53a
ffffdd0d
ffffefb8
ffffe2a3
00000fdf
00001fae
0000094a
00001a17
000036ec
00000957
0000044f
0000098e
00004464
00001b29
ffffd46c
00001151
000023e1
ffffc75b
0000430b
00001d99
00002140
000022fc
00001446
000006ed
ffffd962
ffffe68e
ffffee79
fffffbb7
ffffe3a8
0000072d
00003f84
00000963
0000029e
ffffe901
00000f00
ffffc82b
ffffd601
00000ff6
00001221
ffffee0f
000008d0
fffff2f2
fffffbdb
fffff4ed
00000e80
00002131
00003e78
fffff300
ffffef0d
fffffacb
00002310
ffffd29f
000050fc
000019c9
000011f0
00000a95
fffff9bd
fffff01a
00004a98
ffffeff8
fffff59b
ffffeea6
fffff1db
fffff069
fffff9e3
fffff79f
00001148
000042b3
00001442
00002a42
00001abf
fffff06c
0000237d
fffffdbf
00000f06
ffffc944
ffffb580
00002440
000026eb
0000297b
ffffe3e5
00000172
000012e2
fffffc34
00004370
ffffdce9
000029b4
00000d7c
fffff3be
00000939
fffff217
00003302
00001873
fffffe9e
00000990
ffffdf75
fffff22b
000002a9
ffffbfb6
ffffeb02
00004693
000025af
ffffea88
ffffe119
00001399
00001ba5
ffffc5f2
000004d0
ffffd5df
00000695
0000042a
ffffef4e
fffff99b
ffffc405
000001e1
fffff73b
fffff69c
ffffdc98
0000029f
ffffdcd7
fffff4b9
fffff5d5
00001d07
0000238c
ffffbe85
00000f53
fffffc3a
00000e79
00001264
ffffbdcb
fffff39f
000004c7
000027c0
ffffe81c
00004025
fffffd9c
fffff384
00000c2e
0000028e
00000046
000029fe
000015cc
00001844
ffffce3d
00001ddc
ffffbb90
0000179d
fffff3c8
ffffe99c
00002fd1
fffffbb8
00001f69
fffff95a
0000301a
00000c9d
ffffefe3
ffffe9d6
ffffd5af
ffffdbb2
ffffe476
fffff0bc
00000fa8
ffffe647
fffff122
00000a17
00003f39
000043a9
00000b6f
fffff14f
ffffed17
fffff9c8
000010f9
00000908
00001285
000013d3
00003368
0000314f
000061e6
ffffd41b
ffffe506
ffffff2e
ffffeec5
ffffee35
ffffe973
ffffe40a
0000203b
ffffeeda
00000f94
ffffc041
ffffd168
ffffc82d
000001ed
ffffd1bb
ffffe43f
ffffe02a
ffffdff6
ffffead7
ffffce6d
fffffcbf
00000116
ffffdcf2
00001d5f
0000060c
fffffd2f
ffffe55e
ffffd54d
00001056
fffffa88
0000275d
fffff10b
ffffd4d7
ffffee8d
0000184b
00003af9
fffffc0f
00001566
ffffec77
00003acb
ffffc4db
00003562
000033ef
fffffd09
0000015b
000009e5
fffffb5b
00005a2d
ffffec57
ffffddaa
000004fb
fffff15d
ffffee1d
ffffcb96
ffffff2e
000003c7
00000602
ffffd241
ffffb231
00000116
ffffed1b
00001dec
ffffe931
fffffa45
ffffd6ad
00002dfe
00003c5a
00001afa
00002110
ffffbd4d
000013d1
ffffed38
ffffe726
0000010f
00000119
fffffeb6
fffffb0b
fffffca9
00000147
fffffec4
000024ed
000021ba
00000f5e
00000eda
000003d0
ffffef83
ffffe4a9
fffffda7
000025c8
ffffc653
ffffddd9
fffff446
fffff252
ffffe3af
ffffed30
0000543f
ffffadd1
000005b6
00000307
fffff6f2
ffffdda9
00002f63
0000401b
00004127
00001b48
0000324a
000015ee
000008ec
ffffbfb0
00001a9a
fffffd75
fffffc08
000030e7
fffff730
fffff947
fffff199
fffffe6b
ffffea4c
fffffa03
00000d60
ffffd5e2
fffffbc9
00002284
ffffc43a
ffffa83b
00002e31
00001a2e
00000988
ffffe30b
00000e58
fffff583
0000228f
0000206c
00001796
ffffdd55
00000b7c
00000c4f
ffffefe9
0000352d
ffffff19
000011a0
fffffa8a
ffffe455
00000fb2
000019b0
ffffc254
00001212
ffffc74f
ffffc8b8
fffffd76
ffffe9e4
fffff629
ffffda53
00001de4
000016d3
ffffe23a
00000083
fffff7af
00000458
00001771
000012cf
00001d86
ffffd520
000029a3
00002417
00000a78
ffffeed4
fffff584
ffffe3e9
ffffb3f5
00001e16
0000121f
ffffe8dd
000059e1
00003c02
00002cf7
0000068f
00000bda
ffffc904
ffffca11
00003366
00000767
000016d7
ffffe9dc
00003839
fffff9ee
fffff81b
fffff0a3
ffffea4d
ffffd456
fffff6e7
000019bc
00000267
ffffced0
ffffe65b
00003055
ffffe4ba
00000804
ffffd552
fffff84c
fffff569
00002532
00003f2d
ffffe2d4
ffffed9c
00000cb9
00000b48
000032a9
00001eac
ffffe2f0
ffffef40
000039a8
ffffc9e0
00000eb9
0000089e
ffffe06d
ffffdf55
0000067f
ffffd1d7
ffffda36
ffffe240
00003aa6
ffffebac
0000148d
fffffcca
000007dc
00003c84
ffffc5a3
0000215b
fffff4f7
00000ffe
0000020c
00001dd2
ffffe0bd
fffff296
00002931
00002ce7
0000262a
00002a6e
00001ec9
fffff3d5
00002083
fffff237
ffffeda9
00000ed3
ffffe089
00000f10
00000f4c
fffff8e4
ffffe66d
000011d2
0000039c
ffffebba
fffffe03
000004d3
fffff9c9
00002948
ffffe0ea
ffffe955
ffffeff8
00002737
ffffe2b4
ffffffd5
fffff1a8
ffffdd80
00001d2d
00001cc1
00002a87
fffff053
fffffdb3
ffffff57
00000831
fffffd60
00001db2
ffffedf7
0000191b
0000299a
ffffd2d2
fffff058
ffffc93f
ffffeac2
fffffff9
00000194
00000f2f
000016ad
ffffe7ee
00003302
000043ba
000018a3
ffffd757
ffffeea1
ffffd72d
fffff2bc
ffffc604
000017e8
00000773
fffffd14
00000c68
000019b4
00000659
00003485
000007eb
0000260e
00002de7
00000f3b
000014a6
00000f24
00002012
000000ef
ffffd29d
00002475
ffffdb5f
000007d1
fffff745
00001084
fffff6b2
000035ba
000006e1
fffff896
000014e9
000034e9
fffff943
000019a1
00000849
fffff3ef
00000f75
00001d5d
00003626
0000039a
00000613
ffffecfc
ffffdb47
00001513
00000527
fffffbb9
ffffd56f
fffff0bd
fffff688
ffffecfb
0000334d
ffffc3ab
00000fce
ffffecf7
00001185
ffffe96c
ffffec18
00003526
00002288
ffffee93
ffffe811
0000153b
00001320
fffffb1e
00002d6f
ffffccf9
00000d66
fffff836
00002db0
00001439
fffff44b
000006b2
0000246b
fffff05f
fffff1fc
0000007b
ffffc01e
00001b33
ffffedde
ffffeb89
ffffed0e
fffffd6c
ffffe186
ffffe7f9
fffffcf6
fffffb5f
00000fc1
ffffde7b
ffffe648
0000037e
fffff2f8
fffff362
00001d40
000029fd
ffffdbf3
fffff5af
ffffe89a
fffffb35
0000465b
fffff73e
000013fc
ffffc5fb
fffffdaa
fffffa55
000006dd
0000158e
ffffef23
000009dd
00002af7
ffffec34
00003746
000000af
00000fc2
ffffe6b6
00000ed8
ffffd4bf
ffffec58
ffffeeb1
00001236
00001d9e
ffffd61c
000009c3
00001777
ffffeae3
ffffe686
00000947
00000a59
0000358e
000002ac
fffffc71
00001d0c
000001d9
000002a9
fffffae6
ffffee4b
00000ebd
ffffe879
fffff103
ffffffab
fffff0d7
00000fe4
fffffe22
00000902
ffffd729
000000e3
000023d8
fffff1a7
00002326
fffff0ae
00001da1
00001e69
ffffe3f0
00002ecc
000003c3
ffffd765
00001c29
ffffed80
00001666
fffff76b
ffffd547
000018f5
000010ba
ffffbb6d
0000045c
fffff5c0
00000fe6
fffff3bb
0000047d
00001d3b
00002c16
000036bc
00001321
00002458
0000152d
0000182f
00003c29
000003bd
00000513
000013c2
000017f0
0000022b
00003ee8
00003b7e
ffffeefe
00000283
fffff87b
00000880
ffffdfb2
ffffbfa9
00001891
0000064f
000006c4
00004ca6
0000021e
fffff6af
00002c2b
00000ce5
fffff937
00002a17
00000e5d
ffffc4e2
00000c44
00001fd0
00002271
00000ff2
00003747
000009b2
000010cf
fffffa42
00001225
00001d15
ffffe927
ffffffae
ffffe1fb
ffffdd97
000012d7
ffffe74d
fffffe0e
ffffe30b
00002715
000013da
fffff115
00002840
ffffed27
00002093
fffff674
0000205d
00000959
fffff25b
fffff3ce
ffffefba
00003a02
00002b08
fffff956
00001312
00001738
fffffa6c
ffffd0f6
00001894
00001dd8
fffff510
ffffc8bd
00000f7d
ffffec47
00001664
fffffb10
ffffe7f4
00001730
00001bdd
00002483
ffffcc08
ffffbd5e
ffffbce2
ffffc321
00000607
ffffc27c
00000619
000005e4
ffffb551
00000195
fffff9f2
ffffe8df
00000c50
000032cb
000014b7
00001fc6
00002aaf
000008e3
fffff128
fffff090
000008bd
00000867
fffff0fa
fffffd84
fffffb47
00003344
ffffcb0f
000019a9
00000611
00000447
fffffcf9
fffffdd6
00000a0d
ffffd8a6
00000a99
fffff19c
00000e61
00000561
000018a6
ffffeb6d
fffff78e
fffff10d
ffffe84b
00000517
0000259b
ffffcf48
00002eda
ffffc721
00001906
0000016f
ffffddd0
0000230f
ffffda33
00002622
0000198b
0000005e
00001f73
ffffffa9
ffffd17e
000008ca
000017b1
0000224c
ffffbcb9
0000517b
fffffb5a
00001bff
00001d5d
00004627
fffff8ce
ffffe899
fffff1bd
ffffcba0
ffffd4df
000014e6
00004486
0000159a
00000a12
ffffe973
fffffcb7
fffffb37
0000284c
ffffe15b
fffff619
00001650
ffffe1bc
00001a98
00000669
ffffdb2f
00001608
000038bc
ffffdf27
fffffafe
ffffd134
0000262a
00000c8d
000026c4
000016a1
000009d2
0000088b
00001cd7
ffffe290
000038dd
ffffed55
0000338d
ffffec5a
00001033
000008df
ffffd7a0
00003919
00000aa7
fffff575
00002c4b
ffffe9b9
00001265
ffffcfd9
00001a67
fffff01a
0000113e
fffff7c0
fffff740
0000232a
fffffe4a
00001af2
00001a83
fffff296
ffffe12a
fffff9ec
ffffcabf
000015e1
000004f0
0000198c
ffffe813
fffffb39
ffffd997
00000bae
000020a4
ffffde56
000009b2
00003062
ffffe253
fffff404
000001fe
ffffd57b
000016f9
000023aa
000013da
00001589
0000245f
0000154a
ffffe7c2
ffffbf5e
00000aa5
ffffea81
ffffd20c
ffffbcbe
ffffcad7
ffffd560
ffffeb82
fffff069
ffffd839
ffffefc0
ffffea16
ffffbec3
fffff75c
ffffd2a0
00000a7f
0000235a
fffff48a
ffffe370
ffffeea8
ffffc929
ffffdf7d
ffffe1d6
0000003c
00003933
000012b4
ffffe711
000015c7
000004e4
fffff5f8
00000058
ffffe96a
ffffdbb9
0000152f
00001879
ffffee35
00001be8
fffff7e4
0000191a
ffffd12f
fffff294
00004585
fffff4be
fffff44a
ffffdd37
00001fed
000003d4
00002463
0000111c
00001632
fffff405
ffffe4b6
000012ad
00000792
00002d5b
fffffea7
00000fcc
ffffeaab
ffffd530
ffffd8d3
ffffb001
00000a09
fffff110
ffffd949
00000e4d
fffffc7f
0000037d
0000443f
ffffe052
00001c38
00000a47
00000d43
fffffbed
fffff701
ffffe740
000000d3
fffff098
00003e28
00003d16
000003c8
fffff2e8
00001c89
00001d1e
fffffed0
ffffe721
ffffcbdf
00002b01
00002bfe
ffffdf5a
00000e08
000013db
ffffe3e0
00002efe
000026d0
000005b5
ffffcbe3
fffffd13
fffff194
00001d54
ffffe6a4
fffff27f
ffffe22b
ffffede2
fffff15a
ffffcea7
ffffe826
fffff051
ffffea91
ffffecbf
ffffe683
00001ce6
000012f8
ffffd4b6
ffffffc8
000018ca
00000476
ffffd376
00000723
00000267
0000110e
fffff572
00000930
00000edf
fffff7df
000015bd
ffffe987
00000097
ffffe7a6
ffffc3a8
ffffebe5
000024c7
ffffeba9
fffff3f2
0000014e
00000682
ffffd6a3
00000070
ffffdbfb
ffffd34e
fffff043
fffff228
ffffe210
fffffb67
000006f0
ffffe13c
00000096
ffffe7d2
fffff1e2
0000028f
00003bed
00003c1b
00000ac8
00002cb2
00001560
ffffea22
ffffed45
fffff0dc
ffffe566
000005ed
fffff6c0
00002c45
ffffbd0f
fffff653
ffffc541
fffff04c
fffffe9c
ffffcf3f
ffffdebd
fffffc69
fffff04c
ffffec11
000015c5
00000500
000032e8
000011b4
00001417
00000b90
ffffc056
ffffda0c
fffff9a3
ffffa8f9
00001d1c
ffffde0e
000000ae
00002693
ffffd62c
000011a1
00000da6
ffffae42
00001aaa
000011f9
ffffe873
000007b6
0000094d
fffff3a3
00000510
fffffd79
ffffb0f4
ffffffcc
ffffefec
fffff7a8
00000d6a
00000365
00000195
00001ec6
fffffc66
fffff847
00000c8a
00002d64
00000493
00001617
fffffa97
ffffffcf
fffff28f
fffffdd5
ffffad34
00002326
ffffc8c4
000003a2
00000974
00000503
00000951
fffff6fd
fffffa00
ffffe854
ffffd86b
0000159c
ffffdd21
ffffe964
fffff560
00001853
ffffdf9d
00000619
00004812
ffffec8f
ffffd59b
ffffd83c
ffffe1f6
0000006f
ffffd174
fffffac9
ffffe6c2
ffffed03
ffffa686
fffff848
fffff734
ffffefac
ffffff4c
ffffedbb
000004b4
0000178e
00000669
0000126c
00000513
00000c25
00002804
fffff448
ffffd700
ffffdbbd
fffffea1
fffff75a
fffff5ea
000029dc
fffff1f9
ffffff7c
0000040d
ffffdfeb
00000179
00002a2b
000003a6
00000bff
ffffef05
00002bd7
fffffecb
000010ce
ffffef98
fffff95e
00001737
fffff8e7
ffffdd0b
ffffdabb
fffff69f
00000cd0
fffffdd1
fffff45b
ffffda94
ffffff18
00003dc9
00001111
ffffdddf
fffff657
fffff450
ffffafa6
00001b1d
ffffee9b
ffffdfc2
fffffd89
ffffec03
ffffc8a8
ffffe5e7
ffffe378
00000062
00001de1
00001ab9
00002e71
ffffdc5f
ffffe56e
000000ac
000001c6
fffff8bc
00001fe4
0000068b
0000069c
fffff9cd
ffffdb69
000003ad
fffff8c5
000021aa
fffffd6e
000000df
00003416
00002036
ffffe98c
ffffec38
ffffd193
ffffe55d
0000042e
000004af
fffffa44
000021c2
ffffe4cb
ffffb86a
ffffe5ea
fffff1fe
ffffdf9a
000014fc
00001822
0000154e
000037e1
ffffff48
00003a0b
00002c62
ffffffa4
00003743
ffffe7b1
00001dc1
00003235
fffff6e0
ffffda41
ffffd3c1
00000f7f
000029bf
00001cd3
ffffc841
00002422
00001523
ffffd2fe
00000bc9
ffffe15e
ffffdb27
000012fd
00000ad2
00000d10
ffffdd0c
ffffbab3
00000943
00003646
00000d26
ffffeed6
000011cc
ffffb0fa
ffffe6d5
fffff3fd
fffff08c
000038c2
00000e18
000023a1
000006ea
00000392
00003135
00001645
00002686
00000c19
000000ac
fffffd54
00000383
00004cab
ffffd64b
ffffbe4a
000013ee
ffffe175
ffffeb87
ffffdc84
fffff334
0000223c
ffffe048
ffffd1a7
00001fc1
00001f80
00000ab6
ffffe27e
000040ce
000012f4
ffffd166
00000cc3
fffff8de
000008ab
fffff095
00001c54
ffffc9c8
00001b94
00000c7d
ffffd6e4
00000c9b
ffffdd2a
fffff29a
ffffde8c
000021d6
00000717
ffffde2e
ffffdfb4
00003027
fffff974
00001241
fffffba8
000033e8
fffff58a
00000a1e
00000f36
000035c6
ffffe068
00002850
ffffef76
0000164e
00000248
fffff35b
00004a5b
0000070c
ffffd849
00000343
00002071
ffffee00
fffffdc7
00002370
ffffeff1
00002979
ffffd7fd
fffff160
ffffde4e
000002d9
00001170
00001d5f
00002e18
ffffe348
ffffdd6f
00001ec0
0000175b
00000d4b
fffff5b7
ffffea10
00000fc4
ffffff41
000004d9
00000203
ffffd4ce
ffffd976
00003420
fffff3a4
ffffe1e7
ffffe4bb
00000dd0
ffffe846
ffffdf22
0000026a
ffffea96
ffffceb4
ffffe6e7
000006f3
fffff501
fffff5a9
000022b1
ffffd182
ffffdd90
fffffeae
0000074c
000062d9
00001727
00002d49
fffff88b
ffffdea6
fffffb3e
ffffe735
fffff0f7
ffffef7e
fffff56e
0000250e
ffffe16d
fffffdac
fffffb46
00000e5e
00004132
000020ed
00000484
ffffd1b9
fffff00f
ffffd477
ffffe4b3
fffff341
00000067
000004ae
0000133d
ffffc08b
fffffd9c
ffffe351
ffffe741
fffffd12
fffffe22
0000059c
ffffffa3
ffffa13d
00001a2b
ffffd01d
000015df
000025de
ffffaabb
000020c1
ffffffcb
00001374
00001b52
ffffeaa4
ffffe0cf
000006d5
fffffe41
0000081c
ffffe3b0
00000b08
000036ea
00002e9c
000006d4
fffff78f
ffffeff9
00001c12
00000d3c
00000727
00000bf7
fffffc89
00004205
00001795
000001f2
fffffdfe
00000626
ffffe67c
fffff0e3
00001ede
ffffd1b6
ffffda79
ffffede2
0000056a
ffffcf39
000025a4
fffff3fb
ffffe2a3
00003452
00000d93
00001f34
00001db9
00000d27
00001312
fffff9ce
ffffec93
fffff796
ffffc85f
00002a53
0000299b
00002728
fffff6a5
ffffdeec
ffffecc0
00000010
ffffd906
fffff7c6
fffffe1e
ffffd98d
00000177
0000133c
0000191f
00002a04
00001b83
fffffc76
00000eb7
0000155c
ffffdc4a
fffff82d
ffffe853
000063cb
0000057a
fffffbaa
00001df0
ffffffc6
00000e3a
00000e71
ffffe054
fffff39b
ffffd65e
000033ed
00001e10
0000064d
ffffe67a
00000501
ffffd9ee
000024a6
ffffd103
fffff19d
fffff65c
ffffe175
fffff2fd
ffffe945
ffffd736
00000591
ffffed85
ffffdf7e
ffffcbb8
0000267a
00003080
ffffcf1d
00000f5d
fffffd17
ffffdf70
fffff114
00001acd
00003b98
fffffc7e
ffffef65
0000159a
fffff153
ffffe9c6
ffffe779
ffffee06
ffffdcab
ffffdefc
fffffdb3
fffff2a4
00003205
fffff3e1
ffffd8ac
00000792
00000819
00000043
00000f43
ffffee73
ffffd439
fffff0ee
ffffeed4
00001064
00002d9c
ffffec16
ffffd702
00001e82
fffff4b8
fffff750
00000c8f
fffffd64
00002307
00000fba
000010d4
fffffea0
00000f9d
ffffdf5c
ffffc304
fffff4ae
fffff50b
ffffdf34
00004704
ffffcdf9
ffffe6b3
ffffbf65
ffffde0d
fffffbfc
ffffd195
ffffb5bf
0000027e
fffff502
0000012c
00001927
fffff586
00001ffe
00000549
0000335c
ffffdd1c
ffffe8cf
fffff2a8
000006bf
ffffcd0f
00000d2c
ffffdc20
fffff4c4
00000dc4
ffffc8e6
00001016
00002682
ffffb2ce
000037f5
ffffeebc
fffff3d6
000013df
00000996
ffffef09
fffff4a2
fffff687
ffffd84b
fffff364
ffffef9c
00004075
fffff728
fffffb5a
00001ecb
0000111a
ffffd4dc
0000196f
fffff79b
fffff923
ffffde5c
ffffea80
ffffea35
0000039d
ffffe1d9
fffff540
ffffc854
00004719
ffffc3c1
ffffe0d9
000008f3
00001669
ffffee54
ffffee05
fffffaf3
ffffe490
ffffe10c
00000f36
fffff07c
ffffd532
000002ff
0000284b
fffff69b
ffffe5bd
0000400a
fffff17c
00001341
ffffbe7b
ffffe772
fffffb8f
ffffd910
ffffd906
00000d2a
ffffc656
ffffcb98
ffffe21a
ffffe65d
ffffc71a
00001681
00002618
fffff39d
fffffc15
fffff78f
ffffe3af
fffff098
fffff7f1
0000269e
000002b5
fffffcaf
ffffeef8
00001794
ffffe324
fffff284
00003f13
ffffcf52
fffff653
00001acb
000015af
000001b4
00000295
fffffef2
fffff6be
00000d14
00004441
000018bf
00001b01
00000794
00000eeb
fffff75f
fffff9d6
ffffd8af
ffffd148
00000477
00001069
ffffe011
ffffc945
00001460
00000e59
0000096d
000025a5
ffffc5a5
ffffe853
00000605
fffff4e6
00001fa5
000002d3
fffff230
ffffdbf2
00001240
ffffdfcf
ffffef82
ffffd027
ffffefa6
000025c1
ffffed94
00003086
ffffda53
ffffd7ce
ffffdd04
ffffe5e9
fffff52b
000013a2
ffffee67
00000916
000023e8
ffffde79
ffffee6c
ffffbff7
00004baa
ffffc945
fffffe5d
000027bd
00001982
ffffe3cf
ffffe5a4
ffffe257
fffffdc7
fffffafe
ffffd2c5
ffffd30c
00001c85
ffffe3f0
ffffe2ce
ffffd307
ffffee4d
ffffc1da
fffff8dc
00000f98
000023ff
00004b2a
0000127b
00001bd0
00002963
ffffecb5
00004de8
ffffce36
00002acb
0000311f
000000cb
00000981
0000107b
00002327
fffff01c
00000620
fffff79f
000015d7
00002923
ffffb5d3
000012a5
ffffcb5f
ffffe28c
fffff4a8
00001a68
00001754
fffffbb5
ffffe1e6
00000ba6
00002ef5
00000a65
ffffcdb3
000013e1
fffff119
ffffdb34
ffffcad3
00001efe
fffffe4d
fffff4c5
fffffea1
00002b79
00000a41
00001a98
00001bd5
0000274b
00002081
000002e3
000030c7
000001e9
000018d3
00000c65
ffffea3d
00001ba8
ffffba7d
ffffef6a
000017c9
00001789
ffffdcd0
000002fb
00001648
ffffff55
00001e9e
00002b46
ffffe667
00000721
0000178e
ffffe0a6
ffffefd4
00001c03
000031a5
0000203e
00000014
00000a7f
ffffee72
000016f9
00001fb4
fffffc4b
ffffe0a4
ffffe633
fffffa30
fffff901
000021ce
ffffb6f2
00001cdb
0000086e
fffff7aa
ffffef23
ffffe8fa
00002428
00003b80
fffff749
ffffd6f9
00000c7f
0000008b
000007a9
0000227b
ffffe093
00000fca
00000f11
fffff82d
0000095c
0000089c
fffff9cb
00000968
ffffe8bd
000003d8
0000270b
ffffcae0
000008cd
fffffa28
ffffebb5
000012f0
ffffeae4
00000961
ffffeeee
fffff5b9
0000092c
00001b12
fffff18d
00002366
00000eef
ffffede7
00000ba4
00001b6b
0000095a
ffffe78d
00001a30
00000341
00000066
00003be7
00001d65
00001027
ffffc557
ffffe06c
fffff6e1
00000542
0000075c
fffff1be
000033c7
0000209d
fffff85f
00001bc4
000006cc
00001372
00001bff
0000396a
ffffe21e
ffffdec5
ffffff1a
00000c1c
00001ab2
ffffe381
ffffed5b
000016c1
fffff111
fffffff6
000010e3
00000b41
00002e1b
fffffaad
ffffed32
000001bc
000002b1
fffff88f
ffffd1ef
ffffcb43
000011cc
00000d21
00000232
00000bd4
ffffce1d
ffffe7cd
ffffd354
00001861
fffffc48
00000d60
00002a6e
fffffcd1
00000ec7
ffffee71
00000cbc
000036c6
ffffcd23
0000148c
00001dcb
fffff943
00001aa1
ffffe69d
fffff64e
fffffe21
ffffe25c
00001c30
00000eba
ffffd3fd
0000084d
0000209d
00001fec
ffffdf6d
ffffe743
000010d5
0000333f
00003765
ffffeecf
00000815
00005371
fffff99b
000021d5
000000dc
0000096a
ffffecdb
00001542
000008ac
0000397d
00002f82
fffff17e
00001389
fffff4da
00002867
ffffd201
ffffde4b
00002914
000008a2
fffffa73
00004e7f
fffff6ee
00000ae3
00001a3d
ffffdfe3
ffffd92a
000022b2
00001a9b
ffffc711
00000477
00000707
00003931
fffff495
000024a1
fffff4f0
ffffedd1
ffffe847
00001bbb
00001852
00000b38
fffff4a5
ffffe41b
ffffd1b4
ffffe988
ffffb961
00000a15
fffff530
00000e93
00000992
ffffec24
000007f2
ffffed97
ffffee7e
00000995
00001872
0000157c
fffffab4
ffffe591
fffffb5c
00002c3a
00001b3a
000005d2
00000dc9
00001939
ffffe3be
ffffa17b
000008a3
00001f06
000013f3
00000694
ffffe28d
fffff0df
ffffeda9
fffff87f
00000503
000006a1
000012b9
00002410
ffffd934
ffffce59
ffffdda4
ffffcaa9
ffffd697
ffffe24f
00001429
fffffe4d
ffffb040
000006bf
ffffe62d
ffffe99a
000018c1
0000197a
00002465
00001a01
00001173
0000281d
fffff0a8
fffff773
00001e39
00000abe
fffff4fb
00001b92
ffffe6fc
00002835
ffffc8c7
000044f1
ffffe8b4
fffff9d7
fffff091
fffff4aa
00000a2f
fffffb88
fffff480
ffffff70
00001e77
ffffe4a8
00003f2b
00000c73
fffffb81
00000e54
ffffcf3f
fffff2c8
fffff5af
ffffce2a
fffffff6
ffffd55b
00001e0c
fffffa48
0000071e
00002712
ffffe353
00001562
ffffe74b
00000c1d
00001c45
000017bf
ffffe03d
00001d92
00001cc1
00006179
ffffb876
000040e7
ffffebf7
0000333e
00001833
00003607
ffffd9e4
ffffaa1d
ffffe7c4
000023cf
fffff16e
fffff012
00002d8d
0000126e
000010f6
fffff9ff
ffffe549
000017c0
000014e8
ffffd03b
000026ee
fffffda0
ffffc89c
00004e1a
000001cc
ffffdbdc
000023ec
00004f77
fffff2bb
fffff7df
ffffd336
00002eb6
fffffb34
fffff0d9
0000159b
fffff81b
00001152
000021c0
ffffd38e
00002794
ffffc889
00001fe5
fffff212
00003c69
fffffc95
ffffef03
00002e9d
00002f0a
ffffd194
000014a4
fffff616
00003a68
ffffb45d
00000372
ffffe9e0
0000283d
fffff8a6
00000a6e
00002dc7
00000eb4
000032d0
00000d30
ffffbcf5
000000bf
ffffe325
ffffcf8f
000018a0
ffffeda5
00003076
ffffe781
0000090c
fffff379
000018fc
000011b1
fffff302
00002fd0
00002812
000039a2
00000bda
ffffe1ec
fffff241
fffffa17
fffff7d8
000002f5
00003250
00001d4e
0000011c
ffffdcbd
ffffcbfb
0000153d
ffffe1e4
ffffdaba
ffffe612
ffffdbe6
ffffb8c3
000005a6
ffffe8d8
ffffdcf4
fffff686
ffffe922
ffffc902
0000139b
ffffe3fe
00000aac
ffffec1d
ffffe69b
ffffe930
ffffe469
ffffcaff
fffffca4
fffff5f0
000002cd
000036a1
000022d7
ffffdcb0
fffffda2
00001d8c
00000416
00000e8d
ffffdcf5
ffffe63b
0000317e
00003214
fffffd13
00002e7a
ffffd48e
ffffd9f3
00000476
00001b08
000029e8
fffff43b
fffffa1b
00001c96
00001056
ffffd9f1
00002985
fffff745
00004814
000017e0
fffff027
000023b0
0000198a
00000c90
000017fc
00002f21
fffff16c
ffffedbe
ffffeee1
ffffdd65
ffffe679
000014cc
fffff51e
ffffdbc7
ffffe2a9
000000de
00002684
ffffe59a
000003e0
fffff5f0
00000de2
0000177c
ffffef74
000008f0
000015d9
ffffefa5
00003eba
000025c9
fffff076
ffffdeac
00000350
fffff3c0
fffffc02
ffffdbe4
ffffe4fb
000013dd
fffff364
ffffdd12
fffffd60
ffffee93
ffffe312
000004eb
00001053
00002209
ffffecd6
000017cd
ffffcbc2
00003d0a
ffffff1c
fffff27e
0000058f
fffff165
ffffca72
ffffdfce
000010d3
00002140
fffff725
ffffd67c
ffffefe0
0000322d
000011c2
ffffd974
ffffd429
ffffdf81
ffffe5ea
ffffda01
00000d9e
ffffda62
00002fd9
ffffdd8c
ffffef9b
000019ba
0000161a
0000205b
0000263e
00000468
ffffe5ef
ffffc64d
fffff092
0000303b
ffffbb3f
fffff2ac
fffff156
ffffe21c
ffffc2bb
ffffcdeb
ffffe870
ffffff10
ffffe564
ffffde0e
00001b78
0000109f
fffffcc1
ffff98c7
fffff8f6
ffffecc5
ffffe1f0
00001e49
00002287
00003209
fffff9b3
00001318
00000186
ffffe8f2
00000310
fffffbbd
ffffd8d6
ffffe27a
ffffc3d3
ffffe514
fffff345
000006a7
ffffcf02
00000a84
000019c3
ffffcf79
ffffef1d
00001c07
000032cc
00000e86
00000c48
ffffeefa
00003718
000011bb
00002440
00002bdd
00000a61
fffffa45
00000272
ffffec7c
00001044
ffffd4be
ffffdd82
00004238
ffffe0b8
000006a2
00002c5b
ffffd63c
000028fb
ffffe97e
ffffb35f
ffffeb4c
000006c1
00001ad5
00001df5
0000241b
ffffc48d
fffffc35
ffffd1be
00000138
fffff304
000023f7
ffffe9f6
ffffe830
00000599
ffffff8c
00000ecc
ffffef93
000005fc
00003b27
ffffe90f
fffff807
000034a4
ffffe972
ffffd29c
00000ffb
ffffca50
ffffe6b2
ffffea55
0000205c
00001af5
000008fa
ffffff6e
00000572
ffffc6f5
0000045e
ffffe9cd
ffffeeb5
00002f4a
00001dd5
00000339
fffffd3f
000007fd
fffff7bc
fffff4d0
000004ef
ffffe9ae
00000e84
0000003b
ffffe49d
00000eff
ffffe5fd
ffffb638
ffffff6f
000016e3
fffff19b
ffffcf9c
fffff2b3
ffffe6ae
fffff8f2
ffffe7b7
ffffefa3
ffffec82
00000893
ffffe11a
fffffaf4
ffffed74
ffffd286
fffffcc1
fffffe17
000009e5
fffff853
ffffbf42
00002490
ffffeef8
ffffeb7a
00000fd8
fffff754
00000ecd
00000b5c
00000c4e
00003026
00000267
ffffd427
fffff115
00000737
000017b7
ffffe53d
00000426
000016f8
ffffd6e2
00000ed1
ffffec59
fffff667
ffffda7a
fffff7bf
0000367c
000024d0
00000309
fffffaae
00004185
ffffbb5d
00000b5a
00000c8f
000004ad
ffffde26
00000098
ffffb71c
000028d1
00000ed8
00002095
ffffeb43
00003a65
00001172
ffffbca8
0000165b
00002418
0000215b
000036b6
0000293c
0000223a
fffffaca
fffff9dd
fffff3ee
ffffec4a
fffff9ba
00001618
000007c8
ffffe44a
00001099
00000f70
000011ff
ffffdd62
ffffda55
ffffca2f
00000559
00000bb8
00001800
0000140b
0000094d
00000bf7
0000119c
fffffeb6
fffffd39
fffffbf0
00000bd6
fffff34c
00002ed6
ffffe151
00001b7a
000020f7
0000041d
000023e4
00000739
fffff16f
00002c2b
ffffebcd
fffff96b
ffffbf57
fffff60d
00000330
00000870
fffff663
ffffd863
fffffec9
000007fa
00001758
000002d9
0000123d
0000041d
ffffdf6b
000000fa
fffff556
fffff060
ffffee25
ffffdd22
0000289d
0000217a
00002e7a
00000946
ffffd59b
000013ea
ffffef7e
fffff083
ffffc097
00000b29
00002911
fffffb1f
00001fb2
fffff875
ffffcc90
000024aa
00000ad8
000000d9
fffff8b6
ffffecbe
000000cc
ffffff50
000029bf
fffff21a
00000026
00000f63
00000b91
00007545
fffffe5a
fffff756
00001a7f
0000388a
ffffd02f
00002e98
000018d9
0000176c
fffff053
00001053
ffffd5d4
ffffe871
fffffba6
ffffd7f4
ffffd1cf
00003016
0000039a
00003b9a
00000e19
ffffebfe
00001e80
ffffe725
0000454d
fffff65f
0000111b
fffffad0
00000778
00000b94
0000166b
ffffe3eb
0000026f
ffffc4c0
000018a8
00002c56
fffffa6c
fffff5fd
ffffeed2
fffff5ab
000024ce
fffffd5f
000007d2
00003219
00001293
00000b57
00001a18
fffffa3f
ffffedb1
00000249
fffff20c
00002811
ffffe020
ffffd45d
0000255f
000020d2
fffff41d
ffffe9a9
0000126f
00001624
ffffdb91
ffffefac
00002ae9
00002a0d
0000097e
ffffee9a
fffffe1c
00002b5c
0000022e
00000612
00000249
ffffebc1
ffffcc8f
000015b6
000013e3
ffffdd9e
fffff820
fffff612
0000073a
ffffeb72
00000fc4
fffff8db
0000020c
000006e8
ffffaadf
ffffdb84
fffff624
00001511
fffff4c1
ffffd913
000045c6
00002c8a
000029e8
ffffe5bc
00000ee2
00001647
ffffea61
ffffe82b
000029f2
fffffe23
ffffe949
ffffdf31
00000918
00000d2e
fffff428
000002ca
0000298b
00002363
00004220
00002ef0
00001720
00001348
fffffd5b
ffffb0dd
ffffecc8
ffffe93e
00000d4a
0000135c
ffffdecb
00000af7
ffffce5f
000008c0
fffff133
000031b7
ffffcdf9
fffff723
0000347d
ffffdcd2
ffffed49
00004e7b
ffffef27
ffffd420
00001710
ffffe26f
0000043c
ffffd8b6
ffffec15
ffffee46
fffff708
ffffed73
00000809
ffffda5d
00000fd2
00001afd
0000128e
fffff348
ffffeb64
0000047f
00000635
00000622
ffffef79
fffffba9
00000502
0000175a
fffff9bc
0000047c
ffffd190
ffffe84f
00000c4d
ffffe88b
00001111
000002d8
ffffd277
00001c76
0000073d
ffffca7c
00000433
fffff266
0000260c
00000545
fffffa53
00001a7e
000020aa
ffffe8a2
000011dd
00001a82
fffff044
00000d0b
ffffdb04
ffffffdd
ffffe698
00003b3c
fffff198
ffffe38f
00000146
ffffeead
ffffdea9
fffff986
fffffa31
fffff2de
00001c42
000038a8
fffffefa
00002235
ffffea4d
00000210
00002bff
0000079d
ffffe1c6
ffffd700
ffffc3b0
00000252
fffffe7f
ffffd751
fffff78a
ffffe438
ffffecfc
00001093
ffffe697
ffffd0af
ffffeafa
000001a1
00000fc9
00001c73
000002c7
ffffe49c
ffffeb0b
fffff9a1
ffffeed0
000009f8
000031e1
0000095e
00002dcb
00000cf3
00001910
ffffc782
fffff4e1
ffffe04c
ffffd7a7
ffffed86
ffffefef
ffffedd7
00003842
00000b7a
ffffcd63
00000ad1
0000199d
ffffd8b6
ffffe56a
ffffe0e2
00001012
00003940
0000225a
00002c5e
fffff854
00001c68
ffffe068
000044d6
ffffd167
ffffefd5
00002164
00001c75
fffff25c
00000b98
fffffaa9
000007f3
fffffb64
fffffd10
00001125
00004777
fffff222
ffffe434
00000003
00002192
ffffd181
fffffa81
ffffb226
ffffcd9a
00002d13
00001d59
000003d4
000006b7
ffffd5d4
00000612
fffffb41
ffffdf11
000006fa
fffff5f0
0000320c
ffffd419
ffffe23a
00001e6d
000003a8
ffffe093
ffffe00e
00002833
0000159d
fffffcf3
00001a5c
00001080
ffffcff6
00001ffc
fffff295
000005dd
00000c48
0000387e
ffffd66c
fffff16a
0000409a
000015b9
00002496
00000a66
00002c21
0000074c
ffffeba6
00002bf7
00000612
0000222a
00002180
000007ce
0000286f
ffffdac0
ffffdbc0
ffffc9bc
ffffff79
ffffd085
000030e5
fffff009
00000e2e
00000329
00002d60
000000e4
000045e3
0000001d
fffff447
ffffba24
00003e40
00002ba9
00002f5e
ffffd5de
00002ed3
0000020d
ffffc589
ffffe8a1
00001ab6
00000bea
00002843
ffffe983
000009cc
ffffdffb
fffff31e
ffffec83
00000225
ffffe45a
00004624
00002ee2
fffffccf
000017f5
00000067
ffffb733
ffffbdb3
ffffdb34
ffffceb3
00001fea
00001eeb
0000430c
000012d5
fffff6db
ffffe0e5
0000189f
fffff685
000011a4
00000974
00002931
ffffc44f
ffffe7b6
00002eb5
00003890
0000533b
00003000
fffff07a
ffffdff1
0000068b
00001acf
ffffec1e
00002177
00003564
00002ae6
ffffe677
ffffe06c
ffffe131
00002737
00000367
ffffd336
ffffdd20
fffff683
ffffee26
0000306e
ffffed01
ffffaca8
ffffdc01
ffffd5f6
0000147c
00001309
fffffde1
ffffcab7
ffffc860
00000a3f
00000e16
00000ee3
ffffdda9
ffffef62
00001637
00001a01
0000319d
ffffd8b6
0000095c
000003eb
0000385b
000002c2
ffffeb0d
fffffc47
ffffd246
000049b0
ffffd386
000019c1
ffffeb40
00002d25
ffffeb80
ffffce7e
fffff683
00001cc4
ffffe576
ffffffee
00000506
ffffdaba
00001dc0
ffffed1c
ffffdcef
00005402
ffffdbee
ffffe2ac
00000f32
ffffef7a
00002774
fffff03d
ffffde13
fffffa99
00000c5f
00002046
000032b3
fffff765
00008360
00001647
00003075
00001a5e
00000a3f
ffffee62
fffff02e
ffffe439
fffffa07
00003927
000033c6
00005fb8
ffffcfb8
fffffe5e
00001d0a
ffffe018
0000151d
fffffd57
ffffd315
00001ae3
ffffd0a4
000009f0
ffffdbab
ffffff87
ffffe52f
00002658
fffffa5a
00000f26
fffffd77
ffffe31b
ffff9f8b
00002980
ffffc96d
000030a7
00000374
ffffceb3
ffffef54
ffffecd3
ffffb67f
fffff199
ffffe77e
ffffc101
ffffdf09
00004a83
00000e36
ffffe294
fffffa60
fffffb6c
ffffdc11
00001a5f
0000035a
00003443
fffff400
fffff6f9
0000161a
fffffed5
fffff5e0
ffffec23
ffffe955
fffff060
fffffd7e
ffffc6c9
ffffdc98
0000163e
ffffe575
ffffee6d
ffffeb28
00003ff1
fffffdf0
ffffe620
ffffe0b8
000040b6
ffffd7ce
00000c1a
ffffdf3c
000000b1
00000ff8
ffffe641
00001997
fffff55b
ffffea96
000009e5
000019cf
00001046
ffffd93a
00003594
ffffcdb2
0000217c
00000955
ffffddcb
00000ebd
ffffd56b
fffff4b6
00004784
ffffed23
fffff98c
ffffed39
ffffd100
00000b64
ffffd952
ffffe6a9
ffffd1ee
fffffebd
ffffd65e
00000168
00001703
000032a4
0000293c
00000a35
ffffff6c
ffffc275
ffffe64b
000006fe
00006182
0000291c
ffffbd9d
000006f4
0000476f
ffffd4b9
0000061b
fffff5d3
ffffea4d
0000195f
ffffdf2c
ffffd26b
ffffe639
00000204
ffffe6f7
ffffdf84
00000356
ffffd24b
ffffed42
000001a6
0000237b
00002f2a
00000282
ffffde1d
00002594
fffffa38
00000143
00001be4
00000181
ffffe8b5
00001f21
ffffc799
fffff916
fffff098
00000292
ffffd9c2
00001564
0000178f
ffffdaf4
ffffda8d
000010de
ffffeb91
00000573
ffffe17d
ffffe74c
ffffc70e
ffffe93f
ffffe649
00000a0f
fffff274
000009eb
ffffdcff
fffffcba
00002ae0
ffffe3d2
00002097
ffffca4d
fffffd67
ffffec36
ffffda52
fffff21c
fffff83c
ffffd066
fffff3f3
00002162
ffffe379
ffffea2b
00001448
00000156
000008be
00000766
0000000b
00000bec
00000ed4
0000052e
ffffe5f4
ffffec0a
ffffe156
ffffdb7c
fffffedc
ffffb29e
ffffc7f3
00000b8c
00001262
fffff497
ffffd6e8
ffffeb94
fffffe8e
ffffd412
000017f7
ffffd4e5
00000e30
00004aa1
fffff63d
fffff37e
000004ca
ffffe7c2
00001324
ffffcec4
ffffec77
fffffe5b
fffffdda
fffffc41
00001c94
ffffc449
ffffd1ee
0000192f
000014c8
fffffbe5
ffffe149
00001e8e
fffff671
ffffdae6
00000697
00001700
ffffe830
ffffaabf
000019bc
ffffeff7
ffffd0a1
ffffe5db
00000e43
00002aa5
000014be
00000f6a
ffffe55f
ffffe5d5
ffffd63d
ffffec96
fffffd6a
000021cf
ffffdf01
fffff29a
fffff1d9
ffffeb63
fffff1ea
ffffe545
00003089
fffff8f4
ffffe874
00005779
0000134c
ffffe721
ffffe9d2
ffffde29
0000105c
ffffee19
0000271e
000000f7
000007bb
ffffee9c
ffffd9e8
00000ae0
ffffedb7
ffffe8b8
00000191
fffffd91
fffffef6
00004c31
00000096
0000000a
00001867
fffffac3
0000457a
00000f4f
fffffec4
00004eb0
fffffed0
fffff208
ffffd111
fffffe6a
000035bc
00001d70
0000030a
ffffe745
00003a5a
fffff47b
000011c0
000002b9
0000028c
00000b62
fffffb4e
00002c5b
00000621
0000020b
00001265
fffff3f4
00001a2d
000019ab
fffffdbc
000003a8
ffffdda4
00000f55
00000ab4
ffffeebe
ffffa967
0000257e
00001561
00000add
00002a75
000015fc
00001729
00000cb7
00001651
00001040
00001a21
00000607
0000007c
fffff522
00001d77
ffffe412
00001315
ffffd1a2
fffff07c
00004be0
fffff18e
ffffe6bc
00000cff
00001740
ffffedce
000007d5
00001034
0000021c
ffffea80
0000180d
ffffe32e
ffffebbb
ffffff30
ffffef39
ffffe351
ffffedf5
00001064
00002c35
00000cac
fffff881
ffffe85c
ffffdcaf
00004c85
fffffac8
00001ebd
fffff63f
00000ad5
00002f7c
00002d57
00000381
00000dd7
ffffdc50
ffffeec1
000028eb
fffff239
fffff02b
00001e07
000003f9
00004094
00002db7
ffffd118
000039ab
00000b38
fffff7dd
ffffffee
000008a4
ffffe8b2
ffffe923
00001485
0000241d
ffffef04
ffffc891
00000e06
ffffc03b
ffffe7b3
fffff598
fffffeaa
000017e4
0000091f
0000125e
000019b9
00000048
fffff8a8
fffff513
fffffa67
00000996
ffffeeed
00001217
ffffe9fc
ffffcd0e
fffff37f
00001fd1
fffff89f
ffffe466
00000fcb
000003e2
000040c7
ffffd8c5
00001488
fffff405
ffffd37c
fffffe38
ffffb1f2
fffff94e
ffffefcf
00003116
fffff34a
ffffc963
0000340c
0000207c
00003a71
ffffebd2
000046ad
fffff09b
ffffd705
00001264
00002ee1
000013fe
fffff8b0
00000729
000033e5
fffffafb
ffffff24
00001d03
0000256f
0000124f
00005959
00007382
fffff613
00001b5b
ffffec9f
ffffa3ad
ffffe23e
000014c2
000011a8
ffffe9bf
ffffcb4f
00001732
ffffd392
00000bb0
00000c47
00001df8
fffffef8
000009db
00000466
000009f6
ffffce03
00002beb
00004613
ffffe18e
00001d22
ffffe67a
0000033f
ffffd88e
ffffe472
fffff233
000005aa
ffffddc0
ffffe9a9
000004ad
00003d35
000033e3
000004d2
000009b1
ffffca4f
0000076e
fffff35e
fffffb94
fffff387
fffffd08
000011be
00001eb7
00001264
fffff53b
ffffcd83
ffffe942
00003197
00000b62
00000b1d
00000c3a
ffffdd5a
fffff286
fffffdc8
ffffbb32
0000175a
ffffd568
00002400
00002f30
00001345
00003fb3
00001cb5
ffffe491
000011a2
fffff691
ffffcca5
000022dd
ffffc6dd
00001426
ffffebcc
00004815
0000024b
ffffcd86
ffffeafb
0000169b
ffffd61f
fffffc46
ffffcd5f
ffffe922
000016e7
000034b0
ffffed86
00005369
00000e2e
00001ef9
00001c7f
00001d08
ffffd86f
ffffccd2
ffffc330
ffffdb92
0000079f
ffffdedf
fffffa61
ffffdbbc
ffffc6e5
0000470b
ffffd121
ffffd79a
ffffd733
00004ee6
00002114
ffffef97
ffffe4e9
ffffdfc5
fffff7e5
000005c4
ffffe9e8
00002d77
00002ce5
000007e8
00002b35
ffffef91
fffff2bc
00000fb9
fffff248
0000029e
ffffd3fe
ffffec71
00001f66
ffffe73b
000001fe
00000367
ffffd834
fffff411
fffff747
ffffe517
ffffe828
ffffab22
fffff611
00002fa9
ffffe20b
0000035b
ffffdcde
ffffccc3
fffff735
00002e6e
ffffe6d7
fffffaf7
ffffeedf
000043af
ffffbfd6
0000116a
000001b3
00000ec6
00000c1b
00001429
ffffee36
00002e24
00002569
0000012e
ffffd4a4
ffffc260
ffffd51f
ffffd034
ffffc849
fffffc75
fffffd93
00001538
000012a4
00000545
00002147
00000825
ffffef0a
ffffe833
ffffe368
00001764
ffffe6c3
000043d5
ffffe6a7
ffffdc4b
00000fdb
ffffe911
ffffe337
fffff846
ffffc482
00001d85
ffffe71d
fffff0ed
00000576
fffffbd3
fffffb2e
000009a8
00005fee
00000792
ffffced7
fffffdc9
0000225e
fffff18c
fffff2db
ffffcea8
0000374b
000004b0
ffffd142
000013a4
000033d0
ffffd64a
00002458
00001b61
ffffc017
fffff31e
000011e8
ffffcf9d
ffffd94c
00000123
0000015a
000020a9
000019ba
00002012
fffffb9f
ffffed1a
00002f86
fffff655
ffffd0f0
000016c0
0000148d
000031a6
00001299
ffffc771
fffff885
000015d3
00000728
ffffce29
ffffed39
00003cb8
ffffe205
ffffe79f
fffff027
000009bb
ffffe50b
ffffdad1
ffffeebb
0000125f
ffffd3df
ffffe5fe
00003144
ffffcf65
00000502
00000652
ffffcc8e
fffff11f
00000db4
00000888
000046d2
ffffe782
00000226
ffffec3e
ffffc927
00000290
00002b2e
ffffd6ff
ffffe820
fffffcdf
0000092d
ffffd54d
00000a78
0000383e
00000d61
00002f76
fffff5e2
ffffd9ca
ffffd8b8
00000c61
000030ac
000012b5
fffffecc
0000458b
fffff1fc
ffffb855
ffffcba8
00005c21
00001435
ffffdd69
ffffec20
00000e42
ffffe119
00004289
ffffd280
ffffe75c
0000047f
00000032
00000d7a
00001c7a
000002f1
ffffe351
ffffd614
fffff720
ffffdcf7
ffffc3c8
ffffbe63
0000049d
00000c82
ffffcfb3
fffffaec
ffffbd72
00001e89
00001cae
00000993
ffffd0e7
fffff70f
ffffd5ab
ffffd8f4
fffff5ce
00001402
ffffe705
00000987
00002f1a
00000d91
ffffecb8
ffffd5e9
00001bf3
fffffd16
000003c8
ffffbb97
0000087a
ffffe646
fffffb57
ffffe9d1
00000abc
ffffeebc
ffffce75
00003131
ffffe609
fffff00b
ffffdc2a
fffffb6e
ffffe818
000009eb
000031af
0000243c
ffffd06c
00002fe6
00002329
ffffdb0d
fffff27c
00000f17
00001ca9
00001e80
fffff002
ffffdb37
fffffd1c
ffffff3e
fffff070
00000f51
fffffce7
fffffbba
0000034b
fffff86c
0000278e
fffff9db
ffffff45
ffffea22
fffffc91
0000086d
000001b0
ffffe759
ffffe60c
00000019
fffff887
fffffcaa
ffffe2ea
00000033
000008ec
0000333f
000017ae
ffffff91
00000b56
0000191c
00002b1b
00004244
0000093e
000018a6
0000349c
fffffe0b
000004fd
ffffeae2
ffffc220
ffffdbc7
000016fa
000034a8
00001711
ffffffc5
ffffc936
ffffffc5
000008fa
fffff223
00001382
000009b9
00000e17
000021a9
ffffff6d
ffffa10f
00000e96
000030df
ffffdb05
000014bc
000031c2
ffffc775
fffff8ca
ffffe847
ffffc271
ffffc560
ffffc47d
0000279f
00001f28
ffffffb3
ffffe931
00000bc6
ffffd4d3
ffffc838
ffffedcd
00001f85
ffffea3b
000015a4
000029f1
ffffee59
fffffaf8
0000208e
ffff9ffc
000023f5
ffffe95b
fffff433
fffff1b1
fffff689
00001de2
fffff458
00002ff1
0000243d
00000bb0
fffff123
00001856
000042e8
ffffefad
fffffe93
00003a6e
00000868
ffffb8c2
fffff8e3
00001b39
0000065d
000035d0
ffffde25
00001e34
fffffb9e
fffffea0
fffffed5
00001d7b
000011d1
00002ddd
fffffe1b
00001522
ffffec6f
00000ef4
fffff9c0
000011bd
00002118
ffffce53
000043ce
00000661
000018b8
ffffb289
00003f34
00003cb0
ffffb742
ffff93c7
00001ea6
ffffdc67
ffffe931
fffff7cc
00000be0
ffffd20c
00000d51
fffffdfd
00004901
fffffa4a
fffff06a
000025ad
0000159b
ffffd388
00002c06
00000a73
00001e14
000002b0
fffff5ee
00000400
0000439e
00003669
00000a1b
fffff837
0000125c
00002d24
ffffc69b
ffffec7a
ffffc376
ffffd708
fffff10c
00001656
000014a7
0000416f
0000071e
000049b9
000016f2
00001359
00000580
000038f9
00000af1
000042cc
00001835
ffffdd1b
ffffddde
ffffffcc
ffffee14
fffff7d6
00003eb6
00003e85
ffffe3f8
00003ec2
000014ea
0000037a
00001010
00001fef
00001eac
fffff6e0
00002d18
ffffdb50
00000ffe
ffffde03
ffffee40
0000071c
ffffedba
ffffbc01
000010da
00003a66
ffffd9b0
ffffc080
00000fa3
ffffca5d
000024a0
00001b0f
00001077
ffffc16a
ffffcfa0
00001727
00000ea7
00001cad
ffffff5d
000033ea
000000a6
00003bf9
ffffe091
ffffeff4
000019b0
ffffff4f
00003302
000004f7
00000571
000012eb
00002310
000012d6
00000da9
00001979
ffffde65
00000ec4
0000479e
00000131
000014d9
00001c43
00000a15
ffffff7a
000001af
ffffe548
00003b77
fffffeb5
ffffe58a
0000296d
00002aa7
ffffcc1c
ffffee08
00003815
000041e5
fffff13f
000008ec
ffffefa0
00002855
fffffce8
000012d4
00000ef1
0000491f
fffffdc6
fffff52a
000004fb
00001637
ffffe6c0
ffffe5af
fffff122
00002d8b
000016ee
00002453
000020d9
000012de
fffffca0
0000019f
ffffa71c
00000e81
ffffeedf
fffff7bc
00000003
ffffc9ce
000041ea
fffff99b
000011f2
fffff0b9
00002ad8
0000224d
fffffaf4
ffffd58f
ffffe0d3
ffffe6d5
000005cc
fffff0d2
000034d5
ffffe9db
fffff1a1
fffff480
ffffc75c
ffffdcfe
0000230b
00000c36
00000325
00000468
000022bf
00001c66
ffffc9f1
ffffe87f
00003449
ffffe32a
ffffea9b
000022eb
fffffbc8
ffffe949
fffff743
ffffea78
00000007
fffffa31
000039fa
00000827
000027d7
000010b7
ffffe16c
00000396
0000109d
ffffc77a
000024e2
ffffe404
fffff0c6
ffffee7b
ffffe2dd
fffff670
00001bf5
00002115
0000100f
fffff718
fffffa13
0000097f
ffffd801
fffffc34
ffffdf91
fffff03b
000024fe
000015f5
00001cdb
fffff46e
00000cd9
000023b8
ffffdf29
00000f19
ffffec50
fffff34d
ffffe691
ffffe533
00002050
ffffd998
fffffdd3
ffffbe38
00001984
fffff6ed
fffff1e5
ffffd939
00001ee2
ffffd505
00001a15
000007c8
ffffca65
00000ac0
00003bbb
00001b75
00003623
ffffc97a
0000030a
0000011a
fffff4fe
00001091
ffffe092
00003264
00002982
000003d4
0000035d
00000224
ffffbb74
00001b4c
00002bba
ffffb7f5
ffffde9b
00000f5a
ffffb49f
ffffeba5
000001a2
fffffe97
00002c30
ffffe07c
ffffdc3b
00002eee
fffff332
ffffcaf3
000038ed
00000be1
fffff056
00000d8d
00001cd4
ffffddf1
00003b1e
ffffd28b
fffffb1e
fffff0ee
ffffded6
ffffe522
00002ff5
ffffeb9d
fffff6c9
ffffebfe
0000359c
fffff37f
00001e71
000001da
fffff1ea
ffffee56
00000ce3
ffffb599
ffffe52e
ffffd0a5
0000062b
ffffe6dc
000012ee
000048d7
fffff9d3
00000a0d
ffffe581
ffffeba9
000005e5
00000347
00000091
ffffe44a
00003af6
ffffb646
ffffdc70
fffff2f7
ffffee72
fffffd3a
000003ba
fffff288
fffff0cf
ffffe144
00001d3a
ffffff53
000016b3
000015d1
00003093
fffff648
00001421
00000f01
fffff9fe
0000062f
00000ebd
000010a9
00001cf6
ffffe831
ffffd6d2
00001da1
00001663
0000104f
fffff67b
ffffeed1
fffff38c
00000325
00001884
fffffed0
ffffe587
fffffd40
ffffee68
fffff61e
ffffe87c
ffffe230
00000037
000007af
fffff4cf
ffffd82c
ffffe231
00004a30
00001e3c
fffffd07
00000fa4
00000ec0
ffffd4d0
00002cae
000001e6
00001241
fffff9f7
ffffed23
ffffec14
fffff53e
ffffe21a
00000694
00001918
0000179c
0000349c
ffffe2f2
ffffdb62
00002436
ffffee97
00000722
00002643
00001366
ffffe8cd
ffffe81e
00001272
000022f6
000013a3
000038e5
ffffec94
000004f9
000044e1
00000c98
ffffea97
ffffd2ea
000012c5
fffffcef
fffffc5c
00001744
fffff9cc
00000e1f
ffffeeb7
fffffb36
000010ae
ffffcaad
ffffcecb
000007c3
00003115
fffffb27
0000093f
ffffe3fb
0000201c
00003d8f
ffffd0b1
00002067
000033e8
00000044
00003626
0000056f
ffffe544
ffffd02b
00000a28
fffff96d
000019fb
00002582
fffffabb
00003bce
ffffc07c
00000bae
0000131d
fffff096
0000275c
00003b16
000008e0
ffffe9e4
000009e9
ffffeb35
fffff1a9
ffffecbd
00001edb
fffff20f
ffffdcf4
00004a37
ffffec1f
000013af
ffffe878
00002cb7
0000271c
00000bfd
ffffefc1
000024ff
fffff20c
00001bf8
ffffd43b
fffffc60
00000ec2
00004843
ffffe19a
0000364b
fffff486
000022f2
ffffd44f
ffffe765
ffffdca1
fffff646
ffffdceb
fffffe9f
fffffb88
00004710
00003221
ffffd558
0000156b
000013e6
00000a14
000013dc
ffffd6af
ffffd4ac
ffffea05
00001bc6
ffffdf23
000004e2
0000010d
ffffee99
000015d4
fffff5f7
fffff00d
ffffe7de
ffffe510
00000d82
000000f1
fffff93c
fffffcc6
00004237
00000fe2
00002d98
fffff25d
00001e8d
000027ec
00003672
fffff966
ffffec7c
ffffb8a5
ffffe0d0
ffffea36
00003755
00001e82
fffff063
ffffcb31
ffffeb32
00001d18
ffffdaa5
ffffd0de
000017b8
00000af2
fffff16f
00000d9b
ffffdd48
ffffd866
0000184a
fffff9c9
ffffdeea
00002b35
000006a6
ffffc2b0
00001298
00001c91
00000d0c
00000f05
ffffdc2e
ffffe756
fffff79a
fffffaec
00001318
fffff18c
fffffc7a
ffffdce4
00000a68
ffffcfd6
000041c0
00000c55
ffffed0a
0000123c
000083f3
ffffefec
fffff537
ffffc5a3
00001bd7
ffffe886
00002d97
000013a6
00000dcc
00002549
000029ae
00003457
00001f54
ffffff43
0000019c
ffffe309
00002d6f
ffffb7ef
ffffdbfc
00005b5e
ffffeee0
00002e80
00000cd2
000017dc
000025ab
ffffff8a
00001dd1
fffff251
00004073
fffff83d
000034aa
000002e3
ffffe10a
00000f91
ffffe1f3
ffffcd09
fffffa22
00002989
ffffed38
000000a3
ffffee8f
ffffef3b
000013be
fffffbc0
fffffee4
fffff555
00000b16
ffffddda
ffffe87a
0000091b
00001184
00001291
00001a1f
00000725
ffffed9e
ffffe89b
00001a3e
ffffca38
000001d6
ffffd680
ffffeb12
ffffda97
ffffe29b
000008be
ffffff08
00002e6c
0000034a
000033b9
ffffdc18
000023da
0000377a
fffff508
ffffdc58
fffff69f
00000dfb
fffff72b
00000e5b
000051a3
fffff4f3
ffffd85c
00000d72
000015bb
fffff7e8
000013d7
0000172b
000003d6
000026fc
ffffdd7a
000003d2
fffffb94
00003f42
000034b0
00001207
000020d1
fffff03d
fffff634
fffff975
00001d27
fffff00a
fffff4e3
00000383
ffffd000
ffffdf17
00000226
fffff156
ffffaf6f
ffffcf5c
00001b70
00000fc4
fffffd5d
ffffec66
ffffd858
ffffd19a
000011b3
00000719
00000491
00002279
fffff167
00001529
fffffa13
ffffeda9
ffffbb26
fffffa66
ffffc634
00000725
ffffcd89
ffffe972
000019f1
ffffe08f
ffffeff9
00000ce3
fffff3b3
fffff463
ffffe86a
fffffa63
00000052
ffffe90b
0000001b
000003d8
000005a1
0000375a
ffffe316
ffffe042
ffffeff5
ffffd9d7
fffff9df
00000a27
00003d3c
00001150
00001fb1
000031c1
000027d2
00002987
ffffc9b1
ffffe74f
0000137e
000028e2
ffffd994
00000e00
fffff7e9
00001baa
00002274
00001239
fffff136
00001367
00003b73
00002816
00002022
ffffe0d3
ffffff96
00001e9a
0000027e
ffffcfa1
000003b4
00002b06
000006a3
ffffeb30
ffffd645
00000ccf
000004b4
000033f6
fffffe48
00000c72
00001dd4
00000648
ffffe498
fffffdd8
0000043c
00001621
fffffd2f
0000121f
000029ef
000002ba
ffffd837
00000c4c
ffffab19
0000322f
0000341c
ffffebd8
ffffe445
ffffee5a
fffffab4
fffff3fb
000023c8
ffffdc75
00002db5
fffffc0c
000003c9
fffff7b7
000001c2
0000085b
0000341a
000011ef
ffffb11c
00002863
00002fc3
00000f4a
000041f2
ffffed02
00000fd8
ffffffb0
fffff7e2
00000a9f
00001c4a
00000775
0000329e
00001fcb
fffff876
00000270
fffffd86
fffffffe
0000132a
fffff795
00002ad0
00001da1
00000a64
00001627
ffffeb47
00001be6
00002e17
ffffc2cf
ffffc926
000008ab
ffffe1bf
ffffc306
000026c2
00002e19
ffffb423
fffff83d
fffff783
ffffece3
000047bc
00000104
fffff59f
00000cdf
ffffe2a0
00001827
000016ef
ffffd73c
ffffea66
fffff0dd
00003079
00000476
00003d6d
00001d44
00000cc3
fffff8df
00000c44
ffffd965
fffff984
ffffd8c3
ffffd7b4
00002682
000008e1
00001d03
000026a9
fffff14f
00000786
000009ee
0000302e
000041f8
0000014b
fffffb2c
0000468c
00000082
ffffb6cc
000014eb
fffffcb8
ffffeff5
ffffe1c7
fffffa4e
ffffdc60
ffffd825
00002aa8
000008ee
00000137
00000289
00001cbb
fffff5fa
fffff33a
000027e2
fffffab0
00002a59
ffffd68d
0000017e
00001a39
00002b38
ffffd3b1
0000196b
fffff342
000022c8
fffff928
fffff11a
ffffea6d
000016ba
ffffec1f
fffffcca
00001fe9
00003bcd
000004fd
000004b2
000020ea
000054f5
000028d0
fffff35b
000039fb
00000764
00001206
00003209
000001c0
0000144b
000009f0
00003b01
fffff5de
00002988
000019d9
000023c6
00002d77
ffffd9e5
fffffcb4
000007cf
fffff675
0000262b
fffffaa0
ffffefe8
000026fb
ffffe967
000003ff
0000375b
00000906
0000121c
00002c7a
00002125
ffffd3ec
ffffec88
0000366e
00001f8e
00000c69
00001b7d
0000275b
00001546
fffffdd5
00000454
00002602
ffffeaef
fffff9a1
ffffc7a7
fffff53f
ffffea24
ffffe86c
fffffbad
ffffef89
000046c6
00001f16
fffff07d
fffffe5d
000019f0
00000f9b
ffffec7f
ffffecd9
000013e8
ffffdef2
00000c86
ffffe836
00000a73
0000380e
0000005f
000004ad
00003c8e
00002901
00002859
ffffcfa1
00000969
ffffc6a8
ffffe2bd
ffffef68
fffffccf
00000be9
00000c00
fffff293
ffffed2a
00003b0f
fffff209
00001b0e
00001208
00000f11
fffff114
fffff2bb
ffffe9fc
ffffeae9
00000b84
fffff968
00002f81
000015a4
0000020b
0000052f
ffffd15a
ffffd4c8
000005b1
fffff28d
fffff42d
000004e7
00000faf
ffffe0ae
ffffc0a9
00003d16
00002228
00000355
000022d1
000022e8
ffffbfcd
0000136f
00000a26
fffffce8
ffffeba1
ffffda4f
ffffd8fb
000026b6
00001e8b
00002d58
fffffbac
ffffe180
ffffe1df
00000a3a
0000183e
ffffc54d
ffffe141
000018c7
00000f02
00000035
00003c93
00000dbe
0000031a
ffffe62d
fffff06e
ffffee00
fffffa95
00004f82
ffffb7d0
ffffd95b
00001456
fffff134
ffffefa2
ffffed90
ffffe24a
00001139
ffffd5d8
000036e5
000000b3
ffffb436
ffffed15
000003c3
00003721
fffff90c
ffffd5a1
00001d7b
00001027
ffffcdb6
ffffff4e
ffffe075
00000e91
0000235d
ffffc7f1
ffffe3e0
00000d8b
ffffd7f8
ffffe61b
ffffe948
fffff924
ffffd926
00000008
ffffe7e7
ffffcd45
ffffd975
000023b0
000033fe
ffffc553
000022a1
00000f05
ffffcc16
000004b8
ffffd5d4
ffffc8f1
00001d88
ffffe4af
00003bfc
000018dc
ffffcd7c
00000557
0000054d
ffffdbdd
ffffb418
00000b95
00002456
fffff754
ffffd5a4
fffffc90
00002005
000001c7
000013a7
ffffd41f
ffffeccb
00003183
000009d8
00000513
ffffedc8
ffffca51
ffffe7b5
00000681
ffffe80b
00002e1d
00002c01
000032f3
ffffdb24
0000259a
0000006b
fffff42c
00000e2e
ffffef63
00000d14
000010eb
ffffdd50
ffffd863
ffffe033
000036ea
00000931
00000d4e
00002716
ffffd811
0000035b
ffffdc2e
000004bf
000058cb
0000172e
00002c86
00002d05
00003947
ffffc090
fffffcac
00004111
00000e82
000006de
fffffc0f
fffffa33
00001624
000036d4
ffffc0e8
ffffebed
fffff8b9
ffffd648
00000779
00002066
00001daa
ffffe7d4
ffffddfe
00000c4a
ffffced9
00000077
fffff257
0000313b
ffffe0ba
ffffedc3
00001468
fffff9e4
fffffe4f
00001504
00000c93
ffffed3c
fffff143
000035ab
00004189
0000129b
ffffe423
00000f00
ffffd586
0000357e
00001f82
ffffee10
fffff01a
00005546
ffffd5d1
00001915
ffffe9f4
ffffcd60
000029b2
ffffcc61
ffffc4ed
fffffdaa
ffffffde
00000675
0000326f
000002fd
00002632
ffffb95a
00000b8e
ffffdf35
000002d2
000025cd
fffff59b
ffffde29
000023ad
000007cd
00001e17
ffffe40c
ffffd583
ffffde24
00000e57
ffffd296
ffffcac5
00000029
ffffe393
ffffbdb9
fffffb6a
ffffd6a2
ffffffcb
ffffd227
fffffdf5
00001110
ffffea48
fffff603
ffffdb6b
fffffdce
000009a3
00001554
00001a85
ffffedf8
ffffc0ad
ffffec7e
0000115f
fffff045
ffffe914
ffffca90
ffffdeca
00003302
fffff8fb
000016c3
000029f5
000014b8
ffffbf7c
ffffd21c
ffffe53d
fffffcf2
fffff1ae
ffffd6cd
fffffa70
00002e3a
000002ab
0000037e
fffffc20
000006a2
ffffe8b6
0000162d
ffffcc78
00004a37
00003104
ffffee1f
fffffdb3
ffffe70d
ffffd90c
00001ab9
00003659
ffffd55f
ffffff0a
ffffe066
00001e63
ffffb582
000027b3
00001a52
00000ef6
000012e7
ffffe37e
00004461
000000e7
fffffbec
00000b91
00002ff3
fffff3e8
00004cb0
00003fa4
00001ff2
00002625
ffffebb9
ffffce44
ffffd0bb
ffffe26b
ffffd47c
ffffee8e
000026b3
fffff8b7
0000241d
00002052
ffffeada
000023b7
0000156a
00002d86
ffffdf09
00000bb3
ffffcb39
ffffec7d
fffff150
00001d5a
ffffb514
000012b1
ffffc212
00002700
0000006a
000019c0
000029eb
ffffd90c
ffffb279
0000201f
ffffdd8a
ffffe97d
00003579
00001449
00000704
0000159a
00000332
fffff4c1
fffff6ae
ffffc117
0000172b
ffffceb0
ffffc3e8
000030df
00002df9
00000509
00000afc
00001e46
00001724
ffffe309
ffffe36a
000018f3
000022e5
fffff6ca
fffff060
ffffc638
00004057
fffffe73
00001a15
ffffe6c3
ffffe047
ffffd31d
00000991
00002df4
ffffee4c
ffffeb9e
ffffecc5
00001777
fffff2a4
00002179
fffff509
00002263
fffff2de
ffffc28f
ffffdfdf
ffffebd9
fffff6a7
00000672
ffffd621
00004166
00004513
00001af7
00000e9c
00000dfa
fffffe8d
fffffeab
ffffcb5a
000001e9
ffffd4eb
000001ca
ffffe566
0000024b
fffff8be
ffffe000
ffffe2d1
00003961
00001733
00003d4c
0000034b
fffffcb1
ffffe7fb
fffff333
ffffd2d1
00002288
00000803
00001822
000008d4
ffffecbe
ffffab4b
ffffc602
ffffe7b3
fffff98a
ffffff35
fffff461
ffffc1c1
00002dfe
ffffcc83
fffffb7c
00002538
fffff2a3
ffffcfa0
00000ea2
fffff610
fffff51c
ffffe42e
ffffe53f
ffffe7d5
fffff041
fffff5e5
00000375
ffffe574
fffffbf9
0000069f
000042a8
ffffe3c3
00000071
00000eba
fffffd78
00002be5
ffffe679
fffff133
ffffeffb
000015f5
ffffd1fc
00001ead
ffffd28e
ffffdadf
00001925
00000615
0000287c
ffffee58
ffffd791
00002e49
ffffff4d
fffff805
fffff939
000019c3
000044b3
fffffbd7
ffffbf44
000015f4
00001744
ffffdd86
000022ec
000011a8
fffff73a
00000d5a
ffffe3d0
fffff0f3
00000d0c
00001a7d
ffffdb62
fffff6d3
ffffe1f3
ffffed6f
ffffd201
ffffd834
00000640
ffffef6e
000017d7
000010e3
fffff9e2
ffffeb28
ffffc2bc
ffffdf34
00000f86
ffffcc0f
00001f4e
ffffcc57
ffffe948
0000175b
00002557
ffffdd10
00000a82
ffffcdac
000011d4
00000c2a
00001509
ffffdf90
0000218a
fffffb2c
00000536
00000629
fffffe6d
000011a6
ffffedd6
00001b48
00003e4a
ffffd8f0
00000f55
ffffc24f
ffffc7bc
0000127b
ffffff75
00005424
ffffe9b5
fffffa09
000028c8
00004675
000019da
ffffd52e
000004cc
ffffe290
fffff43e
0000070c
00003bf8
fffff78a
fffff811
0000070b
00001793
ffffed77
0000246c
0000253f
000038f2
00001d85
ffffcf04
000028eb
0000268e
00003beb
0000034f
ffffd6d4
fffff90a
ffffc8e7
ffffe360
ffffd2a4
ffffe9ea
fffff325
ffffd7a7
ffffeda9
000018ce
000026c8
00001ccb
ffffb3a9
00001ea8
00001616
ffffdd21
0000080b
fffff54e
00001e21
00000c15
ffffed6d
00000c74
00000225
00000b13
fffffca1
ffffef0f
ffffc495
ffffc91d
00000822
ffffe506
00001144
ffffd086
00001392
00001149
fffff296
ffffc64c
000001ef
00001159
000038cd
ffffe2a0
ffffddff
fffff5a6
00000187
00002969
00000964
fffff3af
000034e0
fffff79a
00001e4d
00000810
000007cc
00000548
00002afc
ffffed7e
ffffe23c
00002da7
ffffd717
000022ce
fffff3b9
ffffc04a
fffff02c
00000495
fffff8dd
ffffe3cf
fffff876
00000fec
000010c4
ffffd16e
000017a0
0000072b
ffffcc5c
00000241
00000b9f
ffffee40
0000036f
ffffec70
ffffeb16
ffffeb12
00003e8a
ffffdf20
00000731
ffffda1b
ffffd41c
0000194f
00000b55
fffff7e3
ffffe1c7
ffffeda0
00004185
ffffe863
00002987
fffff0bb
0000158e
00000244
0000180e
ffffeb38
ffffec8d
000016df
00001081
0000302e
ffffdec8
fffffa51
00000eb1
00001761
ffffe5e9
00001814
00000762
00004084
fffff6f2
00000841
00000e62
0000019d
ffffee30
ffffea44
ffffe24c
fffff5d6
00001f45
ffffe591
fffff15c
ffffd34f
ffffee00
ffffecf8
00001d42
ffffdd35
00000648
00001e2e
00000909
00001ed2
fffff400
00001524
000028f7
ffffd4e2
00004956
fffff5e3
00000765
000046c8
000001d9
00001056
fffff173
fffff4ca
00000770
fffffba0
ffffe05d
00000eb9
fffff273
0000064e
ffffcfe9
00000354
000019a2
000012dd
00002fc7
ffffd1b8
00000240
000026c2
fffff027
000010e2
00003147
ffffef59
ffffffc5
00002f61
000009b4
00002e45
00002f57
00000ec6
fffff7da
ffffefdf
ffffff31
fffffab4
ffffdaf5
00000448
ffffea01
ffffd93b
000037c0
ffffd32f
00000a6f
0000429f
fffff597
ffffdaf5
00000b42
fffffeca
ffffd995
00000c3a
fffff942
000002ba
00000793
00002512
ffffe6db
fffff689
ffffedde
fffff387
0000006b
ffffd829
00000df9
ffffd0d0
ffffc0d5
ffffe690
ffffe322
00000347
000006ec
00003786
00000dfc
ffffeadf
00000bda
ffffd33a
00000037
fffff0e5
00002408
fffff8cf
ffffee22
00000208
fffff764
000011c7
00001eec
fffff579
00000c31
00000b97
00000a7c
fffffbe1
ffffe80a
ffffe1f8
fffff91c
ffffff88
ffffeaed
00000946
0000340e
00000dd4
00002289
00002d0b
0000216b
00000318
fffffc13
000012c5
00001dda
ffffebcb
ffffbcba
000016e1
ffffd985
ffffe3f9
000010eb
00001737
fffff51a
ffffe096
ffffe265
00002f4c
ffffce2c
ffffe953
ffffe8e8
000009dc
000003a7
fffff7e0
fffff340
fffff2cd
fffff935
000008bb
ffffcd86
fffff2b9
0000255a
ffffbe51
00002874
00000818
ffffd5d2
ffffe780
0000054c
0000075c
00001005
0000140d
ffffecfb
fffff0c7
ffffd3e0
ffffdd3d
ffffb9c3
0000496d
ffffff2a
fffff217
ffffe8de
000005d3
ffffdf6f
000024d8
ffffd5dc
fffff0d3
fffff83e
ffffc7a9
00002d3c
ffffe0cc
000006b4
0000111f
ffffddd9
000043b3
ffffe7b6
00000a83
fffffe39
000011a3
0000190e
00000d44
fffffb44
00000bdd
ffffe451
ffffd61c
ffffff9e
00001688
000007ba
00000979
fffffa18
ffffdc4e
ffffe848
00000152
00000418
fffffd06
00001817
000013c2
fffffc5e
000008eb
fffff670
ffffeb7b
00001362
00001202
ffffeda0
000017a0
000006a7
00002231
00000855
fffff953
000013de
fffff3c2
ffffb975
fffff139
00001973
000011e7
ffffe50f
fffffcf0
00000a06
000000d7
ffffebba
00003849
ffffe465
fffff7b8
00002ece
00006f09
fffff81e
00002d5b
00001c3e
ffffded1
fffff6f6
ffffdde2
ffffda72
000023fa
ffffe6a1
00000c40
fffff849
fffff2b2
ffffb985
00002211
000015e1
00000423
fffff9ae
ffffef1a
0000163a
000001cf
000000c2
000030b6
00002f7f
ffffc494
00000656
ffffe177
0000065f
00002d3c
000018f5
ffffe59f
ffffca56
00006a31
00001022
ffffef20
fffff400
fffff9b0
00000f76
fffff47d
00001e85
fffff6e3
ffffefdf
00002ee1
fffff337
ffffc47d
00001a4a
000023e9
fffffd28
fffffd1e
000002a5
000016bf
ffffefb9
ffffe7fb
00000b53
ffffe52f
fffffe5f
ffffe91c
fffff9d8
00002f06
ffffdf7c
00001c21
00001155
ffffbcc2
ffffca54
ffffce52
00001e33
0000098d
00000d81
ffffcf60
ffffee33
fffff1cb
00001b0c
ffffbbfc
ffffdb79
fffff7ed
00001856
0000130f
fffff968
000006ae
000015c3
fffffd95
ffffdde9
00001f29
fffff072
00000c06
ffffd011
00003667
00002a1b
000008d1
fffff68c
000016d1
ffffd868
ffffeb03
000001f1
fffff618
00004bcb
00003da0
ffffefc3
00001ee4
0000246d
000008db
00001b36
00000848
fffffbd6
ffffb4b2
00000c64
00001ded
ffffddf7
fffffd3b
fffff9b1
0000010a
0000066f
fffffa08
0000307d
00002885
0000349b
000012ec
000003a3
000004af
ffffffc3
00002d51
ffffd796
00000418
fffff533
ffffdb41
ffffcc28
ffffeecd
ffffefed
fffff41e
00002c78
ffffd6af
0000091c
000006e2
ffffe3e6
ffffcec7
ffffee03
ffffd39a
000008e9
0000147e
00000f01
ffffd92f
0000153d
000036fa
fffff2a1
ffffec17
ffffdffd
00000def
000023c1
00003579
fffffc46
ffffc1c9
ffffeaf6
ffffdc1e
00002af5
ffffdc4c
ffffe053
fffff922
ffffb012
00002dea
fffffec6
fffffcbc
00000bf0
00005e02
000007a8
00000e9d
00000604
fffff967
ffffe190
00002b08
fffff74e
ffffca2f
ffffde61
0000261f
fffff90a
00002057
ffffbaff
ffffecef
ffffe887
ffffe3c7
ffffb714
ffffcea4
fffff78a
ffffcdb4
ffffdd6a
00002468
0000099c
00000ee3
ffffce98
ffffe693
fffffcc0
00000f6b
000001dc
000001b1
00001e2c
ffffc002
00002b05
fffffe81
000000a5
000006de
ffffc33c
fffff424
ffffe2af
fffff524
00001898
fffff805
0000038d
fffffb9d
ffffcffa
00001e80
fffff271
00002183
ffffc7e8
0000360d
0000293b
00002095
fffffdcf
00002c75
ffffd2dc
ffffefe6
ffffed10
ffffe6c5
000000d9
ffffdaeb
000011e8
fffff4be
000003e6
ffffe250
fffff8bb
0000298c
0000123d
ffffda45
fffffe93
00002580
ffffcd7f
fffffbe7
ffffe020
ffffe724
0000204d
00002213
ffffe4b7
fffff722
0000040e
fffffef9
ffffea59
00000436
000013f1
000003fe
fffff4dd
00003179
fffff76e
ffffe638
ffffe26b
00003d82
fffffaf7
fffffeef
000010db
000004fc
0000132d
00001f90
ffffedd5
000017d7
ffffbfe8
ffffe195
fffffb47
00003383
00001679
00000ff1
fffffd4e
fffff2ba
000039b5
ffffe6f4
000008e9
000023ec
000006d4
00000508
fffffca3
fffff2a9
00003524
fffffcac
00000b18
fffff341
00001833
00000a30
0000063b
00002eff
ffffe50b
00000a77
fffff701
0000077d
fffff603
ffffd217
ffffc1b7
ffffe6f2
0000132b
ffffedb3
00001f65
000027bd
fffff563
ffffdf08
ffffe798
000016ac
ffffdb9c
000005fc
ffffd240
fffff300
ffffdd7c
ffffca84
00000e3d
ffffe934
ffffec1a
fffff6f1
ffffe202
fffff6cd
ffffc224
00002043
00001f50
fffffe58
ffffcfb3
00000401
ffffd311
ffffec1c
ffffd615
fffff2ba
00002456
00001715
00002563
0000016f
00000d12
fffff979
fffffdd5
fffff6b7
ffffe558
00000864
000027a1
00000f02
00001437
000034ad
00000c3d
ffffe874
ffffdb76
0000192b
ffffda0c
00001ba2
fffff171
0000132b
fffffbfa
0000433d
0000068b
fffff908
00000715
000000b2
00002901
00001329
00000468
00001518
000012a9
fffff341
ffffcee4
ffffed40
ffffc0bd
00002068
fffffc2c
ffffce5e
fffffaab
ffffe65a
000027f1
000008df
fffffece
fffff482
ffffec5f
fffff823
00000360
000009e9
ffffffec
00002f2a
ffffe8b1
000030ee
00000423
00000824
ffffeb33
fffff9cf
0000089d
ffffe32f
ffffe4af
ffffe54c
000010c9
00001234
ffffd621
00002913
000022b3
ffffea00
fffff986
00001841
fffff181
000004e1
ffffebe1
fffff03f
fffff27e
00002677
00001849
ffffe4c8
fffffcf3
ffffde9b
0000114e
00000026
0000086f
000029cd
000001e2
00000fc6
00000912
ffffe0ea
ffffa7a6
000021f9
00002f26
00004bdc
fffff760
fffff4fc
00001e04
ffffe7d2
00000cb7
ffffff2f
fffffb5f
ffffd7a2
00000751
000027d5
00002697
ffffcae9
00000830
00002eef
fffffe81
000004c8
ffffebae
ffffe315
00000082
fffffcb6
ffffcfb3
ffffb94f
ffffd672
ffffde07
00000680
fffff886
000001a9
fffffb18
fffffc17
fffff6e8
0000171c
00002951
ffffe0c3
000019d3
00001e46
fffff574
000028df
00003735
ffffdace
00000725
ffffd123
ffffece3
ffffed74
00001c37
0000373e
ffffcbce
0000080c
000005fb
ffffeaa4
fffff216
fffff786
ffffff41
ffffdf54
ffffd755
000036cb
00000340
ffffaa8f
fffff2fd
000026bc
ffffd665
00000da1
ffffd6f6
000017ed
ffffd805
000019af
000020a8
00001afe
000000b6
00004585
000018ba
fffff2b8
ffffc52c
ffffeaa8
0000062f
00000be7
fffff2dc
ffffd1d4
000013bb
fffff1d7
ffffe8e1
ffffd4e1
00002d62
00002a02
ffffb7d0
ffffe29d
00003386
ffffc2a7
ffffd2b0
ffffec56
fffff3d7
fffff452
ffffe5a9
00001cc1
000010eb
000017d0
00000147
00000eb6
ffffee2a
ffffd204
0000115a
00002ea3
000009a6
ffffe32f
fffff303
00000cf2
00001242
000045bf
00000b73
ffffd5af
00000e5c
000003bd
ffffc0e2
fffff00f
ffffc31b
fffff564
ffffedb4
00003970
00003c88
00001d69
fffffd0f
fffffe89
00001ebf
00000aeb
00001826
000010b6
ffffef87
000029e0
00000d70
ffffc6a4
ffffe82d
000008d1
fffff647
ffffcfa3
0000143a
00002b5f
ffffe43f
000049fa
00004a5c
fffff24f
00002dd0
00001ae4
00001398
000004f4
000040eb
ffffdb6a
000010b4
fffff3c6
0000073d
00001dcd
fffff3ff
ffffe97e
fffff7ec
00000f36
fffffa0c
fffff159
00000ca6
ffffd9f4
00000750
00000535
000002bc
ffffc7e8
fffff485
00000ac6
fffff883
00001b90
000019e2
00002759
fffff231
000015ae
fffff098
0000247a
00002e05
0000080d
ffffe396
00004e13
ffffe982
000018f2
000041ee
00000db7
fffff530
ffffdfd6
ffffd631
000001b0
0000233a
fffff551
fffffdeb
00005094
0000001b
00000bb7
fffff917
ffffd1b4
00003828
fffffc06
ffffdf1b
000017a8
00000bfb
fffffadb
fffff739
000012e1
00004efc
0000013f
00001f5c
fffff506
000012a9
0000281f
ffffeacd
fffff7fe
000006e9
fffff6a9
ffffef3b
fffff69a
ffffd156
ffffbaca
0000054d
ffffdeaf
0000118e
fffff85a
ffffe091
ffffc383
00002c59
fffff87b
0000074e
ffffddaa
ffffe5b7
00000263
0000100b
fffff059
ffffe37d
00000fb3
00002824
000033ca
fffff159
0000021a
00000c00
ffffe18e
00001e27
ffffd22e
ffffe69d
ffffead9
00004801
00000fac
000009a0
ffffe27f
ffffcc1b
00000f9f
fffff406
00004ab7
000007fb
fffff153
000032a3
000015a8
ffffe5f0
fffff119
fffff72b
00000f20
ffffd98e
00003692
000015df
00000734
ffffa6cc
ffffe67a
fffffb01
00002646
fffffb55
0000160f
00003bff
00002a49
ffffd94c
0000214a
00001932
00002129
ffffda30
fffffd5d
ffffecf7
ffffe20f
0000152a
ffffc4ff
ffffc4f0
00001972
ffffd0b4
00001506
000001ed
00001231
00000da0
ffffe206
00000aea
00000b54
ffffe57b
ffffeb9b
00000bda
000012b5
ffffe767
00002453
000035f0
0000051b
0000185e
ffffd85b
fffff61a
ffffe02d
ffffdbdb
00002b01
fffff77b
0000015f
fffffd04
0000194c
ffffe565
000010ac
ffffea5a
fffff4ea
ffffd789
0000325d
fffff434
ffffddd2
ffffdb94
0000256f
00003040
00002055
ffffe1b9
00002f8c
000006c7
00004038
00000819
000007bc
00001d9e
00004167
ffffdecd
ffffe8f6
ffffff27
ffffe1e1
00001e3c
fffff8e0
ffffbe7a
ffffd7bb
0000070d
ffffc6ec
ffffaf6e
fffff5f1
00000b71
00003032
ffffe20b
00000529
000031c3
ffffbfca
00000aa4
00000097
ffffda5b
00000ebf
ffffefaf
00000ff4
fffff4f1
00002cf9
ffffd82a
0000058f
ffffdc0d
ffffe395
0000140e
00000a1a
00001a69
ffffee62
ffffcb0f
00001f32
ffffe0f9
0000260f
ffffddcd
000008c3
000009d4
ffffdeda
ffffe4a0
ffffde75
fffff7d1
00000654
0000027f
fffff1be
000001bd
fffffe14
00002a85
fffff3d6
000002aa
00000072
00002182
fffff9db
ffffe89a
0000384a
0000228b
00000849
ffffd6b7
000006eb
fffffaf7
00000e18
0000054b
ffffe51d
ffffd030
fffff952
00001657
00002bfe
fffff3f9
00004131
0000101c
000025e4
00002932
ffffebb7
fffffe85
0000248e
000012b6
000046f6
ffffd577
00000c8a
00003168
00001488
ffffec35
ffffe2b3
ffffec9b
ffffe241
ffffe8ed
00001169
000024dd
ffffdf4d
fffff374
ffffe2e3
00000af8
00001d2e
ffffe8cc
000022c8
ffffe4a2
fffff4fa
0000090d
ffffe061
000031a5
000024fb
fffff336
00001aeb
0000120c
000000ea
00003bf0
00000ef0
00000515
ffffd8ff
ffffe929
00002141
ffffec0e
ffffca27
fffff2d7
fffff780
fffff5c7
000000e9
ffffdf01
fffff25f
00005bfa
ffffd38a
ffffcdfa
00001843
fffffab9
ffffc880
fffffc19
ffffff07
000012ef
00001c4b
00001b40
000001e8
0000055c
00000baa
00000528
fffffaf6
fffffe53
fffff46f
fffff43d
fffffd66
00000557
ffffe8b5
00000275
00001f93
000021b0
00002508
ffffefa5
00000ea6
ffffdea7
ffffd837
ffffe819
00000889
00000cd0
00000d45
00001107
ffffd200
ffffc0a0
0000413f
ffffdece
00000fdf
fffff446
00000b9c
ffffeec1
00000e03
ffffe31f
00002176
ffffbc7e
00001e1f
ffffecea
00004e9b
00000609
fffff20e
fffff392
fffff7c9
ffffdbf0
fffffc1e
ffffe6cc
ffffd991
ffffd0e1
0000262d
0000120c
ffffc9cc
fffff500
ffffdd5f
ffffdf4b
00000628
ffffe683
00001d4d
0000268e
fffff346
ffffda16
fffff908
ffffe63a
ffffd98a
fffff4df
fffff1b4
fffffcfa
ffffbee9
ffffe5f3
fffffc65
ffffe6f1
fffffddb
fffffa80
00002170
fffffa79
ffffcfe8
ffffe185
0000318d
ffffd36b
ffffe334
00000c66
fffffc35
00000972
ffffae28
00001205
ffffecc0
00002054
00002160
0000101a
00000e8f
ffffdd65
00002356
ffffd6e4
fffff179
00000a30
ffffd072
fffff49c
000001fd
fffff193
000019fe
00000162
ffffef79
fffffe97
ffffd470
00001f6d
ffffead0
fffff683
fffffebb
00001485
ffffe351
00002755
000011b6
000029a5
000011ef
000010a2
000010cd
ffffe6c7
ffffda3f
ffffde03
000010c0
00001538
ffffdb11
00000879
0000324e
ffffedef
00000463
00000c4a
ffffdb2f
00001f6f
ffffdf6f
ffffcfb5
ffffed8d
00001054
fffff530
00002047
00002bc7
ffffd8f3
fffff41a
ffffece2
fffff3ed
00000bfa
000026bb
ffffe537
00000284
00001a85
00001088
0000046f
ffffee38
fffffb84
00001c30
ffffd5fc
0000033f
00004b16
00000c21
ffffe584
000008d7
ffffe316
ffffe4a0
ffffd63e
00000933
fffffe96
fffff7f5
ffffe373
ffffeebb
ffffb404
ffffe92d
fffffa59
000019fc
00003493
0000195e
ffffdcdc
0000257a
00001bb3
ffffe9a9
fffffe10
fffff0c2
ffffd758
00000142
ffffd547
ffffe1e2
000025b8
ffffd2b8
ffffe395
ffffd5fb
000037ad
fffff9cd
fffff957
0000046b
ffffebbf
fffff794
00000665
000025d4
00001853
fffff7f9
ffffeb80
ffffdb99
ffffc50a
ffffee3f
00000b9b
ffffe8fb
ffffecc9
fffff949
000007ec
0000044c
ffffeae3
ffffec63
fffffb12
fffffbd6
00000c76
ffffc39d
0000310a
00003320
00000323
fffff249
fffff1b4
ffffc532
000007c5
00000192
fffff8be
fffff6c8
ffffe9ce
ffffef51
fffff87e
ffffe25a
ffffab53
ffffd72c
000015bc
00000477
ffffe728
00002781
0000181b
ffffd1e1
000015d1
fffff402
000011c3
ffffb91b
00003d73
ffffbf74
ffffffb8
fffffa53
fffffa69
0000120d
0000436d
fffffe3b
ffffe1d4
0000047b
ffffde9f
000023e8
00003354
00000ef6
000011cb
00002167
fffff047
ffffdf70
ffffe229
ffffd58e
00001dbc
fffff41e
ffffe026
00002ac3
ffffd5d3
fffff487
ffffdaa2
ffffc9a7
ffffd05d
000003e1
000036df
000028be
0000057b
00001150
ffffe38d
fffffbbd
000008cc
ffffc83d
00000203
ffffe656
ffffe5ab
00002f46
ffffcce7
000015c1
00001ac7
fffffb2d
00003ae7
00001172
00002406
000025da
fffff40b
00002086
00001c27
fffffe3a
ffffef6c
fffffdbb
00000ba3
ffffcbf8
00001aa0
ffffccfd
00001a10
00000b1d
00000dc7
fffff095
ffffec7a
00001863
0000145d
00000665
ffffef0b
ffffed5e
000030ef
000011a4
00001b96
0000305b
ffffed56
ffffe9d0
00001d7e
00001198
ffffbbc5
fffffc75
000014bb
ffffe629
00000e01
00002403
ffffe26e
ffffedba
ffffc6d4
000028e7
0000166c
0000099e
ffffe7a1
ffffee76
fffff1ae
fffffba4
ffffee59
00001296
0000161f
ffffe52d
ffffed79
fffff08f
000044f8
000055b9
ffffae46
00000799
00003602
00000d30
fffff55a
00000015
ffffe489
ffffe23e
00001fdf
ffffe21b
000014f4
fffff13c
ffffccdd
000033bc
ffffe2b9
fffff670
ffffca11
00000b82
ffffe11f
ffffc258
000002bb
00000d79
000000f8
fffff4ae
ffffead8
00004119
fffff80d
fffff7c1
000003be
ffffeb9e
ffffd1d4
000001ca
00002c29
ffffe21f
0000227d
00000a75
000019b9
ffffb844
fffff969
00000d56
000025f7
fffff0e3
ffffe6e1
fffff437
000016b7
fffffd02
00000fce
00001af8
00001b31
00000240
0000147e
ffffd5cb
fffffb20
00002701
ffffec8e
fffff063
fffff864
00003ecd
ffffeea9
fffff32d
fffff996
ffffeb99
ffffcd32
000048ec
fffff8fb
00000312
ffffc4f4
ffffeb4b
00001437
fffff268
fffff9c8
ffffdd23
00001f02
00001c70
ffffd6a6
fffff352
0000063a
00001147
ffffc74b
ffffea0a
fffff993
000000c8
000003f0
ffffdb3f
00002dc6
fffffc92
00002887
ffffeb9a
00001cc8
0000056a
00001aba
fffffac6
00001df8
ffffe4b5
ffffe64e
fffffb88
0000022b
fffffba1
0000007d
fffff5d8
000002ed
ffffeeab
00005832
ffffe121
ffffcb1a
00001ff3
ffffe2ab
ffffd2fa
ffffe870
ffffecc7
ffffda33
00000ac0
000049cd
0000155a
ffffddac
000025da
000024d2
000030ac
000006ce
00002d09
fffff4d4
ffffed3d
0000139f
00003c65
00000409
00000b2b
ffffddec
fffff05f
000017da
ffffd276
000006a7
0000192f
ffffd3e3
00000154
fffffcd1
00000ba9
fffffe2b
fffff683
0000152e
00001159
ffffe1cf
ffffe69b
000019c5
00001c6e
000001f9
000020b4
fffff4dc
ffffddfd
000005a6
000025fe
ffffcc99
ffffc815
000007ed
ffffff16
fffff93e
000002d3
fffff2f4
000004bd
fffff0a4
fffff09c
ffffe75d
00001022
fffffb54
00000b60
0000085e
00001691
000014da
ffffcf4d
0000004c
000000a9
00004665
0000220f
fffff286
000006ba
000001db
00003688
fffff015
ffffebd2
ffffec0d
ffffd595
00000532
fffffb4c
00000cfd
ffffdf80
ffffd2b0
00002264
000004e3
0000227d
ffffc595
ffffdf72
fffff92b
ffffc6ce
fffffe1f
ffffe234
ffffcf6c
00000adc
00003001
fffffabd
00001424
ffffe1e9
ffffd1e1
fffff565
00002649
ffffe240
00000154
00001233
00001ad3
000006cf
ffffb1b7
ffffe295
00002f96
fffff28f
ffffd143
00002e8c
ffffea13
fffffb7b
000010d2
ffffff3f
fffff291
00000453
0000261c
00002dfd
000007b8
fffffc7b
00004de8
ffffe9e6
fffff516
00001331
00000882
ffffeb04
fffffb51
ffffe4cd
fffff8cb
000004ec
000012b7
ffffd94b
ffffe0c5
fffff49d
ffffef75
ffffeaa8
00003221
ffffd9c4
ffffefa9
fffff2c2
ffffff42
0000176a
000003dd
00002af9
ffffd9c2
0000344b
00000204
00000048
00002228
fffffe1b
00002b55
fffff560
000004d9
00000846
000006a8
fffff5b1
00004050
fffff28d
fffff595
ffffff8b
00002c0d
ffffc822
00001072
ffffd69d
fffffa71
000018cf
00000c2b
00001e89
ffffef69
00000d7e
ffffe8d5
ffffe446
ffffe21d
00000343
fffff84f
000001af
00000b79
fffff7e0
fffff10c
ffffde6a
00003b94
ffffb88c
000003d4
fffff4f3
fffff36e
0000140e
ffffdff7
ffffe6bc
fffffc36
ffffb3b5
fffff1ed
ffffebcb
000022d1
fffff703
00000ee1
ffffe14d
ffffd588
ffffd7a4
fffffd01
00002c5d
00000f33
00004b4c
000020cb
000016a8
fffff286
0000013b
ffffe4f9
00003ccb
fffffa31
ffffc14d
fffff580
ffffef5e
ffffaffe
00002c56
0000247c
00000392
fffff6f5
ffffff4d
ffffd181
fffff917
00000440
fffffca6
0000433e
ffffd431
0000039c
00003f88
ffffd791
ffffd708
00000f35
00002f2e
00001256
0000063b
000021d2
00000ad8
ffffede6
ffffee30
00000c25
0000018f
ffffb886
ffffeb18
000001bb
fffffb87
00003c3c
fffffd95
fffff6dc
ffffcdec
00001e4e
00001f56
fffffb91
ffffe9a2
000000d3
fffff8fc
ffffde6d
ffffb29c
00001fac
ffffec13
00001b3b
fffffdcb
ffffd774
00001079
000020ba
0000123f
ffffee8d
ffffe90d
00005434
ffffd03d
ffffc852
0000038b
00000fe5
fffffcde
00001e33
00001616
000009e6
ffffec22
00003b91
fffffb5a
fffff7a9
000022d8
ffffff0b
00000e56
fffff8b6
ffffe652
0000322f
fffff6ec
fffff73a
00001398
000014fb
00001162
ffffed75
ffffbbfb
00000bca
fffff00f
000031bc
00000be4
ffffc763
fffff4db
ffffff60
ffffeb3d
ffffddc6
ffffeeab
00001d46
0000214b
fffffe1b
ffffbf40
000007a9
00001854
fffffa96
fffffb71
00001230
000017e0
0000124a
000005cb
00000b8c
00002648
ffffdfa4
ffffdeff
ffffd0c3
ffffff4b
00002d99
00001947
00002917
00000c3b
0000003f
000010fe
00002aa4
ffffee3e
00001651
ffffcda3
00000ae2
fffffcbf
ffffe8f6
ffffee65
ffffc00d
00001618
ffffba50
0000009f
000023c3
ffffe356
ffffdfde
ffffe8a8
ffffe659
ffffe847
fffff3b3
ffffb3af
00000a87
00000c33
0000122f
ffffdf02
000005a0
00000d4e
0000323c
fffff8dc
00004b2e
ffffeb64
00001ec4
000015b4
00003e87
00000201
00000864
00000742
fffff8f9
ffffc95a
ffffcef2
ffffe72d
ffffe4b2
000049b8
00002a0a
00001b85
00005a21
00000b9c
ffffde3d
ffffc830
00000780
00000533
ffffd487
fffff0b0
ffffd699
ffffe948
ffffe3dc
00000f22
ffffeb03
00000f8d
ffffd864
ffffd0b4
ffffef6a
ffffda5e
fffffa01
000022b1
fffffdf0
ffffdc12
ffffed38
ffffe99e
ffffe68f
ffffe76c
fffff038
ffffce21
000014e5
00001a35
ffffbfa9
00002d50
00001454
fffffadc
ffffdb0e
0000575f
ffffd7b5
00002c75
fffff021
ffffcde4
00001042
0000039f
ffffca68
ffffd955
000000f5
ffffed3a
000009bf
00001445
ffffa5dc
00002761
fffff113
00001497
000019c8
ffffe736
000018b3
00001e3a
00002b0e
00002427
00001a89
00000b9e
00004539
ffffdba2
ffffe3d0
00001d23
000014a6
ffffe6d1
00000ebc
ffffd950
fffffc96
fffff9a5
00000dcb
000032a1
00000cfd
0000081b
ffffc6ca
ffffd21d
00000c93
00004a7f
00002819
ffffec8e
00003135
000026c1
ffffef75
000025b3
ffffd437
000019a1
fffff0f5
0000085f
00000e1b
fffff540
000004e4
ffffd591
00001e8e
ffffd2ae
00002622
00000221
000001fc
ffffc0cf
00002d96
ffffff2a
00000733
00000fef
00000bfa
ffffe5f0
000032e2
00000842
000056f3
ffffe53c
ffffccd0
000008b7
00000513
fffff560
000003eb
ffffee6e
000024a0
ffffe3a3
ffffe3b9
fffffb4e
fffff336
fffff4a7
ffffea02
ffffd5a6
ffffe85e
ffffe3d5
00001c31
00002662
fffffcbb
ffffe89d
ffffc0a2
0000013f
fffff12f
0000006e
0000436d
00000a42
ffffe57c
ffffdcc0
ffffce0d
000016d1
00001d00
00000d02
00000912
fffffcd4
0000143f
00000c16
fffffd9d
fffff739
0000325c
00002acd
0000034a
00001d3c
000026fd
00001195
00000ac5
ffffe965
ffffdede
00001359
ffffed80
ffffb2d2
fffff5bd
ffffe1ea
0000569e
ffffc02e
ffffc7bf
00001467
ffffefe6
00000e49
ffffc76c
ffffc9f0
00000d7a
fffff13c
0000099d
00000b1d
fffffbbb
ffffc0e3
ffffc063
000011e9
00001b91
00001934
ffffc896
ffffe28e
00002c64
fffffea5
ffffc0d6
ffffe13a
0000188c
ffffe513
00000c4c
00000b98
ffffde12
ffffd2f4
ffffc16b
00001908
fffff4c9
fffff0db
0000182c
000022c8
000003d5
0000107f
ffffe147
00000715
00002694
ffffe2ca
fffff253
ffffcba8
ffffed21
000016f0
00000785
000017ce
fffff229
ffffeb0c
ffffe6e2
00000c40
00001107
ffffba7e
ffffd83b
fffff635
00001443
00002b42
00003ae6
fffff521
00003ed6
00000d76
0000085d
0000220a
0000398d
000026f2
ffffe9b7
fffff1b8
ffffeac1
00001377
000050db
00002e49
fffffb9e
ffffd6b0
fffffe3b
ffffd2ad
fffff4c2
ffffec0e
fffff226
00001aa4
ffffded4
0000068f
ffffe416
000002a0
00000128
ffffe506
00000a2e
0000227c
00001120
00001be5
ffffcd8a
00003140
ffffff6b
0000000a
ffffe086
ffffc989
fffffb80
00001645
00001357
00000a45
ffffec28
0000193f
fffffdd2
00004fc8
00001d7b
ffffd5c4
fffff2b7
ffffddbd
0000250c
ffffcb85
fffffaf8
ffffffb6
0000318f
00001892
00002540
00000e1a
000002e8
00000cbf
0000149f
fffff012
00001641
fffff00d
0000236d
000002a3
0000238c
ffffd6d5
00000ad9
ffffeebb
fffffa6b
00000465
00000bea
ffffd90f
0000285e
fffff255
00000bce
00000a14
00004202
fffff3c0
000002fa
fffffe43
00001dd5
ffffe863
0000153f
00002459
ffffd723
00000b96
fffffe2b
fffffa44
fffff320
00000af5
000019dd
ffffdd27
ffffefdd
000028a2
ffffd9ab
00001594
ffffdf69
ffffe9cf
000007a8
ffffedc6
000003e5
ffffcc5d
000036c6
00001df8
000007f2
ffffe4a7
000021b7
ffffe85e
ffffdd8c
00001381
ffffd01d
fffff82b
fffff00e
00001ba1
ffffdeee
ffffc2ad
fffff976
00001afe
fffff623
00000d57
ffffd465
ffffda7b
00000ba9
ffffdd52
0000077a
fffff700
fffffde1
00001d27
ffffe8e4
ffffce43
ffffe796
0000209e
fffffad3
ffffead2
0000193a
fffff48e
ffffdddf
00001995
00002dfe
ffffcdca
ffffe06b
fffff444
00000b13
000011f5
fffff577
000011fb
ffffeea9
ffffd579
fffff3e7
ffffff72
ffffed49
ffffc07a
00001500
000026c3
00002a20
000034c1
fffff485
00000491
fffffe0b
0000234d
ffffe8bb
fffffaab
ffffd54c
0000091b
00000af1
ffffc755
00000a74
000021f9
fffff086
ffffd01f
00004ef9
00000101
ffffff1e
00001209
00002b07
fffffe03
fffff069
ffffd038
fffff704
ffffdc0b
0000080d
ffffd945
ffffe570
000014d3
00000426
00001ece
ffffff79
ffffe283
fffff3e8
ffffdd1e
0000398f
ffffec91
00003180
ffffcaf1
fffffc8a
fffff8a6
fffff5c8
00001c6d
00000e52
ffffd7c9
00001127
00000035
000014b4
ffffef0d
fffff3d4
000022d4
00000843
ffffb6b2
00000d04
ffffe58a
00000787
0000068f
ffffe2bd
fffff92c
00002c86
0000349e
00003a52
00001171
fffff8dc
000002c7
000010d2
ffffe7d6
ffffe874
00000fb0
00001b09
000006d3
00004529
00002023
fffff0b5
fffffcc2
000002a4
fffffccf
000007c3
ffffcfa3
00002532
00002a07
0000068f
00004954
ffffe368
ffffdefc
00000c62
00001c6e
00000008
000018d9
00000b10
ffffd9e1
fffffd3f
fffffb6d
00001383
ffffd3bc
0000511d
ffffd006
fffff60c
00000b17
0000057b
0000289d
ffffe36b
fffffbf5
ffffbe40
ffffc3d9
fffff0f2
ffffdd4d
ffffeeb0
fffff210
00000725
fffff7f7
fffff503
fffff73d
fffffbf0
0000161e
000013a2
0000237f
ffffd9c8
ffffe5c8
00000961
fffffb73
00007c25
fffff847
00000dab
0000352e
0000388e
0000172c
000026c5
ffffcebd
ffffd1d3
fffff2d3
0000296a
ffffd372
00000883
ffffeb22
fffff5fe
00000914
000004ac
000008b1
00001776
0000139b
00000571
00000d63
ffffdee7
0000015b
000000be
fffff8bf
00002150
00000992
00004415
000000e5
00001968
000017b5
ffffd5aa
00000498
00002e38
fffffbff
fffffad1
000010a7
000004d8
ffffe3dc
ffffff67
00001e16
00003056
fffff928
00002f07
ffffef7d
ffffe3d6
00001287
ffffef32
00002151
fffff1ea
ffffb72f
00000a11
000007cf
00004631
0000549c
ffffd512
00001157
00001671
0000273b
00003259
ffffbd03
ffffe07c
fffff284
00001740
ffffccd5
00002fb9
fffff4f4
fffff296
00001ae4
00000328
000004a6
fffff576
00003d7e
ffffd087
ffffedc4
fffffced
ffffeab9
00000ae4
ffffec24
ffffe483
ffffec99
ffffe56f
000020bf
0000297e
ffffb8c5
ffffe54a
fffffb8e
000008b7
ffffe070
ffffe8ea
000005c7
000004a2
ffffa5bb
fffffa01
00001454
00000def
000001fc
fffff525
ffffe66f
fffff341
fffff598
ffffdd19
00001dc3
00001c09
00001772
fffffc8a
fffffd7e
ffffddae
ffffe921
00000e1e
00002839
ffffe043
00002669
ffffe4b8
ffffc160
ffffd478
fffff09d
ffffea50
00001655
ffffd69e
0000195e
fffff96e
ffffc35a
00000ffb
0000069a
fffff4d2
ffffc292
00000c46
000030ce
ffffea52
ffffe864
00002f07
00001746
0000040f
00000f7d
ffffef22
fffff1a8
000033cc
0000023a
0000056a
000001df
ffffb685
fffff5a6
000020ff
fffffe9f
000021d8
00002748
000000b5
ffffda33
0000323d
00001c47
00000964
0000065d
ffffdadd
ffffefba
000011bf
ffffcad4
ffffd8b7
ffffd8c4
00000b88
fffff8f5
ffffed90
fffffe1d
ffffe74e
00000935
fffffc36
000004d9
000060e0
fffff6b9
00001ee4
00001926
00001a85
fffff2fb
00003763
00002236
fffffdbd
00001a65
000047b2
00001332
00000ba6
000019c0
ffffc915
00000964
fffff4f9
ffffc917
00001a48
0000106c
00000349
00000be6
ffffee2b
000005ed
ffffd033
000002cd
00003933
0000361d
fffff338
fffff85d
00000ee5
0000248a
fffffb4d
fffff99c
ffffe210
fffff96d
ffffea2e
0000381f
00003a4f
ffffde1a
fffff5a9
00002788
ffffe870
000013a2
0000287a
00001031
00000bf5
00003ed3
ffffa68e
00001b87
000009dc
ffffe2eb
00001b22
ffffca47
ffffcff0
ffffecd1
0000356f
00000011
00003d2b
0000167e
00003b27
ffffcb0a
000005a2
ffffdb86
00000ee6
fffffa55
ffffdc2e
ffffef29
000005e2
ffffe9d9
ffffe29f
ffffdaa1
ffffbbad
ffffc6b6
0000009a
ffffe1dc
ffffbbbb
ffffd7b3
ffffd0ef
ffffa95f
00001a6f
ffffd866
000025fa
ffffd104
00003c1d
fffffd92
000005a0
fffff392
fffff450
ffffd717
00002104
fffffd54
00002675
ffffd947
fffffccd
ffffef9d
ffffed1e
fffffdf7
00000807
ffffe1d0
00000799
ffffe772
fffff530
fffff6c0
ffffd608
000030a0
00000c3e
fffff604
00000a2a
00000419
00003ac5
00001800
fffffc1c
0000034c
00001707
fffffb2e
00001b18
00000535
0000045f
00001302
ffffd796
0000409f
000033ab
fffff573
00000add
000009f7
00001b87
00001e44
00000a9a
00000b4b
00002efd
00000367
00001fbe
ffffcea4
00001775
ffffdf19
00000a54
00001be4
ffffe100
0000005f
000010c1
fffffdcf
00000a1f
0000294f
00000340
0000455b
000010eb
00002e03
0000258a
ffffc17a
00000c5d
ffffe95c
000009cf
ffffdd37
00000daf
fffff304
00001269
00001ce9
00001672
ffffdf1d
000012eb
fffffad1
fffffff0
000026cb
ffffe5cb
000007f4
ffffe787
000011ce
00000faa
ffffd12c
0000077d
00000628
000002ae
ffffd81a
ffffeecd
00002244
ffffcf99
00000d2c
fffff027
00001626
ffffe70e
00002056
00000ec1
0000322b
fffff9cf
000003ab
00000870
ffffef10
ffffc800
00002335
ffffdc1e
ffffcf63
000030ab
00001945
ffffdcc6
0000075e
fffff78d
ffffef4f
000009e1
000020b1
fffff80e
00000799
fffff387
ffffbe5a
ffffbdb0
00002a55
0000099a
ffffe7ca
fffff31a
fffffaf2
ffffe55e
00000a23
0000229f
00000ab5
ffffd9bb
ffffc9a8
000016a5
fffff244
00000aa5
fffffe4e
000021fb
00001a41
fffff2b5
000036f4
ffffe932
000005c7
00001502
0000047c
ffffca10
0000279e
ffffcc7c
ffffe2d1
00001c2e
0000014e
fffff575
000018a1
ffffdee1
fffffafb
00005157
00000e59
0000381d
00001796
ffffe5d0
000021ca
00003cfe
000003f0
ffffde05
ffffef1f
fffff99c
fffff037
fffffeff
fffff10b
ffffeced
00002533
00000b41
00000560
fffff1a0
00000575
00000402
fffff784
0000444a
00001a8c
00001b11
ffffefea
00002dd6
00000b1a
00000b60
fffff7b8
0000179b
ffffd84c
fffff774
fffffffa
ffffc86d
ffffc3a2
ffffec87
ffffd0a0
0000078a
00001388
fffffbc1
ffffed65
fffff421
000026d9
00004f45
00001be4
ffffffa2
0000318d
00001ef6
00001645
00000eaa
ffffe0d1
fffff809
00004215
ffffeaa6
000033b3
00002ad3
fffffddb
fffff430
00000a0e
ffffe606
ffffff90
ffffe32e
00001d8d
0000060d
00000b31
ffffe945
000016bf
00003b82
ffffea6a
0000324c
ffffe66d
ffffcf06
00000f18
000010e4
ffffdd87
fffffa99
000019f5
00002c46
fffff966
000017fe
0000054c
000013f5
fffff3f4
ffffe72b
00001b3f
ffffe991
fffff2e7
ffffd10b
ffffc2f3
ffffe617
ffffc62b
ffffe0a5
00000625
00000bb8
fffff94e
ffffda9b
000009b2
00001f08
ffffed4b
000002a4
ffffe38f
00002f74
ffffe6b3
fffff2ce
ffffd3dc
fffffb6c
00002c7e
000009fc
ffffea31
000018e1
fffffee9
ffffde4d
000035ef
ffffe092
0000160a
ffffff34
00001f62
fffff82e
00000e23
00001304
fffff3f1
fffff113
ffffe002
fffff687
00003565
fffff4eb
00001607
ffffde1d
00002c31
000058b1
00000d61
ffffd130
ffffbc5d
ffffcd50
ffffcf33
000000df
ffffe4d2
000010e0
00000e2b
00000af9
00000a3b
00001eb9
ffffff58
fffffbed
ffffdfb0
00002b6a
0000100a
ffffed33
00000d85
fffffd4c
00001d19
0000076a
ffffe1ee
fffff792
00000c2e
00000d0d
00000af0
fffff8a8
ffffc764
000028dd
000022ea
fffff07d
ffffd327
000012e0
fffff19c
ffffec02
00002bda
ffffd6fc
0000023c
000026f6
ffffbe83
00000aaf
00000d47
ffffeb2d
000027ae
00000039
fffff396
ffffc251
ffffff66
0000157d
fffff9dd
ffffdd26
ffffe85a
00004aa0
fffff561
ffffe181
00001493
00004028
fffff3d6
00002d7f
0000170b
0000054b
ffffc2c5
00000f72
ffffff50
00002448
000005fc
ffffea84
ffffd84f
ffffd1af
ffffa78f
ffffe202
ffffeb46
ffffee32
ffffe477
00003a80
ffffe980
fffff60d
ffffcb46
ffffc7de
fffff865
fffffe9e
0000098d
fffff1ab
00001cab
fffff183
000009d4
0000119c
fffffb8e
ffffc3bb
0000279f
ffffe7e3
00000f3d
000000c8
00000bb4
ffffe90b
ffffc7dc
ffffd480
00000400
ffffe63e
ffffe6af
00001f6b
fffffc98
0000165c
00000b56
ffffbe8f
ffffe8c5
ffffe79c
00003628
fffffa1d
ffffe718
ffffe9ea
00004a70
ffffcb7a
00000f75
0000230a
00001773
000013ec
fffffc95
000032d5
ffffbd6a
ffffe546
000002ec
00003134
ffffc939
00000e4c
fffff92b
0000237a
ffffeb83
000038f6
ffffd735
fffff43f
ffffe1b4
0000672d
00001851
00000fb7
00002649
ffffaa17
ffffe921
fffff11c
fffff024
ffffe364
fffff800
ffffefd0
ffffe0b7
ffffff8f
00001397
fffff993
00001b26
00001a8c
000003ed
ffffee9a
00001972
00000023
0000166c
0000133d
fffff4bf
000022af
fffffb39
000027b0
00002450
00000649
ffffbcf8
ffffdf46
ffffefe9
000022cb
fffff7d8
fffff414
ffffe43f
fffff039
0000047b
00000e0b
ffffeb51
ffffef5e
ffffa701
ffffdfec
000014b0
ffffea28
ffffd77e
00004efe
ffffef40
00000401
ffffdf7f
000022df
ffffe347
000027ea
ffffdb2c
00001891
ffffcb12
000037a6
ffffc9d2
00002c3a
00001fca
ffffc334
00003631
ffffe443
00004e77
00002872
fffff7a8
fffffa2c
0000012a
fffffc49
ffffe2cd
ffffd915
ffffd51b
000014e2
0000020e
ffffef38
ffffeca7
ffffc6bd
00000a1c
ffffc51f
ffffebdc
ffffb5ec
ffffe6ff
0000016e
0000375d
000016da
00001f29
fffff52b
00000d67
fffff7ff
ffffe6ed
ffffd4f0
fffff54a
ffffdbee
00002409
ffffe95e
ffffe645
00001df5
000006a4
00004c54
fffffe90
fffffe73
ffffffed
00001f16
00002b85
0000186f
ffffd67b
00000b12
ffffb886
00001be3
ffffe47d
ffffdf20
000023ab
000009ae
00001365
00003339
00000b45
ffffe4a5
ffffffdd
000000e9
00002b84
ffffdc76
ffffc2ae
00003316
fffffc1f
00000493
00000d75
000025d7
00001177
fffff504
ffffeb9d
00000777
ffffa62c
fffff685
00001ea9
fffff1a8
00001441
ffffd00c
ffffb010
0000043b
00002663
ffffed1a
ffffe246
ffffdcef
00002dce
ffffbf0f
000012d9
fffff71a
fffffc23
ffffffaa
ffffefe6
fffff414
00001010
00002550
0000244d
ffffdad7
ffffd85e
ffffccdb
ffffd4d3
fffffa47
fffff24c
fffff40c
00000482
00000aa6
ffffd5d5
00002414
fffff843
ffffdb97
ffffe168
ffffd8aa
000028a8
fffffcdc
00004551
ffffd5f4
ffffcd03
00001b74
ffffe37b
fffff63c
ffffeb23
ffffe8d3
000006ad
ffffd80d
00000999
00000b5b
ffffcba8
ffffea97
000010aa
0000431f
ffffdf13
ffffe30c
fffff44a
000008f4
ffffbb9b
fffff5bd
ffffcb70
00000eed
fffffc7a
ffffc2e0
ffffe814
00002eac
ffffebe7
ffffeada
00003576
fffff308
fffff40a
ffffff42
fffff669
ffffe37c
fffffd83
fffff005
000021c5
ffffd990
0000041a
ffffed71
00000134
00001b79
ffffdd72
ffffe72f
00001c58
00001384
00001f61
00001b01
ffffc7a0
00000228
00001fac
00004001
ffffbbd1
fffff29c
0000435f
ffffc019
fffff0c8
ffffeb23
00000a0e
fffffe27
ffffde69
000001b0
fffffc9e
fffff3db
ffffe1e8
0000319f
ffffe2a1
fffff4a5
ffffe9d7
ffffe6bb
fffff85b
000026dc
00001588
0000449e
ffffff7e
fffff5b0
00001783
ffffcb76
ffffe6d9
00002b8b
ffffefc3
fffff96e
ffffdd92
000017b0
ffffeb53
fffff722
000016d6
ffffe842
fffff16b
ffffe9c7
fffff358
ffffd591
ffffea27
0000713f
00000722
fffff431
00003c89
0000247e
fffffdb5
ffffe534
00004d11
000006fa
ffffe932
fffffa1c
00001bc8
ffffea7e
00001541
ffffadfd
ffffd69b
0000177e
ffffe581
00000a9d
000021be
fffff5c4
ffffdac6
ffffdea8
00000943
ffffd038
fffff834
ffffdab7
0000062f
fffff397
ffffe403
ffffeec5
fffff398
000002f1
00001b8e
fffff4e9
ffffc64f
ffffd930
0000174f
000009a0
ffffd7fe
ffffff9f
00000afe
fffff725
00002100
00001b52
00000cc7
00000913
00001ad9
fffffb2c
000000e9
ffffc117
fffffd3f
ffffeadb
000006ca
00000b7d
ffffe5fc
00000ebd
00000610
00004c0d
ffffedce
fffff94b
ffffbd29
ffffd070
fffffbc0
00002a56
0000088e
00001393
ffffcc58
000014f3
00002b5b
ffffebbd
00001983
ffffef98
00002413
0000186d
00000a76
ffffad8d
ffffeec8
ffffed18
ffffc07f
00002132
fffff94b
fffff276
ffffdf37
fffff7e9
000028e4
ffffe289
0000131c
ffffdfdc
00000494
000014eb
ffffede6
ffffeda6
00000c3c
0000025d
000013a5
ffffd0c6
fffff4ca
fffff14c
ffffeafb
ffffd8e0
00002b2b
00000760
ffffef95
000017b9
ffffdf77
ffffe11c
ffffdf89
00000e47
00000924
fffff538
00001961
00002bda
ffffdf95
00001488
00001665
ffffd8b8
fffffbdb
fffff6da
000006be
ffffe6fb
000011de
0000343c
fffffc73
ffffe77a
00000b8b
ffffd81f
00000385
00003aed
fffff1ad
ffffe44c
00000be5
00000e8e
00000dae
00000984
000006aa
ffffed16
00004a45
00001dff
0000343b
00002a8e
00000e3f
fffff941
00001f5b
000005e3
00002bdd
00000a06
0000394d
fffffefe
ffffd26e
fffff175
fffffa6b
00001db9
ffffc518
ffffd37b
ffffff18
00000e62
00002613
00002b98
ffffefa9
00000dd7
fffff9c3
000006e3
00000747
ffffd0a3
000002db
ffffec2f
00001801
000001bc
ffffe53d
0000047a
ffffe807
00001aa6
fffff775
000000ad
000013fc
ffffd28c
000004c4
ffffde47
ffffd1e8
00000dfa
000012f8
00000723
fffff546
00002bc1
00000399
fffffca2
ffffe1e2
ffffcd27
00000dbb
ffffe5c1
ffffd1cf
00001b79
00003569
ffffeacf
fffff3cb
ffffc29c
ffffebd4
ffffde6c
000012ea
00001d24
00001f67
00000675
ffffd8ec
ffffe7ea
000039f1
0000027c
fffff265
fffffc1d
000006ba
ffffafad
ffffea8d
000001a7
fffffb27
ffffe13d
ffffc8ae
ffffe79b
0000024b
000006da
00000b3e
00002376
00000e59
ffffdd2b
fffff7e5
fffffa06
ffffed98
fffff814
ffffea6e
00000df0
00002102
ffffcb42
00000704
ffffee1c
ffffe67e
00001f11
ffffd615
0000241f
ffffcc8e
00002d27
ffffe602
ffffe5d7
000016eb
ffffea4b
00001131
00000550
000009f4
ffffca90
fffff1d8
00002cb1
000021b1
fffff9b8
fffff7e4
fffff551
00000fdd
fffff259
000021e5
00000bb7
ffffe652
00001b1c
fffff5b6
0000081c
00000e56
00001aa0
00000cfa
0000247d
ffffe93e
00000e35
0000013a
ffffe36b
fffff2f0
ffffe351
000003c5
ffffe827
ffffecea
ffffedf5
ffffda7f
fffffe3d
00000ec6
00001f42
ffffed57
ffffe912
ffffe42a
00000f76
ffffeaec
00000da5
ffffec9d
ffffed89
00001f59
fffffd1d
ffffd453
ffffec5c
000013c4
ffffda22
000010ae
fffff65e
fffffde2
00000212
fffff7df
0000081c
fffffe99
ffffe535
000013e8
fffffb9d
000019fd
ffffe056
0000294f
00002fac
ffffe541
fffff939
ffffd3ed
ffffe4e9
00000234
fffffec8
ffffcec2
fffff6df
ffffeb08
0000100a
fffffe39
00000ef0
ffffe62b
fffff6d6
00001749
0000091a
ffffef7f
ffffeb10
00000913
fffff004
ffffdac8
00001a2d
ffffd4c4
ffffde39
ffffe2fc
ffffd19c
fffff596
ffffe621
0000014a
00000f7b
00000378
00002762
fffff116
00002cbc
fffff383
00001aee
ffffc14c
00003958
00000288
00001326
000010cf
0000292c
00000e64
00000329
ffffe23a
00000039
ffffeae2
fffffee4
000016f0
00003128
fffff0d6
fffff5e7
00003015
000013b5
ffffff4b
00004007
fffff79b
00001740
00000a9c
ffffdfc9
ffffeb8b
fffff8da
ffffcd2b
fffff110
000021f7
00004c1a
ffffda99
00000469
ffffdd65
00001b1c
fffff03e
ffffe03a
00001ec3
fffff51d
0000376b
0000247b
fffffe30
ffffce53
fffff94e
000011dc
ffffcf46
ffffec58
000030a8
ffffc733
fffff5e6
ffffca84
ffffe8b7
0000064f
ffffaaeb
fffffa6a
00002aaa
000008f2
fffff22f
fffff0ce
ffffbb3e
ffffd2a7
ffffd29e
00000f70
ffffe4da
00001d4d
0000439f
000004ba
00000b8a
00003773
ffffbbf8
fffff9f4
ffffe67f
ffffbeba
00001a68
fffff784
00000e05
ffffdf7c
fffffe5d
ffffffcc
00000629
ffffdc6e
00000745
0000172c
ffffee5f
fffffea7
000033e5
000009c8
ffffbaae
00001eec
000038b6
00001bdb
00002bf1
ffffe42d
000008fc
000006ba
ffffdaa8
00004a7c
ffffffa1
0000187e
00002bb5
ffffef28
00003d8a
000006db
ffffecea
fffffe2a
000063de
00002046
ffffda08
00000bee
fffff6da
00001a2f
ffffdebf
fffff1de
00001c86
ffffc96b
ffffb5e2
00002242
00000b34
ffffffeb
ffffe919
00000d41
000007a9
00000e39
0000356b
00001774
00000d17
000016de
00003bd1
00001fe0
fffffd74
fffff45f
00001ce3
fffff00d
00000582
fffff7f1
0000019b
0000420a
ffffedd9
00001e99
ffffe28a
0000153d
000033ad
fffff713
ffffe051
fffff99f
ffffe044
ffffdffb
00001e45
00002cc3
000049f3
fffff389
000036ae
fffffad3
000029f3
ffffe943
00001334
00000ce3
00002c00
fffff657
ffffe3eb
00000fe0
ffffe779
ffffc48a
ffffe714
00002536
00002bde
fffffde9
00002221
fffffb51
00000342
00002914
00002532
fffff739
fffffa52
fffff191
ffffc4c0
ffffe0a7
00001409
fffff314
fffffe06
fffffe89
ffffc3a4
fffff14c
00000e6a
ffffea4b
fffff928
fffffd10
ffffe03c
000043be
00001486
ffffe98e
ffffc8ea
ffffe3af
00002a3b
fffffde2
00001c9b
ffffea0b
000026e6
00000576
0000256c
fffff7c8
ffffed72
000020aa
000008e8
00000faf
fffffdb8
fffffd55
ffffe392
000024d1
fffffda7
fffff89d
000025b3
ffffcbe9
ffffde12
00004504
000017a2
00001057
000012cf
00003055
0000013d
ffffe555
ffffdf7f
00002cff
000003f9
ffffe548
000020e8
00002b5d
ffffdd20
00000224
000012a3
00003540
fffff963
fffff797
000016d8
fffffb5c
00000e96
00000ebf
00000a13
00003d67
fffff6d6
fffff97f
00002a0b
ffffe3be
000007e7
000018cd
fffff7b5
00000b56
ffffeb3e
00003153
000003c4
00002b45
00001c55
ffffe5af
ffffd13a
0000062f
00002d21
00000ab7
00002189
ffffc2f7
0000110b
00000de1
ffffff5d
00000026
00001443
0000167d
ffffcf62
ffffb7bb
00000bba
00000a02
00002db4
000005d8
0000229a
ffffd3f1
000007d9
ffffff8c
ffffd3e6
ffffecf5
ffffef28
fffffacc
ffffeddd
fffff358
00000107
00000563
ffffdaad
00000bf5
000021e3
00003f8a
ffffbf06
0000022d
ffffe859
00004c5d
fffffa1b
00000e33
fffff4eb
fffff250
000016e3
ffffe676
fffffc24
fffff756
ffffc186
ffffe81e
fffff8aa
fffff397
fffffa29
00001231
fffff382
ffffac1d
00001548
ffffed16
ffffe300
00000d60
fffffaf6
00000707
ffffdbda
fffff023
ffffeb18
00000fab
ffffea98
00002ad6
fffff082
000025b2
00003b4f
00004307
00000bc0
ffffff03
ffffca43
ffffeb79
0000041e
fffff7bd
00002595
000016ea
fffffb22
ffffeb7e
ffffef41
ffffedcc
fffff5f1
00000c88
ffffe76d
00001808
00000a02
ffffd5fa
ffffee75
000036eb
00000309
00003cf8
00000966
000013d7
ffffff91
ffffd480
ffffe4c8
ffffd6a8
ffffa386
00003401
ffffeacc
ffffeccd
00000359
ffffe5ec
00002320
ffffde1a
ffffdd1b
fffffa62
00006141
00000819
000031a0
00002ae8
00002651
00001b89
00001287
ffffb236
0000029b
ffffdb81
ffffd378
00001289
00001548
00000187
fffff0d0
0000239e
00000caa
00000b2b
00000efa
ffffef29
0000254b
00001f86
00002743
00002557
000028b1
ffffd592
00001b7f
ffffde15
0000114e
0000034f
ffffebec
000015c2
ffffee3b
000015b4
ffffecd4
ffffdeef
00001245
fffffb29
fffff1db
000016e3
0000041b
ffffd32f
00003f03
00002fc4
000002e5
ffffe71c
fffff986
ffffeacb
00002521
ffffe942
000019b4
00000488
ffffee1d
ffffb51e
ffffe492
000025f5
ffffdc5c
ffffd847
ffffe6ee
fffff760
000016c4
0000050f
00001bf4
000011df
ffffe6b7
00001bb5
ffffe0c2
ffffbf53
000001ad
ffffde14
ffffeb4b
0000085a
000009b9
000029fe
ffffec23
000013ac
fffffa3b
ffffc3fa
fffffd68
000018db
fffff14a
0000177b
00001045
000030c9
000015a4
ffffe0f0
00002447
00002197
0000159f
ffffdddb
fffff3b4
ffffe0e7
fffff6e2
00001f68
00000803
ffffe8f6
00000690
000018f7
fffff148
00000602
00002a8e
ffffefeb
ffffedc6
0000226b
ffffb948
ffffe041
00002a71
00000746
ffffa4ea
0000012f
00002732
000001fd
00000cc7
00001f67
fffff872
fffff396
0000050b
ffffe330
000024b0
000020ac
00001941
00002aa2
ffffed34
00000dc8
ffffdf9c
ffffec87
00000356
fffffb0f
000032a7
fffffd30
00000858
00000a0b
fffff20b
ffffdbb1
ffffd69f
ffffd37f
00002552
fffffebb
000024e7
00003541
ffffe910
ffffe005
ffffdd76
0000183c
fffffa54
000042b8
000031b6
ffffe000
00000d32
fffff414
00003e93
00001a77
00001e1e
00000237
fffff27d
fffff829
fffffc75
fffff935
fffffa00
00002a5c
ffffebf3
00000195
ffffd91f
ffffed0f
000013eb
00001cdf
000004f6
ffffe06d
fffff781
fffffc06
fffffb9d
0000045c
000031ae
0000061c
fffff542
00002bf1
00002b71
fffffd20
ffffc5f7
ffffd594
000013a7
00000dfb
000006df
00002132
000003fd
fffff20c
000000b4
ffffebf6
00000cfc
fffff92a
00003696
00003961
00001c1d
ffffdc9e
fffff3e0
00002484
00000afb
ffffd3d4
00001a2a
fffff1e2
ffffdf72
fffff509
ffffc232
ffffd347
ffffd57e
00001574
00000e8c
fffff4b6
ffffef53
00001170
ffffcfb6
fffff459
ffffea9a
00000c93
0000152c
00002e99
0000309d
fffff092
00000611
00001dbb
ffffaa82
00001ad9
fffffa4c
ffffd220
ffffdc2a
ffffd854
000019bc
ffffdaa3
000008ce
ffffd69f
00001cff
fffff480
fffffcfc
ffffea93
00000fde
ffffe9f1
0000305f
000012bc
ffffc1a6
00002829
00003fbe
000012a6
00004d2c
ffffdb34
00001982
fffff51d
fffff810
00002567
000003a5
00000924
0000558e
00000920
00000a10
000008a9
ffffd313
00003448
00003145
ffffda81
ffffd365
00002cb2
ffffe26a
fffffb73
ffffd30f
00001485
00002912
ffffaef8
ffffcb53
000026ae
ffffd849
ffffcbcd
ffffff86
00001b74
ffffe54c
000001ca
00001300
00000a64
00004d3a
ffffe01f
00000f97
fffff901
ffffce05
fffff86f
00003aa9
0000020f
fffff2eb
ffffdb9d
00003e21
00001151
000028d5
000007ee
000005b7
fffff80b
00001fd3
ffffbe47
ffffd869
ffffd175
00001418
fffff224
00000696
0000277a
00001dc8
ffffe844
00000b04
00000889
00000cd2
000019ce
0000195d
fffff748
000051c8
ffffe3e5
ffffd216
fffff744
00000642
ffffd4f1
ffffd811
00000285
00000a96
ffffcf80
000030e5
000017e2
00000cb5
00000387
0000339d
ffffef7e
fffffbdd
000023c2
ffffe190
00000fc4
00000d09
ffffe989
00004359
ffffff35
ffffc825
00002b7b
00001297
00000c53
fffff67a
ffffe0af
ffffee01
0000081e
fffff777
00000dcf
000002a2
000016de
0000025a
00000e4c
0000169a
fffff955
00003aa5
00000427
00001ea8
ffffe64a
ffffe04a
00004bf3
00002129
000012e2
000009b2
00001183
ffffd41e
00002acb
00000970
00000ec6
00001246
ffffcd1f
fffff034
00002ef5
ffffe6e5
000011d0
00001a66
00001a6c
00002488
ffffe28d
ffffecc1
0000456f
fffffa79
ffffe70e
000032fe
000022d0
ffffbe35
fffff189
0000317f
000036a8
0000236b
00002bcd
00001023
00000ce6
00001592
00000b5a
0000069d
fffff080
fffff4ff
ffffd4bc
fffff7c9
00000d90
ffffe53f
00000026
ffffedd4
0000266d
000013c1
fffff113
fffff567
000009d2
00000e4c
ffffe7a1
fffff874
ffffe4ca
00000d3c
000022bc
fffffa16
fffffdb9
0000394f
ffffeef8
000022f2
0000035b
00000519
000003ed
ffffeda7
fffffc49
ffffc723
fffffc7b
00000a03
0000320b
00003dfb
000002d5
000027c5
00001711
00001910
000023b3
000007b2
0000172d
00001411
fffff3cb
ffffedbe
ffffe519
ffffbc01
ffffe51d
00004176
00002a89
000003fe
fffff616
ffffcc08
fffffe5c
fffff006
fffff88d
000012c6
000007f2
00003f45
000012ab
fffff9bf
ffffc841
00000130
00000c65
ffffdc4c
0000210a
00002e19
ffffd54a
00000bc0
ffffed5e
ffffb49b
ffffeaeb
ffffc6ef
00000831
00002a33
ffffed76
ffffe007
fffffc53
ffffd134
ffffbdf9
ffffbe3a
00000e97
ffffe9bf
00003290
00002ff3
ffffecc4
00001f0a
000030c5
ffffcb05
000008c5
ffffcc06
ffffe306
00001703
00001115
00000b3a
ffffeb82
00002133
00003518
00000ff8
ffffc2c5
00002b89
00002dc9
ffffeef8
fffff0e3
0000367e
fffffe60
ffffd7a2
fffffc3c
00002fa7
00001b23
00004a75
ffffdd65
fffffb87
0000140c
00000a08
0000296f
00002536
fffffaf4
00002f6f
fffffb87
00002e44
ffffdbe7
fffffba9
000027bb
000043f3
00002885
ffffde63
ffffe72a
ffffede7
0000140e
ffffc55f
000021ef
00002d3f
ffffd378
ffffa921
000033c0
ffffe498
fffff793
ffffdf86
000006d3
ffffc6eb
00002499
00002604
00002be4
fffff0c5
fffffb71
0000330c
00000869
ffffe9cf
00000a5a
0000053f
00002712
00000dcf
ffffda34
00000977
00002202
0000181f
00000988
ffffd641
000022ae
00003539
ffffd5d3
ffffed4d
ffffd547
ffffd09c
ffffdae2
000015a8
00001543
00002eaa
00001188
0000405b
000012e3
0000132e
ffffeaad
00002b0e
fffff204
00003a22
000000db
ffffe407
ffffee7a
0000050d
ffffe475
fffff5a5
00004ddd
00003610
ffffedf9
0000219e
00000d9d
000007bf
000020ae
00004010
fffffe18
00000b7d
00000739
ffffc465
fffffc68
fffff4aa
00000c06
fffffbb6
ffffdb16
ffffb9a0
fffff8d9
0000204a
ffffdcc1
ffffcc7c
0000010a
ffffe5f3
00004c49
0000147e
fffffdd9
ffffd94f
ffffcb8e
000025c4
00001dd0
000012fe
ffffe463
0000153c
00000723
00004769
ffffe9e6
ffffc775
00002cd0
0000162b
000036d2
fffffbea
fffff5d3
ffffebc1
00000c53
000005eb
000001d0
000003da
ffffccb2
fffff780
00003c9c
fffffa83
ffffeede
000018fd
00002231
ffffe356
fffff9e5
ffffd0ca
0000379f
00000994
000011b9
000025e2
000028e8
ffffd124
ffffe803
00002d4f
00006646
ffffffeb
ffffea37
00000fba
0000167d
000020c2
000026ff
fffff878
000052cb
fffff4db
0000061b
00001d57
00001e62
0000060c
00000155
fffffd2d
00001bea
000015f2
00004908
0000265b
0000070e
000010cf
ffffecfd
ffffa839
00001680
00000b5a
fffff398
00000b47
ffffac0b
00001ab0
ffffee2f
fffffeda
000000b1
ffffdd1c
ffffb703
000025ea
fffffa5e
000045aa
fffff033
00001bbb
00001033
00000087
fffffd2b
00000308
ffffea12
fffffc99
fffffd2f
00000f01
00000773
ffffaf6e
ffffe439
00001065
00000b7d
ffffff48
00001a36
ffffbd42
ffffdfcc
fffff398
fffff482
000004df
000052f5
0000055e
000000d0
0000111b
0000337f
fffff73c
fffff55f
00000647
fffffdec
ffffe5c7
ffffe752
00002d1b
fffff0fe
fffff608
00000a78
fffffa32
ffffbd6e
ffffd936
fffff59d
00002788
000004b9
ffffd4f8
00001457
000004cc
fffff574
ffffb8ae
000024e6
ffffe611
ffffe52c
00002ba2
fffffdb2
000003e3
00001bdc
00000334
ffffc855
fffff94b
00002177
ffffff48
ffffe106
ffffeb64
ffffd51c
ffffd089
00001581
fffff862
ffffea38
ffffd414
00004188
ffffdfd1
000006c8
000007f5
000034f2
ffffec7a
000026d9
0000318f
000027a4
fffff11f
00000d6b
00000bf1
00001369
fffffbd7
ffffe1ac
fffff597
00003a70
ffffe1bc
ffffee93
000017c5
ffffea06
000015e2
00000b4b
ffffe486
00001d0f
fffff4ac
000001fc
ffffe2ac
00001085
00000362
0000277e
00003c90
ffffd155
ffffb572
0000037c
fffff320
ffffe716
000034ce
fffffa1e
fffff129
0000187f
00001ac7
000005c1
ffffdd25
fffff713
000021ba
fffff0d8
fffff50a
00001bda
000015c7
fffff38d
ffffe522
fffff283
ffffe48a
ffffe5a1
fffff871
000003d6
ffffd73f
00001a01
00000ab5
ffffc264
ffffdc09
00000d0b
00000950
00005b28
000037d0
000010a6
00001081
ffffea88
fffff9bf
fffff05a
00001e1a
ffffa15d
0000003a
00001682
fffffefd
000016f9
ffffe758
fffff8b9
0000173e
00004f77
0000307c
ffffcf31
ffffd44d
ffffe653
ffffe194
fffffaec
00000877
00000ca5
fffffb74
ffffb6b1
00000011
ffffb62f
fffff85f
fffffb0b
0000128e
fffffcfc
fffffe27
ffffd99c
000014fb
fffff5ed
ffffef88
00000122
ffffb831
00001e3e
ffffda49
00001f61
00002c27
ffffe6f0
0000018c
ffffe0d2
ffffecf5
000010df
ffffe673
000010c7
00001ca2
00000275
ffffe6ac
ffffface
0000011d
fffff093
00000776
ffffff74
00000766
00001478
00001297
0000326a
fffff669
ffffecb8
ffffee28
000000a0
fffffd11
0000259f
ffffb6c0
000005a6
00001d05
00000d47
ffffe236
0000432d
ffffdcd1
ffffe450
00001b83
ffffd46b
00003c9f
00003e42
00000e74
00000f00
00003b26
fffff67c
000001c5
ffffc7e8
000029d8
00001147
00003f46
ffffe5cb
ffffe16e
fffff6f7
00000ee6
ffffe065
ffffe23d
ffffe626
00001d20
00000ec0
0000483e
00001041
000038cf
000017cd
000001f7
00003fba
000005c9
ffffffec
00000008
ffffed08
00003fb2
ffffe8dd
fffff0cd
00001d1a
0000167b
000009cf
fffffebc
ffffed84
ffffeaee
ffffeb6e
000020cc
00001fa8
ffffdd76
ffffe89f
ffffd01d
fffff5b8
ffffcf60
00001ae6
000004b9
ffffd059
fffff806
fffff3de
000002f6
000004fd
0000355d
00001a7a
00000c72
000020e1
0000106e
ffffedc9
ffffa2d6
fffff3a5
00004a71
00002bb2
00000c57
fffffe71
00001162
fffff542
0000034a
ffffe3fa
ffffebee
ffffed93
0000222d
0000388a
000011a4
ffffc64f
fffff4db
000037c5
00000de5
ffffebf1
000000f9
fffff390
fffff8d3
fffff4e3
ffffcba2
ffffaad0
ffffe26f
fffff460
fffff17b
000004ab
fffffe99
fffffd05
ffffcdc9
fffffecc
00001437
00002924
00000271
000007ca
00001e06
ffffe17b
00001572
000019bc
ffffbf45
00002068
ffffdec0
ffffe709
fffff89d
ffffd583
000023d5
ffffdee2
0000059b
fffffe38
fffffaf8
ffffe484
fffff300
00000cca
00000bab
ffffcc9f
00004712
00000430
ffffa95e
fffff190
00004cae
ffffe1b0
00001b98
ffffddc8
00001ae0
fffff233
00000536
000006c0
0000225a
000007c2
00005a9c
00000ef9
fffff8c3
ffffee50
ffffed24
fffffbda
000019fd
ffffeb7c
ffffcd33
00001971
ffffeb5b
ffffee7c
ffffe27c
000014d3
00000832
ffffa9e6
ffffd242
000025fb
ffffc5e7
ffffc208
00000220
0000142b
0000030b
ffffe990
00000b47
fffff8b1
000031af
ffffecb4
00002365
00000160
ffffcab7
00000906
000029e5
00000e8f
ffffde85
ffffe74e
00002661
000008f7
00003d83
00000570
ffffd945
00000865
ffffe6f7
ffffb957
fffff6ed
ffffcbb7
ffffed44
0000099d
00002f01
00004c49
fffff6e5
00000107
fffff8d4
00001e08
00002712
00002c72
000035f1
ffffeccc
00004da0
00000028
ffffc506
000010c8
00000cb6
ffffe03f
ffffc775
fffffb01
fffff1ba
ffffd530
00004d99
00001eef
fffffd77
00002ce1
00002892
fffff56d
fffffd20
0000627f
ffffe830
00002631
00000229
000001b9
0000248d
00000c17
ffffd977
0000115f
000009c4
00001396
00000252
00000cca
ffffe0fa
00002a46
000016fa
fffffb9c
ffffffb1
ffffff02
fffff505
00001028
000013ae
00001486
000026a0
fffff320
000011ac
ffffe797
00000142
000038fe
0000126b
ffffef2c
00002e4b
00001029
0000073a
00002c1a
ffffef2f
00000812
ffffef11
ffffc761
fffff560
0000290b
fffff110
00000550
00003169
00000c7c
00000bda
fffff1a3
ffffd959
000041c7
ffffe4e8
ffffff8f
00001677
000030b4
ffffd3ff
fffff3ec
0000144c
0000436c
0000217f
00002c40
00001bc6
000005ca
00002918
fffff548
fffffe0e
ffffe5e5
ffffed88
ffffd62d
fffffb6b
fffff9fe
ffffe455
00000463
0000045b
00002952
fffff1f7
ffffd918
ffffb3af
00000834
ffffea78
ffffddfd
ffffd5d9
fffff70e
ffffe3a2
00001805
ffffde66
ffffe34a
00002ba9
00000c82
0000348f
ffffec6e
00002b42
00001d11
fffff261
fffff4f2
000000dd
fffff19b
0000034f
00000663
ffffc98a
fffffd50
ffffdb9e
fffff477
fffff537
fffff115
0000269c
00000c1b
000006c9
ffffebf9
000016d4
0000126f
ffffe64d
00000e8f
00001035
00001b31
00000492
00001b8a
000026eb
ffffe683
fffff982
00001a11
fffff582
fffff0b4
0000188e
00000ad4
fffff34a
ffffcb20
000032fa
0000160a
00002596
00001631
00000013
fffff3f5
fffff7bc
ffffeb97
ffffeb36
00000375
ffffbdb6
ffffdf91
0000126f
00002c34
00004c5e
fffff2b3
ffffdb9c
00001e2c
000017d2
fffff540
ffffe064
ffffd783
000008f8
00001738
ffffff32
000032a2
00001a1d
ffffe5dc
fffffdbf
ffffe9cd
fffff581
ffffd200
00003679
ffffbb93
ffffe817
ffffde2d
fffff649
000002f1
ffffd5bc
ffffbdc6
000011fa
ffffe590
00002d49
0000157a
ffffcb28
fffff25a
ffffef1b
000029b4
ffffc74f
ffffe3fc
00000300
00003271
ffffb3b3
0000027a
ffffef74
00000167
00000a2a
ffffd353
ffffff74
00000b51
ffffd3bd
fffffd2b
fffff25e
fffff419
0000119b
00001099
ffffe80c
ffffe887
ffffe950
ffffed36
00000655
ffffda61
00005418
00000ce1
ffffcb72
0000128a
ffffec74
ffffda3f
00002004
fffff9c2
00002214
ffffe61f
ffffe103
00000864
000011ad
ffffd001
ffffd0cd
fffffb23
0000328a
ffffe1fd
ffffc828
000018d5
000019a4
ffffef42
fffff73c
ffffd6a1
ffffe106
00001a16
000001ee
fffff764
ffffee0d
ffffdd52
fffffe69
000018a9
fffff199
00001fea
0000237e
00000222
ffffced4
00002c2c
00000dd3
fffff96e
ffffe811
fffff14d
ffffe03e
fffff92d
ffffde0c
ffffe18e
ffffcb15
fffffef3
00001132
fffffa07
000006e1
ffffe668
fffff0d6
ffffe748
0000065a
00003375
00000dc6
000027b9
00001ac0
00001f7c
ffffe085
ffffef03
00004f69
ffffdd1d
00000d42
00002935
000016f4
0000030d
00002319
ffffcd9f
fffffbc0
fffff105
0000025b
000000c1
00000ca3
00000a97
00000551
ffffffea
000009ae
ffffcebd
0000064b
0000143c
000027d5
ffffd56b
ffffea81
00003f84
00001bb8
ffffff99
000014ec
ffffcd88
ffffe737
fffff3e5
00002aa8
0000123e
00000ba2
ffffe54d
000000ae
ffffe5c2
ffffff1e
ffffee5c
ffffe299
ffffec99
00004279
ffffd614
00002fd9
ffffdaf1
ffffecb5
0000130f
ffffd132
ffffd059
ffffea68
fffffc94
0000091e
00004de1
fffff41f
00001afb
ffffd465
000015aa
ffffd29e
0000163a
00000d6c
ffffecf9
ffffec5a
0000074a
ffffe5cc
ffffef6b
ffffe082
ffffbe20
ffffbd12
00002118
ffffe8c1
ffffe6a2
ffffbb51
ffffc7d0
ffffbb9c
fffff294
fffff838
00002187
000030c2
00000979
000019c9
fffffbb3
fffff103
000005ca
ffffd700
000040ad
000018ac
0000006d
00001444
fffffbcd
000029e9
ffffed82
fffffb42
ffffd1e9
00002810
000000b1
ffffd022
00000d58
ffffd6fb
00000dca
ffffec5a
00001396
ffffe37b
ffffcd9b
ffffa4d0
fffff3ce
00003afb
ffffedf0
ffffd38d
fffff286
ffffcde2
ffffd434
ffffbe86
000009e3
ffffde2e
0000062d
ffffe20e
00002480
00002bac
000022ef
00000d72
ffffdc01
0000120a
fffff354
ffffe1cb
ffffe077
0000183b
00001af0
ffffdaa8
00000256
ffffefe7
ffffe5d7
00000086
0000148a
ffffdc2e
000001b0
00001562
ffffe5f6
ffffe156
00002dd6
ffffda7b
fffff00c
fffff1a0
ffffce0d
fffff4a0
00002e59
0000580d
ffffff1a
000032e3
ffffe1cd
00000f99
00000efd
ffffe4f6
ffffedf6
ffffe75e
00000fc5
fffff837
ffffd9ce
000030f8
ffffbf0a
00000646
fffffc68
fffff9f0
000003e6
ffffe611
000025a9
000004b0
ffffe526
00000ccb
000027b4
fffffd5f
00001037
00002c8b
ffffb895
ffffe3f8
00001566
000003fc
00001d9e
ffffef7b
ffffeb2e
000012ed
ffffd9cb
00002f03
00000be8
ffffce3d
00002568
0000094b
00000d34
00000549
ffffd8c4
ffffdb1d
000029d3
000000fd
ffffdf29
ffffe781
fffff721
00000348
00003169
00000e5e
00002d83
000036de
00000f3e
ffffca70
00003efb
00000209
00002e4c
00001c49
000023b5
0000094a
ffffb9ed
00000cbd
fffff21c
fffffc9b
0000068d
ffffef4c
00000b9f
ffffe513
000016b1
fffffc01
ffffff7f
fffffcee
ffffe5ab
00002557
fffff85b
fffff8bf
00000ba7
00000d78
ffffd149
fffff0c5
ffffe87c
00001081
ffffe749
00000681
ffffe886
fffffa30
ffffd8b9
00000b72
fffff684
ffffd9ca
ffffd5b2
000027ec
ffffd974
ffffdc6c
0000234a
ffffe601
000019d6
00002049
00000913
ffffedd5
fffffc9b
00002b95
ffffdf5a
fffff561
00002e25
fffff317
ffffdb45
ffffd3ff
fffff474
0000275c
ffffe5d3
fffffebf
ffffee89
ffffdeaf
ffffedff
fffff2d1
00000116
ffffe426
ffffefe0
0000425a
00000b78
ffffd9b5
000008a6
ffffddfc
00000cc3
fffff920
ffffe262
fffff845
fffff5be
0000101f
00001c33
fffff25e
000029d9
00001ae3
00002783
fffff619
0000232e
fffff4e9
fffff215
ffffce1f
00000bbb
000038c3
ffffd785
00001337
000017aa
0000062d
00000013
ffffd425
000020f9
00001b6a
000026cd
00001f5a
fffff8f4
ffffea67
fffff97e
fffff4e2
ffffe83e
00004d66
00000200
ffffd2fe
00000aea
ffffd823
00000e5b
ffffee4e
000003fe
fffff4d2
fffffc3a
00001345
0000451f
fffffff4
00004551
ffffe3bd
00000dd4
fffff4d0
0000113c
ffffd5a1
000014df
ffffcffc
ffffeaf2
fffffa90
000025ef
00003d90
0000035c
000021bb
0000200e
00002deb
fffffa11
00000142
ffffe9d6
00001aea
0000277a
ffffd9d0
0000024c
00002d8c
fffff1ee
0000053d
0000008f
00000946
00000bc4
fffffc7f
ffffc7db
00003885
00002764
ffffe014
00002512
ffffc2e3
ffffce3a
0000023a
ffffd951
000037c8
ffffe2c3
ffffbc94
000007d1
00003a38
00000346
000004f6
000012df
ffffd1ad
ffffc3f4
00001dfa
0000231f
fffffdfe
ffffcc8b
0000008e
0000108e
00001ffe
00001d68
00001aa9
00000442
00002a2c
ffffff47
00002720
ffffec53
00003f47
ffffe7bd
ffffe979
fffffda3
ffffe2de
fffff900
ffffdd82
fffffb0a
00001844
ffffdbcd
ffffeca2
000002a8
00001fee
00001b09
ffffd296
00002fbd
00001d00
ffffb818
00000d01
fffffe92
00001b4b
00002230
000014a1
fffff1b5
00002650
fffff729
ffffd375
fffff586
ffffd1e9
000001b3
fffff4fa
fffffa4c
fffffca8
ffffbccd
0000100a
00000a77
000018c6
ffffdb92
0000144b
00000efe
00000f3c
ffffcab0
0000161a
000005b2
fffffac2
00003371
00001030
fffffab2
000032ca
00001b96
0000451e
00002069
ffffef77
00001e35
00002442
ffffd608
fffff7f8
00002cf2
ffffc83a
00001bb0
ffffd05c
ffffe95c
ffffefac
ffffff80
ffffdc38
ffffe976
00000ec4
00000678
fffffc9d
fffffeb8
00004c3a
00002066
ffffef0a
0000234f
000021ac
ffffdca1
000010f2
00001573
fffff101
ffffe0b9
0000268b
ffffe6fc
fffff835
ffffd009
fffff809
fffffe1c
fffff19a
00000857
fffff45b
ffffd704
000018e3
ffffd43a
fffff798
ffffde30
00000d89
ffffee00
00000b93
fffffdd9
ffffe323
00002a57
00000f71
000012af
ffffef56
fffff419
ffffefaf
0000230c
ffffe0b1
00000fe6
ffffee7d
00002e62
ffffe02f
00000764
0000016e
00000130
000018bc
ffffd144
ffffe7da
00001119
00001782
ffffd9b4
ffffe269
ffffde94
ffffcd6a
fffffa74
00003c07
ffffdf46
00000a6b
00000457
00001d05
000008bb
ffffd6e0
000000d9
00004cd0
ffffc316
0000202b
ffffe49e
000008e8
00002a94
ffffe453
00000a65
ffffeb73
ffffef87
00001aeb
00000201
00000493
0000254e
00000b93
fffff6d5
ffffbb3d
000004e2
000029f0
fffffeae
00001ce3
ffffc8fd
ffffe0ad
000023be
ffffe02f
00001bd9
00001f4c
fffff299
00001d49
00001a8b
fffff474
00002450
000042b7
fffff574
ffffd038
000008a6
00000a47
ffffbfd5
ffffcaa6
00000346
fffff477
fffffc34
0000269a
ffffe3e3
00000755
00001f8d
fffffde3
ffffd3f0
000010ec
ffffd825
ffffe8fc
0000001e
ffffe9de
ffffe8f0
00001fc7
00003445
fffffdb0
fffff35f
fffffd03
ffffff4c
fffffa9e
ffffefdf
fffff528
fffff9e5
ffffccc0
fffff17b
ffffddeb
000007eb
0000025e
00001282
00001e41
fffff336
0000278a
ffffbe6e
0000031e
fffff458
000047c6
000012fd
fffffa5e
000009be
0000053f
00001a05
000015eb
ffffc7f7
00000932
ffffd59b
00000b58
fffff71d
fffff7a8
fffff64b
00000da9
00000795
ffffd608
00001f20
fffff406
000012b1
00000484
ffffea4a
00002830
ffffea1e
00001ff8
fffff549
0000183f
ffffd028
fffff3af
000021b3
fffffcb8
ffffea4d
fffffce2
00002b28
0000008c
00001304
000014a8
ffffc18e
00001a66
00001697
ffffc5e6
fffffd73
fffffa8c
00000d49
ffffc877
00000177
00001501
00003c83
ffffe92f
0000014a
ffffd843
fffff579
00000195
fffffcac
ffffd6c4
ffffe145
ffffd76a
ffffe66a
ffffd551
000056b1
000049d7
ffffcc51
ffffdc80
00003616
00002aa3
000003da
fffff80d
ffffcc15
ffffec0d
00000498
ffffdfa4
00001815
0000044b
ffffdd93
00002e3f
00000362
ffffeb08
ffffc58c
00001bef
00000442
ffffdabf
fffffa73
ffffddbc
0000230d
fffff1fb
ffffe960
00001c08
000002d3
00001f53
00000e84
00000473
ffffe089
ffffd25b
00002422
ffffde27
00002ea5
00001a58
ffffd968
ffffda30
fffff2b5
fffffa84
ffffe329
fffffe48
fffffe87
ffffec0d
00002798
ffffdd1a
fffffd44
ffffd22a
fffff02e
ffffe9f9
fffffe9b
00000c9f
00000e76
00001425
0000080f
0000146f
ffffe63e
000028fb
ffffc7c7
fffff861
fffff3f7
ffffe2cd
ffffc5be
00003ec4
ffffe52a
ffffef71
ffffe91b
ffffd3d7
fffffbfb
00000de7
00000ddf
ffffd74c
000044b9
00002034
ffffca13
00000671
ffffdb3f
00002133
ffffcf9f
0000074b
ffffdc9b
00002549
0000143a
ffffd399
00001c24
00003a67
000018c9
fffff73c
00004236
ffffea69
000019f0
00000c0b
0000247f
ffffd487
00002005
fffff935
00001684
000004f2
00000c29
fffff459
00002cc7
ffffd519
000066b0
00001555
00000ccd
000003a7
ffffc632
ffffc773
000002e0
00000faa
ffffd493
ffffdd25
000025d1
fffff8a2
ffffd90c
00001a9e
00003551
00000462
00001be4
fffff9de
000007fa
00000e79
00002600
0000371c
00001f03
00001616
ffffef32
ffffe34d
00001538
ffffde1b
00001878
00000bc2
ffffef02
00000150
fffff3f7
0000069f
0000084a
fffff938
fffff3df
00003126
ffffce39
ffffee90
ffffee81
ffffec8d
ffffd99b
00001c29
ffffe9dc
fffff1da
ffffffcf
00002712
00000ada
ffffcf1b
00001dd3
fffffd86
ffffec6c
000011f1
00001946
00001ab8
000010e0
000014b9
ffffe86f
fffff5ad
000005c2
000017f2
0000084c
000028a3
00002939
ffffd579
fffffafe
fffffb95
000017d1
00000670
ffffefe8
ffffbe95
0000113d
000003f4
000000e0
ffffd02d
ffffd3eb
fffff798
ffffee4a
00000e07
ffffe77a
ffffd509
ffffd96c
000028c0
fffffe43
00002377
ffffd9e7
fffff3e0
00000824
ffffa9db
fffff8b6
ffffce75
ffffeb90
ffffdedd
fffff79a
ffffd725
000024a3
ffffedb7
ffffecb7
0000053f
00000da7
fffff119
0000130f
ffffe181
ffffbf73
00000fdb
fffffc29
0000222c
fffff810
ffffe215
000002f7
ffffe3aa
00000f56
fffff334
fffff4f3
00000cc7
fffffe0e
ffffeea9
ffffd225
ffffe932
ffffd8c7
ffffd783
00001ebc
000024f4
fffffd05
ffffd15a
0000032b
fffffb1e
fffff76e
fffffb68
ffffda83
000049c3
00003325
ffffff2b
000027e9
fffff410
fffff43c
ffffec1e
00002272
00000edd
0000147f
000003b0
0000193e
ffffe0f1
00002da7
ffffe6c9
fffffa8c
0000095d
0000004a
000000ad
ffffeaa7
ffffd180
00002651
00004390
ffffe516
00003c31
000022ef
00002812
ffffebaa
fffff6a1
ffffd2c9
ffffe4f9
ffffeb90
ffffde44
ffffdbf4
0000283a
fffff02e
000038c6
00003974
ffffd9e4
fffff658
ffffe114
00001a70
fffff793
fffff5aa
ffffdea0
000030b8
000001c2
00000c20
ffffdb73
00003c27
ffffce07
00002120
00002fbf
00001b32
ffffac70
ffffdd3b
ffffa348
00002727
fffffd01
000012d0
000019aa
fffffde1
fffffd4b
fffff2ee
ffffc0e1
ffffe77c
0000043d
0000041e
000003e0
ffffe7ef
ffffbc41
0000195d
00000b2f
ffffd3f2
00002e55
00000faa
000009be
ffffeae2
ffffdda3
00002b67
000042d3
ffffe130
000006d1
ffffffe5
000007af
ffffed1d
ffffe383
ffffe436
ffffd394
ffffe88e
ffffeabe
00002922
ffffebac
ffffbff2
fffff3b3
0000230a
ffffe9e1
000001e8
ffffe1c1
00001144
ffffcea3
ffffd7f8
ffffdd71
ffffe1b9
0000448f
0000056d
ffffff6c
0000399b
00001a79
0000272e
00000a44
00002297
ffffcb6b
ffffd462
fffffb0a
fffffb87
ffffebc2
00000034
fffff315
000011ee
fffffd24
00001838
ffffc771
00003ae7
0000166d
00003ca7
fffffbf7
ffffffbd
000017f0
ffffbdab
ffffc627
ffffee26
00000901
ffffe14e
00000eff
ffffd9c3
ffffc56e
fffffef7
0000057c
ffffe745
ffffff46
ffffda68
ffffd2c0
ffffe594
fffff864
000001ac
00003cf7
0000020e
ffffbd6b
000015ad
ffffe50b
0000158a
fffff530
ffffd73e
ffffb85a
ffffe85b
ffffc3b3
00001c94
ffffc1ed
fffff22c
000015d7
00000085
fffffd31
ffffe4bb
fffff837
00000ce6
ffffe5a6
ffffb354
fffff5dd
00000cc2
00000e16
000009af
00002d25
fffff9b6
ffffd919
00001651
ffffed66
00003177
000000b1
ffffe975
ffffdc64
00001259
ffffd3e2
0000128b
000011b9
0000369c
000029f1
fffff697
00001644
00001128
ffffef1c
ffffec39
00001e1a
ffffecc8
ffffe7d5
ffffcee3
ffffc225
fffffdd7
00001a0c
ffffdaf2
ffffd6e7
ffffd382
000007b1
ffffe450
fffff4b8
ffffdaed
ffffd700
ffffe386
00002502
fffffbb4
fffff996
0000130f
ffffdaf3
0000183f
fffffad6
fffffa52
ffffd817
fffff933
0000267d
ffffef7b
ffffe5d6
ffffebb5
ffffdd9a
00002815
fffff97d
000000ff
ffffeb39
ffffef37
ffffe060
ffffe1b7
fffff35f
ffffe543
0000279d
00003f1c
ffffda22
00002648
ffffdbb3
ffffda59
fffff5c7
00000601
000005ff
00001fa8
00000bd4
fffff608
00001fe4
00001ea0
fffff4b6
000014e6
00001b82
000002db
ffffebe5
0000270d
ffffe489
00000362
00000999
ffffe1d7
00004a0f
000021a9
ffffe85e
00004657
fffffa4b
00000793
000015d8
000027e3
fffffc6f
0000321f
fffff495
00001638
ffffcd95
00003ab7
fffff624
00000848
000003be
000004eb
00001d2c
000013ae
ffffccaa
0000085d
000034b1
ffffdb66
00004087
000036a4
00001718
00001b07
ffffeb38
fffff97c
ffffc797
00000733
ffffc351
fffff77b
ffffe1c8
ffffff72
00002e8d
000007de
fffffcfb
00000a01
ffffd639
00003181
00000781
00000781
fffff813
00000f90
00001c73
00004474
ffffec3c
000004f5
fffff263
00000c4c
fffff6df
fffffdb9
ffffd7de
ffffe173
ffffff8b
00005476
00002188
ffffd534
fffff1c9
000021a1
000027b6
fffff817
fffff8ae
00000448
ffffdc7c
000005ad
000034e2
ffffc761
ffffea82
0000493c
000029d9
ffffe64c
0000103f
0000188a
000008a8
00001ab6
00000dc9
0000207d
ffffec46
ffffc7e7
ffffebc5
ffffcb6b
000007fb
00001e5f
fffffe21
fffff5a8
ffffcc3d
ffffd76d
0000003c
00003701
ffffd9b0
00000d61
fffff36b
00004384
ffffcd2d
00000e75
fffffee1
00001ac4
00000e77
fffff56d
000013b5
000005ee
00001282
00000e44
ffffe38f
000007b3
00001468
fffff92f
ffffeb67
000045f3
0000086f
000007ca
000018ec
ffffd896
000009a9
00000a06
00000fb3
00004ccf
00001599
ffffe812
00000fdd
000045d8
00000618
00005ed8
00001fc0
ffffc71a
ffffeb23
ffffc31f
ffffc679
fffff15e
000030f0
00000972
ffffd53d
ffffe9bc
000001b5
ffffd5ae
ffffe6ab
00001387
00002fff
0000163e
ffffd7fd
000010fd
fffff9e4
0000160d
00000dc6
00001200
ffffc293
000024a2
fffff908
00000591
ffffd6be
fffffbd3
ffffc15f
fffff413
00000790
0000009c
00000f3b
00001570
00002c85
000044cd
000011c2
fffff35c
000038c6
00000190
000017e7
fffffa4b
ffffe813
0000036d
00001de0
000001ce
00002bb1
ffffe565
ffffc7c7
00002111
00003366
fffff81f
ffffeaf8
fffffd10
00001c44
000011b0
ffffdf5c
fffffabf
fffff7e3
000046b6
0000185e
fffffb85
00002f8c
000011ea
fffff74c
00003329
ffffee7f
ffffdc26
000013d2
0000078d
00003709
fffff930
00002882
000003d6
ffffbaa2
ffffcba5
00000d4e
ffffd53e
00001579
ffffca92
ffffd451
fffffa70
00001e28
ffffff37
00004a0f
000009b5
fffffcc9
00000bfd
0000061c
00000056
ffffe8e7
ffffdc3d
ffffe426
00002511
ffffe481
000014e6
fffff781
ffffef82
00002ae7
fffff82b
ffffd29d
00001a9d
ffffe4e6
ffffcfa6
000014cb
fffff7bd
00002671
fffffe58
00002e5b
0000430a
ffffe3f1
00000892
ffffed6a
fffff237
fffff6c0
00002ec5
00001f62
ffffe8ee
fffff164
ffffe103
0000042b
000008c9
00002454
fffff094
ffffb110
ffffff1c
ffffd46c
fffff626
fffff568
00004829
0000247a
0000009d
00000aa3
00002deb
fffffcf4
000012eb
00000028
ffffe88b
00000308
000024ae
00000d4b
000003bb
ffffec7d
00000d29
ffffd23c
ffffd3f1
ffffd890
000005a8
0000101e
0000035a
ffffca4d
00002308
00002157
ffffed8a
ffffcd70
fffffbcf
ffffdbfb
fffffd75
00001b28
ffffe51b
fffffde0
ffffffe5
ffffdc0a
000002eb
fffff5e9
00000449
000009c2
ffffd596
fffff07c
ffffdf48
ffffe4aa
000033b1
fffffff1
fffff808
000003a2
00004934
fffff15c
0000075c
000005ff
00005c29
00000ff8
000024e5
00000e45
000014be
ffffb54f
ffffe2e5
ffffeeea
00003e9a
000013af
ffffe3c0
ffffe01c
ffffea45
ffffe40d
ffffd5a2
ffffed2d
fffffe69
ffffff01
0000222c
ffffffa8
0000046e
ffffdadd
ffffe3e1
fffff260
fffffb98
0000283f
00002b8d
000008b8
fffffbfb
ffffe4fd
0000042b
fffff536
ffffdf7b
00003422
fffff514
00001a52
00001fae
fffffec6
00000202
ffffb67d
00000bf9
000012d2
00000e3d
00000caa
00000591
00000ec3
00003525
ffffeca8
fffff6f9
ffffda0a
fffff3b6
000006af
00001e7d
0000030d
00002846
000035b9
ffffdba4
000006b0
0000294e
00000703
00002001
ffffe75a
000037a1
ffffdf71
ffffd44b
00002c32
00000156
0000101d
fffff455
fffffd42
00002930
fffff25b
00003dd9
ffffe712
00000dc9
ffffeca4
00006279
00001223
ffffce47
ffffefbd
ffffc57f
ffffe799
fffff88f
000004aa
ffffe6cc
ffffd58a
ffffd941
ffffe6ef
00000858
fffffddb
ffffecf1
000013fa
00000b9b
ffffe27c
ffffbeeb
00000489
ffffe43e
000013e9
00000215
ffffe315
0000193c
ffffef8a
00001e06
000015c1
fffff1dc
ffffb5a4
ffffdee2
ffffe5b8
000006c8
fffffbcf
00001e51
00002abe
fffffa64
00000287
fffff529
000005ec
00000300
fffff87c
ffffeb00
fffffe37
00000192
ffffff7d
0000306b
000028f0
fffffe9e
ffffde6a
00001485
fffff00e
000021e9
ffffe1b2
000012f0
ffffebf7
0000338e
ffffc32e
00003736
ffffeda2
ffffe1b8
0000393a
ffffefed
00004d0a
0000410d
ffffeca3
00001b10
00002158
ffffeba3
ffffded9
ffffc7d6
ffffe003
00000cd1
000023e0
ffffd886
ffffbeb2
ffffcc92
000030c4
ffffe784
fffff1d9
ffffdb47
fffff64b
fffff9d9
000034d5
00000eab
00002b14
000024b3
000007a1
00001f64
00000774
ffffec6a
ffffe8d9
ffffe6db
00001de0
ffffca6a
ffffdda2
0000037e
000022e0
fffffb01
fffffb90
000000f4
fffff018
fffffb52
ffffe245
ffffd811
00000d24
000029fa
ffffe2b7
fffff32b
ffffe3d2
fffff356
ffffc967
00003bf8
00000be2
fffffb11
00000bed
000008fd
ffffc989
fffff3fe
ffffc03f
000008b4
ffffd758
ffffd763
00002e94
00002c2f
fffffa10
ffffd271
00001b52
ffffe801
ffffe4cc
ffffa6e1
00000a4b
00002d42
00001a3b
00003481
00000c29
fffff820
00002149
00001680
00002d5e
ffffebce
0000047e
00002336
ffffe067
00001c8c
ffffebf6
000034de
00000d49
fffff7f5
00003030
00000cb8
000014db
ffffe4a8
00001274
ffffda9d
00006d8e
00000136
000020c7
ffffd206
ffffbc69
000008cd
fffffd38
fffffdc3
00001645
ffffd2b8
0000121d
00000292
00000e55
00001a82
ffffd6e7
000022c2
ffffcf16
00001e1f
00002675
fffff723
fffffa81
fffff9df
00002867
000038be
ffffd28e
fffff44b
fffff03b
fffff5fa
00001339
00000027
00000c56
ffffe859
000019fc
000016bd
00000e18
0000267d
00005fee
00002ac1
00001564
00000143
ffffe2bf
fffff545
0000011b
ffffd0ec
00001b90
ffffe7a0
ffffb77c
0000518b
ffffebf9
ffffc59e
ffffedfa
00000875
fffffc0f
00000995
ffffeb4c
0000074a
00004978
00001398
ffffdf0a
00000837
00000ac7
ffffe81c
fffff907
000027a7
fffff414
00001c13
fffff23a
000022fc
ffffe0ca
ffffc526
000001b2
00002d19
ffffdbcd
00004423
fffff82c
00002691
ffffd389
ffffb273
ffffecbe
ffffeb24
fffff13c
ffffff75
00000c36
00000e23
00001947
00001778
ffffcdd7
fffff1ec
ffffd8c7
ffffc89e
00000e0a
00001f20
0000018d
00000e6a
fffff8ba
00000a30
0000038a
fffff26b
000010a4
00002b98
00004093
ffffc89f
ffffeabe
000027a4
000010d0
00000b82
ffffc4a1
fffffd2d
ffffeca3
00002c17
000031b8
ffffcf3e
fffffacc
fffffa83
000001f2
fffff571
0000075b
ffffd8ea
00000b55
00000b60
ffffe9b6
ffffdec3
000003be
000025cd
ffffbe02
000005e5
ffffe2f9
ffffd7f4
ffffba67
00000ce6
ffffea97
000003f1
fffff0a4
ffffd0ea
ffffd965
0000161e
00002ec5
00000324
ffffec37
ffffec8e
fffffd3c
00003d5b
000021cb
ffffe669
fffff54d
0000316b
0000153d
ffffdfed
000033eb
ffffdc80
000008f2
ffffdaef
0000218f
0000053b
00001e25
ffffcf69
fffff670
ffffe9f1
ffffe197
fffff1d6
ffffe995
00004e5d
fffff6ed
00003158
ffffe38f
ffffc786
00001401
ffffddb3
ffffe077
00000723
00001749
00000a4f
00002f6d
fffff452
000010de
00000a94
ffffddbd
fffffa7c
00000f8c
00003de1
ffffd89e
000024a4
ffffeab6
fffff12b
ffffd65a
ffffd977
00000a66
fffff109
000025f1
000018af
000055b7
ffffea92
ffffb62d
00000e8d
fffff8f9
00002826
fffff9fe
ffffc0ed
0000019e
ffffe5e5
0000190f
ffffc5b9
ffffec20
ffffe64e
000004d6
ffffd27a
0000299a
00000d8d
0000143a
ffffe358
00001a92
00002579
00001086
00002df9
ffffe504
ffffe2f7
000005a2
000002c8
00002917
fffff7ab
ffffe812
ffffd506
00002c51
000018fb
00001ee1
fffff3c3
ffffaca0
ffffe44d
ffffd9f0
ffffe0c9
ffffdbd7
00002657
ffffee6b
00000a39
00001ea7
00003075
ffffe944
ffffe5cb
ffffe0a4
00000365
00000233
ffffebe6
00000dc2
000005f2
00000f24
00000d33
ffffe825
fffff8e7
ffffe47d
00002dc9
00002d32
ffffe8a0
ffffde7b
000024be
0000036d
fffff1d4
ffffc575
fffffa2e
ffffdf1f
ffffcce7
00002f3f
ffffe587
0000085f
ffffed01
000008d2
ffffe4b8
00001dd9
000008f7
fffff42c
fffffeb1
ffffddc2
ffffed1e
ffffeafd
00003ff1
fffff5df
00001e5c
ffffffc9
00003fef
00001091
000001d3
00001000
00004c98
ffffdd46
ffffff9e
000035e5
00001d18
ffffac7f
00002f5b
ffffee48
0000114f
fffff8bf
000013b0
00000f1b
ffffef96
ffffd1af
fffffbd2
fffff0a3
ffffcb12
fffffa66
000022c2
ffffe6a0
ffffef5c
ffffcbf3
fffff90c
ffffcfed
ffffdab3
000012f7
000023cd
00001396
fffff27c
ffffe403
00001941
00000b5d
ffffecae
000028f5
000027d0
00001790
fffffedf
00000389
fffff688
ffffd0e6
00002885
00000f5f
fffff1ba
fffff1f0
000013ac
00000428
0000167b
ffffe22f
ffffdf1c
fffffb51
ffffeb47
fffff13c
ffffe0bd
ffffdfb1
fffffa25
00003c3d
ffffd52c
ffffffcf
00004e54
00000368
000051db
000013f5
00000696
ffffed22
ffffc06d
fffff8b5
00003bd0
fffffa7f
fffff2ca
ffffe01d
000008d1
0000059e
00005071
ffffea43
000020a6
00001898
00003f08
00002151
ffffffa2
00002695
ffffee10
ffffd04c
fffffc9f
ffffed38
ffffeaa3
00000033
ffffc2ac
ffffe0b3
fffff92e
00001ae0
ffffdeab
00000626
ffffebb6
0000046c
fffffa13
ffffe9ca
fffff551
000024b8
ffffe940
fffffb6c
00001259
ffffc1c1
00001cb5
fffff52a
ffffefe6
ffffca4c
fffff476
ffffbb61
000003d0
fffff6df
00000f8b
00001cb9
ffffb7fa
fffff58c
ffffe861
ffffdd87
ffffff97
ffffcc53
ffffd5a2
00000d8b
00001d38
fffff8df
000040fa
fffff2c1
ffffd77d
fffff42c
000017e6
ffffd676
00005ce6
000003e5
fffff8e4
ffffd9f7
00002873
ffffc7e3
000035e1
fffff137
ffffda85
00002fe6
ffffcba0
000039dc
00003311
000005f7
fffffba4
0000236f
ffffe2d9
ffffd4f4
ffffbfcd
ffffd50e
ffffec23
000035e2
ffffd8ca
ffffde0b
ffffe81f
00001bc4
fffffa44
fffff2fc
ffffc550
fffff09d
00001efa
00003c74
0000177d
00002c9b
00000a4e
000008b8
000023f6
00002b46
ffffe284
fffff2b1
fffffa66
000020c0
ffffdf90
ffffdb6b
00000160
00001c6b
00000af9
00000338
ffffd7a1
ffffdcdc
ffffef6b
fffff02a
ffffe940
000003ff
ffffe938
00001796
000026fb
ffffe4e1
00000d74
fffffde1
00000f97
00003c21
00002081
fffff097
00002022
ffffe2e4
ffffdca2
ffffea45
ffffe51c
ffffbda2
fffff51d
fffff5ea
00000063
00001a50
000009a3
ffffd701
ffffea57
ffffd16d
000026c8
ffffe7ea
000000fc
00002442
000023a2
000017ca
ffffd5b3
0000142b
ffffc9c6
ffffeece
00000b15
ffffeae4
000000fe
00001362
0000201f
00001bc8
ffffec00
ffffea0d
00000ddc
ffffffbf
000013c9
00000cd6
fffff949
00001209
ffffefff
fffffd00
00001357
ffffd7c7
00003931
ffffe75b
fffffaa8
fffffc7e
fffff3a1
ffffe004
fffff8e1
00000bd3
fffff687
fffff4fd
ffffcc34
00003a6d
000039f7
ffffc216
000013e2
0000135a
00002788
0000077b
000017c3
0000486b
00003214
0000055f
00001cde
ffffef57
00000a78
00001043
000005cb
000009dd
ffffcbea
00000ddd
00000a1e
ffffdda4
ffffff74
ffffd83e
000031dd
000019e6
00000185
fffffc48
0000190a
00004a9a
fffff866
000019cc
ffffe2cb
00002b3d
00004bf7
ffffff50
ffffe113
ffffe926
00004a57
fffff282
ffffef24
ffffe351
fffffbb6
ffffe67c
00000351
000048de
00002453
ffffe81a
000002a1
ffffd802
00003399
000008b6
000013c5
ffffecac
000035e4
000020ba
000025d2
00001cdd
00000fa1
ffffe15c
fffff01a
fffff032
00002d22
ffffdba7
00000ee9
ffffd043
00005770
fffff487
0000012c
00001992
00001edd
00001b01
000001b5
ffffd0c2
ffffee04
00000bb7
ffffe84a
00000fa0
000010bd
00003e12
ffffd19c
000015a9
fffff1ca
0000155b
00001fa0
000007c6
fffff5fc
00001d82
00005567
00000bf6
ffffbc5d
ffffe7f8
00002cb0
00001b19
fffff39f
0000147c
ffffe194
000012ab
000014ca
ffffe976
fffff9de
00001c18
ffffdb6a
ffffffdf
00000959
ffffe60b
0000388f
fffff153
ffffefe8
fffff70b
ffffc40e
000009e9
fffff851
fffff4f4
000017bc
ffffeb4d
00000e50
fffffd18
ffffd104
ffffc6c1
ffffdc4a
00000cd4
00001466
00000d12
fffff21d
ffffc127
ffffe007
0000449c
ffffed5a
000021bd
fffff3ef
fffffd5d
00003580
fffff146
fffffc2d
fffffe48
ffffbc7c
ffffdfb4
fffffe6c
00002f11
fffffacc
ffffdd08
00001c8d
00002d68
0000299a
fffffa43
00001b67
fffff896
000016eb
00000ec3
fffffe81
00004495
00001ec4
fffff3b1
00000c4d
00002ef3
fffffaf8
0000027c
000016f5
ffffec4b
ffffb925
00001936
fffffa83
fffff3f0
00000694
fffff891
00005e9d
fffff6e0
00000ec4
00002d85
00000b47
000034d9
00000290
000007a3
fffff604
0000029b
00004304
0000199f
fffff830
000012a4
fffffd63
ffffcc20
fffffb1e
000007a6
0000037d
00002684
ffffd330
ffffe4e4
00000d45
ffffb72c
ffffd9ce
ffffdfce
00000bed
ffffe72e
ffffeb09
00000171
fffff16b
ffffe645
fffff69f
ffffec81
ffffe76a
ffffef53
fffff15b
00002e2b
00001034
ffffedb3
ffffff42
00000ba9
fffff979
00000e6b
fffff601
ffffe292
00001ab1
00000744
000044e2
ffffd733
fffffa28
00002b84
00000083
00002cac
000049aa
fffffd25
fffff88a
fffffe64
fffff3e2
fffff48c
000022bf
ffffefd7
00001d8a
fffff8aa
00002b4a
ffffc292
00001fce
000013f2
fffff815
00001b9f
ffffee02
ffffe340
000011d1
000017fc
0000111c
00002e1c
00000edf
00003197
000018a2
00002db7
00002e06
ffffd1ee
00001c1e
00000f2f
000015f6
00000a2d
00000cbb
fffff1e1
fffff760
00000732
000027f7
ffffec40
00002029
00002afe
ffffd9d5
000026aa
ffffcfad
ffffda91
ffffe859
fffffaee
000016c9
ffffae36
0000062f
00000de8
000012fb
ffffd616
fffff31c
00001cad
ffffb8fc
ffffea42
ffffc232
ffffed57
ffffec61
000002d5
fffffbb1
00001a92
fffff85e
fffffc36
00000145
fffff60c
ffffa5e5
00000c42
fffff03d
ffffed2b
00001ae6
000013ea
ffffecd7
0000233f
ffffe22a
ffffe168
fffffa36
0000137c
fffffcc5
000005d5
00001a08
ffffd84f
ffffd73f
00001ab5
00000f08
00000016
fffff19b
00000df6
fffff1f6
fffffa66
000026fc
fffffe45
ffffc7bd
ffffe0ea
ffffec83
00000e3d
ffffe857
ffffe946
00003a5a
00000f4d
00000b43
00002c07
fffffec6
ffffdb9c
00002518
0000146f
ffffd115
00001425
ffffc2ff
ffffdad4
fffff904
fffffe86
0000199a
000015f1
ffffdcb8
ffffdd7d
000038c5
000014c7
ffffff0b
000011cf
ffffdeb4
ffffee09
00001b5d
ffffd5fb
ffffe772
ffffdb61
00001109
ffffd02b
ffffff27
00001022
fffff804
00004571
00001d0c
ffffff02
00001830
ffffcbfb
000013d9
fffff09e
00003644
ffffe14d
00002309
00000057
0000025a
00001292
00002dc5
fffff579
fffffb12
ffffefd5
ffffefc7
00000579
fffff3f0
ffffd2f1
00001543
ffffea2c
fffff548
00001040
0000013d
fffff36f
ffffd35d
000008d0
00005a0b
0000125a
00002798
00000d1f
00001bc8
00004a27
00000f45
fffff012
ffffc64a
000028f6
ffffe518
00003ef2
000031d2
000011cf
ffffee8e
0000137f
0000095c
00000fd3
ffffe090
00001373
00000f85
000049df
fffff3ac
0000417d
0000284e
ffffc59e
fffffdb3
ffffe523
ffffe7a7
000003bb
00002ff9
ffffeb85
00001247
00000121
00001abe
ffffed7a
000022d3
ffffce52
000012c3
0000161c
fffffe14
fffff8cc
ffffffaf
ffffda05
ffffe0b5
ffffc44b
ffffec68
ffffb89f
ffffec67
ffffdfd1
ffffe9ac
ffffd7ad
ffffe60b
ffffc812
00001ce9
ffffef23
000022c5
ffffe8c7
00001f5e
0000062e
ffffea51
ffffea71
0000216b
fffff2c8
00003041
000022bd
00001be4
00001254
00001546
ffffde28
00001196
00002161
000003da
00000997
0000210a
ffffcda5
fffffeaa
00000134
000001d1
00001947
00000e3c
000019b4
000003b3
00000713
ffffdf2c
000003b8
00000c50
ffffd214
fffff929
ffffe4f8
00005b24
fffffcf9
000010cd
00001279
00003531
fffff048
fffffcef
ffffcf0d
fffff324
00000309
0000251d
ffffcaca
ffffcb36
00003a78
0000443c
fffffda2
00000c02
00000cf0
ffffd73d
fffffc1e
ffffc401
ffffcd2a
ffffec08
ffffb86f
ffffbdd9
ffffe25c
00005f85
00003922
ffffcb80
ffffb858
0000042d
000010ec
00000ac8
ffffdd5e
ffffe350
00000128
00001883
ffffdd21
0000279c
00000dc8
ffffd4ce
ffffe9ae
ffffb7ee
ffffeb8c
ffffde9b
00002cd7
ffffe386
ffffdf2b
000003e2
ffffe725
00003708
ffffe7a1
ffffeba9
00001a61
00000886
0000422d
00001d8c
ffffcd4b
ffffe479
ffffd7e2
00002f41
ffffe49b
00001d18
00001bdd
00000b34
ffffc333
ffffeec5
fffff69d
ffffef05
000000a9
00000e0b
ffffe88a
0000248a
ffffd296
fffff8b8
fffffe13
ffffcb0f
fffff214
00000b9e
00000d86
0000001f
ffffeefd
fffff8a0
fffffeff
ffffcfeb
00001acd
ffffcf7e
000008a9
00001568
ffffc8bb
ffffdb2c
0000447a
ffffdfe9
fffffe36
00001c6d
ffffcba6
0000143b
00002799
ffffffe9
ffffe108
00002099
000016c4
ffffed35
fffff8a8
ffffec35
000024a1
00004333
fffffed5
000006d6
00000e5f
00001cf3
0000028e
00000097
ffffe76e
0000137c
00000658
00002618
fffff6fe
00000e95
000036a2
00001c2c
fffff58a
000012a7
00002fcc
000000bf
fffffb98
00002cbf
ffffdd90
000021e6
ffffd205
0000303c
ffffe61a
ffffeca9
000012d3
ffffdfa3
00000549
fffff64a
00000beb
ffffdfb0
000002e5
00003957
fffff4f9
000019c9
000016ad
00001c72
fffff9a3
000002f5
00002680
fffffb6f
0000122e
00000ae5
00001344
ffffedb4
00002aaa
ffffd5b1
ffffef54
00000960
ffffdbea
00000ae5
00002300
ffffec12
fffff00d
ffffe405
fffffcc1
ffffec99
00000b92
fffff544
00003f0e
ffffce6a
fffffd17
00000090
ffffdf54
fffff16f
0000160b
fffff00b
ffffe4ed
00000f15
000027fe
000017ec
ffffd7f8
0000008a
ffffea0c
ffffea25
00000a77
0000332c
00001c37
00000fc8
000006c5
00000898
00000f0d
ffffd744
00001705
00002803
0000125c
fffff818
ffffe740
0000131a
000010c7
000046a9
ffffd912
fffff8a5
ffffb9fb
00000bb8
00000103
00001a34
ffffd9ea
ffffe78f
fffffe7b
000010bc
000006e2
fffff635
ffffeb74
ffffbf44
000010e0
00002c30
00000589
fffff996
ffffe825
ffffe20a
ffffc3f8
000009fd
ffffe813
ffffff1e
ffffe819
000003d3
ffffee64
00000fe2
00001a39
ffffd0d2
ffffc295
0000234e
fffffe91
00000346
fffff2b6
00000f90
ffffd301
00000f4b
ffffeac5
000004b2
fffffde0
000069f7
fffff547
fffffa46
000007e2
ffffe21f
00000b82
00000a9c
00003bbd
00000397
00000659
00002c2b
0000101d
000000cb
ffffcbfc
fffffbd0
00000a99
00000ba4
0000259f
000010f9
0000037b
ffffea94
00000476
ffffeeec
ffffe3be
00002902
00000dc7
00004fdb
00001aae
ffffe90b
00001c63
00004acd
000007c9
ffffe87f
ffffe416
fffff9af
ffffdc85
fffff6f9
ffffafeb
ffffb640
fffff2c8
ffffd607
0000028a
000010f9
00000cc2
ffffe8d9
ffffca22
00001041
0000143b
00000dcc
ffffe8be
000003fc
fffffb1a
ffffe19e
fffff211
0000185f
ffffd978
000010f5
fffff9cf
fffff359
ffffe5ae
ffffdaef
00000bca
0000109a
000018c9
00001671
00001b7e
fffff1b7
0000136b
fffff57f
00000eb1
ffffe052
00005417
fffffb43
ffffccc8
ffffd684
00001bb6
00001400
00002564
00001717
00002a08
ffffe905
0000265e
000008a4
00002da7
fffff6dd
00003979
ffffeb04
ffffd103
00001561
ffffdb49
00001330
ffffef4c
ffffd822
ffffd6cb
00000d30
ffffe7c2
fffff8fe
ffffe775
00003622
000021f6
ffffcd0c
ffffee5b
00001e02
ffffc048
ffffed22
fffff9e6
fffff919
00000f1e
fffff068
ffffecb9
fffff80e
000037fc
ffffd840
00000e2a
00000f5f
ffffe464
00002ae9
fffffcb9
00001215
fffffb61
ffffd839
00001d40
ffffe68b
00003a6d
fffffeae
00001100
fffff609
ffffe3f3
ffffd963
fffffcec
000017db
ffffd686
00003155
00001297
fffffb10
00002998
00000cfb
00002172
000011d6
0000213d
00004eb3
00000eee
ffffe7bf
00004131
00003c98
ffffddba
0000177a
00002c0a
ffffcadf
fffff9bd
00000885
ffffd757
ffffca1e
0000263f
00002360
fffffb55
fffff42e
0000343a
fffff0a7
00001181
000043f2
ffffff71
000027dc
ffffff2c
0000036c
00004728
ffffed1c
00000437
000037c0
00000ea8
00000503
ffffe474
fffff697
ffffcf06
ffffee90
fffff3c1
00001434
fffffa84
fffff100
ffffe03e
00003b5a
000047da
00001088
00003d46
ffffc95b
00001eb4
0000001c
fffffe1d
00003126
00001b60
00000442
0000338c
0000244c
00002564
00002b15
fffff821
00001162
ffffee2f
ffffd392
00000288
fffffc3f
00000c16
fffff9d6
ffffecf6
00000b61
00000378
fffff36c
fffff917
00006a3e
0000125f
ffffde67
00000a47
000018e4
ffffcd58
ffffe0e8
00001ef5
00000bd0
00001862
000011f1
00002fe2
000021f2
fffff3ae
fffff780
0000093f
fffff44e
0000009f
ffffdaf6
ffffed36
ffffedd3
00000ac3
fffff3e7
00003201
00004a5d
00001c3b
fffff218
0000124b
ffffe441
ffffeeef
ffffcd79
ffffdd4c
fffff063
fffff652
000007ca
ffffd558
ffffc34b
00005042
ffffe745
00000e65
fffff325
ffffe6ce
ffffd8e5
00001acc
00000012
fffffe8a
00001747
ffffdf50
00000b7b
00002c75
00000b24
fffffba3
00000dfd
00000dc6
ffffe858
00001868
00002ab1
00002ba7
ffffdfde
ffffeb16
00001867
000024cb
ffffdbdf
ffffda10
000000a8
ffffea12
fffff838
ffffe1ee
ffffd7cc
00000f70
fffff454
fffffe11
0000381c
fffffd6e
fffffa8d
00000e57
00002210
ffffdb07
00000ae7
ffffe3df
000001c8
000003fb
00002216
fffffd64
00000722
ffffdb02
00000f89
00004568
fffffefc
ffffec5a
00000606
00000ee6
000004a0
00001001
00000c52
ffffdff2
000024cb
000022c0
ffffdf62
ffffeaf0
ffffcf32
ffffccb8
00000471
000002d8
00001e95
00003984
0000225d
0000055b
fffffaf7
fffff603
00004e0f
ffffe66f
00001e2c
ffffea18
000002ac
0000148b
0000372f
fffff89b
00002a33
ffffdfcc
00001191
fffffb1f
fffff585
fffff743
ffffecef
fffffe14
00002178
00000454
ffffbe08
0000265b
ffffff8d
ffffe8e0
00000656
fffff8bb
00001579
fffffbe7
fffff155
0000165f
ffffc3ea
ffffe9ed
00000920
fffffde4
ffffe910
ffffe96a
00002936
000016c6
00000da4
00000d7d
00001f9a
ffffcb76
ffffe975
00000893
ffffd6c4
0000132d
00002913
ffffe2c1
fffffea4
ffffa756
00000259
0000152c
00000acf
ffffc36b
000021fd
000022d8
00002e2a
ffffe154
0000050e
000001ff
ffffe98b
ffffff77
ffffd635
00000190
ffffdd56
000011e1
ffffdf2f
ffffca1a
00003f79
00003389
00001764
00000e41
000020cd
fffffebe
fffffeb4
000003c9
00000f01
0000000e
00000486
00000279
0000201c
0000161a
00000c31
00000cc9
00000e6f
fffff094
0000816f
000046b1
ffffe0c3
fffff477
fffff03e
ffffc835
fffff31e
00002453
00001aca
ffffc639
ffffdb16
000008af
ffffe3fc
fffff22d
00000a40
00001cd7
000008c6
ffffe4cd
000042d8
ffffce33
ffffeb71
0000134d
00000bd9
ffffe650
00001732
ffffe1f9
00001e41
fffff6f8
ffffe54d
ffffcb91
fffffda8
ffffcced
fffff7f9
000001b0
000016f2
00000bcb
00000226
ffffe1c5
00000030
00002937
ffffc279
ffffedec
ffffd5a4
fffff636
0000211a
00000aab
00001432
00001631
ffffde6d
ffffc8c3
00003f3e
fffff876
000027e0
fffff6f9
00000ddb
000010d2
000016e4
ffffd20d
0000234b
ffffe119
00002077
00001c81
ffffd4d1
00004af0
000036ea
fffff2fe
00001d23
00000ad7
ffffda0d
00001f76
ffffd870
00000010
ffffddb2
0000120c
ffffe66e
ffffdf79
ffffd129
000004ad
ffffd170
ffffe850
ffffd1ca
fffff6e1
00003bd5
00004e8b
ffffea87
00002137
00000390
00000cb8
000031ef
0000143c
000007f4
fffff4ae
ffffe3ac
ffffcad3
ffffe3a3
ffffc7c5
00001691
ffffd377
fffff3ff
0000155d
ffffed03
ffffd30e
fffffd8a
00000c57
ffffd5b7
fffffb2a
0000122a
00000a0c
ffffec96
ffffdac3
fffff4f6
0000324b
00001d42
fffffe0b
00000d82
00001396
ffffc827
fffffafd
fffffe1a
ffffe260
ffffe02f
ffffd9f8
0000036d
0000347c
00000d3f
000015fd
ffffed73
00002187
ffffec46
000008e2
ffffaed3
00002153
00000f50
000019b2
00000a0c
fffffbe9
ffffec65
ffffd420
fffff87e
000002bb
fffffca3
ffffe750
fffff24b
ffffee89
00000e10
000007bd
00001a4d
fffff8bb
ffffeebe
00005186
ffffbc2b
ffffee12
000016f9
000040e1
ffffe4d2
ffffff3c
000021bb
000014ec
ffffeab9
0000070c
ffffcc90
ffffe791
ffffebba
00000f69
ffffe954
000027e0
fffff72d
ffffeeeb
00001041
fffff79c
fffff274
00001a18
00003c94
ffffdd2b
00001b09
ffffe725
000010e4
fffff767
00000d5f
00000b56
00000f86
ffffce4f
00000179
000020d3
ffffec8c
fffffbe2
00002585
ffffe073
00001c3c
00000a74
fffffa67
0000320e
000011e8
fffff3de
000017b9
0000136d
ffffc91d
fffff939
00000de9
00000469
ffffe8c8
ffffd0c5
ffffeda4
ffffd4dc
ffffd74a
fffff37c
fffff594
00000e2b
fffff5ad
ffffff3d
fffffada
00003824
fffffba0
ffffffd9
fffffb1e
00000b37
ffffd6e5
00003c06
ffffeb9f
fffff727
fffff274
fffff169
ffffe7d7
fffff7ee
ffffff62
fffff43e
00001f0b
000008c1
0000102f
ffffdd76
ffffc77d
0000024b
ffffb1f6
ffffe6a6
ffffec14
00001159
ffffe1ba
ffffb9f6
00005333
00002ebb
00003eb7
ffffe6f2
0000090a
00000889
ffffe566
fffff186
0000473d
ffffe31c
ffffe1ec
ffffe930
00000467
ffffe611
000011e6
ffffebaf
000031da
00001546
0000599a
000023cf
00001080
00000f0e
fffff616
ffffd2c8
00001fd2
ffffea3d
fffff032
00000b16
fffff470
fffffe8b
ffffbffd
00001c8c
0000035d
00000b63
ffffef3f
ffffff20
000027a9
ffffe5f2
ffffe72a
000040e6
00000380
000008e7
fffff811
ffffeb3c
00001c25
ffffec84
ffffee1f
ffffeb46
fffff01c
ffffcec1
fffff5d9
0000019f
00000917
fffffa13
fffff15e
fffff6c4
ffffc842
ffffec97
ffffe187
fffffe93
ffffdcaa
00001e41
ffffeee8
00000a3a
000002d7
fffff960
ffffc9f6
fffff356
000013e7
ffffdfd9
00000f84
00001fff
ffffde46
0000146e
fffffa6d
ffffe900
00001e4d
ffffe883
fffffb42
000006ce
ffffe38d
000026a4
0000234e
ffffddb4
ffffe620
000020d0
000000b6
fffffb66
ffffca7a
fffffcf3
fffff5e7
0000379e
fffff94e
ffffe682
fffff564
ffffe4c8
fffff7be
ffffe044
ffffe7e0
fffffc5a
000014cc
00003f9d
000013d0
000020fc
ffffc729
fffffec2
00001ac3
fffff189
ffffef19
ffffae83
ffffc8f9
fffff43a
fffff13a
ffffe627
ffffe32d
fffff514
ffffedcf
00000d21
ffffe8c8
ffffd2f8
ffffd807
00001287
fffff23d
fffff850
ffffed7e
00002476
fffff1d3
ffffe86d
fffff12d
ffffef93
00000bb2
00000532
00000d1a
fffff433
00000f39
ffffe336
fffff16e
ffffd964
ffffb812
ffffd574
fffff422
00000875
000018b3
fffff596
00000d48
ffffdfa2
ffffecad
0000156b
00003010
ffffe220
00000bb9
000000a8
0000009c
ffffeac3
fffff09d
ffffe252
ffffcaaa
00000cb0
00000ae9
fffff75b
ffffe63b
ffffeddb
0000007c
000009ee
ffffe837
ffffdce4
ffffe9a9
ffffe7c2
ffffced0
ffffec86
00003acc
00002aae
fffffe44
ffffc738
00000442
fffff54b
00001d20
fffff0b9
00000079
00000b41
fffffbd5
00000003
fffff48b
00002ab2
ffffd773
ffffca76
ffffbe1b
00001195
000002ca
000007eb
fffff74d
ffffee39
00002695
fffff078
00004332
fffffdbf
fffff63e
00000fc0
000026d2
ffffe232
000007f9
000032c7
fffff94c
ffffe5f7
000008d9
ffffe91d
0000349f
fffff857
00000a3d
ffffcb02
00000eaa
00000a63
ffffef54
000018aa
00000aa8
00002c4f
00001f8f
ffffe609
ffffee97
fffffb09
fffffa85
00001269
00000481
000013b3
00002ddc
00001247
ffffecad
ffffd989
00000391
0000269d
fffff479
00004678
00005641
ffffe245
ffffe2ec
000022d0
000008d2
fffffd58
00001af0
ffffc3c8
00001191
00002056
00002949
ffffdd8e
00000ee7
fffffff7
ffffd1c2
ffffe559
ffffc97d
ffffddef
00001ee9
ffffd397
000018ba
000009b6
fffffd7b
fffffd28
00001f45
00000842
00002fc2
ffffdb51
fffffd58
00000a72
ffffde81
0000004d
000015f4
0000187a
ffffc81e
000007f0
ffffe42d
ffffe79d
00004379
ffffe2f3
fffffce4
ffffe667
00004d7a
0000084a
ffffec88
000017d9
00000c2e
fffffdb2
fffffd11
fffff794
fffff74d
000009f1
000021ed
ffffe49f
ffffd9d7
000009d4
ffffe591
fffff109
ffffbd79
fffff585
00001670
fffffc65
ffffe710
000002ca
ffffd625
fffffc30
ffffdea1
ffffe2d1
000027b5
0000023d
0000090e
00000a88
ffffc428
ffffc770
ffffdc57
00000094
fffffc2d
0000006a
ffffd488
00000707
ffffc38c
fffffef5
ffffffd0
fffff20c
ffffeb10
0000157f
000018d0
fffff79b
00000959
0000101b
ffffea01
ffffd26b
fffffb99
ffffead8
0000186a
ffffca77
00002bf6
00001732
000016e8
ffffeb5d
000046ff
ffffefef
ffffecf3
000015ec
fffff1ba
00003cba
0000190e
ffffe447
0000152b
00003005
000025f6
ffffeccf
ffffea48
ffffc645
ffffe8fe
00002cde
00000137
fffffd1a
00000ab9
fffff3cf
00003733
ffffe6eb
000006e5
00001ed6
ffffe01a
00003d60
00001553
00001439
ffffe3a0
fffff795
000029b3
ffffdde1
fffff0bd
ffffe00d
ffffd73b
fffffb20
fffff370
fffff812
ffffdcb7
00002595
ffffd426
ffffc3bf
000026c9
fffff1f1
ffffd8ac
ffffe458
ffffe8f9
000004bc
00001fb3
fffffb53
fffffb56
ffffd7b6
00000742
fffff07c
00000f73
00000a4e
ffffdb0f
00000a8f
fffff3b4
ffffecc6
00000486
ffffeff8
0000253c
0000026b
0000072b
00001010
00000d3c
000010d5
ffffdeab
00002976
000008d5
ffffeca4
ffff8f2d
000022e2
00002dc9
ffffef95
00002f48
00001ba2
fffffae6
00002ac4
000020ae
00001588
fffff74b
000000c2
0000100a
fffff41e
00001fb1
ffffe022
fffff600
00001ce0
fffff5ad
00003ed3
00001c13
00000bcd
000000eb
000011e2
ffffe488
00004ecc
00001188
00003ef5
fffff562
ffffd380
fffff297
ffffed27
ffffee2a
ffffe328
ffffeef5
fffffbcf
0000070c
000025b6
00001de3
ffffdc32
000018c1
ffffe982
000020aa
000019b3
fffff7c7
00000467
ffffea71
00002231
000028a1
ffffdd9f
ffffe78b
ffffebe9
000000a7
fffffcf9
fffff3fd
00001e6d
ffffed43
fffff6f4
fffffe00
0000180e
000010f9
00004247
000013e0
0000195f
00000077
00000969
000004f3
ffffe65c
ffffdce9
000035c1
ffffe4d8
ffffb5b3
000035cf
00001427
ffffd296
fffffc95
fffffb33
00000ab7
fffffbb1
00001a3a
0000136b
00002bb9
fffff635
ffffc294
ffffe846
00001a7e
fffffb17
ffffe87e
ffffe819
ffffefc4
ffffec65
000018bd
00003051
fffff87e
ffffe1b1
ffffeced
000026e1
ffffef4c
000043b3
00001430
000026ab
0000082b
ffffab65
00000aac
ffffcee8
00000830
00001581
ffffe82b
00000b8b
0000219b
fffff721
ffffe01d
fffffe16
ffffdf5a
fffff5da
ffffee0c
000021bb
00000f82
00001e03
0000039f
00002021
0000152c
ffffdeec
000002e6
00003467
0000192a
ffffd200
00000a4d
0000225f
00001327
000000b4
ffffd51b
ffffecb9
000005b8
00001c56
00001c2b
ffffe83c
0000189f
fffff047
fffffb58
0000253d
000020fe
0000034a
00000a47
000029cd
00000c7a
fffff406
00000425
00001d24
ffffb632
fffffe6a
fffff815
ffffd20d
ffffb645
ffffde5a
ffffe7e0
000016dc
00001ea4
ffffeb84
ffffca2d
000003a0
00001f07
00002f22
00000a35
fffffebd
00001032
00001992
00000aca
0000001b
ffffee38
fffff9e0
00001c79
ffffd6b0
00001c31
ffffee8c
00000c34
ffffe6f6
00001706
fffff298
fffffcd1
ffffc71d
000009d8
fffff4aa
ffffe28c
fffff280
00001b27
0000504a
fffff3cb
00002b6a
ffffdd54
ffffc287
00001344
fffffedc
ffffcbe7
fffff066
00000d20
fffffded
00001a61
00001180
000010be
00000d53
ffffe10c
fffff687
00000cd4
fffffba3
fffff083
fffffac2
ffffcee1
000009b6
ffffc8de
ffffd343
000017a8
ffffefbf
000005a7
fffff037
000032a6
ffffe693
ffffcade
fffff4e9
fffff011
000035b9
ffffe60e
ffffef55
ffffc691
fffff0c4
00003ae3
fffff870
ffffd8dd
00000689
fffff5ca
00000855
000031cb
ffffe60b
0000109d
fffff4c9
0000296b
000018a0
00001e4f
00000a36
ffffd93d
000002c1
000001c8
00000df5
00002d0e
fffff0d5
00002393
0000089e
00003e89
00004449
ffffefe9
ffffd00e
ffffc990
fffff77d
ffffc496
ffffeac0
ffffd16b
00003234
ffffe782
00000641
00000963
00002539
fffffb79
fffffed1
fffff4f1
00001a6d
fffffe66
fffff8c4
00000bac
ffffef97
000017ec
00000bc6
ffffca88
ffffea9b
ffffe6b4
00003575
000011a5
0000130a
ffffe400
00001e43
0000107c
0000140b
ffffb975
fffff0b3
ffffd772
000008ee
00000b95
fffffa30
0000124a
ffffea8a
ffffd34e
ffffffab
ffffe821
00000e9f
00001e94
fffff4e9
fffff095
ffffc41b
00000809
ffffff94
00001295
fffff7f8
00001665
00003126
fffff8fb
ffffe601
00001630
00003a49
000011ea
000018aa
ffffe424
000006b7
ffffe552
000003c5
000018aa
fffffe93
ffffec90
fffffd19
ffffe44c
ffffd89e
ffffb8dc
fffff260
00001460
fffff594
ffffeab8
00001fd5
00000b28
00000370
ffffe48b
ffffd2bb
000001e1
fffff44a
00000105
000003da
ffffff65
ffffe654
00001697
ffffe155
ffffd6b4
ffffee9d
00002ff8
ffffdd94
000018cb
00002c3c
fffff08f
ffffdc3f
ffffddf3
0000009b
00001eca
ffffd69f
fffffd34
00001fcb
ffffdbb6
0000042e
0000033e
ffffe210
ffffe05a
fffff0c9
000030db
0000135e
00002f21
000016db
00003d88
ffffe50e
00000fbb
00000f9f
fffff2a0
ffffe409
000026a0
00001f3e
ffffc44b
000000ae
00001748
00000706
ffffdf5f
00001f21
00000071
000012e2
fffff98c
00002ed2
fffff3ea
fffff65b
ffffd6dc
00002df5
fffffd2d
00000d71
00000448
ffffd072
fffff857
ffffe68b
000005f9
ffffda23
fffff2a1
fffff1a3
ffffd688
fffff957
fffff5a8
000007b4
ffffdfe7
00001a8f
ffffde4b
ffffeef2
00002a35
00000759
fffff178
00000f86
00001092
00001625
ffffdf54
00000c68
00001111
0000177e
ffffa4f7
ffffff6c
ffffec82
000039f3
0000048b
fffff580
fffff178
000001c4
00000508
0000295c
00000f14
ffffddb6
ffffc1ba
000007af
000019c6
fffff55f
fffff6b2
00003da1
000002a1
00001031
ffffea23
0000238a
ffffeef5
00002774
ffffe860
00001ddb
ffffc836
00004415
fffff0b3
000018e8
0000405b
ffffc80c
000013cd
00000b90
00003153
0000181c
00001838
00001adb
ffffee43
fffffabb
fffff21e
fffff889
ffffb69c
000021ab
fffff1c5
000006e5
ffffed28
ffffee98
00003555
ffffcccd
fffff0a7
ffffbd60
ffffcaac
00002cf6
0000118a
000003c7
0000032b
00002c15
00001f05
ffffff16
ffffe13c
ffffecdd
00000350
ffffd33c
0000117e
ffffd59a
ffffeb41
0000170f
000015da
00005a1d
00001f46
ffffeec2
000013fc
00002dbd
ffffe587
ffffc657
fffffc47
00000ba5
00000ad6
00000b7c
ffffd21c
ffffe5dc
0000029f
fffffa66
000007ce
00002f8e
ffffe726
000026fa
ffffc028
ffffef04
ffffedf2
ffffbe7a
ffffd02e
ffffcf02
ffffeacd
fffffc5b
ffffdaa8
00001ab8
000000ee
ffffeb13
000012b0
00000b50
000031d8
000021aa
fffffa35
00000acf
ffffed17
ffffed74
00002e51
00000641
fffff724
000011c5
ffffd192
00003b42
ffffcaf2
0000360c
0000284f
ffffee6d
fffff349
ffffe031
fffffef6
fffffc41
00000433
fffff9c2
00001bb0
fffffee1
000029e6
00001c86
00000244
00003277
ffffc1e8
000000c0
fffff1f0
fffffc12
00000da2
fffff5bc
00002383
ffffe16c
ffffe656
00001aec
0000016c
00004bf0
fffffe3d
000017e7
00001b0b
00000cb4
ffffe517
000018e8
00003739
00004f93
ffffb9a8
00002a2f
fffff078
0000292e
fffff5a5
000005a9
000004f4
ffffa46d
fffff147
00001047
ffffcae6
00000206
0000170e
00002ade
000024ca
ffffe9d0
fffff506
00003d2d
00002f3c
ffffd950
0000137a
fffff97a
ffffff52
000052d8
ffffff05
ffffdf43
00001e94
00005e8f
ffffc313
fffff256
ffffe8b6
00000ebd
ffffeaaf
00000b3f
00002472
00000a00
fffff560
00000afd
fffff97a
00003420
fffff408
0000378d
ffffdafa
000044e1
00000ec0
ffffe47b
00000f67
00002316
ffffeb53
000015ba
fffff677
000039d5
ffffdc61
00003592
ffffee92
00004eb8
ffffe2c2
000015be
00002ca5
ffffdd47
00001f9b
fffffde2
ffffcb99
ffffe13e
fffffe06
ffffeb3a
00000e24
fffffc9f
00003ba4
ffffeb76
fffff029
ffffe270
000027df
000006a7
fffff85e
000017a7
000016b6
0000205c
fffff35c
ffffe778
ffffcb74
00001596
00001b04
fffff42f
00003419
00002d41
0000073f
fffff566
ffffc03a
ffffeafa
ffffee66
ffffdc1d
ffffeab2
fffff3da
ffffdf2e
0000178f
ffffc567
ffffeb4c
ffffe75a
ffffda6a
00000541
fffffc82
ffffd739
00001562
ffffef97
0000142a
00000c76
ffffd6da
ffffc75f
ffffc47e
fffff9d5
fffffc95
00002b2f
000029dc
ffffdd9e
fffff541
00003144
fffff62a
00002aa3
fffff137
ffffdb62
00001e3e
0000310a
ffffe916
000031b0
ffffc170
000008ef
fffff945
0000281b
00001e45
fffff160
000000ee
000017ba
00000d07
00002430
00003a93
0000067a
00004408
00001f29
fffff02d
00002b5b
00001cce
000008de
fffffd64
0000455f
ffffe9a0
fffffc38
fffffd46
ffffde2e
ffffdde0
00000160
00000288
fffff0f6
00000ff6
fffff5a3
00005555
ffffd928
00000c9d
000010e2
00002421
00000c77
00001250
ffffee2a
fffff843
ffffe854
000039c2
000015c3
000015d1
ffffef78
000018db
ffffcd36
00001425
ffffdbcc
ffffcb35
000023b0
fffff024
ffffbfda
00000a9a
000000bf
ffffe604
00001089
ffffe6c4
fffffbba
00001cbc
000014b7
000015c1
fffff71f
00003704
ffffb535
0000144a
00001fa1
fffffef5
fffffe9f
00002401
00001316
fffff857
fffffbce
ffffed6b
ffffcc09
fffff62b
000013d7
00000187
ffffefc0
000035cf
fffff5d8
00001ac2
000001b0
00000762
fffffaca
0000013a
fffff1dd
00002956
00002359
00002e54
ffffe73a
ffffec71
00003e28
00004374
ffffe4cd
00002517
0000056e
ffffe7a5
fffff8a9
fffffc52
ffffbac0
ffffdf85
ffffcf50
ffffd7a2
ffffe800
00006428
000026d3
ffffd321
ffffdb80
00000eb5
00000fb3
00000898
ffffeb58
ffffdc05
fffff01a
000025bf
ffffdefb
00001cc4
00001682
ffffcbe5
fffffbdb
ffffc29b
000001c5
000000b5
ffffe87f
00001bbf
fffff39a
00001618
000018e4
00002d5f
00003203
0000219a
0000206e
00000f7e
00002fdf
0000201d
000004d6
ffffd97a
ffffcdb7
000023c4
000006b9
00005f72
00002781
ffffed62
ffffdfe7
fffff688
000029d0
fffff0b3
ffffe666
0000011c
fffff99b
00003056
fffff104
ffffef90
ffffebaa
000001c8
ffffda4e
ffffe647
00001110
000012f9
ffffe934
000027d8
0000168f
fffff924
0000084b
ffffe120
000002b2
000019a5
ffffd57d
ffffbe5a
000019d0
ffffe361
fffff284
00001537
ffffd1fc
000017db
00003100
000013ac
ffffe4a7
00006c82
ffffee32
fffff96a
00000c4a
ffffe600
000011e0
00000f19
00000897
0000081b
00000d8c
00002575
fffff929
00001c65
ffffe8ed
000011f1
ffffcc80
0000309a
ffffe25b
ffffd1e8
0000412a
0000215d
00000601
fffffa18
00002371
00001891
0000051e
000024d4
00000577
000046be
ffffd7c3
000045bd
fffffeb0
ffffefa1
0000282b
fffffdca
fffff37c
fffffa26
00000ed2
ffffef91
0000036a
00000ad1
000016c4
00000386
00001c72
00001fbb
fffff498
00001fa2
00000a5d
fffffcb1
00000544
00000268
000023ba
0000247d
0000136e
ffffcf87
ffffc955
0000141e
ffffbd0c
00001bda
0000195b
fffffb02
ffffe4a9
ffffdfce
000004be
00000b7a
00002ddb
ffffe185
00002a32
ffffca3f
00001bbf
0000086b
00000104
fffff274
000022c7
00001819
ffffec73
00001b74
0000382e
ffffecd2
ffffda7b
000020e2
000019a9
ffffdd7b
000012f1
0000300d
0000121e
00000ed6
ffffc68c
00000a21
fffff8af
000003ca
000015a6
000020a3
00003c67
fffff851
ffffe267
00001ebd
00000adc
0000250f
fffff25f
fffff966
ffffcb66
ffffe924
00001e4c
00000fa1
ffffa923
ffffe2d0
fffffef5
00002ac4
ffffee32
fffff546
ffffeb3c
ffffbe4b
000033b0
0000149f
0000251f
ffffe0f0
fffffd06
0000103e
fffffb8a
ffffe6ec
ffffd751
00000454
ffffd23d
00000cba
fffff0a4
fffffeec
000003f9
ffffc4fc
fffff4de
0000063d
ffffdc3e
ffffe995
ffffeed6
ffffda2c
00000411
fffff70e
0000336f
00003c99
fffffd1b
00002807
ffffba58
fffffbb8
0000123b
fffffe1e
ffffef47
000026cc
00001e21
000008e4
000015a6
00000ad8
fffff328
00003663
000020bb
00001092
00003437
fffff996
ffffce87
000019e1
ffffffe8
00001683
000014f4
fffff7a2
0000068e
00004485
00002f65
000019e1
000019f6
fffff425
00000b21
00001769
00001cec
ffffe915
fffffd22
00001d3f
ffffd23e
00000268
ffffeaf5
0000258c
fffffad6
000015e4
fffffbda
00001e33
00001e5e
ffffb9c9
00000a41
0000426e
fffffb1e
ffffe366
ffffea0c
fffff9f8
fffff24f
0000479f
ffffcbf1
00000776
fffff584
ffffe9c9
0000253a
ffffd41a
fffffa73
ffffe367
ffffa80e
000026f8
0000110b
00000f7c
00002ef3
000013d2
000022e4
00001286
0000206f
00000bed
00000b59
0000118a
00000834
ffffdd09
000006cc
000000c0
00002ecb
0000634a
00000c04
0000046f
ffffebf8
ffffff63
00001715
000013f0
000007a4
fffff59e
fffffe73
00004142
000004fd
ffffeff4
000005d0
000013d1
0000055f
ffffef34
fffff8f4
00002323
000002ba
00000511
ffffee6c
00001d3d
00000b09
ffffe9c5
fffff1d5
ffffff39
ffffdaae
00000a8e
fffffe58
fffff9cd
fffffbcd
ffffdafa
00000cd4
00003ab9
0000031d
000012fe
0000123f
00004553
fffff385
0000088a
ffffea70
00003ac8
000019ad
0000090d
fffffb38
00002da8
0000206b
00000dbf
000006c9
0000111f
ffffe522
0000209b
ffffcf70
0000512b
ffffe7bf
ffffd40f
00000d18
ffffde1a
00004b59
ffffed74
00003095
0000514a
fffff284
fffffced
0000050b
000013ab
ffffec49
00005b0f
00004107
ffffb26c
00000eca
ffffebc8
ffffc0ac
ffffe93d
fffffbc0
ffffdece
000002b1
fffff4f1
0000378c
ffffd655
00001c36
ffffe833
000035e1
0000225e
000012e5
ffffe354
00001af9
00001355
00000e47
000013d0
fffff449
00000d63
000004e2
00001be7
ffffd717
00000b09
ffffe403
ffffe05c
00001677
fffffaca
fffffe1d
0000255e
00002f08
00002629
00001401
ffffe2fe
000041b9
000048be
fffff1b7
00000bb4
00000f00
00003a2b
ffffe911
00002cf0
ffffeefa
ffffc987
ffffefc7
00001d7c
00002fb5
ffffe73c
fffffa90
fffff2e1
000026d3
00000826
ffffc305
00000464
fffffec6
000000c8
00002712
00001e05
0000474b
00003505
fffff218
000021df
00000270
ffffea4f
00000704
0000097e
0000415e
ffffd1b0
0000620a
ffffe686
ffffccce
000002c6
00000234
000005b1
00001f7a
fffffa22
fffff04c
fffff1f8
0000313c
fffff97f
00006ab1
000024b3
00001177
0000168a
00002d96
ffffcc87
fffff8d7
ffffd83c
ffffe8fe
000029a3
ffffec36
00001f79
fffff89c
ffffb0ff
00001c87
ffffde02
ffffdfba
fffff069
00001236
0000312c
000001a7
ffff9c18
00000e1c
000025a0
fffff259
fffff4b3
00001f4f
ffffdfa6
00002077
00002c71
ffffe88c
fffff066
ffffe8f3
fffff627
000006e1
fffff553
fffff1e0
00002b03
ffffef51
00000eab
00002cbd
fffffbf8
ffffbf47
00000814
ffffe3c4
000007c5
00000772
00001ed1
00001f49
ffffeea4
00000d68
ffffb9d5
0000395d
00002522
fffff53d
ffffdc3c
fffff59d
00000738
00001be0
0000129e
000017eb
ffffc5b9
0000440f
00002d68
000027e5
00003968
00001e8b
000024ba
fffffc9f
ffffd268
00003f42
ffffedd3
00000ab3
00000605
fffff40b
000002d0
00000407
000020b9
ffffe3bf
fffffa92
fffffecb
fffff568
000048b1
000013a5
00000d53
000004ee
ffffcd9c
ffffe12b
fffff616
fffff5b9
00000e5b
ffffe5fe
00001d7c
fffff478
fffff9c8
ffffd5dc
ffffc577
00002ef8
0000069e
000021ae
00002fa0
ffffefce
ffffffa5
ffffeb86
ffffc32b
0000090e
ffffb5b7
00001b58
ffffff70
000023e5
ffffe30a
fffffcc7
000008b7
fffff0df
ffffdeb1
fffff539
00004fa0
0000327b
00004dfc
0000016f
fffff392
ffffde56
00000e13
ffffe2db
00001324
00001833
ffffe19f
000017ca
000002f4
ffffe68c
00002726
00002cd0
fffff0fc
00001e99
00002c74
ffffc16c
000007f9
00001300
fffff136
00000ea3
00001912
ffffca85
00001cd1
ffffe577
000014cc
000041f3
fffffa8d
ffffd639
ffffedf6
00002527
fffffa49
ffffe6db
ffffff3a
ffffeecd
fffff4dd
ffffd16f
fffff794
ffffe152
00002912
0000354b
ffffd1a8
ffffdf4a
ffffe179
fffff418
000000eb
ffffe3da
0000129b
ffffe2c3
ffffe5dc
ffffcd69
ffffe0ee
00000093
ffffe76b
0000039b
fffffb5b
0000015f
000000d1
fffffa7f
fffff793
0000230e
00001b94
00002ddd
ffffbfe8
0000055f
000003cc
ffffe07e
000015d2
000009c8
0000294f
00002aff
ffffe46c
00001416
fffff1db
ffffca88
00001f28
ffffebd7
fffff116
ffffd484
ffffdc7e
0000293f
00001750
ffffdebb
000001c1
000019fa
00001aed
00000afb
ffffcc31
00001847
ffffcdef
00001f58
000003d8
fffffd22
00001858
000029de
fffff357
ffffdfc4
000006af
ffffe4ec
000010f1
fffffcfb
ffffcb69
ffffee8f
000026ca
fffff43b
fffff294
fffff045
00001470
00000696
fffffe9a
fffffae0
000021e6
000009c1
ffffefa2
ffffcb1a
ffffdb94
000010b5
ffffea85
00001709
fffff590
00000a6b
fffff42a
fffff1f7
00000182
fffffc72
fffff769
00000668
00003661
00001187
ffffcead
fffff250
0000167e
ffffddba
00002262
000025e8
ffffeb66
00000d9e
ffffe93e
ffffe82e
ffffd2fa
fffffdf6
ffffd894
00001421
00001f17
fffff8fc
fffffc1e
00003248
00000c36
00001af2
ffffeeae
00000345
ffffe659
0000214d
ffffeafb
000034b2
fffffbdf
ffffd692
000020df
fffff463
00002892
ffffe803
00002a8d
00000037
ffffebe4
0000092c
fffff8a8
fffff5d4
ffffe4fd
000021fd
ffffee81
ffffc4e2
ffffcf1b
ffffbcea
00001817
00000bdc
000008a3
fffff70c
ffffc741
ffffe9b0
ffffc747
fffff4c0
000002d2
00003a56
fffff4a7
00000c13
000002fb
0000221c
ffffecb6
ffffdbec
ffffe316
ffffd3cd
ffffe644
fffff2ec
00001ca6
0000085b
ffffe0d2
0000005e
ffffebfc
ffffd888
ffffbfef
fffffe5c
fffffaf9
ffffedd9
ffffd25e
00001ee4
000026ca
fffff765
ffffc467
000002af
ffffef14
fffffd01
0000012f
ffffe881
000015f3
ffffe647
00001dc3
fffff30c
00001c72
fffff245
ffffe765
ffffe1f2
fffffef3
ffffea7a
ffffecfe
000001e6
fffff989
ffffeb17
ffffeb67
00003bfc
ffffe4fe
fffffdf1
0000023c
00004551
fffff055
00002232
00002175
00002581
ffffd552
0000043d
ffffde52
00001741
ffffe6ef
ffffffb9
ffffd6b9
000001e8
ffffd8e6
ffffe3e7
fffff15d
fffff5fb
00002c49
00002433
ffffec21
000015d6
ffffe110
fffffa8b
00001529
ffffd5be
00002a14
00003657
fffffb39
ffffdd6f
ffffe088
fffffba4
000020bd
fffff9ec
00004a6c
00003191
fffff408
00001a16
fffff3df
000008ea
ffffd26f
00000a23
fffffa0f
00001276
00000b7d
00000ae1
fffffeef
fffffe9f
fffff037
ffffd746
ffffdab4
fffff7be
ffffe09a
00001172
fffff12b
00001ed6
00001453
ffffda22
00000bc7
00000d2a
00000dc5
00004df7
000006dd
00000303
ffffddb5
ffffe0de
000004da
fffffac3
00002133
ffffce55
fffffe1a
0000045e
000009d3
00005115
ffffca6d
fffff571
ffffdfe8
00003ae6
00000721
fffff465
ffffe86c
ffffdc2b
00001548
00000514
0000002d
fffff38c
000008d8
ffffe3b2
ffffc85d
fffff5fd
fffff735
ffffc6ba
fffffe42
ffffe8f5
fffff1ed
ffffd2cd
000003d9
00000e98
fffff2fc
ffffef42
ffffd760
00000a55
fffffc12
000024c7
00003698
0000019e
ffffddde
ffffd285
ffffe0a2
fffff9fb
fffff687
ffffecaa
0000070d
ffffdeb5
fffffc64
ffffe39b
fffff031
00000c9a
ffffead5
ffffd91b
000002b4
00000fdf
ffffeb5f
00002ede
ffffe96c
ffffec74
00000393
ffffee75
ffffe235
000030fb
ffffaed3
00000e90
fffff3d0
00002933
ffffe509
000041b1
00000a31
ffffd4d8
000029f4
ffffd3df
000038ba
0000289e
000007c4
00001c75
0000234c
fffffcd2
ffffe32b
ffffd0ca
ffffb5f7
000014ac
000020a3
ffffdb69
ffffec01
00000f0a
00000fb4
fffff0f1
ffffdc90
fffff073
000010d9
ffffeaa6
0000303e
000016b8
0000039c
00000555
ffffdecc
00002458
fffff3cc
ffffea5f
fffffa59
000002a2
00004729
ffffec08
00000123
ffffe6e5
000038ad
00002bda
ffffe432
000012d6
fffff7c0
ffffe309
00001b6c
00003730
ffffc9b0
ffffba08
ffffdd25
00002813
ffffee57
ffffec5b
fffffea3
ffffee22
0000067b
00004291
fffff946
ffffdceb
0000066d
000017ec
00002e36
ffffebeb
ffffdfe0
00003018
0000018e
fffff3d9
00003025
0000157f
fffff4ce
fffff04f
fffffe63
fffffc3d
ffffd55f
00000d33
ffffea8f
ffffed31
0000116e
ffffcfaf
ffffdff8
fffff3b6
ffffeb92
fffff7c2
ffffedfe
fffff67e
0000033a
ffffcfbf
00001683
ffffe411
000021b8
00000bc6
ffffc456
00000661
ffffefb5
00001401
00001776
ffffd404
ffffe7e9
fffff01e
ffffd455
00002595
fffff667
fffff5da
fffffbad
00000df2
ffffe7e1
00002520
ffffdcc4
ffffe510
000021d7
fffff0c5
000029d7
00001e4c
0000435d
ffffe145
ffffd436
00001f94
ffffe1ed
ffffee26
ffffff75
000003e0
0000151c
ffffcf6c
fffff494
00002c1a
ffffcfdc
ffffff3d
00001980
00001cff
ffffed69
ffffcb4a
ffffe739
fffffe67
ffffa47e
000008d6
ffffd7c7
00002a1c
00000b64
00000e11
fffff112
fffffaf1
fffff2ce
ffffdb5f
0000282b
000007b3
00003049
00001aa3
00000efd
0000036c
00001001
ffffc85a
00001130
ffffd65d
ffffca0e
ffffff47
00000fec
ffffef49
0000138f
00000304
00001052
0000020b
fffffab3
00000261
ffffd570
000013c2
000005b1
00004d8c
ffffeac0
ffffd35c
000042f7
ffffbbcc
fffffbee
000004fd
fffffe8d
0000140c
ffffe0f2
0000118e
00001929
0000070f
ffffd093
00001be5
fffff0f5
ffffe6d9
ffffe5a0
ffffe388
00001b0b
00002d63
fffff568
00000969
0000002d
ffffdd06
000015cb
ffffd6cf
ffffe698
fffffed6
000003ee
ffffd9e5
ffffd7bb
00004c4b
ffffcf03
fffff7ba
ffffebc0
ffffd154
0000203c
00001118
00001c8a
ffffdfe8
ffffec17
000065a3
ffffefa4
ffffc354
00001983
000015b5
00000e77
fffffc90
0000553f
00000b9a
ffffedd3
00001c1b
00000f41
ffffea17
00002750
ffffd08c
00000501
00002781
ffffff66
fffffbc4
00002f44
ffffda9c
fffffe31
ffffebe4
000018c6
ffffde42
ffffdeb0
fffffbea
00000c45
00001573
fffff92b
ffffe53b
fffff8e2
000000d5
ffffecf4
ffffe963
ffffebbe
fffff086
00002950
00000875
ffffe418
000009cf
00000385
00000306
fffff660
00001aaa
000009a0
00001dda
00001bc6
fffff516
0000076d
ffffb756
0000074c
ffffdfa1
0000084f
00003359
fffff194
00001667
00002fbf
00003036
ffffeeb9
00001778
ffffe529
ffffe638
fffffe32
000009a8
00001872
fffffbb0
ffffcbd5
fffff112
00001d8e
ffffef4b
00001fca
ffffe3fc
000024e3
fffffc0f
0000091d
ffffc8b5
ffffede5
fffffa30
ffffb202
00000bd4
0000188a
000002d5
ffffeb4a
fffffbd8
0000153b
00001047
0000050a
000012ba
fffff081
00002a52
fffff8d7
00002e7b
ffffe173
ffffadc6
fffffa43
00000b57
00002fae
00000c0f
ffffebb5
000019fc
ffffc9d9
fffff699
0000120b
fffff3e5
fffff5d2
00001558
ffffeefb
ffffdded
ffffe22f
ffffda5e
ffffc6e8
00000140
0000221a
00000597
ffffd0a3
0000151e
ffffd813
fffff414
fffffcbf
00000cc6
00002445
0000062a
000011d6
00004a0b
00000489
00000204
00000d0d
000007bc
fffff5e5
00002643
ffffebb5
00001ddc
00000115
00004084
fffffc18
ffffeee9
ffffe225
ffffeafe
0000098f
0000040b
ffffde12
00000ed9
0000276a
ffffd926
0000104f
0000164e
ffffe571
000004c2
ffffff3b
ffffde8d
ffffd9f0
ffffee48
ffffefbd
fffff20a
00003027
0000024c
000000f7
000004f9
fffff4db
fffffe16
ffffc272
0000371c
fffff9cd
00000352
fffffa82
000032c0
00001dd6
000037b1
ffffdb64
000032bb
ffffe462
00002932
00001f81
00000618
ffffb5b3
ffffc377
ffffdec8
00005dda
0000160b
ffffebd9
ffffef9b
fffff9d4
00000903
ffffe87f
ffffe13d
00001e74
0000170b
00000b94
0000076e
ffffc58f
ffffeaf7
00003766
0000105e
fffff5e2
000016e0
00003890
fffff53e
fffffa53
ffffc879
000016cf
0000167c
ffffd291
00001eb7
00000f27
ffffedc1
00001143
fffff6f1
fffff210
ffffc7c2
fffffbd6
ffffea1c
000061b9
fffff9e5
000007f7
00001d46
000051aa
ffffd412
fffff625
ffffefeb
00002b07
ffffc612
fffff879
ffffe26a
00002c14
00001492
00000f37
00000890
0000249c
00002e7a
00001d8c
ffffd944
00002b72
fffffdfd
ffffd0a0
00001876
ffffeabd
00003ea9
ffffd495
fffffa8b
000020a7
fffffbf8
000018af
fffff84f
000031bd
00001f0e
000072ac
00001e96
ffffe153
fffffc60
ffffe29d
ffffd551
fffff663
00001889
fffff85d
ffffe3de
ffffd58d
ffffe14a
ffffd993
000007b1
ffffd68b
0000084b
ffffefce
ffffc4c2
0000074d
ffffe8c5
fffffb8c
00002527
000000d9
ffffd05c
0000054e
fffff075
000011c8
ffffe829
ffffedb5
ffffd3ed
ffffd138
ffffcfd2
ffffecac
000000ec
0000035c
00002734
00001730
000001c8
ffffd03b
00001c6a
000016df
00000ca7
ffffd601
0000023c
00002aa1
00000dd5
00001887
0000424c
ffffb370
ffffcd3e
0000072c
00002638
00001e9d
fffff414
0000009c
00001c84
00001d8e
ffffc7dc
0000336f
ffffdda7
0000234e
0000242a
ffffe1eb
0000545d
00002abf
ffffe69b
00000ba1
00003f5d
fffff5c4
00000ad1
ffffe9ae
ffffe5e2
ffffccee
0000478d
0000026d
ffffbba9
ffffd715
000009cb
000003a7
fffffe96
000002c2
fffff82c
fffff27b
00004022
000009eb
00002f11
00000139
fffffc47
000030a7
000016e6
00000a8b
ffffe617
fffff35c
fffff140
fffff682
ffffeb53
fffff0fa
00000d52
ffffdd71
ffffe940
fffff7ed
ffffd0eb
ffffe373
fffffac6
ffffcd82
00002ee0
ffffee98
000015f7
fffff275
00001513
fffff7bd
fffff6ed
000009be
fffff110
00002a8c
00000daa
00002850
ffffe337
ffffc7ca
ffffd279
ffffb024
000012cd
00000675
00000193
fffff519
ffffb09d
fffffa6e
ffffc469
ffffdf17
ffffe5f0
00003958
ffffec3f
00000a78
0000213a
000022ea
ffffed3b
ffffdcec
00000358
ffffff92
fffff08e
fffff8b0
00000047
0000242e
fffff037
000018d0
fffff10c
ffffef45
ffffef55
00000a37
00001752
00000c71
fffffd46
fffffcd4
00001b1e
fffffd44
0000012c
fffff155
ffffe853
fffff8cc
000001cc
00000323
00001ca7
ffffd71b
000009c2
ffffdd00
0000117f
00000ef7
fffffb83
00000f4c
fffff0e5
0000168f
ffffdad3
0000048a
000027db
fffff71c
fffff4e2
00002241
00002553
00001878
ffffc923
00005694
fffff32a
0000208c
000025d4
00002d9b
ffffdbcd
ffffeebc
fffff686
ffffef7c
ffffd9d2
00000b25
0000023a
ffffe0c3
fffff587
fffff137
ffffe917
fffffbe1
0000283b
fffffa30
ffffe9b4
000000c9
ffffcf6b
00003812
00001e54
ffffdcef
00000e9f
00003924
ffffed0a
fffff0d6
ffffcb09
00001f2f
000003bc
00000baf
00004351
00001a16
fffffdfe
00003faa
ffffd64a
00002f8c
ffffe2ac
00002878
ffffea70
000024be
000007f8
000006ff
000022f7
fffffdcb
ffffe43d
fffff578
ffffce8e
000038f8
ffffd4df
000018a4
fffff391
000023ac
00001084
ffffe2b3
00003835
000011fa
000022c6
00001fea
00000539
ffffde4e
ffffd807
ffffc321
00002151
00001600
000027d6
ffffeb2b
0000005c
ffffdaad
00000ef5
00003072
ffffdea7
00001a04
fffffadd
000010bd
ffffe7eb
fffff8be
ffffe906
0000004a
00001254
00001404
fffff9b1
000001c0
ffffec45
ffffdaf8
ffffc253
00001e04
fffff997
ffffbf3c
ffffdbb9
ffffed0b
ffffd243
ffffe8e6
ffffe3d0
fffff30d
fffff2eb
ffffd7d3
ffffd355
fffffb63
ffffe7f1
0000185a
000017df
fffffbf9
ffffb880
ffffe46a
ffffdc43
00000c47
ffffffa7
fffff303
00001bdf
ffffe852
ffffefd1
0000067e
0000110b
fffffca5
ffffefe0
ffffda0f
ffffdba3
000021f2
ffffeb02
000019f9
0000022c
ffffcf11
00000bec
000000a8
fffffc2f
000053f5
ffffeae2
fffffd15
ffffe388
00003621
ffffe95d
00002cc2
00001c91
000009b9
00000c1d
ffffcc47
0000258f
00001a8e
00001c63
00000751
00001f24
ffffe5cc
ffffde13
ffffde00
ffffbd30
00000a7e
000012c4
ffffd6d3
ffffe7bb
00000b70
000007f8
00001837
ffffe47c
fffff70b
fffff8d7
00001f09
00001323
fffffefc
ffffe620
000017c4
ffffe81f
00003652
000033e3
00000885
fffffcb0
0000091d
00001ab0
fffff857
ffffea9f
ffffd70d
0000201f
0000562f
ffffd879
fffff783
fffff7b3
fffffa14
00002494
00003446
0000076c
ffffe8ca
ffffe8b1
00000691
ffffde9d
00000e73
fffffb0a
00003838
000027c7
00000cce
ffffd292
fffffeeb
0000020c
000019d1
fffff2b9
fffff5d9
fffff961
00002e53
00002397
00002f60
00003370
ffffd038
ffffe247
0000329e
ffffce0e
ffffdd01
ffffd823
fffffebc
00002bce
000016e5
00003103
ffffcfdc
0000253f
ffffda7b
0000454f
ffffdc02
ffffff6a
ffffecd6
00002cf3
0000058e
ffffdadc
ffffe2df
fffff772
0000225b
0000285a
00000c4c
000032dc
00001a6a
000017fb
ffffa4d2
fffff393
ffffff01
0000041b
ffffb32c
fffff5a5
0000053e
00000bb9
00004785
00000638
0000041e
000012de
00000270
000029f3
ffffe63e
000000b8
0000036a
ffffcd5e
fffff0b1
ffffe508
fffff20b
00001a88
ffffe5cd
00000467
ffffc9cb
000020d6
ffffd171
ffffed36
00000070
00001178
ffffd628
00002c61
00002bbd
00003a65
fffffec4
0000023a
00003bc7
ffffec76
00000055
ffffef58
00001e1f
fffff4bf
ffffd3e2
fffff8a2
00002932
ffffeb25
0000089d
00002fe9
00001752
000018c4
00001b40
ffffad1a
ffffe770
00000600
fffffb88
00000a3e
ffffff31
00002fbd
0000163a
ffffde98
000034f8
00002564
ffffe3b0
00000203
00003253
00002623
ffffec2f
fffff776
00002497
00000111
ffffcff2
ffffd998
fffffaa5
00002729
fffff356
ffffeffd
00002473
00000f16
ffffc5cd
ffffc7fa
ffffee74
fffff82e
fffff20e
00000714
00002a8c
ffffd123
000014a8
fffff19d
ffffeada
000019cd
fffffd5b
ffffd9a6
00002e15
000004d3
fffffa5a
00000299
000008ed
000010ca
00000168
00001164
ffffe4e6
00002cee
ffffe49f
fffff28c
ffffe6b6
00002bbd
00002a02
ffffe6fc
ffffcd54
ffff9aa2
ffffe1e1
00003373
00000740
00002bdf
fffffc55
00003bdb
ffffd22b
fffffc5d
ffffd536
00006b50
00000961
ffffd21f
ffffed04
00002687
ffffd815
00000c3c
ffffead0
ffffb6ad
ffffe589
ffffb3a7
000025b5
00002af6
ffffe52e
00000c0b
ffffec73
ffffd189
ffffff6f
ffffe3c6
ffffe717
ffffef6c
fffff810
fffffce8
00003219
fffff650
00002be8
000016ae
000005b8
ffffc72b
fffff52c
ffffef2b
ffffc619
fffff71d
00000c57
00000421
ffffe712
00002a64
ffffe4f6
fffff3f6
ffffe42e
fffffc8a
fffffb4c
00000208
ffffec0e
0000061c
0000030f
ffffdf1c
ffffda21
000009f7
ffffee7d
ffffd5a5
00001e57
0000027f
00000b24
00002fd9
ffffdd68
00001492
0000020d
00001527
00001bbc
ffffdbb9
00001f1c
00001a78
ffffff6f
00001e8b
00000411
00000dff
00001351
000006f0
ffffff04
00000f48
00000f3a
00001c9b
ffffef8e
00000e4f
00000b46
00000c9f
00001e9a
000009b4
ffffffe6
ffffe82d
ffffc76a
fffffc6b
ffffdd19
ffffdf93
fffff249
000028d6
0000267c
ffffff1e
ffffedd5
ffffd4a4
ffffe91e
fffff089
ffffded4
00001152
000015c4
fffff786
00001f37
fffff651
ffffe3cd
fffff7ab
ffffe9f0
ffffeeb5
ffffea69
00000c0c
ffffff7d
000017f4
00001a23
00003346
fffffa47
00001b4f
00000adf
0000189e
ffffd2dc
ffffd54f
00001c05
00001a8b
ffffe711
00000cf0
ffffec20
fffff0a0
ffffe6ef
00001846
ffffe770
0000141c
fffff199
ffffe0d3
ffffcaf7
00002e63
fffff33e
fffff1b2
0000031d
fffff387
ffffcf94
000022ca
fffffeb0
00003d0d
ffffe8c5
fffff6fb
fffffe4f
000008ae
ffffe87b
fffff041
fffff1d0
0000170e
fffffa5d
00002bc2
fffff1e7
00001f98
ffffe5a8
ffffd986
fffff7d8
00000dc4
fffff46f
00005a5b
ffffc38f
ffffc170
00000f0c
ffffd87e
ffffe06e
ffffe0aa
ffffd0f7
00000983
ffffea6d
fffff0b9
fffff117
000002cd
00000787
00000e68
00002b14
ffffd48b
ffffd3bb
fffffcbc
00002ed3
fffffa19
00001567
000000b8
000005ce
00000c08
ffffc754
000010f4
00001520
ffffc090
00002dd0
fffffd7b
fffffb41
0000069a
0000268e
ffffc117
ffffd9d7
ffffee04
ffffeff3
fffff213
fffffd33
0000797a
0000242f
ffffec15
00002855
000003b1
ffffcd58
00002f2c
0000164b
00003abd
00000987
ffffcaa3
00002b94
000008d5
ffffb527
fffff02e
ffffd425
00003193
fffffcef
ffffe163
fffff438
0000046d
fffff123
fffff81f
fffff132
ffffe776
fffff941
fffff5c6
0000104e
fffff638
0000051e
ffffed21
ffffec79
fffffa1c
00002b01
00000b52
00003f0b
ffffd4f6
00000220
fffff293
ffffd09b
ffffecf3
0000038b
ffffdf3f
fffffb7c
000001a6
ffffd709
ffffba24
fffff23e
0000125f
00000c79
00001942
ffffe897
ffffcac2
ffffe76c
00002166
00004612
000009c9
00000dbf
000019f5
00001081
ffffb640
ffffd608
00005bda
00001185
fffffd5e
fffff586
fffffd28
fffff775
00001a9f
ffffbdd6
ffffe79d
000003c9
00000649
ffffff7f
000022d0
fffffea7
ffffee9b
ffffefd6
fffffd7a
ffffbc57
fffff963
0000088d
00000617
ffffd19f
ffffcaeb
00003635
00001ba3
0000033e
000004db
ffffdc03
fffff06b
ffffcb59
000010d5
fffff4b1
fffff844
ffffd66a
ffffe6be
fffff66e
00000a25
fffff22e
ffffe635
ffffdfb7
00005bd2
ffffe806
00000a3e
fffff94f
ffffe261
ffffe257
ffffd59c
ffffdf70
00000166
ffffe522
fffffe95
0000469e
fffff20d
fffffff4
ffffd5ae
00000695
ffffec18
0000015b
00003ef7
00002f8b
ffffcc4b
00002eee
fffff533
00002b41
ffffea2f
ffffd48d
ffffcf23
000015d5
ffffd16e
ffffd8f8
ffffe098
ffffe71e
ffffdcee
fffff999
ffffd891
00001ce9
000034f3
0000146b
000010f7
ffffd176
fffffb38
00000701
ffffd1f4
00001acb
00000c77
fffff297
000014ba
000040fd
fffff534
fffff341
ffffe8a9
00000515
ffffd74a
fffff8eb
ffffd81f
00000868
0000008f
000022f1
00000e0f
00001779
ffffea34
000006a2
ffffe437
ffffca38
ffffe5f6
fffff0ec
ffffd7ad
00002e16
000036a1
000026ac
ffffd936
000003f5
00000f03
ffffe1f4
00000240
00003d06
00000d52
ffffed03
0000150e
ffffea0e
0000033d
00000132
0000385c
000011aa
00000013
000041d0
fffffa09
fffffb1e
00000482
fffffb97
000015be
0000014d
ffffbd56
00000d27
000030c4
00000268
000020fc
fffff8ea
000024d4
ffffeeef
000025d5
fffff946
ffff9ca4
000010bb
00002017
0000363f
00000c3c
00003582
00000072
fffff328
fffffa0d
000006e9
00000645
00001391
00003110
ffffc131
00001204
ffffe8f9
ffffe51c
fffffac1
000012fd
00001537
ffffdee8
fffff518
00002fca
000005f6
ffffc268
fffff407
00001cc9
ffffeaf8
00000ba7
ffffbfe0
ffffda75
0000214b
ffffb2be
00000fa2
00000646
fffffdfb
ffffedc8
ffffdc03
0000240b
ffffe2a4
fffff76f
00000696
00000c75
00002d5b
00001e02
fffff06b
fffff9ad
ffffec96
ffffb8d3
00000de1
00001829
00000597
00001df7
00003b3e
ffffe9e6
0000349d
ffffd2b2
00000268
ffffeb6a
00002dd1
00004f1b
00001ec0
ffffca18
0000369a
000006fb
ffffc64e
ffffd751
fffff17c
0000041f
fffff6e1
ffffe956
00003f80
ffffe1f2
00003cf2
000005e6
00000406
ffffd8f2
00003ded
00003b40
ffffec96
ffffdd7c
ffffcd55
ffffd7d7
ffffe52e
ffffe78e
0000061e
000030d5
00000f83
00001ff8
0000320a
000010d2
ffffd593
000024bb
ffffdfe5
fffffdad
00000152
ffffd89c
ffffc24b
ffffce8a
00002431
00002332
00002bb4
00002b8b
ffffde0f
fffffd1b
ffffe6de
000003f9
00003ca7
fffffedf
00004218
000013d5
0000037b
ffffdc27
000012db
0000460f
00000281
fffff067
0000086f
ffffd7a7
ffffef47
0000343a
ffffd3b5
000001b3
0000043b
fffff534
00000d45
0000133e
fffffec4
ffffe655
ffffe041
000019be
ffffd6b0
00000493
0000176b
00000f24
fffff981
000009a0
00004baa
0000291b
000010e6
ffffef42
fffffb27
00000856
ffffe6ef
000020db
0000156e
00001526
ffffd386
00003b41
ffffdcbf
00003730
ffffed4d
00000444
fffffcb8
0000473e
fffffa94
000028c5
00000293
ffffd1cb
000013b8
ffffca3e
ffffecaf
00000227
000013f7
000015af
000024c1
fffffae6
0000404f
ffffdc73
fffffb96
ffffd511
00000bfd
000014c0
0000193e
ffffdcd7
000054fe
ffffb7b7
00001643
fffffccb
ffffd5d5
ffffb25c
ffffeb39
ffffe0ca
ffffe805
ffffeb03
ffffebca
ffffe5e9
00002fe2
ffffffd0
0000216d
ffffe648
0000364d
00000de3
ffffd199
0000118a
ffffe946
ffffbfcb
00001b82
000014ca
00000d0f
00000e97
ffffed8b
000003f1
ffffe2f1
00000e6b
00000d88
ffffdd7d
ffffe1a9
ffffd903
000032b8
0000162c
00000126
ffffe996
fffff45b
ffffcd5d
ffffc981
ffffde2b
ffffe918
ffffd3e1
00001da5
00002152
00002aaa
0000034b
ffffe73b
ffffd47a
000016e3
ffffee28
ffffd110
000004f7
00002988
00000349
ffffedb0
fffffa64
ffffd128
fffff011
000035e1
0000221c
ffffe87b
ffffe705
00001941
fffff716
00002c41
ffffee7a
ffffef50
00002df0
000019db
00000185
00000a2a
000018f7
00003712
00003849
ffffdf92
00005405
00000ce6
000045d6
00000b08
ffffebcd
ffffc193
ffffd688
000010a1
ffffebec
ffffe9b5
00001fe3
fffffcd4
00003293
00000c31
fffff30c
fffff707
ffffc2c0
fffff47e
ffffe798
0000038a
ffffeb6c
000002c1
00001af1
ffffdffc
ffffda4f
00001358
ffffc3d9
00001fe9
000027f2
fffff737
fffffa0e
fffff920
ffffb8e9
000021ed
ffffe441
00003eaf
fffff7c7
00000697
0000183b
00002575
ffffd094
ffffcb45
000008f3
fffff6d8
fffff365
ffffe199
ffffdee5
00003a29
00003883
ffffd0de
fffffbd5
ffffef6a
fffff1f6
ffffe147
ffffd8bb
000029a3
0000748a
ffffde16
ffffed68
00000a86
00001d8c
ffffef51
00000bd1
00001176
fffff96a
ffffc3c4
ffffcde8
000035cb
ffffe515
ffffc36c
ffffe03f
00000567
000014cf
00000618
00000220
00004efc
fffff676
ffffb62f
ffffe41b
ffffe895
fffffe8b
00000bf2
00000e2f
0000394d
0000232b
00000d67
fffff2ed
fffffb0f
ffffe8ea
fffffc98
ffffe339
0000094b
ffffe6f1
000003cc
ffffe10f
ffffec96
fffff134
fffffc7c
ffffce04
00002792
0000034b
fffff178
ffffe623
000035d2
000038f1
000000ba
ffffd1ce
fffffd02
ffffcf09
ffffdf41
000025e2
00000913
ffffd7c3
00000393
000012ee
ffffd783
0000065f
ffffdfd4
00000c5a
000009e7
ffffd33b
00001503
00002559
ffffee14
ffffea8d
fffffb09
ffffe4f7
ffffef5a
ffffc706
ffffebe0
ffffc1f2
ffffe728
fffffa03
000013ec
ffffd975
ffffeb06
000006ac
00001014
ffffda82
0000055b
ffffeecc
00003699
0000209a
ffffd68d
00000e9c
ffffead6
ffffd67e
ffffd3f0
00002c32
ffffdc3a
fffff2e4
00000e2e
fffffcad
00003252
0000044a
ffffe435
ffffef29
fffff79d
fffff74c
ffffe86b
00001669
0000392d
fffff5f7
ffffe1bc
ffffdc80
fffffe8b
fffff4bb
ffffe6d7
fffff282
00004176
ffffecdd
ffffeb2a
ffffe6e0
000001f5
fffff3da
ffffdbe6
ffffe5f0
0000038d
ffffea24
00001ad1
ffffdcd9
fffffecd
ffffebfb
ffffe123
fffffbb8
fffff5a6
ffffd106
ffffd20a
ffffdfb1
fffff4f9
fffff3a9
ffffe774
ffffd46e
00000046
000016f3
00001fbe
ffffe3d4
ffffe08d
ffffe5d4
000007ac
ffffd367
00000f2d
ffffd13e
fffffee7
ffffe39f
ffffe770
000008b4
000014f4
fffffb97
00002374
ffffe59f
00004db7
ffffca6f
00000eda
00001242
ffffdc59
00001ae8
00002ada
0000220a
fffffa98
00000805
000023f4
fffff64c
ffffee02
00000dc3
0000145f
000002e0
0000076f
00000669
000016d4
ffffdc3f
ffffbe41
00001d74
00000cb9
000015f6
00003c90
00000a59
00003747
00002c21
00001e44
00003d1d
00003347
00000644
00001254
0000050a
000019fa
ffffe020
00000f97
ffffe707
ffffeb67
00001dd2
000011ad
00000db7
0000055f
00001a78
fffff489
00003cdd
000009bb
00001cff
00000c1f
ffffdb38
00000c94
ffffe31c
ffffe67d
ffffd403
fffffecc
ffffdaf3
00002a6d
000024f8
00001cdf
ffffe865
000003aa
ffffdd18
00002b0b
00002b96
00000d19
00001811
fffff66a
00003755
0000047c
ffffead6
ffffe2c8
00001bdb
0000049d
fffff3ff
ffffff96
000001c1
fffffbb0
000012f0
00002c46
00004673
ffffed30
000011b5
00001889
000032cc
00000773
ffffff8b
00000e03
ffffe89b
fffff716
00002789
ffffce54
ffffe5c7
00002879
fffff676
ffffeba6
fffffdc1
000002e6
ffffeb3e
00001e6b
000017ac
00000a5f
00000f15
00000324
ffffc900
ffffd809
00001120
000002ad
ffffe0d5
fffff336
fffff298
ffffe64b
00000fe0
00003c42
fffff86b
fffff50d
fffffb0d
00005952
ffffe17f
0000283a
fffffbd6
000032b2
fffffeae
ffffe429
000029d3
fffff9fb
00001500
00001968
00000e56
fffffebf
fffffe53
fffffbae
ffffdda5
00003270
000006fc
ffffd100
00002abf
fffff967
000034db
000030bb
00001264
00004295
00000fdb
fffff8a7
0000265c
00006008
00001784
ffffdec3
000040e3
fffff3f5
0000149d
00000c7c
ffffd2a1
ffffe3d3
00002dd9
00000451
000005ec
ffffda17
00001d98
0000193d
fffffa09
0000228d
00001470
000015b0
0000066c
00001a23
0000163d
fffffb0a
000005d5
00003bfa
fffff034
000002eb
ffffe8a5
ffffe401
ffffbb22
ffffe12d
ffffd1ef
000022ec
fffff49d
ffffe2ca
fffffb2d
000015c0
000036cf
00001868
0000361b
ffffdf02
00004a55
00000de0
0000178a
00000059
fffff4f2
00001b53
00001d50
fffffc31
0000396a
00000390
ffffe988
00000565
00003601
ffffef2f
0000094f
ffffe4e5
fffffdca
fffff235
ffffdcb5
ffffdea9
fffff49a
0000446f
fffffe54
00004658
fffff686
ffffe73a
fffffb6a
00000b73
ffffcc1c
ffffe95a
00003344
00001d26
00001981
00000129
00002947
0000141c
ffffcfca
00000274
00002486
00001522
ffffda72
ffffe821
ffffe73b
ffffe84a
ffffcde5
ffffdca8
00003e4a
000016ca
00001e73
fffff86e
00003e4f
ffffdac0
ffffde30
ffffdee7
ffffd08c
00002191
fffff5a3
ffffe76c
ffffd996
ffffd52c
00004394
ffffe730
ffffddaf
00000fc7
00001d0b
00001261
000004b0
ffffef88
ffffee9f
00002a1d
ffffe951
000003e5
00002c0a
00004496
00001b4c
00002565
fffff5ee
ffffd9ad
00001661
fffffaed
00003337
ffffc42f
fffff94d
00003aa1
0000021c
fffff746
fffffdea
fffff4cb
fffff6ab
00000e2d
ffffefc9
ffffc4fc
fffff921
00001015
fffffa50
fffff469
00000978
ffffd736
ffffc6b8
0000170b
000025bc
fffff836
ffffcbb1
00000050
00001c8a
ffffdde9
000013f1
fffff640
000032e5
00001a35
00000c93
fffffa1a
fffff412
00004097
00003b45
ffffc7fd
00000302
00001b00
00000a53
00000243
00001098
ffffc76a
ffffe46d
00000dd5
ffffb872
00000e91
000003d6
fffff119
00003b52
000016d8
fffffa06
ffffeb7d
00000b5a
00000552
ffffc9ba
00001886
fffff4a0
000008ae
000009a0
fffff45f
00001245
0000175d
ffffdc96
000023a2
ffffdaff
ffffd856
ffffeadd
000030eb
ffffd626
fffff1e6
000003c1
000006bf
ffffcd07
ffffe11e
ffffe634
00001c19
ffffea99
ffffe461
ffffc86d
00002b26
ffffe116
ffffdc51
fffffece
fffff265
00000305
000007d9
ffffdc75
fffff20c
00000c07
ffffd30c
00001d23
ffffee10
00001b86
ffffd66b
ffffceb3
fffff6ad
fffffa9f
ffffed70
00002d89
000000ca
fffff547
ffffcdf0
ffffd378
00000b40
fffff075
00001532
ffffb978
0000308e
00003cb6
ffffd843
ffffdee3
00001782
00000a83
ffffd3c3
ffffdc50
ffffed6b
00001dcd
ffffe0b2
ffffe128
00004054
0000110e
ffffef3c
000009c7
000017ed
00001415
00001892
00000912
00003efb
ffffd5f5
00000898
fffff2bb
ffffe674
ffffedff
00001c63
ffffd5e4
00000b24
ffffd3b7
0000556e
0000080d
00001304
000030d3
ffffd6a8
ffffdc9d
fffff9a4
ffffe20f
ffffc879
fffffd32
00003b62
fffff829
ffffe98d
00003d20
000019a3
0000170a
00000b69
00003724
00001755
ffffdc27
000007ab
00003ab8
fffff202
000006b6
ffffcc7b
fffffb0d
00000e0d
ffffd2f8
00000237
00001753
ffffee01
fffff10e
fffffc8c
00001005
fffff519
ffffe39d
ffffcb04
00000ee2
000007bf
ffffe6e4
ffffe27c
ffffeda9
ffffe66a
00000ee4
ffffe0a3
ffffbe51
fffff7e8
00000dc2
ffffdf6b
ffffbce7
00002cd3
00000557
00000803
00001b54
00000ab4
ffffe6b8
00000cd1
0000063b
fffff184
00000d9f
ffffec15
00001176
ffffec7b
000004d4
00000bce
ffffe2af
00000b23
ffffecc3
00003b61
ffffff97
fffff171
ffffda02
fffff3aa
ffffdcfb
0000250e
ffffed66
ffffe837
ffffdc50
ffffd302
000021dd
ffffcce0
fffffd33
fffff123
00002314
00000b34
00000b51
ffffa89d
ffffe9fa
fffff949
ffffca33
000015e5
fffff83a
fffffc62
ffffe05b
00000a06
fffff877
0000120f
ffffe367
000000e0
fffffb5d
0000183c
ffffe3ca
000021ec
0000027b
ffffece4
00000695
000006f0
0000016f
0000037b
00000ca2
00003523
ffffb931
000020be
ffffebd5
ffffe8dc
000027f6
000032fb
fffff721
ffffede2
ffffca2e
000008d1
fffffe97
fffffe47
fffffc5b
00003c9d
fffff5b1
ffffbdf9
ffffeca5
00000c4a
ffffe1d5
00000488
00001351
00000aa6
00001beb
00004052
00002497
00000f9a
000018f1
00000d56
00004c69
ffffdc32
000026c7
000024ad
fffffbb1
000021e2
ffffcc70
ffffee32
fffff8a9
00002e08
fffff811
000003bd
00001992
00000175
000013e0
0000081e
000026d0
000005d7
00001728
ffffb104
ffffe473
00001615
000028df
00003631
fffff8f0
ffffe6bd
00000a7a
fffff96b
00000c11
ffffe6f1
ffffe246
0000152b
ffffbb77
00000263
00002f0b
ffffc849
000018db
000008dc
00001550
0000062d
ffffeeb3
00001ed1
00002e87
ffffdf08
00000e37
000006a5
fffff700
fffffc6e
00002bad
fffffb66
000009aa
000010d4
00002cdf
00000585
fffff60b
00000b6e
ffffe8d0
ffffec07
00001154
00001db7
fffffae6
000010d3
ffffdb60
000030ad
0000049c
ffffcf25
ffffefe5
000003ea
ffffded6
00002aff
ffffee81
000020ce
00003610
00002208
ffffdeee
00003e27
fffff609
fffff050
ffffe0b2
00003823
fffff91b
00001440
0000051f
000042d1
0000097b
ffffc52d
fffffc0b
000016cc
fffff1d6
00000ea3
ffffe30f
00003b24
fffff4cf
ffffff2a
00000770
000004d0
000004b2
000019d6
00004e18
ffffe517
fffff61c
00001b52
ffffebcf
00000dec
ffffcb89
ffffc888
00001f6d
fffff56c
00002d6a
0000024a
00000414
0000177a
ffffe0b3
fffff0dc
00000a10
000013b3
000008b1
ffffb949
ffffd162
00001647
00002336
0000139a
fffff386
ffffeaa0
ffffc5ac
fffffb4e
00002036
ffffd8ae
00000619
0000402d
00001b73
ffffef96
ffffe4db
00001244
00004e0d
ffffc3a5
fffffd40
ffffde24
00000e2b
00000c8b
fffff374
fffffbbc
fffff45c
ffffe778
fffff383
000001a6
ffffe2bc
00000b62
fffff1c1
fffff8c3
ffffd857
fffffac6
00002eb3
00000f4a
000012cd
fffffc61
000012ef
000073eb
fffff98b
fffff9d4
000008e8
00003103
fffff217
000005bf
0000243c
fffff7b7
00003f7a
ffffe292
00001aee
00000609
00000c78
ffffb374
ffffe204
fffffbb5
fffffd48
fffff1a8
0000247f
0000165b
00000f9b
00002a54
ffffeac5
ffffe067
00002d7e
fffff5a6
ffffc238
00000ed5
ffffd95e
0000006c
00001b1f
00000de0
fffffec2
00001630
ffffde30
0000286f
00000639
000035f5
ffffef55
0000142a
ffffe4e4
ffffe53c
ffffb9a1
fffff4ef
000005cc
00001420
00001296
00000508
00007ad9
ffffc5c6
00000252
00000ba1
00002668
0000245e
00000325
ffffde5f
0000175e
fffff95c
fffff13d
ffffd6e5
fffffa13
ffffee65
ffffd199
ffffdab0
00000eea
00001780
00001e22
ffffedbb
00001eee
0000458a
ffffdc7d
fffff755
ffffea0f
ffffe1c0
00001bcb
0000187f
00002ab7
fffff215
ffffe287
00000326
000017a9
00000add
ffffdb08
fffffc7e
ffffaac9
0000026e
00000594
fffff9d3
000017f7
00000ac2
00002bb9
00001270
00000087
0000283b
fffffd3a
00004318
0000083f
000015d9
00000027
00002560
00002e4a
00000756
ffffd5cd
000010ce
ffffed1d
00000333
ffffda6c
fffffbd9
0000243c
ffffe8bc
ffffda08
00001702
00002dd3
00000b72
ffffdea9
00002e6f
00000b46
fffff905
00001116
fffff880
fffffe86
ffffe895
fffff08c
ffffec28
0000033a
000027c1
ffffe191
ffffee99
ffffe687
ffffcbbb
ffffdb2e
000021dc
00001b4d
ffffef7f
00000380
000033d8
ffffef9b
00002514
ffffe923
000025f0
00001440
000004e9
00000c99
000024f2
ffffe456
000008bb
fffff053
00002e6e
00003170
ffffd832
00004787
fffffc4c
ffffd3ce
ffffea87
00001223
ffffea07
ffffdaf5
000007c7
ffffe3c3
00000a17
ffffc889
fffff381
ffffc0d9
fffff802
00001888
00000824
00000b38
00000c9e
ffffe94b
00000f32
00001879
00000114
00000b8a
ffffd772
000007d4
00001847
fffff9b7
ffffff0c
ffffd184
fffffac3
000020cf
fffff977
ffffe495
ffffff02
000011ef
00000e2a
ffffddb5
00001417
ffffeb3b
ffffddc2
000001c9
00000f5a
00000dc8
000004d3
00001029
ffffee61
ffffe555
fffff29f
000016fc
00004483
000013ab
00003ce3
000002fa
ffffdaa9
00001dcc
fffffdef
ffffee4d
00000621
0000108c
00003f31
fffff111
00000323
0000158d
00001eb7
00002fce
000030d5
00003656
ffffce10
ffffe4f6
ffffd135
ffffecda
ffffdfad
00000ec5
0000162b
ffffed6b
ffffc065
000006fe
ffffeeac
ffffcfb3
000000b0
00000b45
ffffffae
ffffe3d3
ffffcc80
000018fd
ffffe660
00000af3
00004108
ffffc986
00001446
00000279
00001c6d
fffffa0a
ffffe405
ffffde87
00001057
fffffc6a
000006a3
ffffdfbc
0000129d
0000490f
00001453
00001f0e
00000447
0000021a
00000944
000001e7
00000f72
fffffd8c
fffff681
00004361
00002b68
00001790
0000162c
00000fe0
ffffe383
ffffe922
00001d88
ffffed53
ffffef42
fffff394
fffff54c
ffffdc04
00001dd6
00000252
fffff614
000022f8
000020c9
0000295f
00001166
fffffd28
00000d57
fffff35c
ffffd3ff
fffffc8e
ffffd68b
00000ca6
000011c8
00002a88
ffffda2b
ffffdf8a
ffffe426
00001539
ffffbdd5
fffffa89
ffffc7f7
ffffe33d
ffffe84f
000022e2
ffffefbb
00004d7f
00003448
00002752
00000ee2
0000297a
ffffd7e6
00000385
ffffde86
0000449e
ffffe16f
fffff512
00001a0f
ffffeb23
00000cad
00002c1b
ffffe628
ffffe586
fffff597
fffffb6f
ffffe9e7
00004755
ffffc742
0000137d
0000070e
fffff3bd
ffffed4f
00000494
0000132a
ffffe16e
fffffd00
ffffe385
fffff76e
00000e5c
fffffc40
00000561
ffffd737
000009eb
0000636c
fffff74d
00000196
ffffdf5e
ffffd6b4
ffffaeed
00000116
ffffed6f
fffffeab
0000161c
00001956
0000037e
00001d18
fffffc6f
ffffd02b
0000055f
000050bd
fffff43e
ffffe5d6
fffff0fe
00001113
00000d1d
0000197b
000006e3
ffffdf35
00004334
0000362f
000029aa
000021cb
fffff175
00003b84
00001b49
fffff0e4
00002600
00001ce8
00002019
fffff01f
00002a94
ffffd9be
0000097b
00002e22
ffffc81e
ffffd913
00000de0
fffffc94
00004e9e
0000149d
fffff5cf
ffffe79c
ffffdac9
00000c92
0000071a
fffffe1f
fffffb83
0000167b
fffffb2a
ffffdc63
ffffef44
00003e0d
ffffd31a
000030fc
00003227
00000acd
ffffc3cc
ffffee29
ffffde93
00001007
ffffdc9b
00000dc6
ffffe3ec
ffffeed3
ffffda92
fffffcfb
ffffdacb
fffff171
fffffac0
000014ca
ffffe97b
ffffdc4d
ffffc454
fffffc89
0000441b
ffffe8e8
fffff868
00000274
00000924
ffffd7b8
ffffe943
00002ec5
0000145b
ffffd4b0
000018be
0000027f
000016aa
00000742
fffff6ba
00000008
fffff448
ffffb741
fffff90c
00002562
fffff778
ffffe855
ffffe213
fffff752
00001432
ffffb6ab
ffffe491
00002417
000016c7
ffffc7a2
ffffe181
ffffea65
00003586
ffffc146
000009dc
000035b0
000015ec
fffffa32
000002e0
0000139b
ffffe611
ffffe799
ffffded4
000015d9
ffffce3e
fffff6d3
000004c5
ffffffd4
fffff446
00001ac1
ffffc51e
00001021
fffff2dd
000015e7
00000a16
00002695
00003935
ffffdcf9
ffffca3b
00000ad0
ffffec28
ffffc14d
00000e7f
ffffe4c3
ffffc499
00001d85
00000740
ffffdbae
0000288f
fffffe3e
000016a2
00000924
fffffada
00001b47
000032c5
ffffdc8a
fffff682
fffff462
fffff497
00000b75
fffff45f
00000d90
ffffc887
ffffe440
ffffe869
0000458e
ffffd9e4
fffff439
ffffe433
fffff93b
ffffe327
fffff7a2
fffff1cf
fffffe74
ffffe011
ffffea7d
0000032c
ffffed57
ffffc9c3
0000137c
fffff63a
ffffecfc
ffffe3a9
0000353c
00000818
00003e30
fffff550
fffffa31
ffffdbc4
0000362e
0000024f
0000060c
00002c3a
fffff613
00002323
ffffd26f
000006c6
00001ca3
fffff634
000008d8
00000ec0
000014e5
ffffe9f2
ffffe436
ffffd1e2
000017de
00000d8e
ffffe121
fffffe75
ffffec5d
000009f6
ffffd599
ffffea01
ffffe03d
fffff23a
00001d67
00002306
000004ed
ffffdafc
fffff0be
ffffd7e0
fffff462
ffffe36c
fffff0b5
ffffeaec
000003df
000042f4
00001b1f
ffffe0e5
000010c6
ffffe367
00005a4a
ffffe716
000003df
fffff068
000015e0
00000053
ffffe86c
00001f64
fffff0e0
0000298c
fffff343
00002aca
00002957
ffffc72d
000010c9
ffffe35b
ffffe987
fffff77b
00002583
000023e9
ffffdae7
fffffd96
ffffc954
00001e0d
00002aa4
0000175a
ffffe346
ffffd0e7
00000762
ffffe06c
00001119
fffffea4
000030b2
00003447
00000cc6
ffffea8b
00001a88
00000baa
00000920
ffffe2fe
fffff882
00000d6f
000015aa
00000a8a
fffffe0a
ffffdc6f
00000f3f
ffffd37e
ffffe191
ffffe3ba
fffff285
ffffe17a
ffffed7f
ffffce17
00004cf6
00003644
fffff7ec
ffffde3a
00001451
00000217
fffffec3
0000112c
ffffd9df
ffffff32
00000e6d
ffffcffc
ffffef4d
00001d6f
ffffe5ef
00001982
ffffeed7
ffffef38
ffffba2c
000005d9
00000731
fffff484
ffffd323
fffffc2b
0000536b
ffffd2e6
ffffe547
000009be
00004f0a
00001173
000015b8
00000e1c
00000582
ffffa8d3
fffff7b6
ffffeb1e
00002984
0000070c
fffffbf4
ffffbfcd
ffffded1
ffffd806
ffffd610
ffffd97d
000002d9
000009d9
00002ff8
ffffe3e4
00000151
ffffd011
ffffe7fb
fffffd1b
fffff686
000028cc
00002733
000001dc
00000100
fffff879
00000282
00003075
ffffe337
00001be0
000009e7
00000b76
00000c00
00000e2d
ffffe96e
ffffcc8f
fffff401
fffff6fd
000015e8
000008e5
ffffe85c
00000767
000026ef
00000130
ffffda5d
ffffe0ea
fffff406
0000043d
0000132f
000005ae
00002092
00003992
000000d8
0000217c
00003202
fffffc40
00001cb0
000009d3
000034a0
ffffcd30
ffffc461
00002241
00000607
fffff613
ffffe73c
00001524
000023f2
ffffe40c
00003929
ffffd01c
00001320
ffffd827
00005401
0000070a
fffff859
00001456
ffffbbd8
0000068b
fffffd70
fffff637
ffffc72b
00000ae8
ffffea16
ffffdb0b
fffffd77
00000bfa
ffffeb0c
fffff09e
000001ac
fffff448
ffffb326
00001671
000014b7
0000152f
0000116d
fffffd91
00001440
00000149
0000246b
000014a7
fffffb17
ffffb076
ffffea95
ffffde25
00001113
fffff64a
fffff515
00001b23
fffff4b8
00001958
ffffce0d
fffffc4b
00002a41
ffffc356
ffffde7d
00000ba4
fffffef0
ffffd107
00003f4e
0000230e
00000871
fffff9bc
00000393
fffff413
00002cb2
fffff009
00000d53
fffff893
000039e3
ffffd0e0
00001e46
00001d4e
ffffdb76
00002c37
ffffeddd
00003f72
00002ddc
fffff073
000005dd
00001de4
fffff8a6
ffffdb5a
ffffceb8
ffffc475
0000188c
0000116c
fffff455
ffffcaa8
ffffbb3d
00001abd
ffffe40c
fffff34f
ffffe6fb
ffffe93d
ffffcfc8
000013ed
00002615
0000063d
000017e9
fffff008
00000bed
ffffee34
ffffff2c
ffffef0a
fffff40d
00004461
ffffea99
ffffe3c0
ffffffae
000018f7
00002c01
ffffdfb4
0000024b
00000527
fffffd12
ffffe841
ffffc52e
fffff512
0000285b
00000e32
ffffd776
00002f78
00002a0e
00000772
ffffecfd
ffffd9b5
0000010a
00000bb2
000005f5
00000171
ffffeab3
ffffc31a
ffffee01
00001c73
fffff20a
ffffd826
ffffffe5
ffff9fda
fffff8d3
fffff27f
fffff08c
0000196c
00005b77
ffffff78
00000521
00001552
0000179b
00000358
00002848
000021f1
fffffb8c
fffff2bd
00000b8a
000022eb
fffffb39
ffffbcd3
00001572
ffffee0a
fffff9f9
ffffc58c
ffffcf41
00001a5b
ffffde26
ffffe8d6
000010a1
fffff019
000009e3
ffffca52
fffffab2
000000fe
fffffacf
00001385
00001a72
0000282a
ffffdcb2
00001c59
ffffe9f5
ffffe07a
0000343d
ffffd6fd
fffff8f5
ffffd0fb
ffffef3a
ffffe7f0
000019bc
00001c15
00000eec
ffffd933
00001583
0000063a
00003733
ffffe4a0
0000325c
0000110b
000024fc
0000020b
000046d3
ffffe7a3
ffffef87
000006ea
00000f3d
000004d1
ffffe3f1
00004a42
0000066c
fffff181
ffffea74
000027ef
000012f6
00000362
fffff2c6
0000046d
00001fc9
ffffed1c
000010d6
ffffd6fe
00000a98
00000b61
00003b1e
00000e12
fffff4c8
ffffd44a
fffffbe7
ffffd1ec
00000873
000005b0
000004b5
00000bbd
00002791
ffffff55
fffffc3d
ffffc346
00002db5
000030a5
000004e8
fffff17d
00000a08
00003aec
00001f21
ffffd1a3
00001f98
00000289
ffffd399
ffffe1d2
00002669
fffffec6
00001aa8
fffffb0a
ffffc6e0
000008cf
ffffefa9
000016f2
00004b5a
00002799
fffffc31
00000329
ffffdfe9
0000205e
ffffdf95
00001203
ffffe28e
000000a1
000014c8
fffff2a6
000017fe
000002eb
00001992
00003e9d
000028ca
00001a48
ffffbeb4
ffffc4a5
fffff3c2
00000ce9
000001dd
00001b2d
000026d0
fffff663
ffffb748
ffffff97
ffffeb4c
fffff366
fffffcce
fffffe55
00000fd0
ffffe418
ffffbfa7
0000196e
ffffddcb
fffff3d3
00000c89
ffffa942
00002116
ffffd728
000009df
00002680
fffff0a1
ffffc01c
000004b9
fffff46e
0000066b
ffffe21e
00000ae8
00005a59
0000151b
00000de2
00000153
00000806
fffff84f
000000d7
00001481
ffffff88
00002747
000038ab
000018fc
00002401
00001b7a
00001727
fffffc8d
fffff159
00002459
ffffc46d
fffff924
ffffe528
fffff134
fffff498
000045a4
ffffefb1
fffff163
000006ba
fffffd10
000027f1
0000355d
00000a7e
0000276e
00001706
ffffe589
ffffff28
ffffe034
00001aea
00001ae3
0000254e
ffffe09c
ffffe56b
ffffe495
00000e0e
ffffe807
fffffdde
fffff31b
0000066e
00001711
00001728
fffffb6e
000019ef
00002351
00001838
00004040
0000176b
ffffe783
fffffc40
fffff781
00001e10
fffff084
00000ed2
00000e49
00000c78
0000030d
0000012d
0000013e
00000bb9
ffffd64d
00001aee
00000dbf
fffff650
00000282
0000056c
ffffdfc1
ffffdb2b
00000947
ffffe275
00000fa2
0000030e
fffff52b
ffffefa6
0000066c
00000e31
fffff8b1
ffffd6f6
00000353
fffff9bd
00000d1e
fffffcde
00002e6e
00002fec
fffff5df
00000b5f
00002659
00003ac1
ffffd05c
ffffd8e3
00000110
00000eaa
00000acf
00002307
000014eb
00000e37
ffffe991
00002e23
000009e7
00002b61
ffffce0e
fffff19e
00000053
ffffe7c0
ffffed6d
ffffe5f4
ffffe3d0
fffff424
ffffc32e
fffff8ad
00002b6f
00004fa3
ffffc4a7
ffffd958
000048fd
000024fc
ffffd500
ffffeeac
fffff9b8
00000506
0000297f
000018ad
fffffa10
00001068
fffff17e
fffff5af
ffffeeac
fffff68f
ffffddbd
fffff19a
00000bb1
fffff038
ffffe383
00000196
00002090
000015dc
ffffe3f6
0000257e
fffff0ea
fffffcfb
000004c8
000021e4
ffffcca4
fffff7fe
0000245e
00000137
0000371b
000006ba
00001796
fffff1ff
00001741
00001711
000013cb
00001aa8
ffffd832
000004b4
000020b8
ffffdefd
00000b7c
00000872
00000b85
00000807
fffffc3e
ffffbe6a
ffffeee8
00002611
ffffdd38
ffffd9e2
0000145d
00005c15
00000d3f
ffffff59
00000a59
ffffe693
ffffd552
000038bc
ffffef9a
00000ddd
ffffc6df
fffffa09
00001b5c
00001a5a
ffffdbd9
000009c1
ffffe525
00000e08
fffff358
ffffde7b
ffffd5c3
0000066d
ffffe180
ffffeee5
000000ba
fffff31e
ffffde39
ffffdf86
00001b0a
fffffbf7
00004ef3
ffffe905
00001006
00001088
fffffdaf
ffffec17
000002c2
ffffef29
ffffff60
00000d89
000004a8
ffffde5c
000012d3
fffff554
00000737
00000652
000036e2
00000787
ffffd6ab
00000e52
00000de1
ffffdc29
ffffe0cb
ffffe4fa
fffff426
00002cf7
0000058a
00000df4
ffffe680
00001c86
00001b48
000015b5
00000059
000038ab
ffffe2d2
00000e77
fffff47f
00001256
0000074e
fffffe25
ffffe281
ffffe53b
00002556
fffff048
00000292
00000ddf
ffffe7a2
00000159
ffffec2d
fffff69b
00000bcc
000018ac
000023f1
0000068c
ffffbd77
fffff1f2
0000260f
00002be1
00001da6
00001ea9
ffffed9a
00000ccc
00000ab9
00001ffa
ffffe22a
fffff458
fffff6a3
ffffd617
ffffef74
ffffe341
00000f1d
fffff6a7
ffffe89c
ffffec1c
00001b12
000005c2
ffffeb06
00000c4f
0000104b
000015ef
fffffaea
ffffed1c
000008cb
00000771
00002bb2
000015d1
fffff09e
00002f38
0000063c
000038fa
ffffff4c
fffff2be
00000163
ffffe163
00001e5a
ffffe3a5
ffffffde
fffff30d
ffffd7ec
0000176a
00001631
00002ddd
ffffe147
fffff163
ffffe245
fffff1db
ffffea7e
ffffe5a2
fffff8bc
0000249e
00001ef3
ffffe40b
0000119e
ffffe34a
ffffccb4
ffffd758
000014b1
fffff821
ffffccbf
0000290d
00002a5a
0000195a
0000053d
fffff4c7
fffff173
ffffed94
00001e95
000009ff
000049cd
00003d49
0000255d
ffffeacc
fffffd1b
fffffbc8
0000174b
fffff0c8
ffffe2b7
ffffeb73
000010a7
00001df6
00001d89
00001937
ffffdcf5
fffffc99
0000075c
ffffb5b8
ffffedd2
ffffdb8b
00000d2f
0000387a
00000c5c
00002c53
ffffe66a
0000057a
ffffdc13
00003787
ffffdeff
ffffdffb
00000080
0000455e
ffffed6d
00000059
ffffec9d
ffffe360
00001649
000036b6
ffffe693
00001ac0
00001baf
000002a7
ffffbb9b
ffffe33c
fffff207
ffffe7bb
ffffaba4
fffffd5b
00000b42
fffffd9a
00000a11
00000b03
000003d6
000017cf
fffff3c5
fffff488
ffffd98a
000002df
00002808
ffffc3c4
00000147
fffff440
000025fb
00000b79
00000531
000014b3
ffffd0f8
00000bbd
000004a8
ffffec19
ffffe8b0
000017ce
ffffca81
0000080f
00003fda
000022a9
00001946
00000e1e
00001bd2
fffff4a8
00000e78
ffffe03d
000017dd
fffffdf4
ffffcc1c
000013be
00003110
000010b1
00000070
000022ca
fffff1dc
fffffb21
fffff3a2
ffffb968
fffffa56
000017ba
ffffed74
00000818
fffff475
000021c3
000009a6
00001151
00003a74
00001171
ffffdc38
000007a8
00001da9
000019fe
00001e2a
ffffecc7
00000caf
000019e1
fffff177
ffffdbef
00001491
00001982
ffffe2eb
ffffe3ff
000006b3
000000a5
ffffd962
ffffe513
ffffe50f
fffffeff
fffff66f
fffff411
00004f33
fffff330
0000115b
ffffd79e
fffff02d
fffff59f
ffffcae3
fffff006
00004a66
fffffd8b
ffffead5
00001a42
fffff115
fffff630
000024a5
fffffe6f
ffffdfe8
00001890
000000ee
fffff306
ffffeffa
0000238a
00001213
ffffd236
ffffdb9c
ffffbf9f
ffffd1ec
00002d60
fffffd11
00002242
fffff32e
00004024
ffffd631
fffff76c
ffffee98
00005637
00001d3d
ffffe697
ffffdf19
0000264b
fffff890
fffffbb7
ffffd8c8
ffffc870
0000091f
ffffba83
00003074
000018ba
ffffed02
ffffbffd
ffffdb5e
fffff654
00001d92
00000028
ffffe622
fffff67d
ffffe828
fffffda4
0000181a
ffffe7aa
000023a8
00002206
0000212d
ffffd985
000013bb
ffffe03c
ffffaad6
ffffefb1
00000486
00000831
00000def
00003479
ffffeca9
fffffe68
fffff4ee
ffffe14d
0000072b
ffffeb79
ffffe1d8
00001036
0000039e
00000cdf
fffffd19
fffffa24
0000096f
ffffe35b
00000d0f
ffffffd0
ffffee6b
fffff439
ffffcb40
00000900
00000576
00000fc4
00002326
fffff2f3
00003f4e
fffffe8f
ffffea63
00001bf4
00001c4e
00002d18
00000e71
00001d66
ffffdea5
00000e28
000022da
00002d1b
ffffeb1d
ffffe3c2
00000026
ffffdac8
000018eb
fffff3f4
ffffda6e
fffffc0d
ffffb29f
ffffe414
ffffe1cb
ffffdedc
ffffe7ad
00003228
00001d2d
ffffe255
ffffe87f
ffffc90f
0000135f
ffffd85b
00000785
000007ea
00001dcd
fffff846
fffff5cb
000005e6
fffff1f3
00002b03
000016f3
00001835
ffffe2da
ffffe912
00001994
ffffefca
00000a77
00000181
0000194e
00000d12
00001f74
fffff691
ffffd505
ffffbdb5
fffff624
00000172
fffff3e3
00003263
0000036d
ffffd76f
ffffcdb7
00003a91
00000b31
fffff818
00001760
00000f24
ffffac5f
ffffffda
fffff20f
fffffaa7
fffffad0
ffffd097
ffffebdb
00002bed
00002eeb
00003d1c
ffffd036
ffffd0d0
fffff3b0
fffff2ec
ffffecca
ffffe495
fffff1bd
00000de4
000031f0
ffffe784
0000343d
00000489
fffff65f
fffff84b
ffffe249
fffffff5
ffffe032
000045cf
ffffb78b
ffffb8da
00000143
fffffc7c
fffffbb0
ffffcdf0
ffffcf10
00001ce3
ffffcebb
00001890
00001747
ffffb819
fffff248
00000f30
000044f2
fffff0db
ffffdf8b
00001ba9
0000238f
ffffb3df
ffffede8
fffff2c9
00001144
00001517
ffffc74b
ffffecc6
00002f89
ffffe65b
fffffed7
ffffff31
fffff1d6
fffff67b
000013bb
ffffdeae
ffffd2dd
fffff165
fffff839
0000203d
ffffe242
000048a5
fffff139
ffffcdfb
fffffce2
ffffda96
ffffc486
000035d2
fffffe44
00001f68
fffffc30
ffffceee
00000583
fffffe76
000008e7
ffffc762
00000fe3
00004b67
ffffd484
fffffc7b
000004ff
0000377b
fffff892
ffffe4e1
ffffdabe
ffffe629
0000313d
fffff421
00001b4c
ffffdb56
ffffec8f
ffffec80
0000035e
ffffe24d
00001cfc
00001b27
00002e9d
ffffe019
00000a9b
000014ad
fffff051
ffffde41
fffff38d
ffffff19
000002fa
ffffe010
ffffef60
ffffebd1
fffffc0e
000020b3
fffff975
0000132a
ffffcd9f
ffffe39e
ffffb99f
0000052f
00006003
00002a04
000017db
00003e9c
000039b5
fffff3c6
fffff5d7
00004b0c
fffffe98
00000a9c
0000107d
fffffd5d
fffff9f9
000041dd
ffffc478
fffff30d
fffff1f5
ffffdbc0
00002473
00002cb7
00000705
fffffef9
fffff3f1
00000bd5
ffffcde6
ffffdeb2
ffffed40
000023d2
fffff3b1
ffffe94b
000021cc
ffffd4d7
fffffecd
000020cc
ffffee09
ffffd478
fffff4a7
00002233
00000977
fffff404
00000ee9
000015cc
ffffdd25
000018fe
00001361
ffffeae9
fffff608
00002817
ffffe017
000022a8
ffffd1e8
000002b5
00001b4e
ffffd01a
ffffea45
fffff4cb
fffff74b
fffff503
0000512b
ffffea1a
0000133f
ffffe22f
ffffec02
ffffe66f
00002722
00001710
fffff81a
ffffd213
00000faa
00000eb2
fffff444
ffffe37d
ffffce87
ffffe5b6
00000f73
000003eb
ffffb6e7
ffffe6b9
ffffd02e
ffffbee1
00001782
fffffc43
0000043a
ffffe9e1
00000841
0000237a
00000e08
fffff3df
ffffdeb5
fffffa39
000020ae
000009ff
00000286
00000199
00000425
fffff186
ffffcef1
0000084f
0000315d
fffffab8
00000b7e
fffff77a
ffffe380
fffffbc2
00000804
00000e6a
0000116d
00000603
000008cd
00000679
fffff411
ffffd919
00001665
ffffdd59
ffffe50e
000003e9
0000466b
ffffe2c3
ffffe601
ffffe72e
00004f2e
fffffc0a
ffffeb37
ffffe055
000009db
000017fd
000000ba
ffffe2c7
ffffd4d7
fffff477
00000e60
ffffea99
fffffd6a
000002da
ffffde25
fffff9ba
ffffbf82
ffffe285
ffffec2d
ffffd33b
0000012f
ffffd294
00001e59
000013b5
ffffbe38
ffffd084
00000a17
ffffc6f7
00004a9f
fffff908
ffffd584
ffffde83
000012ed
ffffc817
00001f8e
ffffd96d
ffffdcc7
000000c1
ffffaafd
000027da
fffff559
000006ad
fffffa4e
ffffd22a
000023e7
fffffb6d
00002df5
ffffdf46
0000391c
00001efe
fffff34c
00000983
000020b0
ffffd4e5
ffffce61
0000076c
00000350
ffffe560
00000e22
fffffa19
ffffd66b
ffffb939
0000050a
fffff852
fffff9cc
00000384
00001226
ffffffb6
000009a1
fffffb73
ffffdc8d
00001d9c
000002db
000004ed
0000254c
000009d7
000024c8
0000038d
ffffd6c7
fffff2aa
ffffd178
ffffc6b5
ffffd289
00001df7
fffff926
ffffbb88
0000008e
00001cc4
ffffe950
ffffe9c1
00001984
ffffd87b
00000a87
00002ed4
00005e50
fffffa5d
0000289c
00000739
ffffd7d7
00001621
ffffdec9
0000098d
00003a71
ffffed45
00002547
00000b20
00000ad1
ffffcab3
00001b11
ffffff43
fffffcf5
00000a3f
00000f4a
00001998
0000180c
00000253
000000c6
00002b4c
ffffded4
00002888
fffffe42
fffff808
00002acd
000001a3
ffffe2da
ffffd3ef
00007b44
0000036c
ffffe9c1
fffff722
ffffcba5
fffffb16
000013fa
00002bfd
ffffd92c
ffffd802
0000430f
ffffe908
ffffc3af
00000c71
000001f3
000011f2
000008db
00000739
fffff15a
00000308
000007b1
fffffa72
fffff3b1
00001380
fffffbc9
fffffc48
00002128
ffffe42c
00000c29
00002467
ffffb17a
ffffe98c
ffffdbee
00000cd1
fffffe80
fffffecd
fffff3cd
000006a4
00000dae
00001952
ffffe921
ffffe520
ffffea33
000013e1
fffff8a4
ffffe3aa
00002027
00002213
0000018b
ffffcf3d
00001db1
00000774
00000261
ffffdcdd
00003295
00003456
00001b58
fffff687
00001e62
ffffd279
000000b2
00001ae4
fffff01d
0000408f
000031d2
ffffdd3d
00003396
000055ff
00002874
fffff4c0
0000003b
fffff897
fffffaee
000029b8
000000d0
ffffc5d4
ffffd5c0
0000009f
ffffeef3
0000099b
ffffff29
00000fef
ffffe3ed
00001f91
00000331
0000125b
ffffd96a
ffffe929
00000971
ffffb0ca
00001df3
fffffb70
ffffdf39
ffffeab1
ffffc79d
00000191
0000184e
0000214c
ffffeac9
fffff0ea
0000179d
fffff640
000005c9
00002d7e
fffffd2b
fffff72e
00001fe4
000002be
ffffeb66
fffff9a3
fffffe51
ffffe721
fffffccb
0000016a
00001ebf
0000090b
0000010d
00000e4b
ffffe33e
ffffea63
ffffccf4
ffffe4d6
fffff1f7
ffffe288
ffffff8e
000000a3
00002cad
ffffee53
fffffca2
00000367
00002b4f
ffffc2e3
000001f6
00000293
ffffeb90
ffffe0d7
fffff5ad
ffffc7e1
ffffcc31
00000bc6
00000d14
fffff8df
ffffe9b0
fffff504
ffffc9e5
00000a32
ffffe683
ffffd1bc
ffffdfa8
ffffe431
ffffb4e9
ffffdda1
00004359
000017aa
ffffe7f0
ffffbb23
ffffe285
00000861
00001a98
ffffdd50
ffffedef
00000ee0
ffffe581
00001408
00001153
000024b4
ffffe43c
ffffb0ef
ffffce2d
00001110
000000f2
0000410e
ffffdea2
ffffe00e
000014c4
ffffdbb8
0000227f
ffffe7cd
ffffdb17
fffffcff
0000272f
00000ee1
fffffc95
ffffdd32
0000074f
fffff58b
00002ae0
fffff163
00000f34
00000508
00000d53
ffffcd0b
00000ea9
00000e4a
ffffdf14
00001465
fffff964
00000c91
000030f8
ffffc6df
00000fbf
ffffdd5f
ffffe81a
00000955
00000166
0000018f
fffff935
00000fce
00000ea3
ffffec7c
000001be
00003077
fffff698
00000ec4
000033e0
ffffd030
ffffd284
000041d0
fffffa1d
00000032
00003b10
ffffc2ab
fffffe5c
00003692
00000914
fffff5f9
ffffebd8
00001a70
ffffd4a6
ffffec3d
ffffb6c5
fffff466
000026b7
fffff984
fffffd2f
fffff660
00000c56
fffff7a9
00001949
fffff834
00000455
ffffecca
0000057b
ffffe6b2
00000c5e
00000b1a
00003e62
fffff1f8
ffffe04b
fffffd56
ffffda4c
fffff06c
00003538
ffffc26a
00002a1a
ffffc38c
000016b1
ffffd748
ffffeb1f
000019f6
ffffe860
0000189b
ffffef1a
fffffcd3
00000422
00000284
00004fbf
fffffaee
000006ab
00003509
0000120a
ffffdc1d
ffffdec6
00002d3d
ffffe4fd
00000975
ffffefb0
fffffe82
ffffe54c
00000d9a
ffffb3a4
ffffcc8a
000036f0
fffffcf4
00000e11
00002223
fffff36b
ffffc6c6
ffffd605
00000c28
ffffdd03
00000a44
ffffeac5
000019cf
ffffcf75
ffffeadd
0000134b
00001287
fffff948
000016c4
fffff452
fffff772
0000040f
00001a38
00001a05
ffffd566
fffff26c
ffffe17e
000007b8
fffffdbc
00003be6
ffffee85
00000d71
000013f7
00002399
fffff90c
ffffe78c
00000b65
00000146
000022c3
fffff422
fffff9d8
fffffe28
00000268
00002b36
ffffe711
fffff07d
ffffacf1
fffff881
fffffb3a
00000616
000000ca
00000bc1
fffff025
00003936
ffffeb74
0000001d
fffffdd6
ffffd5a0
00000e5b
0000244b
fffff2a9
ffffe3d9
ffffde44
ffffed1c
ffffcf04
fffffad1
fffff652
00001d76
ffffef9a
fffffa27
0000001f
ffffcf30
00000199
ffffdda4
ffffc635
00002f5d
000004b3
ffffeb29
000001ba
ffffdca0
000030e0
000001bd
000010bb
ffffe0f4
00001d84
00000c91
00000dff
00001001
fffff965
000013d1
fffff91b
00001c9c
fffff255
ffffc686
ffffd63a
ffffbe31
00001e39
00000a00
000007f1
ffffe032
ffffb04a
fffff089
ffffcfc7
ffffd01d
ffffe877
000038e6
ffffdf42
ffffffde
00001749
000029af
ffffe231
ffffe40b
ffffec94
ffffe522
ffffef3f
ffffeb13
00000b54
00000f58
000004f5
00001259
ffffe8d1
ffffee3e
fffff51e
0000152f
0000213d
fffff8eb
fffff561
ffffffbc
00000057
00000d29
ffffce25
ffffe2a6
ffffd708
fffff56f
000009d3
fffff48b
0000098e
ffffdd69
00000810
ffffecb6
00000134
00000dd7
ffffeb5c
000007cd
ffffec99
fffffb43
ffffed39
00000ce6
00000dfc
00000794
fffff39c
000032dc
000011c9
00001795
ffffdda8
00005403
ffffe902
00001211
000029cb
00002bb5
ffffce52
00000fd4
fffff67c
000013be
ffffdee5
00000029
fffff1e3
ffffeb7c
ffffd606
fffff511
fffffb32
ffffe54e
0000143f
000005eb
fffff6df
fffff143
ffffd504
00001ae6
fffff92c
ffffec1b
00000eb8
000030de
fffffa12
ffffe8b5
ffffc496
00001a24
ffffeaa7
fffff687
0000460f
00001a2e
ffffee7c
00002c04
ffffd65c
00000efa
ffffcf68
00003095
fffffdf9
fffffde8
fffff18a
0000109d
00003609
fffff992
ffffeb4a
ffffe13d
fffff47c
000009b0
ffffea77
00000f6b
fffffb7b
00000c5a
00002000
ffffdaa7
0000266e
000011cf
00001ad4
0000366c
0000125a
fffff196
ffffd6ab
ffffce9c
00001785
00002435
00001847
ffffe527
fffffa94
ffffe9bf
0000035d
00003e72
fffff1c1
000011df
fffffe44
00002787
fffff679
fffff2a7
0000083c
ffffef04
0000079e
00001135
fffffeb0
00000168
fffffc76
ffffddd7
ffffd911
00002ac1
00000179
ffffd0bb
ffffe22c
fffff693
ffffd086
ffffd42e
ffffef22
ffffd26a
00000aed
ffffe6e0
ffffd7ef
000011fa
ffffca96
00002c3b
000022d0
fffff45d
ffffb2e3
ffffe713
ffffc799
ffffff08
fffff9d6
fffffb1b
0000185d
ffffe6fe
fffff524
000001d4
00000c0b
fffff776
ffffd4e0
ffffd13e
ffffde67
000019c7
ffffe2f2
00002c4f
00000541
ffffe399
fffff38f
fffffd20
ffffe986
000052a7
ffffedaa
00000686
ffffd2e3
000039b5
ffffd79a
00003e25
00000a08
fffff164
00001fd7
ffffca09
00003ec0
00003283
0000096f
000014fb
000016d4
ffffdebf
ffffde9d
ffffc78f
ffffaeb3
fffffe5b
000014b5
fffffa37
ffffef48
fffffe53
00001764
00000ee4
ffffdcb1
ffffe09e
0000054f
00002cfd
0000354c
000009bf
fffff466
00001494
fffffe0c
00002d1f
000021dc
ffffec36
fffff526
00000d53
0000224f
ffffe2ea
ffffe650
ffffee0b
00002fff
0000373c
fffffc84
ffffeaf4
fffffe16
ffffeff9
00001c0b
00000996
fffff702
fffffbcb
00000679
ffffdf0d
ffffe0a9
fffffb03
ffffdf8b
0000206a
000001aa
fffff8d6
000006b3
ffffe973
00000b9d
fffff908
ffffd655
00000c79
fffff3fe
00000d09
00000c36
00004d50
00002bcc
ffffd61d
00000c2a
00001ae5
00002e2b
ffffd541
ffffdb99
000011e7
fffff74b
fffffa3e
000003d6
ffffee7c
0000183e
ffffcf4f
0000199c
ffffec68
00001c85
ffffd959
fffffaba
00000d14
ffffec82
fffff95a
fffff759
ffffde60
00001d0d
ffffc9e8
0000071b
00001b8c
00003e28
ffffc57d
00000685
0000388f
00002503
ffffc28f
fffff4b1
ffffea8e
ffffecf1
00002863
00002916
ffffeec5
00001fea
fffffba8
fffff3c7
ffffecea
ffffeb3d
fffff29a
ffffdfc8
fffff6f6
ffffed38
fffff186
ffffffdd
fffffa91
000004d5
0000046c
000017c2
fffff787
ffffe574
fffffa5b
000017bd
ffffdbb8
0000125e
00001c7e
fffff9f7
00002aab
00000005
0000161d
ffffec15
000019cd
0000224b
0000188b
00001867
ffffd7cb
fffffb9f
00001ea1
fffffa9f
00000ec9
000001b8
000012df
000006cc
0000154e
ffffb696
ffffdb94
00002409
ffffdc8b
fffff6b1
00000de1
00005d10
000007c0
fffff1c6
fffff777
000010b3
ffffd300
00001e97
00000a5f
00001523
ffffb6dd
fffff731
000008c2
00000719
ffffdce3
000008d7
fffff31c
0000118d
fffff9ab
ffffe009
ffffdf4e
000002d8
ffffd9d4
ffffe702
fffffb17
ffffff32
ffffdf6d
ffffdb20
00001f86
fffff4d8
00004d07
ffffe354
fffff7f3
00001a98
fffff04e
ffffe172
0000251d
fffffe92
ffffe2e1
ffffee34
000008a1
ffffdf55
00000341
ffffed4a
000010c8
00002947
00002af4
fffff20b
ffffb532
00000204
0000103e
ffffe438
ffffd117
ffffc0aa
fffff50a
0000402d
fffff58e
0000133d
ffffd8f2
00000e65
000006d2
00001c5b
fffff998
000041c0
fffff180
fffff811
fffff693
00003099
00001140
ffffd6fb
ffffea17
ffffcfd3
ffffff4d
ffffd8ee
ffffe8a2
00001aba
ffffe847
00000735
000012cc
ffffe604
ffffff0d
0000131d
00001dab
ffffeb31
fffffe4b
ffffe530
00001faf
0000066d
00001137
00000ebc
ffffee8e
00000257
fffff95a
0000211a
ffffed6b
ffffea6a
00000488
ffffee26
fffff5b4
000008ca
fffff909
00000808
ffffedad
ffffe208
fffffe19
fffff812
00000c58
0000013c
00000e62
00000b9c
fffffe07
ffffe2ce
fffff501
fffff8cd
00002736
00000286
fffff2b6
000043b6
fffff9e6
00003938
ffffd527
ffffe852
00000fa5
ffffe051
00001d9d
ffffeae3
fffffe45
fffff495
ffffe4af
00001db4
0000201e
00000859
ffffe166
fffffa51
00000b29
fffff8a9
fffff9cb
ffffde58
ffffedb5
00001e5d
00000aa5
ffffdd82
0000179f
ffffd194
ffffdae3
ffffef21
000005d8
0000063c
ffffd494
ffffefee
00000d90
00001e15
00001c7c
fffff55b
ffffde2b
00000dee
00000f2b
00004e67
00000247
ffffeb39
ffffff22
0000350e
00000f2a
00002e1e
ffffec2d
00001814
ffffd913
00002db7
00001437
ffffd412
ffffb622
ffffda19
00002dc3
000035d2
ffffef6c
00001780
00000a17
00000ca3
fffffb88
ffffdb21
000004da
ffffe09a
0000255b
ffffc509
fffff106
ffffe268
00002986
000001b1
000010b4
ffffd838
fffffad2
ffffe9f8
00001250
fffff9d9
ffffeac8
00000885
ffffd05f
ffffdea9
000020bf
00000ae0
0000001b
ffffc912
ffffea06
00002824
00002797
000011f1
ffffcca3
00000149
ffffd383
000006af
ffffff9d
00001c7c
0000040d
ffffccfd
00000dd9
ffffde51
ffffd174
00002b1a
00000d77
ffffe830
00000754
ffffeaaf
000029af
ffffe881
ffffe40d
00001890
000015ee
00001e8f
000013af
fffff10a
fffff7b7
ffffddc5
00001582
fffffef1
000003d9
0000120f
ffffdb1e
0000244a
ffffdee2
ffffc54d
ffffd609
00000d1d
fffff9f1
ffffec6b
ffffea16
ffffe508
00001cae
ffffa6c8
ffffcbb6
ffffc49d
00000d02
00002dfd
ffffde22
ffffeaa0
0000051b
000031d4
00001343
00000955
fffff6b7
fffff8b2
ffffeff5
ffffed64
000005d4
00001488
ffffd298
ffffd7ac
fffff745
fffff288
ffffb86f
000009d5
0000063a
ffffebc9
000011e0
ffffff29
fffff8ef
ffffd827
ffffdf10
00003020
00001154
00001852
ffffe984
000017af
00000795
fffffe58
00000330
00001424
ffffe3e2
00002e07
000024be
ffffe67b
0000144b
00002772
0000266c
ffffb2e5
00002642
00000aca
00000302
ffffed60
00001d90
fffffc9d
00001b3d
ffffcaca
000007a7
00000614
00001498
fffffa66
ffffbf8a
fffff71a
ffffe652
000011d4
00000061
ffffea7c
00000561
00000dae
00000b82
fffffa7d
0000393f
ffffe305
ffffe5e8
fffff1e5
fffffa39
00002a74
00000c48
000004e3
00001e08
ffffef09
00001d52
ffffc0e4
00001817
000041e2
fffff36e
ffffe2f8
0000177d
ffffd71d
0000036b
fffff7e8
000002ce
fffffb53
ffffedd6
000031b6
00001a4e
ffffebac
ffffd161
ffffda57
ffffe294
fffff41c
ffffd861
000019f8
00000a20
00002c6d
000049d0
00000ba1
0000136d
ffffcc76
000014cf
000024fd
00001a2c
ffffc27f
000026ef
00000265
0000077f
000007a5
fffffa78
000005d4
fffff6b2
00001053
00001284
ffffebac
ffffe95b
fffffdea
ffffe498
ffffe39b
ffffdebd
ffffc88d
000031a3
ffffc819
ffffe8cc
0000182f
ffffd2c2
00001ba0
ffffd4bc
ffffef79
ffffbcab
ffffd949
00000448
fffff174
fffff1cb
0000074f
000000cf
00000520
000008a6
ffffdb1d
ffffe6c3
ffffe40f
ffffeb26
fffffd34
ffffb62b
fffff52b
000001b6
fffffbd8
00003b3f
00000955
000016b5
000016a3
000007dc
00000411
ffffdd7c
0000116c
00000791
00000c92
ffffe93b
00001007
ffffe5bd
ffffff36
0000039b
000004ac
0000270b
000004a6
00001425
ffffc851
ffffcbc2
ffffbfcb
ffffb2fc
0000200b
000004c1
00000594
0000032c
ffffd9b6
ffffe446
ffffdd3c
ffffe505
fffff23a
00000f62
fffff360
00003120
000004e1
00001e8e
ffffe6e7
ffffdd95
fffffa70
00002ba9
00000873
ffffef2e
fffff30c
0000188b
ffffe46b
00002a54
00001602
fffff27e
00001062
00000650
00001053
0000167d
00001356
fffffdb8
000016de
00000258
000036bd
fffffdf5
00001821
ffffec95
fffff052
fffff277
00000ed4
ffffe7f1
00001897
ffffcd9d
0000294c
00000724
fffffedb
000034ec
ffffeb12
00000c8b
ffffebdb
000000ab
000020ec
fffffdbb
ffffd222
00000877
00001c5f
fffffca1
ffffbf52
0000465c
ffffdee7
000032e8
00004066
00002af8
ffffe661
ffffea80
ffffd6a5
000000f1
ffffce8d
00001c38
00001cbf
fffff651
fffffc66
fffff0b8
ffffe826
ffffd6aa
00002a58
ffffe955
fffff640
fffff956
ffffcef3
00003607
00002da8
ffffd5c0
00000aea
00001564
fffff762
fffff2e4
ffffbfa5
00002edb
00003cdc
00001c5a
000025b0
0000140c
00000170
00001828
ffffc4ff
000027be
ffffe754
00000e4a
ffffe51f
000018b4
0000003d
ffffccc1
000023f8
ffffeb11
00000ae0
fffffae4
ffffe899
000031ba
ffffdb97
ffffe24a
ffffe04b
ffffd8ca
0000151d
ffffe9bd
00001c1e
00002067
000018b4
00002bfe
ffffd1df
ffffe665
ffffe1c3
ffffd005
000002aa
0000212a
0000035e
fffff08c
ffffea87
ffffcff8
fffffc84
00001bf4
ffffe2e2
000009e0
00000b22
ffffebd0
ffffe7f3
00000bdc
fffffd26
00000c90
00001c72
000016e3
fffff35e
00001fc5
00000c31
ffffd8bf
ffffc7a7
0000106a
00000256
ffffc09b
ffffd5ea
ffffe101
ffffea20
000000f9
ffffd243
fffff2cc
ffffedff
ffffea55
ffffc971
000002e2
ffffd5d5
fffff922
000002a6
fffff987
ffffc1c3
ffffeec1
ffffcec0
000004e9
ffffd3d8
fffffa4d
00000d9a
fffffb54
ffffe50f
ffffea1e
ffffeae4
000015a2
fffff688
ffffce1c
ffffee1f
0000023f
ffffeb81
ffffef4f
000018f7
ffffebe6
000012a0
fffff5b9
00000390
00005dd2
000016cd
ffffe595
fffff6cb
00002c7d
00000397
000015c6
000014a9
00001f72
00000411
ffffd87a
fffff64d
00000356
0000039b
000006f6
00001372
000006da
ffffd912
ffffdb4e
ffffa338
000019ac
fffff1f6
ffffedf5
000019c4
00000a45
fffff1c4
000032f3
ffffd5c9
000001be
00001b77
fffffc86
0000086b
fffff9c4
ffffd894
ffffeefd
ffffd70d
00001be8
00002059
fffff901
ffffc12a
ffffffba
00004e05
ffffffff
ffffeb41
ffffd5a4
00001b6c
00005451
ffffd563
fffff7c8
fffffce3
ffffe648
fffffad0
ffffe813
fffff607
000018ae
0000045e
00000ad1
ffffe560
0000027d
0000034f
000005b4
000044b8
00002b6d
fffff586
00001421
ffffe390
0000026e
ffffd40b
ffffebbc
ffffd7f1
ffffe8a9
ffffe51d
00000627
00004602
000013f1
fffffa08
fffff384
fffff7f0
00000d75
ffffd5d1
fffff609
00002c25
0000166f
00003561
fffffa1d
0000254f
ffffbece
fffff550
fffffee6
ffffedb4
0000098a
00001e27
ffffeb6f
00001f64
ffffdeed
fffff0af
ffffd284
ffffebdc
000012d5
00003097
fffff60a
ffffe9c4
fffff1ae
ffffe8e5
fffff27a
ffffc260
ffffff15
ffffde23
00002cdb
000015f7
ffffc63f
000002af
00000bb2
ffffd595
00000a14
ffffeab8
ffffb88c
0000287f
000011f6
ffffe257
00001110
00002392
00002e10
000013c1
ffffed6e
000037dd
000020c5
fffffd02
00000a43
fffff639
ffffe7ca
00000020
ffffef6b
00003af0
ffffef3f
00001b4f
ffffcd6a
ffffdc33
0000093a
ffffef4c
00005d8a
00000c62
fffffce6
00000ec2
00000920
0000387f
ffffdd01
00001358
ffffff32
00003e2d
000047a4
ffffddc1
00000a92
fffff00f
000040fb
fffffb45
fffffc93
fffff2d8
fffff3e7
ffffda53
00002973
0000114c
00002514
ffffe971
0000174f
ffffec5a
00002ef2
00002bd9
0000360c
fffff3bd
000019c0
000014b6
00001851
00001e54
000007b9
fffff219
0000059f
00000312
fffffdb9
ffffdd40
00002207
ffffd25e
0000381e
ffffd72b
00000ed4
00001a53
fffff69b
00000419
fffff6f0
ffffe219
ffffe0f4
00002d4e
ffffd7dd
00001974
fffff55b
0000538c
ffffb8a4
0000137a
fffff646
00001cc9
00001ec7
00000ec3
ffffda1c
000013a8
00001a45
00000eb9
ffffd498
ffffd0be
00004fb8
00001d83
fffff8d5
000024f8
0000121c
000005b7
fffff5f5
00000c7d
ffffd57f
00000ec0
ffffcfce
000000c3
ffffde77
000000bf
00001eca
fffff1a9
ffffed07
ffffe574
ffffe18c
fffff8e7
ffffd4ef
ffffe249
00002514
ffffe44f
00003e85
00001687
ffffe704
ffffdf0e
ffffd31c
000020a0
00000d21
00002b34
ffffec65
ffffd88a
00000496
00001c9d
fffff8f5
fffffebb
00002a4a
00000cc6
00001d84
00000b32
ffffeca0
ffffdcf2
ffffc499
0000022f
ffffe656
000024f8
ffffe56e
ffffc33c
00003f91
0000224f
00000af1
00000a9c
00002250
ffffdca5
fffff8e9
ffffea59
000024a2
0000265d
00000a60
000015aa
000004cb
fffff929
ffffec5c
000009e1
00002a8c
00000f1d
ffffd63b
00004684
ffffff2e
000009d7
00002712
fffff660
000060fb
fffff536
00003402
00007107
00000eb2
00003518
00002060
00002859
0000082b
0000021b
00006325
0000383f
00001e5e
000016c0
ffffe0af
ffffcf09
00001735
000017c9
fffff006
000025b8
ffffbeeb
00001ace
fffffecb
ffffea70
ffffde8c
fffff964
fffff5c6
00002036
fffffa0f
00000cbf
ffffe283
00000add
00002263
fffff01c
000025d3
fffff2a7
fffffb07
000008ff
0000065b
000010c3
00001436
ffffc2db
00000c03
00002987
fffff810
fffff33c
fffffeb0
ffffe42c
ffffd1a6
ffffe17a
fffff760
ffffd978
00001701
ffffd02a
fffff961
00003d8e
0000273a
000025d5
00000f79
00001932
ffffec84
fffff94c
ffffbc9e
00002faf
ffffec33
00001e9d
fffff282
fffff108
fffff363
ffffde01
00001c44
0000262e
00001696
000025ca
ffffdb7c
ffffdc2e
00001094
ffffc43a
fffff80c
ffffc438
ffffb818
00001203
00002f9d
00003200
0000127d
0000153c
ffffe1ee
ffffea56
0000272c
ffffe1bf
ffffe0b3
ffffecec
0000058a
ffffd587
0000081d
00004456
ffffeceb
000007c8
fffff6b2
000021ed
ffffff5b
0000089c
00002546
00000c53
ffffdd78
00001704
000037ee
0000128a
000022cc
00005187
ffffe2ba
ffffee49
00000f7f
00001b01
0000234a
fffffc2a
00001d79
000017f2
ffffd6ac
0000125d
00001e0b
fffff7a0
00000c13
00002ee0
000021c8
ffffde59
ffffe784
ffffd0ee
00000793
00000271
000000ec
fffff50f
ffffecb8
ffffe086
00003910
00002e26
00001c7c
00001abc
00001954
ffffd659
00002ff5
fffffcc1
0000312f
00003df6
00000a92
0000091a
ffffef78
00001526
fffff95f
fffffb13
fffff299
ffffedbd
ffffee94
fffffcab
00000bb3
ffffe524
00000bd4
000019c9
fffff95c
00002eb8
ffffead1
ffffeb8c
000015a3
00001037
ffffe2b2
ffffef72
ffffccbf
0000021f
00000f9f
00003181
ffffe228
ffffec4f
0000033e
fffffb27
00001051
0000059d
ffffe511
00002d2a
ffffcf73
00000bb3
ffffedbc
0000091a
000024f1
fffffb1f
fffff69f
ffffe593
ffffff78
0000174a
ffffbf59
000022e1
00002963
fffff915
ffffc300
ffffe069
fffff0a6
00001922
ffffd0f3
fffff34b
ffffcad8
ffffd930
fffff880
ffffe553
000015ac
ffffb3f7
fffff099
00002482
00003151
ffffe561
00000601
fffff346
00000af4
fffff01f
000007fd
00001653
ffffd88a
00000386
0000085d
0000161b
0000063d
ffffe04d
00002a3e
0000063a
00003c9d
ffffeec4
00001331
ffffc332
00001133
00002ee2
0000159a
0000126f
00000551
fffff112
fffffe0f
ffffdff2
00001ce6
ffffef5d
00000ee2
fffffd3e
fffff47b
0000101e
0000024f
000001fb
fffff086
00003fb9
ffffffd1
ffffcc0c
ffffea98
fffff814
0000141e
00001e25
fffff949
00001202
000006aa
00002a2c
00002f5c
00001644
0000355e
ffffe5d4
fffff8ce
fffff633
00003eeb
fffff9cc
ffffe1c5
00001a49
00001779
00003c8f
0000388c
000058cc
ffffd55b
00002801
00001237
00000fc8
000012b7
000008a7
00001cb0
00000ee8
00000c21
00002a49
ffffa449
ffffff30
ffffe799
ffffebfd
ffffefb9
0000472a
000007f0
fffff552
ffffe285
00000eae
fffff6c8
00000a28
00000801
ffffcf3c
000014bc
0000290e
ffffe3ee
fffff32d
ffffd715
ffffe802
ffffe0b9
000031be
00003865
fffff3df
fffffa5f
ffffcb73
ffffc1ef
ffffd830
ffffe029
fffff71b
ffffea88
00001291
0000225d
000013fe
00002bd9
00000a56
ffffe47f
fffffaaf
00002953
fffffb3b
ffffe5a0
fffffb9e
000005a2
fffff34f
00001a5a
00000aae
0000102e
00001344
00001ed1
00003b48
00000bb3
ffffec68
0000020f
00000b97
00001088
00001755
00001cd8
00001596
ffffe189
000002ab
fffff579
00001b73
ffffee02
fffff07d
ffffc90c
00001c58
00000089
00002eb3
00003546
ffffd544
fffff43b
ffffcd44
00000f98
000020e5
ffffe0f4
ffffe47f
00000c0a
00000a6e
00001079
ffffcd6b
000028f7
ffffed0c
00001030
00002336
0000108e
ffffe080
000001d2
0000034a
ffffe32b
ffffe015
00000a88
00005618
fffff8a9
ffffbf0f
ffffe8d6
fffff306
ffffdcd0
ffffe0dc
00000d84
00000be8
fffff80e
ffffc21e
0000135a
0000081f
ffffd413
ffffe842
fffff7dc
ffffffd8
ffffed2f
ffffff8f
0000175f
00002ac0
000014cf
0000048a
fffff700
00002eef
000014d7
ffffc815
0000103b
ffffd674
fffffcc8
00000780
0000021d
ffffde8f
ffffe2af
fffff5be
ffffd83e
000007c9
00000cd6
ffffddb6
00002596
000008dd
ffffe77d
ffffeed0
ffffcaec
000033cb
ffffc6ff
0000121d
00000f21
00002c68
ffffe9d1
00000888
000001e8
ffffc12f
ffffe0c2
fffff992
00002fb3
ffffc360
00001b79
fffff946
ffffe8a8
fffffc45
0000141d
ffffcaaf
fffff6f8
00002208
fffff756
ffffd3a7
0000661d
00000cee
ffffe073
fffff8e5
ffffea10
fffffa09
0000044b
00000403
ffffe384
ffffd0e7
00001a6f
ffffff73
ffffe736
ffffe196
ffffee30
fffff0e4
000017fd
fffff910
fffffae4
000007a2
ffffeb66
ffffc29c
000006b7
ffffd277
ffffe2da
00000850
fffff4ea
ffffa56e
00000f6c
ffffde98
00001810
ffffd463
ffffe1e0
fffff93f
ffffddbd
fffff41f
000029ee
ffffe924
fffff392
ffffe93a
ffffe2aa
ffffd5d8
000006ed
fffffa3e
fffffbc0
fffff03b
fffff327
00000e35
00000597
ffffcd51
0000457f
000006fa
ffffd3c7
ffffcb69
00002238
0000185d
fffff240
000042e1
0000110a
fffff0ec
ffffe1e5
ffffeb70
ffffe8b5
00001f3e
fffff37d
ffffe70b
fffff469
ffffdd37
fffff34f
ffffe145
000012b8
ffffd93b
ffffe1d6
000015c5
fffff846
00000514
fffffba7
ffffeb3f
ffffe74d
ffffe35c
00002168
fffffe99
ffffe954
ffffd207
00001995
000004fc
0000006a
000025e4
ffffe43e
0000051d
0000069d
000030fb
fffffca4
ffffef1e
fffff5f6
00000536
000082ce
0000069f
fffff3aa
00000fb6
00000f90
000023db
00003300
fffffc6c
ffffe8ab
ffffdcf6
00000ba2
ffffdf59
0000065d
00001811
00002d2a
00002a08
000017ee
fffff43c
ffffed04
000001ea
00000a4a
000020fc
ffffec17
ffffe2a2
00002107
00000001
000013a4
000012f6
0000057b
fffff060
00000631
ffffd9d6
ffffd7fb
ffffc410
fffff902
00003a7d
ffffefb6
0000138a
ffffcfd0
ffffea15
ffffe8bf
00001a3e
ffffe6a8
ffffcc81
ffffef98
00003cab
ffffcc64
00001ca1
fffff67f
ffffd72a
000010be
0000236a
ffffeb48
0000141a
00001141
00000e43
ffffc513
ffffe2c9
fffff7ac
ffffd2ef
ffffd860
0000040c
fffff187
00001001
00000763
fffff321
000016f1
00001f3f
fffffa58
fffffb06
ffffdd1b
00001a16
fffff812
ffffe7ea
ffffea7a
ffffcd09
00005052
fffff63e
fffff4a8
00000706
ffffef20
000021f1
ffffe314
ffffe063
00000ee2
ffffeb0d
ffffde36
00001d78
000031b5
fffff71b
ffffff57
fffff0b7
00000d68
ffffe00e
0000066b
ffffc4fb
00002615
00000578
ffffdfec
00000b06
00003054
000004f0
fffff773
00003503
ffffdf97
00000720
000006b7
ffffce11
fffff9cb
0000068e
0000010a
00000c81
000000ae
00002273
fffffe97
fffff73b
0000287b
00001582
ffffd56b
0000147c
0000294d
00001b3e
0000019d
ffffd740
00000210
ffffff1d
000034ed
ffffd5a3
000000f5
000046eb
ffffe6a3
ffffecf8
fffff92f
fffffdb9
ffffd8fd
ffffe93e
ffffe38b
00000ac6
fffff669
ffffeafd
000059ea
ffffe65a
000004cf
ffffe90b
ffffe888
00001110
fffffeb2
fffff15b
0000332e
fffff5ed
ffffe5b6
00000175
ffffdd00
000005c7
00001caf
fffff98a
ffffd7cb
fffff720
00002ca6
ffffe6f3
ffffe916
000049d9
ffffff52
00000b9c
ffffd0d1
ffffcc61
ffffc876
00001861
0000244d
00001316
ffffd2b3
000042db
fffff6a2
ffffdc57
ffffe58a
000048cd
00002643
ffffd796
ffffe0ec
00002a96
ffffd6bb
00001ac5
ffffbdc4
ffffe124
fffff579
ffffc7ed
0000318d
00003761
ffffe1cd
ffffc7cc
ffffd1b2
000004be
fffff2e6
ffffdc37
ffffd499
fffff343
000011ef
fffff945
fffff504
0000026a
000028f5
00002171
00000ab9
ffffb895
00000305
fffff767
ffffd1df
ffffda6e
00000f4a
fffff883
0000011f
00001235
00001f45
fffff8ac
fffffd50
fffff39e
00002019
ffffe982
ffffcc6b
0000015d
fffff5d3
00000ea1
00000979
fffff035
fffff592
fffff54d
00002cb1
fffff5a7
ffffedab
ffffe4c2
ffffca4b
000001c9
0000191d
00001237
00000eb8
ffffc24d
00001010
00002b80
ffffefc5
0000224f
0000132b
0000298f
00002624
0000166a
ffffc4b6
00000704
00002627
ffffee24
0000078f
ffffeb7c
ffffdf93
ffffe659
fffff4ff
00000486
000001cd
000002c0
ffffcb1e
ffffeef4
00000174
ffffd839
fffff706
00000ba9
000023aa
ffffff72
ffffdd5e
fffff01b
ffffe791
ffffef50
fffffd4b
00000554
ffffe57c
ffffee7b
000016d9
00000b31
00000ccf
ffffede7
fffffdbc
fffff716
ffffe74d
0000286f
00000984
ffffc359
000012a1
00002593
00003f7b
ffffd615
ffffff96
000010da
00000dbd
00001e3a
00003610
00001224
ffffdb41
000016fb
0000066e
fffff51d
00000219
ffffe211
00001b07
fffff1ae
00002256
ffffde4b
00000f4a
000012e8
ffffe866
00001cc3
fffffa23
ffffc31d
00001978
00001bb9
ffffeb2b
000003a6
00001796
fffff6f5
fffffdb2
00001ec8
0000144e
ffffe588
00001cae
0000392d
00001b84
00002eb2
00000ab9
ffffe03d
ffffea41
00000740
000004d0
00000903
000022bc
000035b8
ffffbcd0
00001c69
ffffbaff
fffff0bf
ffffe63f
ffffe907
fffffe55
ffffc840
00000008
00002163
0000093d
ffffb1d6
00001d96
00000e02
ffffe741
00001940
ffffbfc7
ffffe38c
fffff9ef
ffffe350
00002159
ffffed7e
000007c1
000020ff
fffff459
00001047
ffffb92d
ffffefc9
00000fa7
00001f4a
00000a24
00001493
ffffecc3
00000c3b
fffff959
ffffd5ad
ffffe65b
0000274f
ffffd28d
ffffcf30
000024be
ffffec58
ffffee00
000019f3
00001450
ffffdbee
00000aa0
0000227a
0000127c
00000c7e
00001a21
00001379
ffffd098
ffffe564
ffffddb7
0000214d
fffff8cb
ffffd611
000014ea
00001086
00001caf
000033e4
0000216d
ffffe533
000020b7
0000302c
ffffd875
fffff3d5
ffffb604
ffffe09b
ffffde07
000009eb
00002f60
000024c3
ffffdd1c
ffffe128
00001a25
0000039c
ffffe1bb
00002119
ffffecbb
00001633
ffffc725
ffffd680
ffffd8de
ffffe704
000008c1
ffffc756
00000668
00001dd5
ffffead4
00003faa
00000a88
fffff8d7
000014d2
ffffe415
000015c5
fffff9d9
00002237
ffffe037
00001758
00000975
00000163
00001586
00000bfd
ffffd71c
fffffb87
0000286c
0000022a
ffffe67a
ffffe465
00000845
0000090c
fffff2fb
fffff34d
fffff08d
000008a3
00000f3d
ffffe1c5
fffff9a8
0000375a
00001d33
fffff1e9
00000870
fffffd3a
00003062
000020d2
fffff866
ffffdb41
000044f9
fffff03c
fffffadb
000031d0
00000775
ffffdb3f
00000d43
fffffb21
000000ce
00000d27
ffffe450
00001191
000050b8
0000173a
000044d1
fffffa7d
ffffd5a2
fffff61f
ffffea90
ffffdffa
0000000a
000052b8
ffffe317
fffff463
00001378
00002523
ffffeec6
00004173
ffffca45
fffffcc1
0000264c
00000ce9
fffff02e
000008a8
ffffe7ab
ffffce31
00001281
fffffdbd
ffffbca4
00001945
ffffdda1
ffffddb2
ffffe14a
000008f8
ffffc567
00000968
00000f2b
00001cb2
000006e9
000004e0
fffffeea
00000e6f
00001552
00001e15
ffffedcd
00004512
00003303
00001d98
00000b05
00002ea2
fffff6f7
ffffdb72
00000641
ffffe872
00001cca
ffffe554
000043e4
ffffeb34
00000e66
fffffd10
ffffcfd2
ffffeea1
fffffa30
00000c8f
fffff0c2
ffffe813
fffffcc5
00002e0e
ffffd4c6
fffff4a4
00000430
ffffee09
ffffd016
00000be9
ffffd6cf
000023d3
ffffd6de
ffffe11d
00002374
fffff19e
00001545
ffffeca3
0000218d
ffffe6bb
ffffcde7
ffffd297
00001cbc
ffffd1a8
000021ff
00000ced
0000075b
ffffc6c3
ffffdf22
000009e5
000034b0
00001f1c
0000118b
0000034d
ffffcdf3
ffffd9d5
ffffe2e7
fffff8f5
ffffcba1
00000cb9
00000c4d
000029f1
000037e9
000000be
00001d38
fffff054
ffffcfa7
0000181b
00000c1f
ffffef46
00001eda
00000bc0
ffffebe7
ffffefb0
00000924
0000102e
ffffcd5d
fffffa2a
000015a4
ffffee0b
000002f8
ffffe760
ffffd8f0
000032ee
0000129d
00003567
000040af
00002621
00003210
ffffbdab
ffffcbc4
ffffeffc
fffff389
000023aa
ffffee67
00000bab
00000c87
ffffe8dc
00002083
00000116
fffff834
fffffd39
000052ca
00000c60
ffffeeef
fffffc36
ffffd552
000015f8
00000cc0
ffffd17d
fffff0df
ffffcf4e
ffffbe19
000015ed
0000187b
fffff8be
00000855
00002b7e
ffffd6e7
0000138b
00001cfa
00000dd6
00003303
ffffebfb
fffff6eb
00004209
0000245f
ffffd254
00001564
ffffdd2f
00001505
ffffe958
fffff2ef
fffff836
ffffe6e6
fffffc60
ffffe126
ffffc621
fffffd5a
ffffe5f2
fffff63f
00000c8f
0000298d
ffffd1ae
00002d68
000003fb
ffffe831
fffffeab
00001cc7
ffffe549
00001a28
ffffdb8c
00000902
ffffecdc
0000043c
ffffd6e7
0000050f
00000361
000004ff
ffffc536
00000cc1
00003599
00000472
fffff492
00000b0e
00001734
fffffc09
fffff914
000017ba
ffffdafe
000015e7
ffffe904
00000385
ffffcc3e
ffffe36f
000026a0
000016ed
ffffe9bd
ffffeb12
ffffcf77
fffffd71
0000073c
ffffc76b
fffffd69
00000bfe
000031da
fffff962
ffffd26e
fffff21c
0000253a
00000ca8
ffffee70
ffffeb42
ffffdc23
ffffd76c
00000df3
00000b03
ffffc714
00000bfc
00004b02
00002121
0000151c
ffffeff2
00000245
ffffc91c
ffffe88f
ffffb754
000012fb
00000f42
00000ff2
ffffb2ec
00001876
0000095e
fffff96f
00000601
00004133
ffffe667
ffffdf3f
ffffffa8
fffffce9
0000022d
0000213c
0000289f
0000180f
00000bae
ffffe082
ffffea99
00000300
0000315b
ffffe785
00000053
ffffd9fc
00001669
000013dd
fffffad4
fffff74e
ffffeb98
ffffdc42
000034fc
00004ba1
00001e12
000026a2
0000201e
fffff2f9
ffffff8c
00003a99
000006ae
000020f0
000028c5
ffffdb99
00000d81
fffff3b3
00002f8d
000033de
000004d4
fffffb15
00001c35
ffffc7ab
000004b1
fffff086
00003168
00002d0a
ffffe4e4
ffffeb0f
ffffc387
00000e85
ffffdb39
00002c7a
ffffe40e
0000193f
0000024c
fffff10f
00000a20
0000053d
00003d18
00000b18
0000369a
fffff213
ffffec85
00000317
ffffceed
fffff1ef
00000f4b
00001d7a
fffffa98
00000b9a
fffffe33
fffff422
ffffd242
fffff070
fffffd33
00000b9d
00001658
00002f3d
ffffdbfd
ffffdefb
00004bf9
000038f3
ffffda00
fffffa1b
00001a54
ffffaf33
ffffd6bc
ffffe20e
ffffe913
ffffe46a
ffffb05a
ffffcc5c
000011a0
00003337
00002df9
ffffc4fd
ffffd3e3
0000035f
ffffdd07
ffffea16
ffffdadc
ffffee80
000012ee
ffffee32
ffffc36b
00004aa5
fffff177
fffff0e3
0000016d
ffffbd2e
fffff852
ffffc657
00002a36
ffffba5c
ffffd4c0
0000134e
000023db
000005d8
ffffe166
ffffdd71
00002eea
ffffe4a0
0000435d
00000c70
ffffa608
ffffd758
00000dec
00004b73
00000faa
fffffad6
00003158
00000d52
ffffd061
ffffe60b
000013d3
00000578
000011d9
ffffcf17
ffffdde1
00003168
ffffcbbb
0000148a
00002bc2
fffff77b
fffff51f
00000ece
ffffea9e
fffff3a5
ffffde89
0000034f
00004d85
ffffd591
fffff6d0
ffffdfe2
ffffcc1e
ffffed1c
ffffd992
ffffe00b
000029b0
fffff5df
000023ea
fffff9ac
ffffed4f
0000054c
00000efc
00002add
ffffc323
00002778
00003b58
ffffdaba
fffff1dd
0000017c
00002b7c
000009ee
ffffffc5
ffffe5a4
fffffd96
00002971
000002b9
000013ff
ffffc172
ffffda37
ffffd94b
0000224e
fffffb2f
00001b29
00003eca
0000205f
000010e2
0000067b
00002516
00000dd4
fffffb43
00000445
00001c0a
fffff5b6
ffffc4f5
000009cd
00000ce1
fffffbc6
00002818
000004fe
00000051
ffffd488
00000170
ffffd28c
fffffa56
00006580
0000145d
fffffaac
00003f2a
00003968
fffff3bb
000004db
000030a1
fffff2fd
0000192a
000009e2
00000ab6
000002a2
000033c9
ffffdb97
ffffe2dd
00000657
ffffcee3
000021bf
00002ac6
00000d98
ffffd45f
ffffe501
000014d5
fffff9ec
fffff930
fffff4eb
00002fbc
ffffde9b
0000142f
0000102f
ffffd0e5
00000128
000037be
000005e4
ffffcc75
00000ca1
000034f5
0000093a
fffff206
00002a9b
00001798
ffffcf22
00002705
00002b92
00000be5
00000c56
fffffab8
ffffe42c
00001da4
ffffc146
000011fb
00004097
ffffe018
ffffe747
fffff5fc
0000167e
fffff1b1
00005617
00001ea6
00003214
ffffe7b0
00000023
fffff748
000032aa
00000396
ffffe8b2
ffffd654
000021e5
000013f6
000018f2
fffff305
ffffda65
fffffdc0
000017ea
000016c0
fffff060
fffffc12
ffffd944
ffffb1b9
00000ca7
ffffdba7
ffffecd8
ffffda31
fffff2d1
0000007a
000012ad
fffff8ff
ffffcb19
00000e2f
0000235e
ffffee64
00001ab7
00001507
00002198
fffff196
ffffff9a
fffff7a5
ffffe2cd
ffffe3e9
00001313
fffff832
000006a3
ffffe25f
ffffe429
0000143f
fffff106
0000241c
ffffedd1
ffffec7b
00000d3f
00000982
00000daa
ffffdec2
00000f91
000004fa
000019ab
00001a6c
00001c76
00003032
ffffe75f
ffffd626
ffffe8a0
ffffea69
ffffee3f
fffffdf9
00003ea4
ffffbd07
ffffe281
00002d4b
0000390a
00002dc1
ffffd02e
ffffce61
fffff3cf
0000034d
ffffdea4
ffffcfd8
ffffdb14
ffffe444
ffffb63e
fffff397
00002f94
00003668
ffffe794
ffffc3f4
00001b3d
000014a5
00000837
fffff460
ffffe8b4
000008e2
ffffea73
0000123e
0000156b
ffffff2a
fffff0ad
ffffc3cd
ffffe7d8
fffff005
ffffbfb5
00002ce9
ffffe9b5
ffffe8f0
fffff76a
fffff5b0
00000e43
ffffe077
ffffd7f9
000025d2
000007d7
00002edd
ffffffce
ffffe98a
ffffed25
fffffe26
0000234c
ffffe170
000010f7
00001b2d
00000107
fffff6c4
fffffc8e
000019e9
fffff45e
00003be5
00000236
ffffef16
00001090
ffffd65a
00000c24
ffffcee8
ffffca87
ffffddea
00000964
ffffec1e
ffffd260
00001002
ffffeeb5
00000d2b
ffffcc2e
00003560
00000d1e
ffffe869
ffffe2ea
ffffd4fd
ffffcfc9
00003038
ffffe421
fffff7e9
ffffef38
00000691
fffff4a1
00000379
fffff83a
ffffe4b7
0000060d
00001dfc
ffffdc75
fffffaf7
ffffddf1
00002e4d
fffff69f
00000e37
ffffe938
ffffe691
fffff8b1
ffffe05c
ffffe1cb
ffffef1e
000028b4
ffffecea
00001993
fffffabe
00002ba0
fffff7b0
00001171
ffffdd13
00000d53
00001436
00001de2
fffffa0a
00000904
000002d5
fffffa30
ffffcd00
00001606
fffff8b8
ffffcfc9
fffffe9d
ffffe258
fffffbc7
ffffe5b0
0000126a
00000dca
fffff7ae
00001fad
000008b1
fffffb73
000013c8
00004d01
00000a94
fffffed9
000010b7
fffff7c5
00003799
fffff8ee
000016e7
00001e75
00001470
fffff1dc
ffffdbab
00000fea
ffffeaf7
fffff6bf
00001288
000012ee
ffffee24
fffff07a
fffffd10
ffffffab
000017da
00000927
0000310b
ffffbddf
ffffe415
0000026a
ffffeef3
00001b47
00003544
ffffdde4
000022e0
0000156f
00001426
000029d2
fffff00e
fffff24f
ffffc8f6
ffffee48
00000d1f
00001647
00000281
ffffe6f7
0000242b
0000042d
000003d0
ffffd9c5
fffffdb7
00002b64
fffff953
ffffe2c2
ffffe500
fffffebd
000001e9
00001e12
000009d4
000007f5
000005c8
0000171e
00000564
00001330
00000e36
ffffeca3
fffff37a
fffff9f6
00000895
ffffe80d
ffffd3ca
ffffc58f
fffff1b4
00002836
00001e70
fffff88b
ffffd306
ffffd818
ffffcd18
fffff3eb
ffffe7f4
ffffff5c
000010fc
fffff526
fffff338
00001761
fffffe5a
ffffe546
fffff9f3
0000405e
00002c53
ffffeda7
000026f3
ffffd9e1
00000254
fffffeaa
00002d18
ffffd4f5
00003c4c
fffff002
ffffe2cf
000010ca
fffff302
fffffd0c
ffffd904
fffff1de
00000718
ffffd77f
ffffc0b5
ffffc81d
fffffd2a
0000298e
ffffdf21
000016bb
ffffda0d
ffffe3ff
00000420
00000512
000041a7
00001a4b
0000084d
00000b6f
ffffed45
000002bb
ffffe692
fffff37e
ffffba64
ffffe491
fffff614
fffffe9c
000028ae
ffffdb98
ffffe722
00000ca9
00001270
ffffd7d2
fffff9a8
fffffd48
fffff31c
ffffbe37
ffffbe90
00002dbd
00003400
fffffe89
ffffbe03
00002b50
00000abe
fffffe27
00000d58
ffffd9bf
fffff23b
ffffff05
00000d88
ffffdb50
00003a3f
ffffeb06
ffffcac2
ffffdd24
fffffdfd
ffffeeba
fffff89f
00000094
ffffe608
ffffed79
ffffe170
00004269
ffffe45d
ffffcd8c
00000e74
00004582
ffffe4e2
000023df
000042dc
000007f8
ffffd958
00001369
ffffc9a9
000031ab
ffffeee2
fffff3d5
ffffe60f
fffff677
ffffe41e
fffff389
00001399
fffff3bf
000004c3
00002a4c
ffffe0fc
00001608
ffffdd28
ffffe422
00000723
000008a2
000025ae
00002469
00001344
ffffd7fe
ffffd891
00000679
000049c8
ffffe0b8
000016a0
000006ab
ffffded0
ffffce37
00003461
000000a0
ffffe557
fffff266
fffff0d7
fffffbba
00001bf9
fffff13a
fffff65b
fffff6ec
000016ac
ffffe06f
ffffe713
ffffd0b8
fffffb20
fffffe46
ffffe533
00000e63
00001280
ffffdb26
fffff107
00000f2e
0000168c
000050e4
000009b9
00000987
00000443
fffff7a8
fffffe7a
0000136b
ffffdbe0
ffffd03f
fffff4cf
fffff1fc
ffffe6bf
00002a00
ffffc445
00000b5d
ffffee22
00004f42
ffffe564
ffffec03
0000045c
ffffde46
fffff267
00000c0f
fffffc5a
fffff68f
00000c6e
fffff195
ffffe072
ffffd682
fffff5e6
fffff1f6
00000fb8
ffffee07
00000a13
ffffca04
000003c5
ffffeceb
0000171f
fffffa18
ffffe4f3
fffffa70
ffffdd16
00002e18
000048d9
fffffc2a
fffff854
ffffeb3b
ffffcd22
00000081
ffffe339
fffff59a
fffffc2f
000016e4
00001693
ffffdebc
ffffd5a1
ffffea8e
ffffec92
ffffe782
000018b7
0000016a
000009c2
0000197b
000013ac
ffffe7ef
fffff093
fffff97f
ffffcfad
00001e63
ffffcdaa
00001050
ffffed04
000014a6
ffffed0c
000020bb
0000010a
ffffd743
00001bd4
ffffe2dc
000032a3
00001603
ffffe428
fffff9e3
0000298b
0000288e
ffffd93e
ffffba73
ffffc403
00001ffa
00002633
ffffe28c
ffffec95
fffff490
fffff65f
ffffe79f
ffffda83
ffffe857
fffff514
ffffda9a
00003275
00001a80
fffff8a7
ffffec7c
ffffd83c
000007fc
ffffd33d
fffff1e2
ffffed49
ffffe05b
0000435e
fffffbf1
fffff364
00001d38
fffffc55
000012b8
ffffdc06
000023a0
fffffb05
ffffebde
00000b44
00001a93
00000287
ffffae4b
ffffffc3
00002835
ffffd41e
000007b0
fffff309
0000188d
ffffff4c
00001172
ffffd623
00001db9
000020c3
000023f3
00001dca
00000e23
00000af3
00002963
000009c6
0000112b
000029f7
fffff9ad
ffffe738
00001ec4
ffffea90
ffffd63c
fffffe39
00000fe8
0000110a
fffff3bd
00002854
00001406
000019a6
00000c12
00001900
00000bc1
0000088a
00001e5e
0000258e
fffffcc8
ffffee44
ffffe3ec
00002df8
0000223f
00000484
0000319c
00002223
00002cb6
00001c4e
ffffcb31
00000e32
00000448
00000d6e
000002bb
ffffeae0
00000a6e
fffffe52
00002c86
ffffba97
00002416
ffffde10
00001ee4
000020d7
fffff4db
fffffb5e
ffffea05
ffffec1e
ffffd650
00001a26
fffff07e
00002c75
ffffe690
00001157
fffffd62
00000113
00000206
0000191c
00000ef4
ffffc88b
ffffd1b7
00001530
00000cdc
00002bc1
ffffe8d6
000009c1
00001b71
ffffc63c
00000008
00001f38
00002017
00001aea
00000e01
ffffe59f
0000075f
000007fc
ffffe998
0000122e
0000092e
000031c7
00001acf
fffff515
ffffec75
000004fe
fffffbd8
00004bd3
00000c3f
ffffed3c
fffff863
ffffd1c2
ffffcafe
fffff9db
000011ce
ffffcbce
0000076c
00002d50
ffffcede
fffffdde
00000b38
000024fa
fffff67a
ffffce39
00002340
0000206c
ffffea8e
ffffe062
00002b62
00003350
ffffefed
00001750
000011dc
00001126
00002bdf
00000a79
fffff363
fffffb21
ffffbfd8
ffffeb41
00000aea
00000255
00001ca8
00001f36
00001215
ffffe4e9
00001723
000012c5
00001785
fffffaf4
ffffe65e
00002947
fffffc7d
ffffd74c
ffffe05f
ffffffa2
00000419
00001b02
000001d8
fffff237
ffffe337
00000c1f
ffffd1b4
000018ca
000025b4
00001c6c
00001014
00001863
00000ef0
00000bde
00001774
000015d4
00001d72
0000039b
00003002
fffffcbd
000003b2
00002b4d
fffffb63
fffffe9b
ffffe80a
ffffd228
0000218b
fffff351
fffff76b
ffffefa7
fffffa1a
00000874
ffffff1c
ffffee97
00002d5a
0000301b
000010fa
000016c5
000017cb
fffff218
00001273
fffff696
ffffe8a7
ffffd043
00000132
00001599
00000ad1
ffffe962
00000f47
00002337
ffffd8cb
0000205e
00000390
0000052d
fffffebc
000011ef
ffffe048
00003520
fffff27a
fffff246
0000214a
ffffdea3
fffff40a
fffff78e
00001c8d
ffffd138
0000207b
0000437a
000042e6
0000174f
000006c6
00000b8c
00003ce3
000008b0
ffffee9a
fffff6f4
ffffff24
00001339
ffffde87
ffffde5e
ffffede2
ffffcf48
fffffbe1
00000e9c
fffffe8d
0000001c
ffffc1f8
ffffd7f1
0000098b
fffff078
fffff7c7
ffffca73
00003f2d
00000383
ffffe670
ffffd050
00000310
0000243d
00001300
fffff427
00004062
ffffe26f
fffff2e5
00003a6b
fffffc0e
fffff798
ffffe7f1
00001e41
fffffb5c
000049c8
00000e57
ffffd07f
000001bc
00001dc6
ffffdfb6
000024a4
ffffd278
00002366
ffffe2c9
00004259
00004209
ffffeed0
ffffccd6
ffffed6b
ffffd747
ffffdcf5
ffffec77
fffffc70
ffffde5e
0000092b
0000252a
fffff475
00000846
ffffdc87
fffff51d
ffffdd74
00003932
ffffd0c9
000015aa
00002748
fffff0ec
fffff28a
00000aeb
00000de6
00001127
00003b62
0000174b
000009c8
ffffef03
ffffeb70
00000a22
00001b50
00000716
ffffeae3
00000d22
000007bd
0000101b
00001b79
ffffea23
00000566
ffffe0f7
ffffcbb8
00000e26
fffff541
ffffff1c
000026e9
00002afb
ffffdfff
ffffc4a8
00002237
fffff737
0000082d
fffff27c
fffffdd8
000018a6
ffffebf1
00000433
ffffeef2
00002a54
fffff4d0
0000296e
fffff6bc
00000307
fffff1e6
00000cdf
ffffff06
ffffe59f
fffff2df
ffffd8c8
00002271
ffffd7f6
ffffb338
0000035b
000010ac
ffffef9d
fffff5e9
fffffc84
fffffc04
fffffd91
ffffc4f8
ffffed3b
0000099f
fffffc04
000001a8
ffffee26
fffffa6e
ffffdc34
00001a23
00000f80
ffffff4b
fffff18c
fffff857
ffffd812
00001fa9
00000a34
ffffd97f
ffffd159
ffffd951
ffffd234
000019e1
ffffe1c5
fffff906
00002662
ffffdb72
0000044e
000002b0
ffffebd1
ffffcf66
ffffdeae
0000283f
0000037f
0000116c
ffffe900
000020cc
fffff173
000002b3
00000f9d
00001fcd
ffffdd25
00002108
000027ff
ffffdb42
00001965
fffffe14
fffffd85
ffffac01
0000258a
fffff969
00000542
fffff900
0000138a
fffff919
fffffd90
ffffb90b
00001e0f
000015e3
000017d7
00001118
ffffccd4
ffffcf5c
ffffeb4d
000018b1
fffff53f
ffffd9e7
fffff14d
ffffe548
ffffeda0
fffff353
00001115
fffffb1d
00001992
fffff14a
fffffd80
0000187b
00001204
ffffff50
000013cf
ffffedf6
00000dea
ffffdc93
000002c1
000040fe
fffff5e8
ffffbe10
0000158e
ffffe536
00002c08
ffffe8ea
fffff338
ffffd6ed
fffff873
00000b1d
0000378b
fffff305
ffffc45f
ffffeaf4
ffffeee1
fffff3d7
ffffeb16
00000116
000014d6
fffff940
00003d99
ffffd6db
00001cbb
ffffe908
000023c3
fffffa24
fffffc14
ffffe757
0000291d
000000d3
fffffb6b
00003d6a
ffffff74
00000153
ffffeb07
00000ca8
000020f1
000001f1
000004b2
ffffec52
ffffdb57
fffff681
ffffe9a6
ffffba6a
0000553f
ffffe638
ffffd4aa
00000871
fffff53f
00000fd1
ffffb71a
000007a2
ffffab2e
ffffcf9d
00001370
000008c1
ffffef56
fffffdf8
fffff4d7
fffff538
fffff433
ffffd7c2
fffffe1e
00002b03
ffffe4c6
0000240b
ffffc671
ffffd76a
00001aca
ffffd44b
0000779f
0000146c
000016f0
00001c04
000015fa
fffff90d
ffffe563
00000531
fffff4e1
ffffdc93
ffffe456
ffffc983
ffffdb3a
00003333
000007ed
00000545
00000bc5
ffffed84
ffffd4ec
ffffbe8a
000009fc
ffffeaf5
00000dd6
000010f0
00000141
fffffcb7
00000b87
00001596
ffffde3c
000004d2
fffffabb
00000a26
ffffd9f2
00001a0e
0000397a
00001521
00000579
fffffabd
ffffdc1e
0000235b
00003a54
fffff410
fffff030
0000069f
00001b02
00000582
00001535
00000993
000007e8
00004f24
fffff706
00006138
00001967
00001210
ffffee94
fffffc1e
fffff03e
00005fcd
0000136d
000027f9
ffffff89
ffffd2fc
fffff2ee
fffffd5d
fffff908
ffffd060
ffffd3f6
00000e70
00000aac
00001d3f
00003b27
ffffe143
00003185
fffff881
0000100b
000017b7
fffff2d6
000000ab
ffffd656
0000181d
000025dc
ffffb1c2
00001470
ffffe51c
fffffbb5
fffff6f5
00000444
00004726
ffffcbd7
000009c4
ffffdc67
ffffeb6b
00000b92
0000453a
00001194
ffffff89
00001e1e
00000945
000002fe
ffffe343
ffffab3d
0000246d
ffffdc4f
ffffd52d
000037bb
00002a30
ffffdb68
ffffd80d
ffffe2ff
000010e5
ffffd6f3
000007b1
0000265b
00000f81
0000249c
ffffd3c6
ffffdc26
00004ab4
00000b82
ffffcff3
00002354
000005df
fffff25a
00001498
00001470
fffff6a1
ffffd319
fffff5cf
fffffa85
ffffe694
000040ba
00000ae7
00001fe7
fffff547
ffffd8ef
ffffec78
ffffdd8f
fffff239
ffffeb92
fffffd91
fffffa1d
000025f2
ffffc5d9
fffff575
ffffd7dd
ffffe76c
fffffb1e
ffffdd2a
000018f0
ffffd703
000007d6
fffff1a6
ffffecd1
00002de2
ffffdec4
000013f7
00000af4
00001a78
ffffd7a9
000005f5
000036f0
00000bf7
000008c9
000005ee
ffffea3c
00001e2b
00002ce8
00001a1a
ffffe750
ffffe8cb
0000008f
ffffe36c
fffff8e0
00001220
ffffeb96
ffffe8e8
00003dba
ffffd047
fffffcb9
00000384
ffffe9c3
ffffe19f
ffffe3e5
00000178
ffffde8d
ffffd175
ffffe76a
ffffc993
fffffa7e
fffff5c8
fffffbcc
ffffcaf4
00000d9e
00001c02
00001a14
ffffce49
00002f7c
00000c38
ffffddf3
00002e58
000009bc
ffffdd8c
fffff5c7
000022b1
ffffcbc5
00001287
fffff40c
ffffee8f
ffffe6ff
fffff2ef
0000090b
00000a74
ffffdd8a
000006d7
00000247
00001ddc
fffff713
000016fb
000031aa
ffffc6ac
fffffa0b
ffffd6ec
ffffd51e
00000714
fffff732
ffffe012
ffffe64c
fffffaa5
00000bdb
00002321
00000dad
ffffee48
fffff61b
00001f2c
00000f54
00000c35
fffff9af
fffff3d6
00000ef9
ffffeedc
00002299
ffffddd2
ffffcc3a
ffffffb1
ffffd899
00001812
fffff3c6
00000574
fffffd3f
00001056
000026b1
fffffe27
00003766
ffffee5f
fffff8ba
ffffcf94
000022d4
00001d47
0000007b
000013fc
00000593
00002b1c
00001838
00001157
ffffeba0
ffffddfe
ffffd4b2
00000de7
ffffc96a
000034f4
00000478
ffffe747
fffffc9d
000003b9
ffffd344
ffffea21
ffffeeaa
00002019
ffffefa2
00002104
00002f10
ffffea3c
fffff581
0000158b
ffffca58
00002733
000014d8
00002b43
ffffe563
fffffaad
00004509
00000448
ffffd514
fffff80a
ffffcabb
ffffcf1d
00001252
fffff45c
ffffe9c2
00000e70
00000feb
fffff429
fffff404
0000289e
fffff8db
00002ab5
ffffffcd
0000177f
00001012
00001d74
fffffca5
00001920
00001379
000012c5
00000669
000019df
00000814
ffffe184
ffffeb36
fffffe7f
000013d6
ffffec63
ffffdb66
00000fec
ffffeaad
000016be
00002a40
000003a4
000002c0
00004183
ffffdc61
00000306
fffff1c4
ffffe60d
ffffe46f
fffff950
ffffe08e
ffffe443
ffffe0fd
ffffdc4d
00001ba6
fffff3da
fffffcdf
00001db7
0000009a
ffffe6c4
ffffcb0f
ffffdf4b
00000f97
000021da
00000b8a
ffffd510
00003638
00001c41
ffffe14f
fffff5c6
ffffebda
ffffecbf
ffffffbb
ffffd470
0000005a
0000205c
00000d80
ffffebb9
ffffc834
fffff762
ffffe768
000026c6
000028b9
00003d67
00002162
ffffc7ab
ffffe137
00003578
ffffe0a0
fffffb52
00000a38
00001731
ffffbc04
ffffdd58
ffffe2fb
00000349
ffffe6a7
ffffd571
ffffd9df
00004047
fffff9d7
ffffd590
00003431
00000809
ffffd093
ffffe858
ffffeee7
ffffe486
fffff192
ffffee43
fffffa37
00001a9f
ffffd6e4
00001cc5
fffff5d4
ffffd6e0
0000233a
ffffdd1f
0000359f
ffffa52c
000025c7
ffffd0ef
ffffd1c7
fffff91e
fffff109
ffffe092
0000058d
fffff44f
ffffd197
ffffcadc
00004749
fffff58f
0000080b
00001464
fffffaa1
000009df
fffffdda
000009b2
00001d2b
ffffedcd
000000af
fffffb79
000025d3
ffffe942
fffffca4
000011b6
00002d71
fffff87e
00001976
00000cc1
fffffe71
00001b86
fffff08b
ffffebde
fffff4a5
0000174b
ffffe13a
ffffdd91
000001d5
00000dc1
000003f8
ffffed34
ffffdbfc
fffffa2c
00000243
fffff5ef
0000097c
ffffd27c
fffff7ca
fffffe82
fffffd03
fffffa79
ffffd511
fffffde8
ffffd746
ffffff5b
00001380
00001982
fffff5c5
ffffec5d
000001d9
00001c83
ffffe4f2
ffffed82
fffff02e
00003c44
ffffe036
00002a03
fffffdb1
ffffabfe
ffffe106
ffffd330
ffffcd0e
fffff966
000003b9
ffffe4c4
000022ae
ffffeaf5
00000b4c
ffffe70f
00002449
ffffb78d
000003fc
00002ea8
00002995
ffffd605
fffff7e0
fffffd80
ffffeaef
ffffdfa7
fffff409
ffffd1df
ffffea75
ffffce31
ffff9b5e
000000f6
ffffcf2c
ffffcf97
00000d3f
fffff8c2
00003fd4
00000e2a
000010a9
00001317
00000dc8
ffffd889
000040e6
ffffdcd0
000024ef
00003c28
00001b02
fffff5aa
ffffdc40
000001b0
fffffc92
00001f3b
00001b14
0000117b
0000584e
ffffc30e
00000561
00000eba
ffffe580
00001c74
00003b51
000018e3
fffff1c4
00002168
00000c66
fffff4a1
ffffef89
000020f8
fffff9eb
ffffef7d
0000399b
ffffd964
00002c29
ffffd905
0000342a
00001cbf
ffffeda4
00000960
00002b6b
00000ef5
00004a87
ffffea5b
ffffcc83
000032b0
00004510
ffffe98d
00002994
fffff6d6
fffff863
ffffc229
ffffe3ee
ffffc8e2
ffffef64
ffffcf3f
ffffe293
fffff6f3
0000443c
0000317a
ffffc51d
ffffe1f2
0000040a
fffff70d
000006ac
fffff6b3
ffffe270
ffffed5c
00001c24
ffffc404
00002143
00000180
ffffea72
000006d9
ffffd4c1
ffffef0f
ffffd30a
ffffe712
0000108c
fffff9af
00000e79
000018a2
000031e3
00000827
00001fc2
000001d2
00001f7a
00002ce8
00001433
ffffe96d
ffffeef2
ffffc4b5
0000100e
fffff761
00004b58
000038ff
fffff613
ffffd4a0
ffffdffc
0000159a
ffffd0af
ffffe1f3
0000002c
fffff553
000030b9
000012e9
fffff31b
ffffe539
000003d9
ffffe861
fffff1ea
00002984
000008c6
ffffd10f
000029f9
00000eea
000005e4
000012c1
ffffd5d7
ffffeb7a
fffff7dc
ffffdb04
ffffff4a
00001d85
ffffd264
ffffe4fc
00001dc1
ffffdbf7
00003fdf
00000417
fffff7cb
fffff2f8
00008672
fffff9be
fffffed7
ffffd142
00001a3f
fffff76b
00001c89
00001f53
00000ec7
000020b1
00000a08
000010d8
000010dd
ffffe2b8
00000c97
ffffe5b6
0000460e
ffffd8a9
ffffd499
000043dd
0000153c
0000205d
00001f54
00001fe1
00002a4b
00001272
00001d71
fffffa76
000043bd
ffffe596
00003809
00000f4a
ffffe41a
00001170
ffffe05b
ffffd325
ffffead0
00001da0
ffffe5fb
000008ff
fffffe99
fffff846
00000a75
000021ca
00000dee
fffffcd3
00001c82
ffffedb6
ffffe93d
00000709
00001006
00002c61
00002120
00000fea
ffffe872
ffffd35f
000016eb
ffffcdc8
fffff984
ffffd883
fffff50e
ffffd722
ffffe3d8
0000160d
ffffebf9
00002ed1
000003bc
000049af
ffffe60d
000029d4
0000290f
000013bd
fffff345
fffffbc8
000016a2
ffffdcb8
0000196c
00003fc1
00000efe
ffffdbba
00001594
00001343
ffffe8b2
0000156e
0000148f
00001544
00002427
ffffcb12
fffffdb7
fffffa8d
00000acc
000016a4
0000170e
000026ea
fffff466
fffff548
000012db
00000c57
00000178
00000278
ffffff05
ffffe24f
ffffee9b
00001bcf
000000bc
ffffa822
ffffd986
0000220a
000024c5
ffffe9a0
fffff4f2
ffffe03f
ffffc213
00001318
0000096c
00003810
000012a0
000007c8
00000be4
fffffffc
0000017e
ffffb3d4
fffff882
ffffbfec
0000038a
ffffde9d
ffffe4c8
000011f5
ffffc20f
00000bb4
ffffff0d
ffffddff
000010b6
ffffe2e9
fffff3d6
000003e6
ffffece8
00000fbf
0000134b
fffffca7
00003f97
ffffe3ac
fffff728
ffffd2d0
ffffde27
00000639
00000e30
0000264b
00001098
00001791
00002571
00003109
00001c9e
ffffe652
fffff3f3
ffffea60
00000bfe
ffffcef1
00000fca
ffffe528
0000173b
00000c88
00002478
fffff679
000028e1
00001be0
000027d8
000010c1
000007d1
000016ac
00002762
fffffcce
fffff94e
fffffb74
0000254d
fffff059
fffff30d
0000128e
00001aa6
00000711
000036b4
00000321
000021a2
00002358
00000df6
fffff466
0000120b
00000f84
00000366
0000067f
00000a88
000017f7
ffffe5f5
ffffbcea
00000de7
ffffb88d
00003399
00003c41
0000006c
ffffe6da
fffff7ec
000002ad
00001026
00002fb4
fffffaa6
00002e00
ffffff01
00000d2b
fffffea7
ffffee43
00001abf
000031f0
000008e4
ffffd309
00000755
000011d4
ffffff07
00002014
fffffb19
00000ca1
fffff665
0000085b
fffff950
000010f5
fffff067
00000b9d
00000715
ffffef63
fffffc09
ffffeb6c
fffff10f
fffff6eb
fffff1c8
00002f71
00000532
fffffd85
fffffec5
fffff62e
00002ba5
00002937
fffffb05
ffffdccc
0000037e
000002a6
ffffbe95
00001e70
00002f03
ffffb8f1
fffff0b2
ffffe4dc
fffffaad
000027d7
00000724
fffff575
fffffc87
ffffe54a
00001b5d
000000a1
fffff84a
ffffe238
00000b13
000031ea
0000033a
00003a2a
00001803
00001ecb
0000047d
00001d3c
ffffe8bc
00000277
ffffee37
000004fd
00003755
fffff39a
fffff4a5
0000280b
fffff546
fffff189
00002948
00001285
00004b9b
000004e8
fffff8e4
0000245d
00000fd1
ffffe6a9
fffffa76
fffffab2
fffff7e6
ffffff79
ffffe297
ffffee15
ffffe348
00001148
fffffeb0
00000bad
ffffd38f
000017ab
000007f8
fffff5e2
00002979
000008f1
00001b5e
fffff732
fffff4e4
00003073
00001b59
ffffe8fa
0000174f
fffff9bf
00001392
0000063a
ffffeb7f
000000b5
00000c61
ffffc61a
000017df
00001733
00003545
ffffe69d
00000280
00001f39
00004d26
00002d2e
0000123d
00003862
000010c4
00001d76
00001d5d
fffff92b
000003cc
fffff7e7
000024ea
00001e7e
0000343e
00000d39
000016fa
000011fc
0000038c
00000302
fffff1b6
ffffdd50
00001f60
00000316
ffffef43
000048a5
fffffa3a
00000aa4
000039bf
00000b6a
ffffe7a0
00001732
000003d9
ffffc2a2
ffffd80a
00003ada
00000a7a
00000b4a
00002f36
000008a7
000013af
ffffe51e
fffffdcd
00002b39
ffffc902
ffffff24
ffffbdff
ffffdb0d
00000b61
fffff21d
ffffea82
fffffea9
00004280
00000d87
ffffdea0
000009c6
fffff616
00000646
ffffd4f5
fffff90b
00000992
ffffd977
0000018f
ffffdfe9
00002dd2
000040c0
00000053
00000e43
00003c2d
ffffde80
ffffc2d6
ffffdd78
00001c8a
00002194
fffff87b
ffffd90c
00001bd1
ffffdefd
fffffd0a
ffffed24
ffffe199
00001500
000006df
ffffecb3
fffff001
fffff848
ffffe4f3
ffffd01f
ffffeaec
000018a5
fffff483
ffffd9fa
00002f2a
00001f82
fffff3fb
00001d9e
ffffdb18
000047b4
00002240
ffffcf4b
00000ec0
ffffcbb6
000007a8
ffffe6da
fffff158
fffffdef
0000410c
ffffe83c
0000128c
ffffa8b2
00002dc6
fffffb19
0000033e
ffffe4c9
ffffd2fa
fffff869
ffffda0e
ffffd042
00002f6b
00003792
ffffdf37
0000216c
00002339
00002260
00002646
ffffdd6c
ffffd8da
ffffd1d2
ffffed08
fffff6e9
0000069a
00002922
ffffe863
00001593
00000c9b
fffffeaf
fffffe4b
fffff17a
00002a72
ffffda86
00001d6d
ffffde7d
0000303d
00000b2c
00001f1a
fffff41d
00001962
0000025b
000035df
00001631
00000a3d
ffffc9dc
ffffe59a
ffffc7bf
000041c4
0000251e
ffffd862
0000220c
00000458
000027d6
ffffe5b0
fffffbbe
00000a18
ffffe849
fffff5d2
00000ec6
ffffdf49
ffffc52e
00001f71
fffffb27
ffffecbe
0000247e
0000217f
fffff65d
fffffb17
00000657
000013e6
00002643
ffffcb64
fffff109
ffffe57e
ffffe6e7
fffffcce
00000488
ffffe299
ffffdf87
00000dd6
ffffce48
00002981
fffffa2a
ffffe373
fffff6b5
00005c13
ffffdbde
00000db3
ffffd78f
ffffe895
fffffaed
ffffebb4
fffffbcd
00000d3c
fffff519
00002750
ffffe290
00002a9b
0000365e
000033a0
ffffe767
00002de4
ffffe885
ffffda40
00001750
00000499
fffff25f
00000986
fffff8ce
00002208
fffffb32
fffffefd
ffffe8d3
000052df
fffff28e
000050e3
00001e7b
ffffe8f0
ffffee28
ffffce2f
ffffef0d
ffffee04
0000362f
00000efb
00000a4e
ffffebbc
ffffd9cd
ffffca96
ffffd567
00000921
000005aa
fffff8cc
ffffb898
fffff9f3
fffff83e
00000877
00002188
0000289d
ffffdf67
0000100c
fffff221
0000132d
ffffe08f
ffffdbf0
ffffde2c
fffff45f
ffffeeaa
ffffe115
fffff607
000006a9
000026bf
00002815
0000054b
ffffddf4
0000103f
fffffbc1
00002a9b
ffffdf48
fffff122
fffffae5
00002bc1
fffffdfa
00004d32
ffffed62
ffffc783
00000e8d
00000627
fffffd48
00000a0e
ffffeb0b
000015ed
fffffb70
ffffe4e9
000010a1
fffff28a
00004986
00001bc4
fffff652
00003337
00000fc3
ffffe049
fffff73d
0000322e
00000642
00000605
ffffe50e
ffffb5df
00000281
00001bf4
fffff3b0
ffffce6a
ffffc3d7
ffffffd4
ffffe67a
ffffe4df
ffffe825
ffffdf91
ffffe93b
0000191e
ffffee90
00001843
fffffcde
ffffdfd3
00000f9b
ffffd9ee
00000af8
ffffaf08
ffffdfd8
ffffe8d3
fffff28f
ffffe56f
00000356
ffffe608
ffffeebe
0000075a
00000dc7
ffffd97d
fffff47d
ffffe09c
ffffd464
000008ed
fffff695
00001142
ffffe3b9
0000133a
00002009
ffffeba4
ffffe283
ffffe3bd
fffffb0a
00001de5
00003d88
ffffdfdb
ffffd0f1
ffffed1c
ffffd5d6
00001110
ffffd489
ffffe377
fffff6c8
ffffc155
00003f13
ffffc761
fffff60e
fffffbc0
0000603f
00002ce8
00002a0a
0000069c
00000821
fffff7ad
000004c5
00000d3f
fffffdaa
fffff3a6
00001c6d
fffff856
0000351a
ffffbcf1
00001635
00000562
ffffe3c2
ffffe3fe
ffffd288
fffff3b1
fffffcfc
ffffe9c8
000002a9
000018df
00000065
00000ced
fffffb53
000006b0
000010e7
ffffccd6
00000ca7
00002291
ffffe634
000001cf
ffffea77
00000d90
fffff6d1
fffff541
000017b4
ffffd16c
00000258
000009c3
fffff61e
0000236b
ffffee6f
ffffd877
0000242f
fffff241
0000572a
ffffabaf
00003363
0000158f
0000301a
fffff447
00002f39
ffffe1cf
ffffbe9d
ffffee59
ffffe2f8
fffff96c
ffffe2fa
000012a2
ffffeba4
fffffee9
ffffe394
fffff1f0
00002d97
00001f81
ffffc398
00001fd2
00000d80
ffffdf3f
000010a6
0000001c
ffffd250
00001ad8
000031d1
ffffd676
ffffece3
ffffef0a
fffffea9
ffffdeec
fffffd4d
00000b25
fffff094
00001084
000037c4
ffffcd65
fffff1d5
ffffd361
000044af
fffffe8a
000026c3
00001431
ffffda25
0000217c
0000178d
ffffe13e
00000c7b
ffffd325
00001c5c
fffff22f
0000518e
00001bb4
00001562
fffff3fd
ffffff4f
00003c1d
ffffd438
00001467
00001add
ffffede6
fffff5bd
ffffeb04
ffffedf8
00002a87
ffffe7a8
00002a84
fffffd20
00000cc4
fffff787
00000939
00001b99
fffff154
00000fc4
0000165b
00000a4d
0000141c
ffffdfce
ffffc383
fffff006
000023a8
fffff97e
000029f7
000037a4
ffffe98f
ffffdb40
ffffcf14
00002c34
ffffd521
ffffeb2d
ffffd129
fffffa0d
ffffd0bf
ffffcd5e
fffffc2a
fffff5a5
ffffce3f
fffff28c
ffffdfd6
ffffff15
fffff2c8
00001378
00000eaf
000008c5
ffffb52a
fffffb43
ffffdc1e
ffffef3e
ffffcf35
ffffec50
00001c45
0000330a
00000eee
fffffc80
000023cc
00000f12
000016fb
fffff190
ffffdb0f
fffffe8c
000026c0
00000c01
00001cb7
000024c4
ffffeb30
ffffefcb
000001d2
00002630
fffff32c
0000174f
000006de
00001d2d
00001b16
00002e53
00001a27
000011c5
00000478
fffff763
00001cdf
000010c7
00000fd7
00001bbe
00001b03
fffff61d
ffffd006
fffffe3e
ffffcc33
00001df1
00000b4f
ffffe147
ffffe49a
000001dc
00001174
00000e06
fffff16e
ffffe335
ffffd59f
0000095a
ffffea0e
00000189
fffff92e
00002217
ffffe4af
000039d9
00000f90
0000164b
ffffea12
00000b94
000002dd
fffffc0c
ffffe90c
ffffcd1f
00002747
0000184a
ffffd98a
00000972
00001e25
ffffde35
000015e7
fffffcfa
000018e4
00001a4d
ffffe8c8
ffffb6b0
000010e5
ffffe5ba
0000271e
00003550
ffffe1e1
00000021
ffffff66
ffffdcb3
00000408
ffffcdbb
ffffbded
fffff596
00003c9d
fffff14e
00002275
000004b2
ffffdd5f
ffffc4da
00003794
fffffee4
000010b8
ffffd2b4
fffff001
00002ba6
00000413
fffff272
fffff1e6
ffffd845
ffffd889
fffff012
fffffbcc
ffffe4bc
00001550
fffffc1b
ffffd528
ffffe19f
00001e31
000006a8
000009ad
fffff4d0
00002882
ffffc889
0000044c
fffff7dd
0000168e
00000604
fffff4cd
fffff9a8
fffffd45
ffffdfa8
fffffb2a
ffffdbd5
ffffff84
ffffd78e
00003848
ffffbe13
00003b09
00000550
ffffcc37
00000f6d
ffffd445
ffffe48c
0000217d
ffffff80
ffffe3f6
0000121e
ffffc78d
00000834
fffff22f
ffffe7b5
fffff27e
00000735
ffffeb04
ffffdaff
00001901
00000c7a
fffff2cb
00004440
ffffdd57
ffffea97
00000b9c
000025ac
00005738
00001238
ffffe5c1
ffffe0d4
00000de0
ffffad35
ffffff3e
fffff2cd
ffffde3a
00001d5b
ffffce2f
fffff099
fffff069
ffffe08c
ffffee9a
ffffdf6b
fffff915
ffffeb7f
fffff1a4
000009d3
00006642
00003328
ffffea72
00001281
000036de
ffffd7c2
000011f5
fffff0fb
ffffef40
000005d4
fffff9d4
ffffdf24
ffffd26f
ffffcf83
ffffff93
0000027f
00000c50
00001da8
ffffe6c0
ffffd74f
00000a08
ffffd07b
ffffe65a
ffffc234
000012bd
ffffe49a
ffffede5
00001664
0000086d
0000233a
000012ed
ffffe985
ffffed09
fffffbf2
ffffece6
00005035
ffffbf51
000000fc
ffffefc2
ffffe526
ffffe0f4
00000c87
ffffdbfe
00002c0a
00002260
ffffcfb7
ffffd8b9
000035d1
000027fc
00000024
ffffedf1
00000766
ffffdd4a
ffffea8b
00002ea4
fffff87d
fffff30b
000003d7
fffff623
fffff275
ffffb300
ffffdf83
0000065e
ffffff41
ffffe958
ffffe9e7
00000d31
00000c1b
ffffefc1
00000493
ffffc30d
fffff5df
0000194d
ffffea1e
ffffd964
000016b3
ffffb99a
00000239
ffffc272
fffff157
fffffbe0
ffffebcc
ffffff6b
ffffe16d
ffffc409
0000159a
fffff073
ffffdc60
000010b7
fffff2d9
ffffff18
fffffb33
fffff778
00000524
000021eb
fffffe94
ffffc2f0
00003228
0000361c
ffffd8ea
ffffd683
fffffd2e
00000535
ffffe8b4
00000756
ffffec3c
ffffe447
ffffdb77
ffffe375
ffffe97c
000011c8
ffffc618
ffffe94b
fffff6c3
ffffdaf5
ffffced5
ffffc6d9
00001a3e
ffffd4f4
fffff0b9
00002c04
00001909
ffffe486
000016d1
fffff3de
000019c0
ffffeb87
00000643
fffff14b
000001cf
ffffeddf
ffffe956
000008e3
00000185
00000c52
ffffe011
ffffccfd
00000e92
00004e7d
fffff488
ffffee09
ffffcf6b
fffff419
0000332b
00000222
ffffeccb
00001fcc
ffffee02
ffffe696
ffffc226
00002628
00004c3f
ffffeb82
ffffed0f
000003c1
00001f63
ffffea00
00001890
ffffede3
000017cd
00000c6d
00004214
ffffec6e
ffffdbd5
00000644
ffffd0bf
000005bd
fffff309
0000144f
ffffef6a
ffffa855
000027af
000001cf
ffffe417
000006c0
000019c3
00001d0a
00002ccf
00001273
0000228d
ffffdb80
000010a6
ffffeb07
ffffea4e
00000cc7
0000302c
ffffe7e2
000045ea
ffffb00d
00001a2c
ffffea8f
00001ff7
ffffec48
ffffebf3
fffff7d2
ffffe5fd
00000522
00000807
00001d49
00000f33
000012d8
ffffe8d1
00000a1e
00000859
ffffc739
00000006
00000eac
ffffdb37
00000046
ffffde63
000003a2
fffffa1d
ffffdce0
000036d8
ffffe80f
fffffd0d
fffff0ca
000006d1
00001987
0000024d
ffffe67d
0000383b
00001091
0000203a
ffffd2ae
0000553c
00000c6a
00001f96
000012e5
000029b0
ffffbec8
ffffd582
ffffef11
00000a6b
00001309
fffff669
00003320
ffffe347
000007ae
ffffcd72
ffffe2b2
0000130d
000019ee
ffffdabe
00001749
000004b6
ffffc201
000032c6
ffffc538
ffffd841
00001898
000029cf
ffffd007
000012c6
0000017b
00000a0b
00001af3
fffff4e6
00001c34
ffffef75
00001538
0000168e
ffffcd42
fffff323
ffffbe5c
000039e8
ffffb9c5
000014e8
fffff1bb
ffffc538
00000e86
00004572
fffff12c
00002dc5
ffffd613
00001dc2
ffffeec3
00001ef1
00001de6
fffff962
0000196f
00001a5f
000046b6
000022a7
00000f76
00000255
ffffe851
000010e9
ffffccdd
ffffd57e
00002d7f
00000e31
000006b9
fffff337
00001099
0000005a
000014bc
00002ca1
ffffd7d2
000035bb
000009d4
000006a4
000001a5
00000352
fffff512
ffffe483
0000040e
fffff487
00001730
00000eec
00000f6a
fffff171
ffffbe06
0000322f
ffffec87
fffff415
ffffd0b8
ffffee12
ffffc51d
ffffe652
00000e32
ffffca06
fffffe57
00000f35
ffffec6e
000003c4
ffffcf88
00001403
00000f06
00000246
ffffbe9d
00000900
ffffd026
ffffe0cc
ffffe6d3
ffffe04b
00001a15
00000d72
00001439
000027f1
000018d6
0000126f
fffff620
ffffd8b7
ffffcf83
00001b44
000011c4
00000113
00005b33
fffff58e
fffff690
ffffe40c
00000e95
00002f90
00000fc9
fffff636
ffffe81d
00002aa2
ffffe630
00000895
0000100e
00002e1d
00000839
00000e5b
0000390e
00000d99
000024b8
fffff3c0
000021d4
ffffdbd0
ffffcfc3
ffffe0d9
ffff9c3e
000016b4
fffff424
fffffefb
ffffd023
ffffe38d
000029c7
000036f1
00000730
fffff546
fffff2f2
fffff569
fffff819
fffff543
ffffe73c
0000221d
00000202
000035c5
00002ecc
000003be
ffffb1eb
00000882
000008ec
ffffdcab
ffffe274
ffffaaeb
00000492
00001a69
fffff444
00000e48
00000ddd
0000015a
fffff339
000013b9
000011f5
fffff9e5
fffff187
ffffc798
00001aa5
00003369
00000be2
ffffdb41
ffffdf81
fffff081
0000114d
fffffc15
000029cf
ffffef17
00000cca
00000243
0000540b
000008fa
ffffcf7c
ffffd7f7
ffffe1ba
00001f5b
ffffecc1
000000e9
0000043f
00003456
fffffd7f
0000025b
fffff51a
ffffe8fb
fffff30d
00002ec1
fffff558
ffffd24e
ffffe830
00002dc6
00001676
00000416
ffffeb8d
fffff7dd
ffffdbc9
fffff2a5
ffffcb84
ffffdafd
ffffd5df
fffff613
fffff035
00000c79
fffff238
00004254
ffffb67f
ffffeeaa
ffffedca
0000362c
000021c3
00001cf4
000036a1
ffffe9a5
00001501
000022dd
ffffcb5c
ffffee38
ffffd58d
fffffe7e
ffffe3b2
fffff52b
00002ee8
ffffd694
000008b8
ffffe7c0
fffff81c
000005fc
ffffe0ae
ffffe639
fffff194
00000195
00002f85
0000133b
ffffba38
00002a72
ffffff50
000007d2
00001a26
fffff00c
00000503
ffffd519
fffffce6
fffffc18
ffffd587
fffff1b0
0000360a
ffffee38
fffffa4e
fffff1c1
ffffc8e9
00001aa0
fffff2ec
ffffd579
ffffcfb4
00003542
00000f12
fffff69a
ffffec4a
fffff68b
0000279a
ffffb4c5
ffffe112
00000f7f
00000041
ffffdde5
fffffbaa
00001b97
fffff065
ffffef14
fffff8e3
00000ff9
00003075
ffffcc32
fffffbbe
000000a0
ffffd90c
000005df
00001d93
fffffc48
ffffcc8b
ffffee9a
00004252
00003d68
000059e5
ffffefda
fffffa05
00000843
00001fb4
ffffda40
ffffeb6f
ffffe813
0000273e
fffffad8
00000afb
00002597
00001c12
fffff73e
ffffdf5b
00001928
000008b0
0000081e
00000899
000018a3
000017de
ffffe45b
ffffcad3
fffff411
fffff891
fffff5fe
ffffea55
ffffe3ff
000010e8
00000335
00002e58
00001780
ffffe5c6
000008c8
fffffdd6
00000b8e
fffff549
00004f33
ffffc170
000003eb
fffff92d
fffff207
00003138
0000079d
ffffcbd9
00001868
00001b45
00000bfe
ffffdd9b
fffff7dd
00001735
00000569
ffffd137
00001843
ffffe529
00001570
0000067a
fffff858
fffff850
00000d52
000043ae
000002d8
00001301
ffffcd0b
00001342
0000250d
00001670
ffffe4d7
000023a0
000023ee
00000aa2
00004e18
00001a39
fffff600
ffffd269
00001e36
ffffeacb
00001eb5
fffffbd0
00001990
000020c1
00003407
00002ad2
ffffce05
ffffef83
000013e4
00000c0a
fffffb71
00002387
00000b88
ffffda99
fffffa14
00000912
00001ee5
ffffd714
00003c2b
ffffd2b1
fffff5af
00000f61
fffffa11
00001b43
ffffbbb7
ffffe9ec
ffffc458
fffff336
00000bb6
ffffd631
000006a3
ffffea56
0000148c
fffffec9
fffff926
ffffbf8c
00000e31
fffffecf
000003a2
00001eb8
ffffcc17
0000126e
00000ded
000007c4
0000336c
00001936
000013c6
00003c43
000016b5
0000205a
00000ae2
000019d1
ffffe72b
000005c4
ffffeb05
0000019b
fffffe08
00001440
00004fbf
ffffed9f
0000348d
00000320
0000112b
00000205
ffffc49e
ffffd69a
ffffd21f
00001b90
fffff918
00000deb
0000079f
ffffe73b
ffffe2f4
ffffea97
ffffe43f
ffffce2d
000013f6
ffffcd2b
000009a7
000028f2
000017d8
fffffd69
ffffee0c
ffffdff1
ffffe032
00001d54
ffffe66f
fffff18e
00000262
00001b4a
ffffca89
fffffad4
00000225
ffffcd44
00001db3
00000e94
ffffe82e
000000c1
00000b92
ffffe566
ffffff8c
ffffb387
ffffc9ec
ffffd3a4
ffffd855
fffffa76
00000546
000014ce
fffff7c1
00002677
fffff993
00002ca2
00000d76
ffffbeee
ffffe206
00000f6a
00000e92
ffffec08
0000008f
fffff882
00002339
00000c98
000016e5
000016b2
ffffd307
ffffffc2
00004169
ffffeeb1
ffffd723
000024ff
00001366
ffffd2d6
00003b2b
00000b61
ffffeb6e
fffff3c7
00002974
fffff261
000006a2
ffffe11b
fffffc86
0000073b
ffffbefb
0000278f
000035a0
fffffab8
0000194c
ffffeeb2
0000072d
fffff21a
ffffcd9d
fffff012
000006fc
ffffe49f
000003ba
fffff249
00000d15
000002e6
000008f6
00003243
00007228
fffffa0e
ffffdfb9
ffffe731
0000319a
000007d2
0000524b
ffffd41a
fffff3f9
00000883
00000ba2
ffffebf9
000016f6
fffffba7
ffffd4e0
ffffe948
ffffe596
00000182
fffff7bb
ffffde73
ffffe8c6
00001654
000007b7
00001ce7
0000453b
fffff7a6
000017c3
fffffb38
ffffdbb9
ffffe95d
ffffe19b
000002f8
00004429
00003211
ffffd608
ffffd87b
ffffe4d4
0000055b
00004675
ffffe0c4
fffffa85
000015c7
fffff633
ffffebaf
000001f1
00003e68
00001533
000012b9
00000dd4
ffffcdf9
ffffede1
000026ad
fffff389
fffff87c
000020dc
00002a17
ffffd958
ffffbc22
ffffb6af
00002210
ffffeee9
ffffdc21
ffffcc5b
00000e41
ffffec68
ffffed5e
ffffce48
ffffafcb
00000357
000001cc
000012ba
ffffe277
fffffc2d
ffffc555
ffffebb1
fffff47c
fffff22b
fffff8e4
ffffb2f4
fffffd0e
ffffe916
ffffed6d
0000090f
ffffc112
000001f3
00000a01
000029cb
ffffd7d1
00001e85
ffffd1e6
ffffe1aa
00000833
ffffeeac
ffffebff
000025d9
000018cf
fffff92c
ffffd5ea
000015f1
ffffef3f
00001bec
ffffe181
ffffd09b
00000d5a
ffffe568
00001407
ffffe593
0000282a
fffff8ca
fffff73d
fffffba4
ffffe913
ffffd63d
ffffc94d
ffffe283
0000000a
00001824
00000ec0
00003368
000002cc
00004218
0000090d
fffff0f9
00000397
0000003b
0000284a
0000046a
ffffff99
fffffde9
00000071
00004fa8
0000450a
ffffd9fb
ffffe0e0
fffff84a
00001b3d
fffff67a
fffffbf1
ffffb572
0000232a
ffffe91e
ffffeb3c
ffffd36f
fffff5e1
ffffc573
00001a26
00001b25
ffffe54d
fffffbcb
fffff663
fffff720
ffffcc5c
0000392c
ffffd153
000002f9
fffffcee
ffffeeb3
00001085
fffffe91
0000495d
fffffdcd
00001478
00000d01
fffffe70
000012a3
00000a0e
fffff215
00000303
000003d4
0000045a
00002e19
00001681
ffffea84
ffffe678
ffffef0c
ffffe83c
00000cf4
00001a0b
00003bd0
ffffdaea
ffffd0e6
00003ea3
00003ff9
000011fd
fffff40e
fffff83b
ffffde1f
fffff369
ffffed80
ffffc934
ffffd6c4
ffffe04b
ffffb7c5
fffff147
00004b9c
00003f16
ffffd5d3
ffffbd6a
00001968
00000e96
000007e6
ffffe9ce
ffffd447
fffff82e
00000fc0
ffffe4d9
00002b2a
00000764
ffffe7d0
ffffee49
ffffcdef
ffffe2ed
ffffc4be
00000ec0
ffffe884
ffffe768
fffff3e7
fffffa5d
00001c1a
fffffd68
ffffd2bf
00004505
fffffbde
00003e82
0000054e
ffffd7e8
ffffc6a4
fffff746
000034eb
fffff40f
00000e66
00002c34
00000164
ffffda1b
fffffc62
00000ba7
000001e3
00000ffd
fffff4b1
ffffdaa7
000026e1
ffffd620
00000f91
00000044
ffffcf09
ffffe31e
00000fa6
ffffd7a8
ffffe324
0000062e
000000f0
000022aa
ffffe0ed
000014ab
fffff426
ffffcde2
fffffb72
ffffe60d
ffffc546
00004025
ffffef09
fffffe9b
ffffe6ba
fffff692
0000019f
0000225c
fffffaa5
ffffda94
0000277d
00001032
fffffc48
ffffd6dc
ffffe91d
00002e0d
ffffdb53
0000128b
ffffda36
00000723
000017ec
ffffea75
fffffdc2
fffff4bd
00000ebe
fffffe8c
0000343a
ffffe8ce
0000089b
00001925
00000f49
ffffed15
000010c3
000021ac
00002e70
fffffa9e
ffffeb77
000010cf
000015f4
ffffd4e5
0000230a
fffff861
ffffef4b
00000b5d
ffffe1f0
ffffc71b
ffffda6c
00000762
ffffe93e
fffff573
00000f36
00002a64
ffffe766
0000205b
00003aac
00000d86
ffffff02
000026d3
fffff337
00003073
00000df5
000010dd
00002f59
00002292
ffffe5e5
ffffdc63
00000878
ffffd9ac
00001f01
00001e1f
00000528
ffffefc0
00000233
fffff6bf
000013ad
000024ce
fffffd3a
000033e2
ffffc429
ffffe63d
0000093d
ffffe015
fffffff5
000031fc
fffff16b
fffff7b2
00002fc6
00001e48
00001bf3
ffffe20c
0000212e
fffff343
ffffe530
000011b1
00000c3e
00000803
fffff7de
fffff60f
fffff9a1
00001acd
ffffcb4d
000001bc
00004bdd
fffff86b
000002f4
ffffeac2
00001e61
fffffcfb
0000349a
000008a3
0000044d
fffffca9
00001073
000003ee
00001bb2
fffff291
fffffbb3
fffff35a
00000065
fffff6bf
ffffea1f
ffffd484
ffffc4f7
00000730
00002270
00001bc8
ffffed7f
ffffeafc
ffffc38a
ffffd1ab
fffff00f
ffffd9c5
ffffe6f5
fffff24b
fffff498
fffffbaa
000024f3
ffffecb1
ffffc974
0000181e
000015bb
000000e2
fffffa3d
00001d3b
00002454
fffff50a
ffffbed6
fffffca6
0000343a
fffff7ed
fffff6e2
00000d81
ffffe8fb
0000073b
0000158e
ffffdc52
ffffda71
fffff897
00000c6f
00000c69
ffffebed
ffffed9f
000043ec
fffff598
00001dd5
00002487
fffffc74
ffffd6ba
00000963
ffffe37e
0000095b
fffff3af
0000189b
00000f1c
fffffa57
00002967
ffffba96
ffffdb79
00000cfe
ffffea8b
ffffdb5a
ffffe25f
fffff08e
000000ee
fffffb64
0000077f
ffffe26b
0000397d
00001f0d
ffffec20
000026a7
fffff86b
0000297b
000017c6
ffffc9a6
00001371
0000134e
ffffea37
00001ac2
000012f9
00000102
ffffeddc
00002f07
ffffc5fe
000005c8
fffffd63
ffffd8e0
00003fc2
fffff93b
000029b1
fffff1ca
fffff90b
ffffd656
ffffd497
fffffdc6
ffffee5e
00000351
fffffa3f
fffff77a
00000f0c
fffffb05
ffffd06b
00003916
ffffd5e9
00000827
000011ae
00000ddd
ffffe650
ffffe93f
ffffd2a0
fffff884
ffff931e
fffff404
ffffec28
000028fe
ffffeb8a
fffff3ce
ffffe768
000019c7
ffffc786
ffffe8e4
00004122
000023e1
00004922
0000133d
fffff856
00001802
000028d6
ffffd823
0000190c
ffffdc57
ffffdc1f
ffffd37c
00000da5
ffffe4c6
000026fd
00000a01
00000f82
00000740
00000de9
ffffde23
ffffed5c
00001039
00000b15
00004d4d
0000074e
fffff3eb
00003400
ffffb587
0000087e
00003101
00000d6e
ffffe6c1
ffffcbe7
00002b96
00001bbb
ffffe481
ffffebd9
000028de
fffff084
fffff38b
fffff1b8
ffffdecc
00000b45
00003af4
ffffdc83
fffff330
ffffdd22
ffffcb32
00001d19
ffffe417
fffff5f7
ffffff30
ffffce7d
ffffbf2c
ffffec33
00004a95
ffffecf9
00000179
ffffff2e
ffffd4f8
ffffe8e3
00000303
fffff808
ffffcb29
ffffe696
00005d10
ffffe5eb
ffffbed1
0000175d
fffff063
00002a22
00000f0b
00002874
0000069d
ffffe60f
000033f7
000019d9
ffffd144
00002701
fffff503
000011b6
00002237
0000088b
00000972
000021bf
ffffd5e1
fffffbce
00000c09
fffffeee
ffffe75f
ffffbe24
00001196
fffff0e6
00000d0c
fffff882
fffffd34
fffffe22
00000f74
fffff5ca
fffff18b
ffffe389
fffffd8e
00000d11
fffff34b
ffffad80
fffffd34
00001506
fffff742
ffffe359
00001fcc
00001b5c
000012d3
fffff2c6
0000113a
00000b5f
ffffcf30
00000bcb
ffffbda6
000018aa
00002ff5
ffffe588
000019a2
0000113b
00004487
fffff944
00000d04
0000037e
ffffef0b
0000012d
ffffed23
fffffd69
fffffa3a
ffffd52f
ffffe8ff
fffff72e
ffffe67b
000018e8
ffffe05b
00002051
00001ff2
fffff35a
ffffc968
ffffd0f3
00000cb9
ffffb527
000014bd
00000591
0000003d
fffff4c0
0000186c
00001067
00002c6e
ffffeb89
000005a4
ffffecd8
000031ab
ffffdebc
00003ed3
fffffa12
ffffef32
00000d94
0000174a
ffffb9cb
ffffcf42
fffff3dc
00000295
00002a4d
00001a18
00000fd5
000016dc
00000b4e
ffffd6a5
ffffda44
fffff02a
ffffdbe5
00001591
00000311
ffffcd39
fffff7fc
00000651
0000164f
ffffc486
0000455c
fffffeaa
ffffeace
ffffacde
00000fb0
00000dec
0000146e
00001d39
00000680
ffffffb9
0000302b
00001bd5
00000c07
ffffdeec
00000044
00002c83
000006ed
000002f8
fffff28f
00001373
ffffec89
ffffcf12
00005f11
ffffef94
000021ae
ffffd71e
ffffd697
ffffedb3
000035b6
fffffcf0
00000aa1
ffffd49b
ffffcbfe
00002f98
00001156
ffffde0b
00002090
fffffd99
00000699
0000341e
fffff1e2
00000fdd
ffffdaba
00002b80
00003474
0000193f
00001b1b
fffff405
ffffe200
ffffc9de
000017e1
000035a0
ffffc905
ffffef9d
fffff46d
ffffdc26
00000cab
ffffefc4
0000401a
000000c5
000034a4
ffffd76a
00000d5c
fffffa13
00007e41
00002013
fffffef0
000006fa
00002b3c
fffffe3c
fffffdfa
ffffb032
0000351a
00000000
ffffdf3c
0000176f
ffffe596
ffffec64
ffffc61d
00000c03
ffffde8e
000008d7
00000476
ffffec07
fffff79e
00003b80
ffffda64
fffffdda
00002cb6
fffff33d
ffffeb27
0000228c
000009b2
0000307c
00001532
ffffdf90
fffff197
ffffe840
00000606
ffffefc4
ffffe417
00004bf0
00000537
ffffde56
fffff3d2
ffffd037
00000776
ffffd45f
ffffeb42
fffff8e5
00000230
fffff95c
00002525
fffff712
ffffea15
ffffd2e8
fffffb6c
ffffe473
fffff8bc
00003ecd
fffff4b1
0000115c
ffffe56a
00000be3
00001608
fffff0d4
00002369
00001aa4
000025ec
ffffc517
00000211
00001d66
fffffbb9
00003396
00000208
fffff62f
00000712
00002d15
00002a6a
ffffdb9f
0000111c
ffffe32a
000002e8
0000174c
fffff197
ffffefae
00000a00
00003e4c
ffffe19c
ffffbebb
fffff8c1
00001c2f
ffffeae7
fffffe78
ffffcbe0
fffffcff
ffffde6d
ffffed0b
ffffff6c
000019f7
fffff030
ffffc49b
ffffd7dc
0000147a
00002249
fffffb72
fffff5f5
000011a3
000006f7
ffffe4b3
fffff53f
00001e5a
ffffe805
00002b88
00002dd6
ffffedab
fffff66c
fffff29d
00003304
ffffed9a
fffff59d
fffffd2c
00002f98
ffffbe6c
fffff9c0
ffffea0a
fffff8f6
fffff5c1
ffffe476
00001ab8
ffffc19f
00001e76
ffffeaa4
ffffd6f1
00003cea
ffffe2e9
ffffd3a6
ffffdcac
00002096
000025ec
00001414
00000aa0
fffff849
00000c4d
00001032
00001227
00001098
000036e5
ffffe7de
000033ea
ffffe856
000030a9
ffffebf0
ffffd6fa
fffffaca
fffff99e
00004a02
00002b7c
00003d33
fffffa45
fffff018
000009e2
ffffcda0
000015b4
fffff4c9
ffffee76
fffffceb
ffffd10e
0000597a
ffffc0f2
000000a2
fffff1ae
00000537
fffff88b
00000e65
fffffd26
fffff417
ffffdfe4
00002b5f
00004e64
ffffd087
00002e94
fffff55d
fffffe21
00000d29
00002ae4
00002d5c
000002a7
ffffef42
fffffdec
00003398
ffffe78e
ffffdaba
fffff7b7
ffffdba6
ffffe302
ffffd045
00001562
ffffbcd9
000020b9
ffffe9c2
00000e7b
000037b4
00004902
0000298f
00003fa1
ffffff0d
ffffd068
0000332c
fffff5d2
000014cb
fffff39e
000013d5
ffffe730
ffffc733
ffffdfe5
ffffbb53
00000d2a
ffffd75d
00000f5b
000014a0
00000ac9
00000ba2
0000386c
ffffbda3
ffffef24
ffffe6d8
ffffb973
0000101c
000025b1
00003efd
00000318
ffffe527
00000e8e
fffffc55
00002132
ffffdb15
ffffd8fa
ffffe992
ffffd5ab
ffffeb61
00000878
0000255e
0000094b
00003241
000012f9
000027ce
fffffa2f
00000cc9
00004983
00003227
ffffeda8
fffff001
0000330c
fffff2da
00004245
00004d3e
fffff6b6
00001dca
00001182
0000123c
00000465
fffff331
ffffeecb
000025bc
fffff0f4
00000b22
00003967
ffffdfc4
00001a4c
000004b5
fffff030
ffffc8d2
ffffe4f8
000000d0
00000890
ffffe5a0
00000c25
00000306
fffff8c1
fffff3df
000011dd
0000176b
00002023
000009d1
000003b9
ffffe5e2
00004320
ffffeb59
000034d9
00003059
00000e79
00000ccc
fffff13e
fffffc91
0000353b
fffff776
fffff0e0
ffffeebe
000002f3
0000113c
000002fa
fffffda5
00000391
00002ba9
00002489
0000361c
fffff14f
ffffe36c
00000fa9
000000f7
00001473
ffffe122
ffffbe9e
0000293f
000019be
000041ba
fffff1a0
0000009b
00001ddd
fffffe79
000012a9
000014bf
00001cd1
0000143c
ffffd9a2
fffff2bf
000001ff
00002095
00000098
00000ae4
ffffee16
ffffe141
ffffdc19
00002a50
ffffd97e
000017ae
000042ae
000018f0
ffffe5a8
ffffc6bf
00000c7f
0000265b
ffffcbc2
00001d75
ffffd840
ffffe8a7
0000121c
0000056c
00000320
ffffd08e
fffff53c
00000211
00000beb
ffffdb27
00000e1c
ffffe215
00000155
fffff250
00000f8a
000036a0
ffffd2c8
00002e7f
ffffe80f
000029c0
000026ed
ffffeb06
00000d42
00000eb0
00003305
ffffe11b
00003cf0
ffffd928
00000c48
000031d6
00000c92
000015dd
000003b3
000018e2
fffff257
ffffcb20
000030dc
ffffdd2f
00000382
000013ca
ffffebfd
0000230e
00001d8d
000015fc
ffffeb38
00004081
000013ff
ffffd2c6
ffffde15
ffffeabc
000003e1
fffff983
fffff8e0
00000bee
fffff572
ffffed13
00001bcf
00002102
000037ac
ffffe7c4
fffffc3f
fffff282
000000af
fffff71c
fffff748
00001c5f
00002819
00004b51
00002450
000069a0
ffffca87
fffffe0e
fffffab6
fffffe6d
fffffaa9
fffffbc5
ffffedf7
00000e6c
fffff697
00002e74
ffffd40e
fffff5ed
0000004a
fffffcba
fffffd72
fffff137
000004c5
00001127
ffffeddd
00001a71
00004f77
ffffc280
fffffb12
ffffcdda
ffffcfb3
fffff5e4
00000d0b
00003238
fffffb93
ffffeecd
00002d1e
00004203
00000c45
ffffcb84
fffff4d0
ffffe806
fffffedf
ffffe188
00002eb5
fffff88a
00000bbe
0000008f
00001005
0000148a
00002c4d
000020cb
00005454
00003be9
ffffc9ac
0000152e
000017ad
00002c11
fffff2d9
ffffdee8
00000304
ffffd637
ffffdb8e
ffffce0f
000004eb
ffffdf8d
fffff676
00000646
00000622
00001ae3
0000235f
ffffc509
00000b9a
fffffdc8
fffff1a4
00000462
00001efa
000040b1
000004f5
fffffbf8
0000093c
ffffe7d3
00002280
ffffff99
ffffdfa2
ffffcbae
ffffd472
fffff7d9
0000030e
000018de
ffffd5f5
00001031
ffffffbd
00001134
ffffe321
fffff82b
00002460
00004de4
ffffe8a5
ffffd787
0000175a
00001912
00001269
0000230c
ffffe6f1
00001eb5
fffffedd
00001082
000012d4
00001162
fffffbc9
00002741
fffff774
fffff295
0000107c
ffffd547
000020cb
fffff991
ffffddea
00000205
fffff8f3
fffffc36
00000039
fffffb15
00001286
000010fd
ffffc5e4
fffff091
0000186f
ffffe5c1
ffffef18
00000ad8
00000716
ffffd1f3
000004a5
fffff222
00000198
000046be
fffff721
fffffd26
ffffed82
ffffda54
00001088
0000173a
ffffe726
ffffd564
fffff7bd
00002140
00001a95
00002d2e
fffffa58
000013bc
000009d9
0000255d
ffffd854
ffffe682
fffff470
00000104
00001aaa
ffffe935
fffffd08
0000227c
fffffe50
000003bd
0000138c
000017e5
00004120
000002dc
fffff9c0
00002e86
0000024c
ffffef5b
ffffef4c
000008fa
ffffedd3
fffff23f
fffff59e
ffffe09d
ffffcdbc
000006b2
0000067f
000021c9
ffffdc21
000011a7
000033b4
fffff7b9
00002bae
fffff053
00001c76
0000177e
ffffd63e
00003123
fffff59a
ffffdb8f
00002eb2
ffffff8d
0000092d
fffff703
ffffecbb
000010d0
00000a1e
ffffeb39
00001d02
fffff90b
000020d9
ffffe747
0000091d
00003a1f
000023ae
00003cb2
ffffe9eb
0000218c
0000299e
0000011a
00003630
00001efb
000010b0
ffffebd6
00002e59
fffffa64
0000348e
000026d5
00000121
00000e7b
ffffe6ae
000009ed
ffffee57
fffffa8f
00002aa1
00000470
0000082e
000030ca
ffffe5ea
000004cf
00004e0c
00000f2c
ffffee8f
00002a99
fffffeba
ffffd4c5
fffff2a5
000013ef
00002540
00000e8b
00002024
fffffdc5
00000f33
fffff316
00000fd3
000025e1
ffffe318
000005d8
ffffd89c
ffffde75
fffff627
ffffe3d7
00000bee
000004cd
00002f0a
0000247d
ffffface
000022da
fffffc2c
00001a0f
ffffe93f
0000128c
ffffefd3
fffffb7f
00000f92
ffffe120
0000059b
00002bc3
ffffe984
00001105
000025ee
00002cff
00000f0d
fffffb87
fffffd43
fffffc70
ffffc139
ffffec5d
ffffe8b3
00000b6b
00000f7e
ffffea56
000019e1
ffffdfe8
ffffdb5a
fffffdd3
fffff4f1
ffffd10e
ffffcc5a
00000980
ffffee08
fffff8a3
000025bc
000011cb
ffffeb59
00001155
fffffc13
00002d8b
fffff323
ffffe108
0000084e
ffffffe0
ffffdcb7
ffffcf8b
ffffe7ec
ffffe943
ffffd1e1
ffffff46
fffff76f
0000145a
fffff454
ffffc43d
ffffe761
00003b99
ffffddab
ffffe238
ffffdfdf
00000486
ffffc148
fffffd92
00000b75
00002485
ffffddb8
ffffd046
00000892
00001605
fffffaf6
fffff15f
000002c6
00000f3a
ffffe210
00004e33
ffffe185
00001a6a
fffff8f5
ffffa679
ffffe647
fffff5d7
fffff703
00003f27
ffffe4c3
ffffce15
0000132b
ffffc90e
00000d6a
ffffe78d
ffffc18d
ffffee00
00000ed7
fffffa28
00000fbb
0000077a
00001c0c
0000080a
000010aa
ffffc7d5
fffff370
ffffed9b
00001e8e
000006aa
00003573
00000ef9
fffff323
0000258b
ffffe2aa
00002889
fffffcec
ffffd346
00002d34
fffff701
ffffe0c0
000001f9
00001ffa
fffff598
ffffff04
fffff721
00000847
ffffdb3b
000009ea
0000660d
00003958
0000027a
00001b2b
fffffa11
ffffc6aa
00002c73
00001515
00001747
00001281
ffffdbb3
ffffff54
00001ebd
ffffedf2
fffffada
ffffdba8
00003b94
ffffebc9
ffffd929
ffffb0f9
0000072f
fffff31c
ffffec0e
ffffeb69
ffffe49e
fffff2ac
fffff00e
000000ce
00000a87
0000318f
fffff733
ffffee2c
fffff912
0000188e
fffff180
00000f99
ffffe626
ffffd867
ffffef31
ffffd2eb
ffffcc89
00002f56
ffffcd51
00001679
ffffeb29
fffff0e6
ffffdb8f
ffffe0c6
000013ac
00000b58
fffffcd1
00000e98
ffffef8d
00001266
00002da0
000027f9
ffffee28
ffffe5cd
000006e0
00000f37
ffffc24f
ffffb6c9
000032ce
000004ff
ffffeb94
ffffe99e
000001ce
fffff003
fffffd34
ffffc61a
ffffcd16
000017bb
00003730
fffff6cf
00002ed2
fffff069
ffffcdf4
fffff4ae
ffffe2e1
ffffe275
fffff411
fffffef6
00000517
ffffbef2
ffffcd58
00000170
00000368
00000c50
000014a3
ffffea66
fffffe2b
ffffe9de
00000903
00000276
ffffea3e
ffffe08c
ffffc095
00001a31
fffff366
00000613
ffffedf4
fffff18a
00002878
00001d94
00000253
ffffd96f
00000622
ffffdaa2
00000a10
00000319
fffff317
ffffe1ef
0000303b
00000c0f
fffff005
ffffd8ee
ffffce0f
00001478
fffff741
ffffede6
00002d1b
00002816
ffffd1fe
000019b2
ffffdcb0
0000157d
fffff6f6
ffffe224
000008b0
00001b69
ffffe903
ffffdfad
ffffdfe8
00000b8c
ffffe6c6
fffffc58
ffffd518
00000789
00003ff8
00001fb3
fffff8a5
ffffece6
00000bf2
00000b16
ffffd289
00001e57
000026c4
ffffbe83
ffffe4bc
ffffd718
00001c9d
00001e24
00001322
ffffff9d
fffffde5
0000112c
ffffd324
fffff02a
ffffc29b
fffff9b2
000019bb
00002964
fffffe64
ffffced4
fffff965
ffffe369
00002a32
00000a07
00000668
fffff9a4
ffffb4c5
00002bf6
fffffc03
ffffee85
000021e5
fffff14a
000048f5
000031f2
fffff101
00001388
fffff5b0
000005fe
fffff6a0
00001654
fffff43b
00001d96
00000224
00003222
ffffbd7a
00003804
ffffeb90
000008c2
0000116d
fffff047
ffffeb09
ffffe986
fffff5a3
00002363
00002522
00000903
0000390c
00001b6b
00002759
00002530
ffffdace
fffffe07
00000422
ffffd91b
fffff04e
ffffef77
0000160f
fffff52e
000007e9
00003840
ffffd940
ffffda06
00000f34
000000ba
00001610
ffffec0d
ffffdf50
00001e5c
fffffa8b
00001d00
ffffb701
00004464
00000757
00002066
00001f03
00001dc6
ffffcccf
ffffcf64
ffffd5b4
000000bb
000005aa
ffffec60
00001cac
fffff1a6
fffff1f4
ffffce9a
ffffd4a9
fffff069
000007e7
ffffbbb7
fffffe3a
fffff710
ffffbd62
00002434
000005bb
ffffbf4d
00001747
fffffd68
ffffe846
ffffef29
ffffedfd
00001e88
00002eec
fffff097
00000730
fffff4c9
00000de8
000011bf
ffffdcca
ffffd8f7
ffffc184
ffffda02
ffffe336
00000943
fffff0e2
ffffc3c2
ffffefe5
00001537
fffff7e0
fffff935
ffffdde1
000025f7
0000028e
00000a4d
000019bf
ffffe3b6
000012c9
000009c5
00003029
000006a3
00000dbf
fffff636
fffff1a9
00000d7b
ffffd009
ffffefae
000019b5
000002a5
ffffd245
00002d01
00001705
00000962
00001150
00001a1c
ffffdc1c
00002def
fffff946
0000147f
ffffe8ea
00000ea9
ffffdfd5
ffffba5c
00000470
ffffec48
00002daa
00000a47
fffff90f
ffffde46
ffffc486
0000130f
ffffdbc3
0000042e
ffffd6eb
ffffe443
ffffd59b
ffffe291
00001965
ffffea12
fffff754
00000e50
ffffb024
00001716
ffffe6d1
fffffea0
000011bd
ffffed68
ffff98d0
00000623
ffffe7bc
000015ab
ffffd811
ffffd651
000018e9
00003293
00001b38
00001a6e
0000057b
000000cc
00000edd
ffffe8fe
ffffe9e8
ffffda37
00000458
000002a7
00003a8e
00001ac6
ffffdf51
fffff9f7
fffffc82
00002f6d
000005e5
ffffe51f
ffffe327
00002dff
00000376
fffff1fe
000036f2
00002968
000004e0
000016f8
0000148d
0000057f
00000dca
fffffe41
00000f95
fffff3ad
ffffd8f6
ffffeeac
ffffc1fc
00002a26
ffffe6f9
ffffdb00
fffff347
ffffdf0f
0000240e
ffffe850
ffffe01e
ffffc600
ffffb66a
fffff6e9
ffffe5d5
ffffdf11
ffffe051
00001c86
ffffdcb6
fffffe18
fffff628
00001d1f
ffffe06f
fffff7de
0000371d
fffff3fb
ffffe877
ffffe5f7
ffffef38
000049b0
ffffe25e
0000192b
00001f95
00000658
ffffe3ff
ffffd270
fffff50f
ffffd3e8
0000404e
00001203
ffffd5d6
000007ea
fffff925
fffff106
000038e8
00002f0b
ffffe913
000028d4
ffffdbfc
ffffe602
fffff8cc
ffffef5e
ffffd14d
ffffe8b7
ffffdf31
fffff7db
00002dfe
000002d5
fffff48f
fffff6e9
fffffecc
00004020
ffffff4d
fffff695
fffff9b1
00000c25
00000ac4
fffff1b6
0000255a
ffff9e78
ffffea00
000025f4
ffffeeef
00000c5b
fffffc23
00000bcb
00000a9f
ffffd22f
fffff53c
ffffd3e7
fffff21e
00001035
00000af5
00000528
fffffe97
fffff18c
ffffcd6f
00002d30
ffffd193
00004d4a
fffff87a
000009f6
000004d2
ffffeb68
ffffd9b3
fffff4d2
fffff1eb
fffffb62
fffff312
ffffcdce
00002f76
fffff974
ffffd91a
00000634
00000daf
000019cb
fffffcfb
000014d7
00000ffc
00004c2e
fffff9c2
00000213
fffff794
000017c1
ffffe54a
ffffbc9d
0000088d
ffffced5
fffff812
00000ff1
ffffe648
fffffb2d
ffffdb88
00002858
00002991
ffffe43d
000000df
000010e1
00002850
fffff8cc
000006c7
ffffed87
00002969
00003d70
fffff333
00001e57
ffffebb5
00003647
fffff232
ffffe8c8
ffffca11
ffffd37c
ffffd321
00001212
00002c24
00000f33
ffffdb4d
00000670
fffff894
0000133e
00001555
0000251f
ffffede3
00001e0e
00002623
0000269c
000015a5
00001aa0
ffffe5d9
000016bf
fffff673
fffff88b
fffff6bb
00002aa8
ffffd3c8
000062bc
ffffe245
0000172a
ffffff4d
ffffefa3
00001f41
00000710
ffffecc6
ffffef21
00001d57
ffffe080
00000908
ffffef2e
00003d69
ffffcdc8
0000421e
fffff367
00001f1d
00001ea3
000008bd
ffffcfa2
00001645
00005f85
000021c6
ffffc075
ffffcf16
00002984
00000f66
00000617
00004d37
00001437
00000b2c
00000a57
ffffe37e
ffffe969
fffff1ee
fffff4ed
fffffd3f
00000042
ffffd5ba
00000436
fffff09b
00000b11
00000b0e
ffffd6ef
fffffd7e
00001722
fffff6b4
000024ed
ffffeecd
0000111e
00002583
ffffbb1e
ffffdd6b
ffffe742
00001779
00000d18
00001dd3
fffffbad
ffffd525
ffffe689
0000323f
fffff867
fffff75e
00000c12
fffffa88
00002e82
00000e48
00000cfb
ffffec61
ffffd1a2
ffffe662
0000068d
00000fe1
fffff2ce
ffffc6ed
000015fa
000032e3
00000932
00000cb9
00002c2d
ffffdc84
000017a1
fffff676
00000ff6
00003992
000032d0
000002d5
00002483
00001db4
fffff489
fffff800
0000157b
00002782
ffffd88f
0000460e
fffff9eb
ffffe79c
fffffdf3
fffff989
0000256a
ffffda01
00001b1b
000026ad
00000c78
0000509d
000023e0
000018e0
ffffdf1f
ffffe960
00005501
fffffe90
00001439
fffffedb
fffff07a
ffffd940
00000a60
fffffdcc
00000d04
000028e3
ffffd3ac
fffff63a
00001ba8
ffffe81a
ffffd511
00002eae
0000368e
fffff0ca
ffffd5d6
ffffe3b9
00000a2c
ffffc881
000009e7
ffffd509
0000089b
00002d47
00001e68
ffffcc6b
fffffd95
00000e0f
000029ea
ffffec37
000015af
fffff412
000035e6
00001865
00002ec1
00004cf0
ffffea17
fffff367
00002f4c
ffffe478
ffffdb44
ffffcb8d
00000ac0
00002996
0000017e
0000229b
ffffefe9
000028b1
ffffc9a1
00001a29
ffffe121
00000afc
ffffee81
00001835
ffffedb1
fffff55d
ffffda3e
000012f1
000017da
fffffe08
00001b61
0000289b
00002e68
00003e0d
ffffa08b
00002294
00001405
000011c4
ffffd29b
fffffb2b
000000f8
fffff1ac
000044e0
fffff293
fffff860
00000d46
ffffdf65
0000403e
ffffdf42
00000454
ffffee47
ffffc779
ffffc437
ffffd194
ffffdfa7
000012b6
ffffeb79
fffff731
ffffd611
00002939
ffffda62
ffffe6bf
000017d2
fffff037
ffffd197
0000359b
000012cc
0000137d
fffffc83
ffffe787
000039a7
ffffc8e2
0000182e
fffff6f3
00003060
00000e43
ffffea39
00000293
0000145e
ffffe344
000000b6
000028c3
00001460
00004a62
00000b0f
ffffb753
ffffcf5b
00001576
ffffeee4
fffff912
0000124b
00003657
00001c01
ffffee40
0000150a
00001304
ffffedc6
00000f4a
00000cfe
00004464
ffffc0f7
fffffe38
00002342
000013c5
ffffe611
000003cc
ffffe7e9
000035b9
ffffe74d
fffff3ab
00004c45
00001317
ffffda99
ffffec4a
00001b48
ffffe5a0
00001533
00000da0
000008ba
ffffc906
ffffdbcb
00000586
fffff81a
000021b8
00001085
ffffdaae
00000e75
fffffd90
ffffe98b
0000169d
fffff54e
00000702
fffff19c
000003ae
ffffe782
00001b49
ffffebbb
fffff969
ffffd638
000021bd
00001e41
ffffebb5
ffffde9f
ffffd081
ffffd6c9
0000283e
0000277d
00002706
00001047
000016fa
fffff5a1
00001ef1
ffffeb1d
0000697f
0000046e
ffffdf92
00001e29
00002bbb
ffffe48a
00001261
ffffd617
00000a1e
ffffe81e
ffffd3ed
00000f76
00003ae4
ffffdf50
000006bd
ffffff0f
00000660
fffff3a2
ffffedea
000002ed
ffffe162
000011ca
ffffef06
000045b0
00001b2e
00003151
000022e9
ffffea4e
ffffb3a0
000000c5
fffffa17
ffffd7e0
ffffde45
0000062f
00000288
ffffdfc5
fffffef1
ffffdf2f
00001c50
ffffef01
000004f3
00000c50
00001c96
ffffe86f
ffffed94
00001418
ffffc7bb
ffffee0e
ffffed93
ffffedc0
000003bf
00004055
000013c9
00001d6c
0000140d
ffffef30
000026a9
ffffec51
00002361
00000e67
ffffc399
000021b7
0000238f
00001fe2
00001e5e
ffffd7ac
fffff5c4
00003292
00000cd1
ffffdecb
ffffed60
ffffec47
fffff503
00000394
00001659
fffff205
fffffbac
00003f1a
000015a1
fffffc0d
ffffd346
ffffcd39
ffffec58
00001f12
ffffe1bd
0000157c
00001459
00002198
fffff1d0
0000140f
ffffd9d7
fffff8f7
ffffdbcf
ffffd5e8
0000264f
00000ce2
00000422
0000463a
fffffe78
0000083f
ffffbfd9
ffffef91
ffffdfff
ffffd163
ffffe64e
fffff750
ffffebbb
000020c5
00001b66
0000171b
ffffe972
00000d0f
000007d7
ffffdc45
0000185d
0000435b
00000bef
ffffee25
000011a6
ffffdb34
fffff058
00000bf9
000006bf
fffff643
ffffe322
00003b46
ffffdffe
000018bb
00004743
0000017c
000034ef
00000504
ffffdcc3
00001001
000036c3
fffffddc
000019d9
fffffa29
000039c9
ffffe389
000009a0
000011df
ffffc069
00001187
0000097b
ffffeb9a
00001e94
ffffed6b
00001e6b
ffffed3b
fffff3c4
00002670
00000251
0000419f
00001103
ffffd8e7
00002630
000004e6
ffffced4
ffffd25a
000017d5
0000280b
ffffbc4d
00001934
fffff7af
000012a2
00000bdd
00000afc
00002719
ffffc3e3
fffffd12
ffffc654
ffffc7a3
000023da
00000a3d
00000cdc
ffffed3c
000024d0
fffff6ef
ffffe973
00002a12
ffffc830
00000fd4
00001ea4
0000041d
00004955
00001a90
ffffe36f
00000c46
00001646
ffffd1fc
fffff5be
ffffe03c
000019f3
000016d3
00002db5
00001d3f
00001ee6
00000636
fffffb37
ffffc8f6
00004a38
00001d8e
0000350f
ffffcb11
00001f29
0000188a
ffffc8e9
fffffa39
ffffe636
00001c5c
00000178
fffff7ef
00005181
ffffc7b1
00001728
fffff354
00000bb5
ffffcec4
000017d4
00002430
fffff302
00000556
ffffdca1
ffffbdeb
ffffd939
000009f3
fffffd15
fffff5b1
00000c93
00001444
000007ee
00000016
ffffc3de
00002022
ffffed7c
ffffeae8
fffff9ce
fffff9f2
ffffd810
ffffcdaf
00001b3c
ffffdbff
000029b0
00003554
fffff95b
0000099d
000011ea
00001ce6
00001d7a
ffffcf45
00000e67
00000d47
ffffe451
ffffd82d
ffffea28
000005bf
000036e9
ffffc5a4
ffffe49d
fffff03d
ffffd369
ffffff95
ffffc5f4
ffffdfca
fffffe0d
fffff35d
00000fc8
00000069
fffff8c9
ffffef7c
ffffd81e
00000a7e
fffff18f
fffffd93
00000278
ffffe152
000004fa
00000aa6
00000230
0000035f
fffff81f
ffffddd7
000004c2
000019b1
ffffcf8e
00001eee
fffff48d
000015c0
ffffddcd
000018e0
0000042b
00000fa9
fffff043
ffffeeeb
fffff045
000038af
000011e8
00000d94
00001ee2
ffffc2a8
ffffe20c
fffffa29
ffffd510
00000aed
0000021d
00002181
000006ed
00000070
00002adb
ffffc519
000002e4
ffffc829
00000f81
00003a13
00001798
ffffdee3
000070b5
fffff7cb
000011ce
000014a2
fffffbea
ffffd124
ffffed97
ffffd51e
ffffd417
fffff6e5
00001362
00001337
0000012d
0000122f
00002dca
ffffd883
00003e61
ffffef39
ffffd6cf
0000180e
0000021d
ffffce47
0000299d
00000e7d
00000101
000021ae
00001737
fffff520
000005fc
ffffc5c0
fffff72c
ffffcc2e
ffffdf7d
0000154f
00001bb2
fffff0e0
00000743
00001238
ffffcaf7
fffff3d3
fffff0e1
fffffdac
fffff160
0000154c
000008be
000013e3
fffff935
00001ef0
ffffcf19
00002d3f
00000b77
00001879
ffff91eb
00000315
000024e0
ffffef7b
fffff242
fffff3d5
ffffe6f8
ffffea7d
00000b5f
00001ef0
fffff10e
fffff5e9
00001da6
fffff54d
fffffb85
00001c30
0000116c
0000169a
00000a97
00001ef4
ffffed68
00002319
00000e5a
00002b6d
fffffc5f
00000789
00000ee6
000028f5
fffff1c5
ffffd024
ffffc6a0
fffff15e
0000123c
ffffd879
000009d0
000009d9
000008ba
00001970
00003615
ffffe99a
ffffef0a
00002df2
ffffea26
ffffe17c
ffffdddd
ffffd722
ffffd689
00000049
ffffdc78
fffff7c8
ffffd6cb
ffffed79
00001293
ffffe673
ffffe856
00002047
00002e1d
ffffc861
ffffde46
0000051d
000022ce
00001fc1
00000a9c
fffff618
0000156e
000009c4
ffffe017
ffffe314
ffffe61e
000004c5
ffffe252
ffffc97b
00000af9
0000132a
ffffed1d
ffffee0c
ffffcc13
ffffed59
ffffda37
0000210b
ffffeb2f
00004c70
0000084b
ffffb311
fffffff1
00001989
ffffc134
00000ca9
ffffe76f
00001dbd
ffffdae9
ffffd48e
00000938
ffffd711
ffffdd04
ffffc44e
0000122d
00001829
fffff49c
ffffce5f
000024d4
fffffd5b
ffffc2b4
ffffec92
ffffcff7
fffff976
000013ad
ffffdcd3
00001711
00001278
ffffda49
fffff3fa
fffff1b8
ffffeb81
fffff97b
fffff9e8
000025c5
ffffcbb3
000020d0
ffffeb22
ffffedfa
ffffff86
fffff191
ffffe906
00003138
fffff885
ffffd136
ffffdfe4
0000333a
00002407
000007ee
fffffefd
ffffddf9
ffffe567
ffffe665
00000077
00001f2a
ffffed99
000006f1
00002579
00001670
ffffe949
ffffda8d
00001fd2
00002061
ffffe72c
fffff692
00001c45
00001fe0
fffffc76
ffffd422
fffff86f
fffff789
ffffdef8
ffffeea1
fffff952
00000c0b
000008ff
fffff082
ffffea5b
ffffcc12
00000bed
fffffb84
000018b2
fffff886
ffffd266
0000105c
fffffb65
ffffe846
0000017e
fffff014
00000926
ffffd7b1
00002260
fffff58c
ffffe157
fffffdbf
00000be6
fffff467
00002ed7
ffffe984
ffffeae0
ffffe972
000021f7
ffffd791
00000bc0
00001826
ffffe6b4
fffffbcc
ffffd36e
ffffc891
ffffea03
ffffe0e2
ffffdb8b
000021ac
fffff186
ffffecec
ffffde2b
0000130c
ffffbcb9
0000058a
00001ac8
ffffedf4
ffffe22d
fffff776
ffffec44
fffffa8f
ffffd842
ffffdf2d
ffffd8bb
ffffee99
ffffe41e
ffffb622
fffffa8a
ffffeff3
ffffded3
ffffeca9
ffffcbed
00001c15
fffffc12
00001baa
0000050e
00000c4f
ffffe861
00000b5e
00000f4c
0000138b
0000092e
00001a59
000019e4
00000bf9
ffffeaaa
0000023c
ffffa84c
ffffeb58
ffffc2bf
ffffeeb9
00002e44
fffff29d
00000728
fffffa92
ffffe110
ffffd1ab
fffffd6f
000005bf
fffffce5
00000762
00000dd9
ffffdfc5
ffffee4a
000020e8
0000573d
000001b9
00002044
ffffece4
000021f3
ffff9ed9
ffffe68f
00000a67
ffffffbd
fffffc76
0000020e
ffffed23
000023c4
ffffec50
00000363
ffffef5e
00000df3
00000506
000014e2
ffffc6db
0000135d
000012aa
ffffc41b
ffffbafa
0000359a
fffff164
00002165
fffff04b
00000dfe
ffffc62e
000009f3
00000d1e
0000083a
00001768
ffffc5ac
00001a82
fffff92a
ffffee85
00001974
0000151f
00000895
00000cb5
ffffcb9b
00000b13
ffffe8e1
fffffebc
00005fb5
ffffde35
fffff357
00000644
ffffe344
ffffdc5e
fffffdbe
00000320
ffffe1d2
ffffd32b
00000343
000004b2
ffffe3fd
ffffd7c8
00005cb0
fffffdbb
000011a7
ffffd259
0000015f
00000fa4
00003d0b
0000237e
0000201c
00001778
000049f4
00001048
fffff84d
ffffd628
ffffe962
fffffbe1
fffffb9f
fffffa31
ffffe714
fffff8e5
ffffc48b
ffffd8af
ffffe54a
00000c05
000022d6
ffffca2a
00001014
00005167
ffffcbbe
ffffd952
00002383
ffffd70a
00001e29
fffff1bd
00001faf
00000691
0000170d
ffffecb6
00000bc1
ffffdd1a
ffffe661
00001353
00001479
000020b6
fffff112
ffffef55
00001349
ffffe351
00001ec5
ffffe87c
ffffd497
fffff7c9
ffffcccd
fffff7f6
ffffef6a
ffffce47
ffffefc9
ffffccd8
00001488
00002a63
ffffe94f
00004064
ffffe96a
fffff0a5
ffffed9c
000000b7
00001ee5
ffffd50c
00002d32
00001389
ffffe9ba
ffffcbfa
fffff78e
00000b6b
ffffe9c6
00002f16
0000159a
ffffcc7d
00001460
00000da3
00002a1e
00003ec3
0000315d
ffffd88c
0000173b
00004458
fffff968
fffff620
000022c5
00004279
0000073d
ffffdecd
fffff10e
000018f6
00000744
ffffde41
ffffdfc1
ffffe627
ffffd841
ffffe759
00002441
00000221
fffffb3f
ffffcd5d
fffff125
ffffea0c
0000181d
ffffff86
00000957
ffffe569
ffffee6a
ffffe6ec
00001817
00002263
00000611
ffffe5fb
00002f05
ffffcf8b
0000028c
00002266
000002d2
ffffeadb
ffffed9e
ffffcb45
00001466
ffffe73d
00000110
fffff53b
000031ba
ffffe995
fffffedd
fffffebb
ffffc12f
000014ed
ffffce63
ffffcbdb
00002b91
fffff806
ffffe251
fffffd0d
00002bb2
00002f25
00001a9c
00000b98
00000d48
000021bc
000034a8
00002107
ffffe08c
00002010
fffffff6
00001f65
fffffba6
fffff8ea
ffffe00a
00000d68
ffffec43
ffffd9d6
000007ab
ffffe849
ffffee72
000027f7
ffffdbca
fffffaab
ffffdec4
00000392
ffffe68f
00001fc2
ffffe00a
ffffd664
00001def
fffff592
00002c26
ffffe6e6
ffffefc9
00000693
fffff979
00000969
ffffec73
0000008b
ffffff03
00006440
ffffd844
000029a2
0000077b
00000b9f
000025f4
000037de
00002c8a
000008fa
00001f5f
00001d56
0000033b
ffffdc4b
ffffe5e3
ffffea27
ffffffce
ffffe0ae
ffffea06
00001619
ffffda54
ffffec0b
fffff0b0
00000e03
000019ab
00002cba
00002f6e
00004942
00000963
ffffd84d
00003819
00001a0e
fffff07b
0000333a
0000161e
fffff3f6
ffffc5cf
ffffdd17
ffffcf60
0000030e
ffffdc12
0000253b
00001ca2
00000a00
fffff9b6
0000125b
ffffe1e6
fffff5eb
00000024
ffffeada
ffffff75
00001a0f
000013e8
fffffc49
ffffd262
00000a82
ffffda07
000028af
fffff513
ffffe641
ffffe191
fffffdd5
fffff342
ffffff4c
00002af7
00001192
00003215
000012cd
000029d7
00000e2d
fffff2cc
00001efa
00004fea
fffff9e0
ffffcea7
fffffe07
fffff752
00002520
00003866
fffff562
00003577
000004a1
000026d5
00000375
000013ad
0000123a
00000feb
fffff6da
000007dd
00001fb1
000008ab
00000486
00000126
00000afa
ffffdeb4
fffff43e
ffffff87
fffff89c
ffffc2e9
0000431a
000021e9
000001b8
ffffedd2
00001872
fffff27e
000003f6
ffffe6e3
fffff22b
ffffd93f
00002348
fffff9f4
0000327e
000023c1
000010fb
00001fb7
fffff6c6
ffffe432
000050e6
00000070
000021f2
ffffe61a
0000076d
000014d8
00000c80
00001a99
000013e4
00001bf7
00002a45
00003c6e
fffff801
ffffdf75
ffffe06c
ffffc404
000019a5
fffff440
ffffd341
00004c3e
00001586
00003f3e
000023ae
00001281
00001e79
0000099e
fffff906
00003b8a
00003ea5
ffffe9ae
ffffd912
ffffeb7d
00001059
000014a9
000031e4
00000ead
ffffe1be
000004e8
fffff37c
0000209c
ffffe6cc
0000341c
00004312
00001fdb
0000222f
ffffcf09
0000209b
000020b4
fffff156
00001912
ffffee48
ffffdaaa
00001690
00001b40
fffff0c4
ffffcc94
ffffe774
ffffc983
00000d6e
ffffee1c
0000211e
ffffdae9
fffff33e
00000280
000012ca
00002910
00000de5
00003585
fffff625
00003d62
0000156c
ffffd40b
00000ec5
0000062c
00003124
ffffe1b1
00002253
0000157d
00000b15
00000e34
00001ff6
0000295c
fffff230
00002d79
00001b4d
fffff903
00001d6c
fffff9f3
ffffeaa1
0000116e
fffff5e7
fffffee3
00004c77
00000a45
ffffc3c9
000021eb
00000581
ffffc89a
fffffacd
00000da7
000028a1
00001361
fffff6eb
fffff911
00000767
ffffd38a
00000e17
00001773
0000471e
fffff3af
00000085
ffffe3f9
fffffec6
ffffd4e0
ffffe719
0000022a
00003a9f
0000366d
000011e2
0000519b
fffff0d5
ffffedda
ffffee5e
ffffc315
00000e3c
ffffe35d
ffffd8de
00000c66
ffffc568
00004583
ffffdf5c
ffffdc61
00000ed2
000001be
ffffec1e
00001a39
00000de0
fffffc26
ffffe21f
0000336a
000042dd
ffffd4fd
00001c50
ffffd3a7
ffffcb74
00001f07
fffff76d
000050fe
fffff09f
ffffd19d
000003c8
00004340
00001a6f
fffff4b5
ffffe3b6
ffffa950
ffffe34b
000006e8
fffffd00
fffffc60
00000baf
000014c5
00000b81
fffffe48
000023b7
0000067b
00003b4b
00000909
ffffe10e
000022a0
0000051c
00002ded
0000019c
fffff66a
ffffee43
fffff01c
fffffdb2
ffffd4de
000003b2
000009c6
ffffd839
ffffdb85
0000299c
00002a9e
00000ff2
ffffa86a
00001533
ffffe953
ffffcae9
000024e3
ffffdced
00000859
ffffeb14
ffffe7cb
000006b6
0000093f
00000326
fffff4cd
ffffe119
ffffd543
ffffb9de
00000080
00002331
000019d9
ffffe91e
ffffe25d
00002b6a
00000d12
ffffe66c
0000059b
00002c4c
00001bb2
fffff3eb
0000049c
0000083e
ffffdb2d
000033ff
ffffee80
000007e0
00003019
fffffaef
00001961
fffff307
ffffce75
fffffcff
000005b5
ffffd73f
ffffd7cc
00002be9
ffffd78d
000023dc
ffffcb38
ffffc466
ffffe148
fffff3f5
00000f49
fffff61f
0000123d
fffffb51
000007f4
0000030f
000017b4
00000a17
fffff3ed
00001013
fffff972
fffffcd0
00000e6f
fffff4ae
ffffce75
fffff2b5
000030ab
ffffc43a
ffffe323
ffffef55
fffff4bb
00000fe1
fffff2d2
fffff155
ffffe6c5
ffffe034
000013ed
fffffa4e
00000e23
ffffe7de
00003ba7
ffffeb01
00001961
0000078f
fffffe7b
00003a53
00000c03
000047d8
ffffda13
fffff478
000006d4
00002734
ffffc8e1
00001546
00000c0c
0000344b
ffffe9cf
00001f56
00000e29
00000907
00000888
0000181c
00000258
fffffda4
00001545
ffffc939
ffffe753
ffffe35d
fffff76d
00000b9c
00000731
ffffd2ec
000006cc
000025af
00002644
000007a9
fffffeef
0000074c
00000f8e
ffffc693
000029cb
fffffa93
0000163f
00004732
fffff15e
0000074d
ffffed30
00000e72
0000077e
fffff37a
ffffde94
000014ae
fffff16a
000010d2
fffff05c
0000121f
00004261
fffff571
00001eaa
fffff648
fffff445
000009e1
ffffc17d
00001506
00001ca1
ffffe5dd
000005d3
000045b8
000005ef
00001e78
00001240
000005af
ffffd4a9
00002701
ffffecdc
ffffea45
ffffdd10
0000168c
ffffcce3
fffff8be
00001965
ffffd37e
000038a0
00001c80
00002316
00001637
ffffff82
ffffff64
ffffde3e
ffffdae7
ffffda2c
ffffd172
ffffe15c
00002a08
ffffe4d0
ffffd6ec
fffffa17
ffffdf88
000011cd
ffffc3fc
ffffeb5b
ffffd43f
ffffcfc0
fffffff0
00001205
0000031a
000029e6
00002d91
000026ac
fffff35d
000017e7
ffffc730
000001df
ffffd9b3
000035b2
ffffdc05
ffffdcaf
0000181f
ffffeef5
00001e35
00002a77
ffffeb70
fffff127
000001ac
00003a10
00000059
00001655
00000805
00000022
ffffac24
00001951
fffff283
ffffd0c1
000016f3
ffffc4cb
ffffd979
ffffd7c8
ffffe33f
000001bb
ffffef6d
ffffaded
ffffef75
00002b2f
00001b5c
ffffe635
00002cc9
fffff1b3
ffffcf41
ffffed2c
0000221f
000015ea
ffffeb13
ffffe5af
0000112e
0000032e
00001a7e
fffff0e3
0000001a
0000188f
fffff87d
fffff5ae
ffffd978
000047c8
ffffe959
ffffde32
fffffa1b
fffff009
ffffe831
ffffdf44
ffffddaa
000007ca
ffffd7d7
fffff138
000006d4
00003b33
0000049c
ffffc1c6
00002faa
0000117f
ffffb986
00000a5a
0000021a
00001650
00002452
00003441
ffffe322
00002ccd
ffffebdd
ffffd5a2
fffff7a4
ffffded7
ffffdc67
00001fac
ffffe9ba
fffff255
ffffd342
00000bd2
00001a26
ffffeb23
ffffc002
000019f7
00000dbc
fffff926
ffffe8eb
000000f1
0000142e
00000724
00002302
ffffebf2
ffffff03
00000495
00001358
fffffbdb
00001612
fffff9be
fffffa20
0000315e
ffffda6a
000017b9
00002a44
ffffc885
000023dd
ffffe583
ffffdaee
fffff539
fffff626
ffffe4f6
ffffe164
00002d60
ffffe06c
ffffe35e
0000020e
000057c5
00002240
fffff811
00001499
00001fa1
ffffe332
000031ad
00000218
fffff568
ffffc97f
00001d37
fffff145
00000c4b
ffffdca7
fffffecd
ffffcaed
00001b0e
ffffe4ad
ffffe1a8
ffffe9af
00000c5a
ffffefd6
fffffca4
fffffe02
ffffec54
ffffedf0
fffffd59
fffff14e
ffffdf19
00001c78
00001a50
ffffff0f
ffffdfe1
00002b89
ffffd79b
000005c4
ffffcb87
fffff0b0
0000046d
ffffffe7
ffffd0b6
ffffffec
ffffd765
ffffdbbf
00002442
ffffe019
ffffdea6
fffff3fd
00001922
ffffec70
fffff306
fffff48f
ffffd376
fffffb7b
000030ea
ffffeb91
fffffdd6
fffff0b4
ffffeddf
00000c85
ffffef29
ffffde12
0000445a
ffffdb9f
00001389
fffffb83
fffffa02
000011e1
fffffc8e
00000fa4
ffffec5b
fffffd0b
00003112
000007eb
00000d44
fffffea2
ffffff77
00000fe8
ffffdae3
ffffe59c
ffffeaf9
00000ae5
0000136d
ffffcb6a
ffffc455
00002495
fffffca9
00002f38
0000229a
ffffcdd0
0000131b
00000475
ffffe46c
00000693
0000120b
fffff20f
ffffc84c
0000012e
ffffc98a
ffffd757
ffffe4aa
000001c4
00000f87
0000031b
00003296
ffffdbdb
fffff9ca
ffffe7a5
ffffef88
ffffe5d4
000007db
fffff2dc
00000202
000028ac
ffffd40f
ffffe7a7
00000e76
00002476
00000639
ffffe3d6
00002639
00000e01
ffffe460
ffffed99
ffffdd53
000000e8
ffffe08d
ffffeef7
ffffef14
00001366
ffffd660
fffff7f8
ffffe9e3
ffffe566
fffff7bf
ffffd9da
00000ed5
000002eb
00005699
00001053
000003f5
0000152f
00000276
0000331d
ffffebd0
00001eb0
000035f8
ffffcfa0
00000461
ffffe80b
ffffec77
ffffe440
ffffd49b
ffffd709
ffffc280
fffff0c3
00001ba4
ffffcf96
000012b7
0000058e
fffff061
ffffd91f
ffffd4af
fffffcb7
ffffe3ba
0000133d
fffffe4c
ffffc26f
ffffe4a7
000018ab
00004fd6
fffff48e
0000180e
ffffef99
000027d1
ffffaeec
00002784
00001e2c
00000864
00000a80
0000033c
fffff7b5
000041e3
ffffefc4
ffffddec
fffffa88
00000e91
fffff495
ffffe784
fffff2b2
00001bc4
00001760
ffffe25b
ffffb5a3
00001de9
ffffed43
000028a3
ffffde19
00000c84
ffffd13a
000028a5
00001f64
00001752
00000183
ffffdc21
000018f0
000013f6
fffff00f
0000347b
ffffe948
ffffe317
000001be
ffffda87
ffffffbb
ffffff4c
00000c53
00002cfb
ffffff19
00000b75
000000bc
ffffefbf
ffffd624
00000bde
00002287
ffffd250
ffffc992
ffffe299
000006f2
fffff02c
fffffe6a
00006619
ffffd225
0000109b
fffff001
fffffd9d
fffffc5f
0000307a
00004f3d
000024e2
fffff78b
00003834
000010f1
00001f8f
ffffbc01
00001f88
000003ea
00001cfa
00002353
ffffe56f
0000034b
ffffda65
00000481
ffffe8b0
ffffdcb1
ffffe50c
ffffe610
fffffc55
00004951
ffffd83d
ffffbefb
000023e7
00000c0b
000019c2
ffffe426
000030cb
ffffe8c8
00002d8b
00000db7
000010b7
ffffe496
00001244
ffffe9e3
0000061f
00002aa8
ffffffcc
ffffec56
000007da
ffffdca8
0000010a
00001997
ffffba33
fffff32c
ffffbdfd
ffffdb86
ffffe988
fffff747
0000055b
ffffdafe
0000370f
000024cd
ffffe69d
fffffc01
fffff2de
00000642
00000ac5
fffff948
00000b76
ffffce08
0000209f
00000299
00001d54
ffffec7a
00000693
ffffda12
ffffcb0e
0000230f
00001097
fffff177
00002f77
000055ae
00002ae9
0000137c
fffffc6c
ffffe799
ffffe555
000025a5
fffffd3e
fffffc9e
000002ff
00001f13
ffffed82
ffffd00b
ffffdddc
ffffe4ac
ffffe239
fffff9dd
fffff2f4
00000f21
ffffe262
ffffe99d
000023a2
ffffec62
ffffe88f
ffffeb40
ffffea46
fffff9f9
00001fd7
000023f2
ffffe4b4
ffffddb1
fffff909
ffffe7c8
00002dfe
00003f16
00000559
000000f3
00004039
ffffbf41
00000e09
fffff38c
ffffd995
ffffec9f
fffff942
ffffd095
ffffebdf
ffffe9e7
00001b6e
ffffd028
00002a34
00000e69
000000d7
0000254a
ffffb6af
0000191e
fffff9c5
00000b89
0000190c
00001683
ffffe410
ffffefb0
0000216b
0000313f
00005403
00002bd4
000020db
fffff1d2
000034d6
000017c3
ffffe411
ffffffe2
fffff702
00002511
00003072
0000074e
fffff623
00000fe6
000010f1
ffffde9d
00000778
0000069f
000000b7
00002422
000010d6
fffff056
ffffec72
000019b3
fffff027
00002a55
ffffd6ce
ffffddf0
00000e35
000000ad
00003078
ffffd99a
ffffe441
ffffccce
00001d54
fffff674
000016e6
0000063b
000005b6
00004194
ffffb96b
000001a2
ffffef46
ffffe176
00000343
00003015
00002bb7
ffffedeb
fffffe2b
ffffe603
000006ea
00002763
00002d2d
000002f5
ffffce3a
0000175c
ffffd378
0000227b
ffffe911
000020eb
0000438a
00000a9b
ffffea69
00002ccc
00001423
00002344
ffffe962
00000fef
000014df
00001a56
000002dd
00001469
ffffeec3
00001a29
ffffd057
ffffec91
ffffe1fe
ffffff52
ffffe1ad
00000bb1
ffffe707
000052c6
00003957
ffffe711
00000c6a
00000fb6
0000160d
fffffac8
000002be
ffffd3a0
ffffeaae
000011c1
ffffbe72
000003be
00000af9
00000652
00002eb5
fffff7ba
ffffeb64
ffffc1ed
ffffdae8
000021ed
fffff3a6
ffffecb7
00000a6c
00004be4
ffffdf09
0000148b
ffffe1d7
000033e7
fffffd22
00000ea9
00000fec
0000088b
ffffb8e0
fffffb39
ffffd4f3
00003cb3
0000212a
00000601
ffffd3ae
ffffda43
fffff8ef
ffffe301
ffffc36f
fffff612
fffff72d
000028bc
00000fc6
00000f4b
ffffd550
00000de3
00001373
ffffecd5
00002c2c
fffff24e
ffffe5f9
00000b6b
ffffeaec
00000d7a
000034cd
ffffc531
0000038c
0000020c
0000120e
ffffec24
00000022
ffffe890
ffffc576
ffffe981
fffffb68
000037ab
ffffefda
ffffd742
fffff83c
000055ac
fffff661
ffffde6e
ffffda9d
0000292c
000008e7
fffff19a
00000d0f
000007cc
000026b2
00000fe6
000025f2
00002289
000002ab
000015d0
fffffc25
000049ee
ffffd8b3
ffffcf2f
00003122
00000947
00000875
00000f2b
000013d6
000032c3
ffffee49
0000191d
fffff0c3
00004198
ffffef6f
00004891
ffffecf5
fffff76d
000019c1
ffffba33
ffffc8b5
ffffde4b
0000079c
ffffc6aa
0000060a
ffffea7d
ffffe7d9
000022af
00001d2d
ffffe2ac
fffff8aa
00001740
ffffff40
ffffb52d
0000036a
0000047a
000038a5
000018de
ffffddea
000016ca
fffff858
fffffed0
ffffe1f6
ffffe428
ffffca7a
fffff1bb
ffffdfbe
00001559
00000b2b
ffffe375
00001059
000017ec
00003c13
ffffd5ff
00000e62
0000380b
ffffef9a
ffffd35e
fffffb76
fffff1f6
ffffd1d3
00002a8d
00003146
fffffe2d
ffffdfd5
00001b22
0000256c
00001047
000001da
fffff7d2
fffff0ec
00001bcc
ffffc3a8
00000bc5
00001b03
0000040d
00003289
00000147
00001b75
000011fe
ffffede0
fffffa83
fffff7a6
000005d5
ffffed44
ffffe031
ffffd36b
ffffff64
00000c9e
ffffecd6
ffffc9e9
ffffce27
00001bb1
fffff436
fffff4b2
ffffe66a
ffffd61c
ffffd592
00001933
00000074
0000092b
000013f7
fffff600
fffff5ee
00000cf9
ffffe431
ffffd389
ffffe7be
00000a4d
000000a3
ffffcf18
fffff115
fffff67c
000019a2
ffffff71
00000a0f
ffffe48b
00000462
ffffe999
ffffe35c
0000197e
ffffe02d
fffffaf2
00000cd5
ffffe2d9
fffff356
00001956
00001647
fffff859
00000d78
ffffe5a4
fffff155
fffff5ef
000008b0
000020ba
ffffd476
fffff3ac
0000327e
000003a0
fffffa18
ffffdf17
fffff5a7
ffffec30
ffffec5f
ffffd9ff
ffffdf16
fffff0f8
0000302e
00000f3f
00000f50
00000cc6
ffffd68c
00002085
00003fd9
ffffeb18
fffff16f
ffffdf8a
fffffd11
fffffe20
00003e47
0000081a
ffffed97
00003002
00001400
00006d93
00003e6d
ffffee3b
00002d75
0000159f
ffffd9ba
00003e00
00002be4
00001c17
fffff576
00001c44
ffffda0b
ffffe9e3
fffff0b5
ffffb89b
ffffd92e
fffffc1c
00001a61
000042c0
00003f8a
fffff560
00000cf7
ffffd544
000036d7
00001aae
00000af3
fffffd43
fffffe1b
00000bf5
000024ba
ffffdf93
00001887
ffffc630
00001b38
00001f00
fffffab9
ffffe78d
ffffdd26
fffff035
00000098
ffffcfc5
fffff6a2
00001061
00000739
ffffe4c8
0000183c
ffffe029
000002d0
ffffea2d
ffffdd6b
00000a93
ffffd688
ffffcc14
00002912
00003577
ffffec98
ffffe291
00001ee4
00002120
ffffe539
000008f1
00003341
ffffeee5
ffffe84a
000001c9
ffffe013
00003ce2
00001631
ffffdf1a
00000bfa
ffffdf77
ffffd003
000012a5
00001985
ffffe6a6
00000b23
ffffe8f4
fffff94b
fffff447
ffffde26
fffff3c9
0000239b
fffff477
ffffc0c0
ffffebe3
ffffd7cc
00002a2d
ffffdfc7
fffff8bf
00003f21
00001893
ffffdff1
ffffe412
0000057e
ffffe222
fffff556
ffffd0c0
000026ba
ffffe860
fffffb9f
fffffc2a
ffffff11
000001aa
ffffe963
fffff8b8
00001d7e
fffff4a0
00004952
000010cc
000009d5
0000208f
ffffe2c4
ffffca51
fffff4d8
00000f2c
fffffd2e
fffff4a3
ffffd35c
ffffeb8f
ffffe109
00000126
ffffe684
00003026
fffff158
ffffedcc
00002e7a
ffffef68
fffffab4
00000764
ffffe3a9
ffffca28
fffffcf6
fffff31e
ffffeb4d
ffffdac8
fffff19a
ffffc62a
ffffe548
fffffa7d
00002cd5
ffffd642
ffffea72
ffffdf48
fffff99a
ffffccf2
0000224d
0000127b
ffffe791
000003ee
ffffefe5
0000067e
000001cd
fffff21a
ffffffa3
00000756
ffffdd76
ffffd7b7
00002ba0
fffffce9
00002962
fffff0a1
ffffeb5d
ffffe9a8
000028c4
ffffe3f8
0000008b
00001f44
00000f2b
00001758
ffffed96
00000b0c
00000eb6
fffff963
00000d55
fffffd38
ffffef47
00000bec
ffffeea7
00000fec
fffff9a8
00001a37
0000029c
fffffbe9
fffffa83
fffff3a4
ffffe476
fffff4ad
ffffd83d
ffffebf6
00003c72
0000280d
ffffe093
ffffed87
ffffe699
ffffdfcc
000028d3
fffff13e
fffffe10
0000078a
ffffec09
000011c2
fffff945
ffffd508
0000142b
ffffdf87
00002743
fffffb01
ffffe581
ffffd368
000017f4
ffffec7b
ffffd664
00001515
fffff124
00001f6c
0000264a
00001c1e
00000bbe
fffff466
fffffd75
0000030b
00001f31
0000041b
00003817
ffffdb9c
ffffd52b
ffffe6b6
ffffcd20
fffffd94
000008f5
fffff782
ffffe6e7
ffffef6e
000012e3
ffffaf93
fffff8c6
ffffdb15
00006da9
fffff7e9
00002c2b
00001604
00001167
00000023
ffffd805
fffffe84
ffffe6c1
fffff308
00000f3f
00000308
000002c1
ffffdb95
00001fce
fffff573
ffffbc1d
fffff87f
000012f5
ffffef5d
000006e3
ffffe7ac
000007bb
000012a4
ffffec84
fffff986
fffffd1b
ffffeb37
00004b64
ffffee5c
fffffafb
00000720
0000226f
ffffef3d
fffff92a
0000109f
ffffeb28
fffff814
fffff520
00000dfd
00002cde
ffffe88f
00001d98
00001746
00000558
fffffe62
00002e98
000005a4
000029d3
fffff017
00002d77
fffffe3d
000022c6
fffff93d
0000072a
ffffdc7f
ffffd0c4
ffffeffe
00000cf8
ffffdc7b
fffff245
ffffdeaf
00000016
00000755
fffff965
ffffeae9
0000196d
000023c7
ffffe376
fffffd39
ffffe00a
fffffb15
000019ab
00002b25
000002b8
00000967
00002cb4
ffffee87
ffffed54
ffffdf57
000005ee
ffffea06
fffff484
0000376e
00000f06
ffffebe2
00003f3c
ffffec2a
00000e97
ffffdd71
00001d40
ffffdc2c
00002512
00002838
00001c9c
00001824
000014d1
ffffeddb
ffffe96a
ffffd15b
0000349b
ffffd20e
000054f9
ffffe383
000045f5
00001253
0000045e
000027cd
fffff6e0
000016a2
0000225c
ffffe331
ffffe29c
fffffebe
ffffe80c
00002631
00000b51
00002a7c
ffffe199
00001402
fffff5a6
00001610
00002263
ffffe41f
000009bb
fffff2c1
00003a68
ffffff5b
ffffda5b
ffffe471
00000129
000014f9
0000083e
000029e5
ffffecdf
ffffe822
ffffefe9
ffffb302
ffffee20
ffffe05a
ffffc7d2
fffff5a7
ffffeb26
ffffdf5f
ffffd101
fffff012
000006f3
fffff186
ffffda81
fffff006
0000062d
ffffecc3
000028ac
000007bf
fffff17a
ffffc8d5
ffffd3b1
ffffd4d9
fffff373
ffffe4c7
fffff94c
ffffff2c
fffff200
00000207
ffffe587
00002b50
fffff763
00000374
ffffeb94
ffffde17
fffffdc3
fffff7a6
000012d6
0000048f
ffffe39d
ffffe36d
fffff167
000003fd
000023ff
ffffd9c2
0000440a
00001a20
00003407
00000b35
000042da
00000db1
0000130a
00001fca
ffffd58e
0000494a
0000105e
0000005b
00003d2f
00002bcc
fffff233
fffff493
fffff39c
ffffcdb3
fffffc5d
0000208a
ffffed84
ffffc800
00001408
00000fa8
0000141f
ffffe5a6
ffffeef5
ffffefac
0000010b
00002a0c
00001d86
00000570
00000aeb
ffffe419
00001856
fffff80b
000008b3
ffffefc7
000017e0
fffffe16
fffffb33
000011a1
000014e7
000031c6
000009ba
ffffd346
00001c2d
fffffb0d
ffffe614
ffffe788
fffffa08
00000b59
00001bdd
ffffe65a
00000df4
ffffdcbf
000020ca
00000bfd
000006a1
00000952
ffffe842
00002d70
00001169
000006b5
ffffed5f
00001238
00000715
0000130f
fffff240
00000528
ffffda21
fffff746
00003783
00002a29
00000f87
ffffe7d6
ffffe466
00001a8c
00001f49
ffffe556
fffffd1b
00000005
0000118a
fffff63e
000015a6
000023a4
00003235
ffffd55a
000046a8
fffff15d
000013dd
fffff1d5
0000080c
0000165f
fffff7b6
fffff8f9
ffffe7a6
fffff4d7
000033ce
00001e41
fffffa33
00002f2a
ffffdf73
00002645
00002873
ffffca12
ffffe611
fffff605
fffffec6
ffffc83b
00000851
ffffff4c
00002632
00002836
00001e14
ffffd44d
fffffc08
000004b1
000002a4
000007ad
fffff36e
fffff918
000003b8
00000e61
00000ab5
ffffebb6
000003e7
00001f14
00000562
ffffca9e
ffffde5d
ffffe882
fffff5da
ffffdd6a
00000590
00002d8f
ffffef28
00001668
ffffec02
000011d1
ffffda70
fffff7e9
fffff985
ffffe79b
ffffd8cb
000006ce
ffffd942
ffffbb5e
000013b9
fffffc67
ffffbecb
000023d3
ffffe0c4
ffffd19b
000006c7
0000342e
00000537
00002bab
ffffd7f5
ffffc3e7
ffffe3b0
00001500
fffff87d
fffffc4a
ffffe300
fffff5ba
00000618
ffffde35
00001d84
ffffd565
fffff5e3
ffffafc7
00004a12
ffffee0e
000010eb
ffffe843
000020e9
00000e12
000000ff
000022d9
ffffd26d
00000865
000019c2
0000074a
000019c6
00001a31
ffffcb1b
ffffff4d
0000202f
ffffe4fa
ffffe884
00003ab1
000018fa
00000441
000031a3
00000815
00002156
00002072
fffff821
fffffe06
000042cd
fffff7cd
ffffe6ee
00000e26
00002eaf
000028a9
ffffdfac
ffffe0e0
ffffe404
00000edf
fffff625
00000874
000009b4
ffffeb07
00000e63
000006dc
00003f96
ffffe4b5
fffff2fb
ffffe3b4
00000a3d
00000a41
fffffd50
00001086
00002577
ffffe8ca
000000ed
ffffe041
fffff04e
ffffdb2a
ffffe91e
ffffc232
00002129
fffffd16
ffffeb85
fffff841
ffffea90
00001518
00000233
00003412
ffffec44
00001eb9
fffff3e4
00001351
ffffed09
ffffe89d
fffff6b3
000014fd
ffffe9f5
00003b30
00002935
fffffb1b
000008b0
00001858
fffffba5
0000136f
0000179f
fffff1a3
00000606
000005a1
ffffe9b3
000016f1
000046b7
ffffff7a
00002c1e
fffffc36
ffffce8b
ffffff71
0000018d
ffffe01e
000006f1
fffff5fd
fffffe5f
ffffc4cd
00000030
ffffcf8d
000006b3
ffffd6d9
ffffdc29
000018b3
fffffb68
ffffe2eb
ffffe97a
ffffcf13
ffffeb2e
ffffd249
ffffd9ac
ffffec72
00000ba7
000008b3
ffffffb4
000003f0
ffffec33
ffffbf13
ffffeb4d
ffffba11
0000022d
ffffdabc
ffffe9cf
ffffe055
ffffff30
0000235c
00000a2d
ffffe507
000021f4
ffffe05d
ffffae7a
fffffb5b
00002999
000015cd
fffffb21
00000bdb
000025b2
00000794
fffff6ce
fffff234
ffffe6ed
00001658
00000993
00001779
fffff217
fffff94a
fffff2e8
ffffebd9
ffffedb8
00001ddd
00000798
ffffa808
ffffeef8
00001023
ffffe7be
fffff264
00002314
00000c1a
000003f9
00001410
00002e3f
fffff686
000015de
00001b28
ffffea2e
ffffe498
00001f1e
fffffa3b
00001b8c
ffffcea2
00000a4c
000001d1
0000149d
ffffa5e8
ffffed50
00004196
ffffe8cf
ffffd065
00000993
00001450
000009c6
ffffe3a8
000003ee
fffff93b
fffffb76
0000042b
ffffef88
ffffeac8
ffffc9ec
000028ae
ffffe154
000003e4
000025ed
fffff08f
ffffee95
ffffef52
000000e7
fffff511
00003fc2
ffffffe3
00002c97
ffffe044
0000244c
00002227
000030fd
ffffd8cc
0000327a
ffffea73
00000f8a
00001e32
00001219
ffffd3af
fffff607
ffffddb7
000027aa
00001c9e
ffffe12b
000053d4
000006f5
00000522
fffff6dd
0000020a
fffffda0
00000313
ffffe9a9
00000909
fffff9e8
ffffc55e
00002023
ffffbc23
fffff409
000021be
00003ee2
000000d7
ffffff07
ffffe58f
00001fdc
ffffef98
fffff8e7
00000d83
fffff935
ffffff7b
000034b4
000000a5
0000005f
ffffb625
000024c3
00001c60
00001248
ffffeaf2
00001b31
000024c4
000031ee
ffffd794
00001fb8
000011c4
ffffcf27
ffffd492
fffff7b2
00000c17
00000d67
00000a33
ffffe0a4
ffffdc04
00002af9
00002ef5
00002e7b
ffffeb17
00000683
00000b78
ffffcc12
00002fc2
00001315
00001b8d
ffffe524
fffff405
00001260
ffffecbc
00001c04
00000802
00002767
000040b5
00004ec5
00002f00
ffffc787
ffffe257
ffffed94
ffffd370
fffff9a0
0000176f
00003264
ffffdf21
ffffc775
fffff7d0
fffff0ac
ffffed41
fffff0d9
000003bf
ffffef1e
ffffc979
ffffd2b8
fffffb60
ffffd64e
000002f9
00001700
ffffce6f
00000395
ffffd6e7
00002078
fffff7c2
ffffe8b5
ffffd0d8
00000b06
ffffc8c6
ffffec3a
fffff349
00001f82
00004f27
000005e6
ffffeee7
ffffff36
00000bbf
ffffe1cb
fffff88d
ffffed8e
fffff76b
000022ce
00002763
0000164d
00002d88
ffffd0ad
ffffe181
000008c7
ffffe3e6
0000316c
ffffe3fe
00000621
000018ac
00000248
ffffd3fe
00004917
ffffc7a4
00000ed2
00002688
fffff610
00004d3b
00003998
fffff898
00000893
000021d0
ffffe6e7
fffff1b7
ffffc4f3
fffff2c6
ffffc59a
000038ea
ffffe322
ffffcfd9
ffffe7a5
00001fd7
fffff687
ffffeb0f
fffff65b
000011b3
000013ad
00003f88
fffff8b4
000035d4
00001f16
00000f32
0000467c
0000246d
fffff239
ffffd60d
ffffe9f4
fffffa1e
ffffd8a8
ffffec80
fffff7d9
ffffff3d
ffffd6b1
000022ec
fffff291
fffff60e
ffffd7f7
00002264
fffff48f
00003493
ffffd05d
000004b6
ffffd5e8
00004046
fffff9a8
000001a2
00002e50
ffffc6c0
ffffe9d8
ffffd38a
ffffd76d
00002756
ffffe41c
ffffd8de
fffff678
0000499e
000037cb
ffffe9c4
00000733
ffffdf7e
ffffb2eb
ffffd6f8
00002385
ffffecaf
00000409
fffff14b
fffffead
00000250
0000253c
0000143a
fffff1e2
00000378
0000142d
00000424
ffffcafa
00001d07
ffffed37
000017ec
00000589
ffffefb0
fffff05f
000022c1
00002886
000026a8
000009e4
fffff58b
000008e1
00000915
00001b4e
ffffbceb
00001bc0
fffff4e5
ffffb8bb
000030bf
fffff19d
0000244d
00000870
ffffff3d
ffffebef
000014a2
fffffa1d
00000d5a
00000623
fffff51f
ffffd4d4
00000290
00001200
00000fc6
ffffccae
00001f8b
00001d76
fffffa98
ffffadfd
0000084f
00002b6e
fffff4e4
ffffffa0
00001bf5
000015fb
ffffe5e1
00001fa3
000031b8
ffffe255
000004d2
0000124d
0000078e
fffffc0f
ffffca6e
000000d9
00000310
ffffd5d6
fffff277
00003a7f
ffffc7b8
00000923
ffffdc0b
ffffb47d
fffffef3
ffffe679
ffffd4a4
fffff657
00001dd7
ffffe1b2
00000aa8
fffff648
0000135c
fffffcb0
00000bbc
00000605
00003589
ffffefb6
ffffff08
00001945
ffffee02
ffffeac0
00003024
ffffe063
ffffe2bd
fffff483
ffffec4c
ffffdcc1
00001411
ffffd166
ffffe138
fffff27f
00002594
ffffde0a
fffff298
fffff529
0000201d
ffffc77d
00000f4d
fffff73f
000001ea
ffffff2f
0000301c
fffff79b
ffffdbe4
00002185
ffffe768
000026ef
ffffd534
ffffffa9
fffff6f4
00000aee
ffffd82b
00001792
ffffff88
ffffda4d
00001d7a
ffffe8d1
ffffe281
00002fdb
00003dd1
ffffe1f8
fffff2bb
00000c2e
ffffce02
ffffe378
00001eaf
ffffdadd
000003f1
00001b45
000006ef
ffffe28c
ffffee57
ffffffb1
0000312f
ffffedd8
000009c2
000001bd
000004fa
fffffce5
fffff956
00002564
ffffea95
00000466
00002052
00000840
ffffc5c1
00000543
ffffe3d1
000018f5
ffffdcce
fffff98e
ffffe5c1
ffffc936
fffffbb1
fffff7c4
ffffe630
0000015b
ffffc21f
000017df
0000183a
fffff2b0
ffffde60
00002c77
ffffb98c
00000005
00001d78
000010b1
ffffda15
000025d0
fffff0a4
ffffe42a
ffffbece
000020b3
00000b9d
fffff411
00002c7a
ffffc86e
00000ad8
ffffef11
000000c3
fffff8e6
00001baf
fffff18c
ffffda8a
000014b1
ffffe092
ffffe75c
ffffebc8
00001a4b
fffffd7c
ffffeddb
0000062c
fffffd83
fffffb23
ffffdc96
ffffdd50
ffffdc09
ffffd282
00001233
0000057f
fffff748
ffffebee
fffffbee
00001c4a
ffffe1af
00001426
ffffd2dc
00001549
ffffed08
000048a1
ffffe98f
000003c4
00001d61
fffffff3
00006701
00000b16
ffffea0d
000013c8
ffffff7b
00002ec8
00001c3f
ffffcdc7
fffffdc3
ffffc743
00000c34
ffffe392
ffffd734
0000128f
000007aa
00000aa8
00002abe
fffffd31
000001e8
fffffea8
00000a46
000009c4
ffffd23a
ffffe7a8
00002bcb
ffffcad2
0000088f
000002e5
00000de7
000014c9
fffffd94
0000125d
fffffba3
ffffc374
ffffefe7
000001ed
fffffdc8
fffffea0
fffffc56
ffffb354
ffffe1e2
0000265b
fffff832
fffff97d
ffffe932
00000fb6
ffffacd0
00001d1e
ffffe6e6
fffffa25
ffffdeb4
ffffe79a
ffffc150
fffffda8
00001f72
00002f57
ffffd723
ffffd89e
ffffd991
ffffea38
fffffbb4
ffffdcb0
ffffe370
00000d90
000005df
00000154
0000117a
fffffb8d
fffff114
ffffd8a3
ffffeb73
000029f5
0000080c
0000253a
ffffd831
ffffcec4
00000dc3
fffff296
00000af9
ffffc348
ffffe942
0000132c
fffff4f2
fffffcbc
00000e80
ffffd834
ffffe79b
ffffefbf
00003bd8
ffffdcaf
ffffdf8c
fffffca0
0000089b
ffffc14b
00000020
ffffe1a7
000000ae
00001203
ffffcfae
00000284
0000313f
ffffdb17
fffffeed
00000270
ffffec65
000003e7
000006bb
ffffe079
ffffe58e
fffffda7
ffffe1d8
0000270c
00000940
00001a3b
ffffe998
fffffdb7
000019ad
fffff447
ffffc706
000029d6
ffffee7a
00001a03
fffff9a7
ffffcd7d
00000403
0000165a
00000c0e
ffffca2b
ffffdc1d
00003ba1
ffffc621
ffffeff7
ffffd16f
00002272
0000078e
ffffead0
ffffed77
00000c4d
000000e2
ffffe000
0000351e
fffff007
00000748
fffff1b2
fffff3c7
fffffef6
000014c6
00000135
00005644
fffff108
ffffefb3
fffffd6a
ffffcc24
fffff89f
00002989
ffffea10
fffff471
ffffccae
000018e1
ffffd5cf
ffffefe7
00001d4f
ffffe622
00001f71
fffffcda
ffffeaf8
ffffd4b4
00000e9e
000065f2
000005b1
fffff4f8
00003be0
00002504
ffffe883
ffffcb52
0000589f
00000c10
fffffe7f
ffffe9e7
000027f3
00000434
000021d2
ffffb4fd
ffffe6f6
000026f6
ffffebac
00000367
00001d75
fffff5e2
fffff073
ffffeaae
fffffece
ffffdf11
ffffe4f3
ffffdb02
fffffb08
fffff28c
ffffd10d
000007b6
fffff792
fffff9c1
00002423
ffffe6b5
ffffe6f1
ffffda69
00000f57
fffff12b
ffffee4a
ffffe59f
00000af3
ffffe9de
00001985
000014e5
00000daf
000002cb
00002088
ffffff5a
000006a6
ffffc7b9
000001e0
fffff4f2
fffff6c6
ffffdaf9
fffffe1f
fffff077
ffffeb20
00005009
ffffebbd
ffffeebb
ffffcd6e
0000053d
fffff807
000008c9
fffffd4a
00000f2f
ffffbd1d
00000752
0000208e
ffffeb0b
000011be
ffffdf4f
00001c0e
0000150e
fffff5e5
ffffdf6f
ffffe8a9
fffff2dc
ffffbf78
fffff9a7
ffffc92d
00001176
0000031a
ffffff35
000018c6
ffffeb65
ffffe2f6
ffffda42
ffffe2da
0000211d
00000282
fffff19d
0000118c
ffffca06
fffffd4c
0000194f
000010b0
ffffe2a7
ffffed5f
fffff088
00000872
fffff61a
fffff360
fffff6ec
fffffd91
ffffe4f8
fffffd27
ffffce0a
ffffe12f
ffffc9b1
ffffe6e2
00000d63
0000281d
fffff4f7
ffffdcc8
ffffece0
00000fbc
ffffe874
00001cd5
fffff25a
00003b6b
00001489
ffffece4
000010ab
ffffea32
ffffeec3
ffffc2a7
ffffefe7
fffff594
00001167
ffffe701
fffffd90
ffffd64d
00001399
000013cd
fffffddd
fffff7ab
ffffee44
000026b6
ffffc831
ffffce7a
0000236b
00002ec7
ffffde06
fffffc10
00002871
00001bc0
00000595
fffffaa6
ffffd054
ffffe38a
ffffec1f
00000db1
ffffd0e9
000043b4
ffffe904
fffffbde
00000215
ffffe5dc
ffffe9ea
00001bc2
00003b85
ffffd6cc
00002b17
ffffcd9c
00002ddc
fffff452
00000392
fffff4dd
000045cf
ffffd69e
00001feb
000047b1
00000ce6
ffffdd17
00001085
ffffbc06
00002256
00000c67
0000025f
00001fe2
00001172
0000080e
ffffdde0
fffffb81
ffffe9bf
00000c6f
00000249
fffff93c
0000093c
ffffc205
fffff478
ffffebd4
ffffdbc7
00001536
00002764
000012b9
ffffe35a
fffff242
000023fa
000046dc
ffffdb2f
000008d6
fffff954
00000b18
ffffdaea
00002a08
fffff3e0
ffffde52
ffffef5a
ffffe8e8
00000c5c
00000168
fffff86d
fffff132
00002291
00000fda
fffff65d
fffff713
ffffd686
00000038
ffffd9fe
ffffe6df
000004a1
00001a0c
ffffdc03
ffffcfaa
000043b1
00002d08
00004c02
ffffe754
0000081d
00000c3a
ffffee27
ffffebfa
00002af6
ffffe7a2
ffffdbd8
fffffbbf
fffffdc3
ffffde07
00002a12
ffffe080
000034eb
fffffbc3
00006206
000002a0
fffff292
00000f75
ffffde75
ffffbe54
00001444
fffff383
ffffe47c
0000102c
ffffe3da
ffffda79
ffffc423
00000279
ffffecfc
0000007e
ffffe3e2
ffffd620
0000017f
fffff3eb
fffff210
00004dd1
00000567
ffffed63
00001124
ffffe4d0
0000159c
00000726
ffffe631
ffffeaeb
ffffe6da
ffffbc84
fffffd94
fffff32f
000008f2
000004ec
00001322
fffffaac
ffffc333
ffffe330
fffffc27
000001a1
ffffd346
00001450
0000021b
00001066
fffffd7c
00002302
ffffd0e9
ffffe5d0
00000e7b
ffffe68c
000032f9
fffff96e
ffffebf2
fffff707
000014a2
ffffeee2
00002c6e
ffffebf0
00000bd4
00001011
ffffd46f
00002e21
00002b51
ffffd230
ffffe7ab
0000202c
000003a6
fffffe7c
ffffb261
ffffcb5d
0000135a
000025c7
ffffdd10
ffffe7ac
ffffd9f6
fffff266
fffff679
ffffd5b8
fffff271
000006b4
fffff33f
0000412f
000010c6
00001765
ffffd945
ffffe897
00000efb
ffffd8f4
00000870
ffffba61
ffffe2e6
00002c51
fffff099
ffffda58
ffffeb53
ffffec82
ffffff10
ffffff07
00000729
ffffe99c
ffffe3da
fffffc68
ffffcdea
00000d57
0000198b
fffff436
ffffedc4
ffffc897
ffffdb48
0000223b
00001b00
0000099b
0000152b
0000314a
ffffd94c
ffffe049
ffffc52b
000000df
ffffe351
ffffe490
0000007a
0000248b
fffff212
fffff4a7
ffffe80c
0000190a
ffffe244
ffffeddc
ffffa088
00004069
00002013
fffff96f
0000078a
fffff0d5
ffffde96
fffffe0d
00002e91
fffff0da
ffffed7b
ffffd60e
00000abd
fffff3b4
00001087
0000114a
000012ae
00000025
ffffe110
00005961
ffffe937
ffffed78
000016f4
000020bf
ffffe519
00004a1c
000006b1
00000beb
0000148f
fffff33e
ffffcf00
ffffe0da
ffffcf8e
ffffe246
fffff769
00002c80
0000176e
000024a2
000042ad
ffffe90a
00000acb
0000053c
000038cc
ffffe212
0000245d
ffffda70
00000aab
000001e7
0000200b
ffffd44f
0000227e
ffffb50d
00001884
0000121a
fffffb77
fffff7f5
000000d3
ffffc817
00001d57
fffff43c
fffff97d
00004579
fffffa9b
ffffed93
fffff649
fffffdf6
ffffeb45
fffffb5f
ffffcede
00001c9d
ffffd776
ffffc0b5
0000186c
ffffed1b
ffffe5a2
ffffff75
00001d64
000015a0
ffffd8ad
fffffc2a
000015c0
000010fa
ffffeb66
ffffe2fd
000005e0
00002089
fffff2df
000001cf
ffffecff
ffffe4a3
0000030e
fffff589
00001263
ffffd565
0000092b
000008c0
00002542
ffffeace
00001efb
ffffe9bd
fffffabe
ffffe8af
ffffb387
ffffcb7d
fffff38d
00001304
fffff303
ffffc5e1
00005c61
000041d2
00000faa
fffff203
0000024e
fffff26e
ffffdea0
fffff4bf
000024bb
fffff564
fffffcd5
fffff2e7
000009f7
000000db
0000191e
ffffeb9a
00003a47
000022ef
00004ec8
000023db
0000352d
00000ea4
ffffebe0
ffffbc9f
00000293
fffffc00
fffffe72
00001318
ffffe039
fffff61f
ffffcb0b
000010d1
fffff2d0
fffff6f8
ffffcc0b
ffffc66c
000022b4
ffffdd66
ffffde4b
00004bfa
00000a35
ffffc371
0000061a
ffffdac5
00000648
ffffc30e
fffff608
ffffb3b9
fffff923
ffffd0a9
ffffd8af
ffffdfef
fffffd50
000009ea
ffffefb7
ffffea4b
ffffec9a
ffffe68b
ffffcb42
000005d0
ffffc8c8
fffff83f
fffffc5f
00001eb5
ffffe738
00000a13
ffffbdae
ffffdd22
00001a71
fffffe75
00003598
00000d62
ffffe45d
00000446
000002a1
ffffddb5
000019f5
fffffaed
000025dd
ffffef25
ffffe5d1
00001ffd
0000179c
fffff435
fffff3e3
fffff5e2
ffffe588
fffffb82
ffffcb43
ffffe415
ffffe347
0000088b
fffff9fb
fffff030
ffffdd89
fffff1f3
ffffda39
ffffee5c
ffffe52b
ffffee32
00001493
0000218b
ffffee6d
0000004f
ffffd8fc
fffff4c0
00001c68
fffffc15
ffffe41b
ffffb87d
ffffd446
ffffe6a2
fffffcf4
fffff00e
fffff48d
ffffe658
fffff53f
000017bd
ffffea5d
ffffd3fb
ffffe78c
ffffe01e
ffffce25
00000aaa
00002066
fffffc7c
fffff717
0000252a
00004ba8
00000e2c
000004c3
00000183
000010d6
00001751
000046e1
000020d0
ffffd687
ffffef82
ffffe168
00000383
fffff22b
fffff14d
ffffea88
ffff99c4
00000b43
ffffe02f
ffffd25b
ffffe7c3
00004778
ffffeaa2
fffffb2e
00001170
00003501
ffffde98
00001b8c
fffff8bb
ffffefb7
fffffd9b
00001ee3
ffffe890
00001feb
fffffef2
000014e4
ffffe034
ffffe3d2
ffffcbc6
000013e6
00001245
fffffde4
fffff7ea
00001ae9
00000926
00000776
ffffc106
ffffd629
ffffd52e
000008aa
ffffeb12
fffffa89
00001387
ffffcf39
fffff666
000009c4
fffff01a
fffffde9
ffffe85a
ffffe0c5
fffffcbe
fffff162
ffffdd34
00001f02
000023c8
00002501
000003de
00002fd1
00000b7d
000026c9
ffffe6c9
000042b7
00001fb7
00001339
ffffee20
00002845
ffffc735
ffffe7c5
00000483
00001ed3
00000c4a
ffffe8b0
000005ad
ffffed74
00000198
ffffd953
fffffc86
fffff1e4
00001354
00000429
fffffd28
ffffedd5
ffffcea2
00001200
ffffd8af
ffffdc89
00003331
000028b3
ffffe2ea
00002245
fffff3c8
00000e1d
ffffd96c
ffffeb15
000026d6
ffffff8e
00000614
00003130
ffffe2c9
00000aff
ffffd0d4
00004394
fffffef7
fffff38c
fffffd5c
00001b35
00002e9d
00004e4d
ffffd4f9
000028f3
fffff266
ffffe4e5
ffffe61f
00002e2a
0000160f
00001479
00003111
00000750
000028d6
0000148b
00000716
000028f5
000001a2
00000808
ffffde3b
ffffb296
00004bd1
00001432
00001a3c
000000c5
0000082f
00000e8a
00000d74
00003e72
000007c9
00002f49
fffff803
00004333
0000293e
ffffcdde
ffffef44
fffffdac
fffff78f
fffffe2d
00001608
00001591
fffff13e
ffffd9b7
ffffe17e
00002ca9
fffff5fd
ffffed4f
fffff0bc
00000cfb
ffffd4bd
ffffcf51
fffff83d
ffffe570
00000b3b
fffffead
ffffffe2
00000d08
ffffd3bb
00001e4b
fffffeab
fffff536
ffffd2ad
fffffb0e
ffffc5fe
fffff820
00001052
000009c9
000036be
ffffd00a
000011e4
00000fca
00002f7c
fffff688
ffffe555
ffffda73
ffffe528
00002201
ffffff0f
00001a17
00003634
ffffe5cb
ffffe25a
000022e3
fffff083
000023e6
00000a11
00002ff7
fffff05b
00001c59
ffffc088
000028f6
ffffe3a1
fffffac1
00001c37
00000325
00005bc5
00000231
ffffffe4
000029a0
00000eb9
ffffd34a
ffffdbd0
ffffe27b
ffffcf11
ffffeb10
000014c6
ffffd9e6
ffffc20d
ffffe690
000027ec
00002ba3
000011a6
ffffe72d
fffff98d
00000eec
00002c17
00000821
00002eb1
000029d1
00001a0a
000042ec
00003269
fffffb35
ffffee08
fffff858
ffffddfb
ffffe4e7
ffffe5d2
fffff62f
00003137
ffffecb0
00000ce7
ffffec88
ffffe6b0
ffffdf6e
00000782
000019ae
ffffd670
ffffe635
fffff133
fffff940
ffffcd6f
ffffd244
ffffed87
fffffccf
000000c7
00000168
fffff923
ffffeec6
ffffcae2
fffffca2
fffff5a2
000003a4
000002db
fffff68a
0000210e
00005121
0000418c
fffffa81
000000f9
00001217
0000402b
ffffb9e0
00000c6d
00004fb3
fffff5da
ffffeaaf
00000dee
ffffe88a
00003406
00001f04
00000d56
fffff686
00000ffc
00000b40
ffffd8bb
000009c1
0000159d
fffffbcc
0000295d
fffff12e
ffffe25b
fffffb9d
000023a2
000008ec
000043db
ffffdab0
000046cc
000014d8
0000522e
00000bfd
ffffc24d
ffffeb2c
ffffe3ce
00000fa8
000003a9
fffff56d
00001a1c
ffffcc30
000004d2
00001b4d
fffff51c
000011b9
000022e1
ffffd3e9
ffffef99
ffffff03
ffffd9db
ffffd70a
ffffffba
000004c9
ffffed72
fffff7f2
ffffe1e1
00001502
ffffe9c8
fffff564
00002fe6
ffffe4df
ffffbb12
fffff7d3
ffffe8c9
00002af9
ffffefae
00001ea8
00001541
00001894
00000d2a
ffffee2d
ffffea5b
ffffdce9
000004b8
fffff4f5
fffffa14
00003e9a
000031fb
00000208
ffffefa3
ffffd5b6
ffffe637
ffffec6f
fffff1dc
00001452
00005bb5
00000a64
ffffcbd3
ffffe1f8
000004ff
fffff0b9
0000187e
fffffb96
00002956
ffffbdf6
fffff719
00001817
fffffd4b
ffffc050
ffffeac7
fffff417
000019db
00000430
fffff3d8
00004b02
ffffe8fe
ffffe724
000002ed
fffff78d
ffffd95c
00001032
fffff3f5
fffff089
000004d7
ffffea8c
ffffd9a7
ffffe156
fffffe3c
00003d9c
ffffd6f9
fffffc9e
ffffd2b3
000012ab
000009d7
ffffe37d
00001b41
ffffd6de
ffffdfeb
000027a9
00000e78
ffffdf7c
ffffce46
00000ab4
ffffef50
fffffb6f
000018fb
ffffd8d7
00000938
00001489
000029e1
00003bf0
ffffbff3
0000137e
fffff508
000015e1
00000d26
ffffe9b9
00001a41
000017d5
ffffef54
00001886
00000b67
fffff88f
ffffed7c
ffffd06b
fffff3e7
ffffe060
ffffce9a
ffffe54d
00001ddd
fffff502
00000473
fffffb21
ffffe62c
ffffdb4e
000002d2
00003cc2
ffffe1f8
fffffe5e
ffffd363
00002c10
00002675
fffff14d
fffffe3c
ffffcfa3
00000b2d
ffffd842
00002e4b
fffff50c
fffff445
ffffd5fe
000006ea
00000498
00000e6c
ffffdd54
00001d5a
ffffeca5
00002baa
ffffdb29
00002754
00003f6b
ffffcabf
ffffeca2
ffffb924
ffffdef2
000002fb
000004e1
fffff7f5
0000364f
000014c8
0000234b
00000c9e
000019d1
ffffd930
00000313
00002ce6
0000083a
ffffdca1
00000de8
ffffde31
000006c6
ffffdf45
ffffd8f6
ffffce34
fffff517
ffffd9dd
ffffc1e6
ffffe006
ffffe440
ffffd018
000005d5
ffffdefd
000024b4
0000148d
000043ca
ffffeb33
ffffed69
ffffd6a1
00000ca0
ffffd0f5
00002aca
0000040a
0000174d
00000d45
ffffe2b4
00004460
ffffefd2
ffffffe8
ffffea19
00002dbd
0000060b
00004456
00001fe5
ffffe54e
000005b6
00000345
ffffd951
00001431
ffffe48d
00000c2c
ffffd1a3
00002cb4
00004d2b
ffffee9b
ffffd690
ffffd11a
ffffc9ce
ffffdf5d
ffffec72
fffff634
ffffe2d6
ffffe2e2
000001a7
00000011
00000b6c
ffffe479
ffffd6fd
ffffeee8
00000d24
ffffe47a
ffffd536
fffffb93
ffffe8bf
000008a2
fffffb73
00001cf6
ffffee8b
000026a1
00000c74
00005e89
fffff74f
ffffea82
00000e57
00000116
00000baf
ffffe0fe
00002583
ffffeedb
ffffe98a
00002518
ffffdf7f
00001101
fffff9a1
ffffdfd1
ffffd8e7
000019fb
00000c97
000023fb
00002248
ffffe8ec
ffffe380
fffffd43
0000315c
000003cf
000004cb
ffffcecf
00002871
ffffff1d
ffffe823
fffff0a5
00002d76
ffffcdeb
00001900
00002801
00000d83
ffffefa6
00001e85
000008f6
ffffec20
ffffe662
0000015a
000008fa
ffffe3fb
ffffc67a
0000207a
fffffeeb
fffff208
fffff570
00001e4d
ffffddc9
ffffee05
ffffc57c
ffffdfa9
00000942
ffffd0a5
ffffd728
fffffeb2
00001c4a
ffffe9db
fffff19d
00001b47
00000042
fffffcd5
00002382
ffffefeb
00003d03
000010ea
ffffeb83
00001761
ffffdc34
ffffedb6
000014ad
ffffd5d8
ffffd334
00001a3d
fffff535
fffff94e
000014f5
ffffd60a
ffffe710
fffffe11
00002336
ffffc83b
ffffdec1
ffffdd1b
00002d9e
ffffaa03
00000522
000021ef
00000a0a
fffffc8a
000028c4
fffffb5c
ffffd8a8
000004de
ffffd4b5
0000377d
ffffc590
fffffdc8
ffffec37
ffffea5e
fffff335
00002703
ffffe249
000003df
fffffde3
00002ec0
000005b6
00002a1b
00002ad4
ffffdc45
ffffd2eb
0000031d
0000023d
fffff2ec
fffffc85
ffffdf4b
ffffe3f6
ffffe3aa
00000fbf
ffffdde0
0000001f
000006ee
fffff4d9
00001780
ffffe36f
fffff109
00002862
ffffedb2
ffffe76a
00001952
ffffd85c
000009e8
00001623
fffffcaf
ffffcc0a
000010b6
ffffe969
0000174e
ffffd363
fffff714
ffffe1d7
ffffd56e
ffffe66e
00001f1b
ffffe0e5
ffffce90
ffffdd08
ffffee02
00000cdf
ffffeda9
ffffda9a
000023d0
ffffd19a
000003a7
0000002d
00002064
ffffd232
00004fe0
ffffe327
ffffdff0
ffffc8c4
00002a27
fffff93b
fffffa23
00002952
ffffd6f1
00000aa0
ffffd7ce
0000181d
0000068a
00001263
ffffec02
00000fbf
ffffef4a
ffffe8c5
ffffd95b
ffffe032
00001b9b
0000055f
ffffe043
00000ba4
ffffe4f7
0000062c
ffffd409
fffff4cf
ffffd3fc
ffffeb6c
000022c2
0000281b
fffff197
fffff584
ffffec46
00000b6a
fffff57c
ffffe451
ffffe951
fffff9cc
ffffdc0f
000031e3
ffffdc23
ffffda1e
00002d4f
ffffee79
0000539b
ffffff47
ffffe874
fffff9fc
0000100a
fffff578
fffff5f8
fffff5b3
ffffce6c
00000fc3
00003522
fffffeae
000014ca
fffff6ed
ffffe249
ffffe23d
fffff4ad
00001f88
fffff77b
0000072e
000027ee
00002b92
00000441
ffffe72c
000018fc
ffffe9bb
00000cdf
00003088
00004c52
ffffe0e4
fffff4c2
00000b35
00002e8c
00002466
00002bdc
ffffdafc
000008f7
000018aa
ffffe423
fffff5d3
000006c2
fffff41a
00002476
ffffeb05
00001dfe
fffffbaf
fffff564
00001517
ffffe867
00001b3f
ffffefa2
ffffdea9
0000179d
ffffd845
000021a8
000010fe
ffffda9a
00001111
00002d07
ffffffb6
0000597e
fffff367
ffffe39b
ffffdfa3
000023fa
ffffb866
0000110e
ffffcc2c
fffffda5
00003d02
fffff3cd
00000ca0
00000fe1
fffff58d
ffffff82
ffffe676
fffff4c0
fffffa8c
000014c7
00000530
000036c5
ffffe866
fffffb64
fffffc9e
00002648
ffffc22c
fffff33b
00000a61
ffffdf75
ffffefda
000001da
fffff453
ffffd10f
ffffba98
0000111a
00002216
00000a70
ffffff6d
00001593
ffffd653
ffffe0f7
ffffea35
ffffbc72
000049db
00002ae4
0000371b
00003e68
000014fa
00001983
000019cf
ffffe9b8
fffffb87
ffffaf9e
ffffbfe4
ffffd233
000009fd
ffffbef4
00001579
000021d1
00000116
ffffef88
ffffd950
fffff453
0000083a
000016af
000005fb
00001667
00000c19
00001980
00001ad7
ffffd3c4
fffffd2f
fffff53a
000001c5
00003694
00000f5c
000035d1
ffffe67e
ffffff81
ffffe7fd
00000d72
00001354
ffffe983
ffffe6ef
00001954
000030f9
0000245e
0000083b
ffffd717
0000100f
fffffb41
000036eb
00001fcf
0000001e
fffffd7d
000011c8
fffff4eb
ffffee4e
00006678
ffffeb6d
ffffe148
ffffd76e
ffffbaec
ffffd699
00001925
00004cff
fffffbe3
ffffca8f
00002825
fffff39f
ffffc072
fffffbab
00001df1
000014f7
00001923
ffffe69f
00000e37
ffffdc6a
00001077
0000167c
ffffebba
00000e88
00000335
00000b7a
00001f71
ffffdfad
000020e8
00001373
ffffd7e1
00001e58
ffffff7d
00001abe
0000103c
fffff8df
0000280d
ffffef11
00001439
0000423c
ffffef1a
000005cc
fffff228
ffffe01a
fffffa96
00000a6f
0000134f
00000d25
fffff745
ffffcf18
0000233c
000030a9
ffffedd5
fffff840
000029a6
00002a47
00000f16
00000bc1
000015e8
00000eaf
0000196c
00000204
ffffe810
000037c8
00004e17
ffffe7e1
00004b84
00000728
fffffad7
000026f0
00001330
fffffea6
ffffffda
000012aa
00000481
ffffd14d
ffffd932
fffffd48
ffffdb37
00001153
ffffd64f
fffffbc4
ffffefcb
00001cb1
fffff471
000011c9
00000d78
ffffe123
00000a95
ffffb5bd
000024cd
00001343
fffffde1
ffffe99a
0000050e
00001a82
00001027
000003c0
fffff659
00002066
000014c6
ffffdfd3
00001eee
fffffa15
fffffee9
fffffd5e
ffffb9f7
000002e4
0000129f
fffff0e5
000002b5
fffff36d
ffffd0b3
ffffda1c
0000200a
00000f85
00000a89
000009b3
fffff5f8
00002d8e
ffffec16
fffff9ab
00002f00
ffffe206
fffff5dc
00001d34
00006d9b
ffffd339
fffff245
0000110c
00003384
00001cff
00002e96
ffffccf5
ffffe633
00000b4a
fffff5f5
000004bf
00001de6
ffffd016
0000324d
ffffe4bd
000010a5
ffffe21b
fffffebe
00002790
ffffd0f8
00001641
ffffdeb4
ffffe13b
0000244e
ffffd6cc
00002687
ffffff4c
fffff023
000009fc
000015b6
00000dcf
00006678
ffffd3d7
ffffec12
0000027e
00000736
ffffdba2
00001699
fffff1ec
fffff677
00001c85
0000005e
00000593
000031e9
00003492
ffffe7d4
fffff44d
fffff96e
ffffe8d4
00001ee5
fffff36a
0000295e
ffffec2b
fffff96a
0000033b
00001866
ffffa278
0000047f
fffff8c1
ffffbba0
ffffcc06
ffffe69a
ffffed2e
ffffcc60
ffffca1c
00000530
fffff942
fffff426
0000034f
00002904
fffffd47
ffffcc4d
00000baf
ffffe30d
000028f1
000027f0
000024ce
00002ead
0000130e
00000f10
fffff524
ffffea76
fffffde6
ffffcc16
ffffcf48
ffffdc7d
ffffef03
ffffc3ef
000013fa
00003266
000007d4
ffffe8bc
ffffefd4
00000511
ffffdd03
00001f79
fffffbdc
0000317d
ffffe0f5
fffff97f
000004ae
ffffcee1
ffffde7c
00002dc5
00001003
0000326b
00002050
00003202
ffffe596
000023b0
fffffc29
ffffd96a
0000104c
ffffeff9
ffffecda
00000b61
00002e9b
000042f6
00000127
ffffcee7
000005c7
000016fe
00002d34
0000022b
00002387
000004e8
00000df4
ffffefa3
ffffca73
00004fde
fffff39b
fffff6c5
ffffb1d1
ffffb547
00000729
000012e5
0000676e
00001a08
ffffc472
000020c6
ffffde5c
ffffd543
fffff6a1
00002b0c
00000ce8
00001cb0
fffffece
ffffff16
ffffed1c
00002590
ffffde5a
fffffd3a
fffffd4d
ffffff7e
fffff9ab
00001799
0000102d
00001fe2
fffff26c
ffffe6bf
000001c6
fffff14d
ffffef33
ffffe503
ffffedb0
00003794
00000a24
fffff6c1
00001b68
ffffe5d9
0000392d
ffffe46f
fffff8f3
ffffe671
00001629
00001b3a
000010d4
00001b36
ffffbeb4
00001400
0000335b
00000acc
ffffd59a
00001973
000020fa
0000028f
00003a73
000011d6
000013ce
000016da
0000028a
fffff886
00002c0b
00002e82
fffff221
00003f5b
000018b1
00000099
00000c76
00000df5
fffff7ba
00001729
fffff63e
fffff392
00000e07
ffffe882
fffff124
ffffd06f
fffff1f7
ffffbf94
ffffc6c3
000003ae
00000307
00000595
fffff2d9
ffffefad
ffffde04
00001a22
ffffac8c
00002cd2
000019d5
fffff792
ffffe810
ffffef0f
ffffc5b9
000009e0
000016d7
00001951
ffffefb0
00003200
fffffbf5
00002399
ffffece4
fffff19f
00000951
00000337
000011f7
0000162d
000015dc
00005724
ffffd81e
00002b4e
000010b0
ffffe7ab
0000194b
0000320f
00002475
00000e8f
00000e2d
ffffe67d
ffffe1ae
fffff14f
00000704
ffffe7d8
fffffff0
00002804
ffffcd56
fffff800
ffffdfee
000047a3
fffff21d
ffffe2b9
0000090c
00002568
00003004
000023ab
ffffe1fd
ffffd208
000022e6
00002c82
ffffd818
0000152e
000021e1
ffffd820
ffffebb2
ffffd40a
ffff8e29
fffffa87
ffffcbfc
fffff2c8
fffff8f3
00002756
00001e90
ffffd5b8
ffffcbd8
ffffdeb4
ffffdc8c
000009a4
000004fc
ffffd3c8
000003bb
ffffee74
ffffc5c4
00002f84
ffffd7d7
fffff7b9
00000587
ffffc5c4
00000c40
ffffe860
ffffecb5
000019ab
fffffafe
00004032
00001cf3
000037f5
00002660
0000280c
00001937
00002087
00002b77
fffff58e
ffffcccb
ffffe70e
ffffd5fa
00002b33
00001ec4
00003e0b
00001d12
ffffec42
ffffeee3
fffff62d
000012d8
fffff778
fffff1a4
fffff18d
00000258
00002c46
fffffb45
fffffa96
00000376
000003a2
ffffd9d8
ffffea85
0000143b
000015ad
ffffd219
00000481
fffffbad
fffffa78
fffff09c
ffffeb21
000010ba
0000180e
ffffc3aa
fffff685
00001b7a
ffffec26
fffff107
000030c5
ffffde6e
00000d4d
00001bf7
00002e98
fffff80b
0000836e
ffffe913
fffff79b
fffffe6c
fffffa09
ffffea7b
00002b5e
000004ad
00001776
00001ba0
000013ee
000010c4
00001d13
ffffe9ed
ffffee02
fffff1e9
00000e0d
ffffd700
ffffebad
00004f07
00000a4a
00002c71
00000b89
000027df
000002b9
fffffc0d
0000103e
0000059e
00002a0f
ffffdb5c
00004581
00001566
ffffd3bd
fffff3a8
fffffeba
ffffebec
ffffec89
00001b3e
fffffbce
fffff69a
00000ba8
00000ac3
fffff6e3
000023f5
00000c49
00001d50
0000247a
ffffeb23
ffffe50e
00000091
fffff744
fffff7a0
000000c4
00000c00
ffffd721
ffffd523
00002078
ffffd33d
00001256
0000017e
ffffdfd3
ffffbc61
ffffc6cc
00002757
00001313
000027b0
ffffcc95
000022a7
ffffdb75
00004679
fffff64e
fffff72b
fffff7e9
00000e00
00003cec
ffffe19b
00001a33
000026b3
fffff603
ffffe831
0000229a
0000116a
fffff3f8
000018ef
0000257a
000021c2
000028ed
ffffd49f
00000bae
ffffe6a2
fffffcbe
00001b3f
00002b30
000033da
00000f06
00000089
00001fd9
fffff202
ffffed81
000005c0
fffffde6
ffffedae
ffffdc07
00002125
0000129b
ffffbe5a
fffffb3b
00000b4d
00002b15
fffff8c5
ffffffc6
00001115
ffffe635
00002f82
00000a6f
0000357d
00001186
00001bd9
0000355c
00000a89
fffff303
ffffc89c
fffff99f
ffffa461
ffffedc0
ffffe62f
00000426
00002b9b
ffffba8e
0000096a
ffffeb08
ffffe57e
ffffe54c
fffff599
ffffdba1
000006dd
fffff05b
000000ef
ffffd8af
00000f5c
00002d85
ffffc456
000003e9
ffffe195
fffff9f0
000009aa
000009ad
ffffe814
fffff717
ffffbeb9
00000cd8
00001f29
000006f2
ffffddb7
000014af
ffffd6e4
ffffddf4
ffffd69e
000006c6
ffffebdd
ffffdbb7
ffffff7b
00001c46
000032df
000045ad
000019a4
00000f93
000034bd
000013df
00000001
ffffdc67
00003518
00001228
ffffe3a7
000022d6
ffffcbf8
0000009f
ffffe4ec
fffffe36
0000196a
00002367
00001637
ffffd692
ffffec7f
000021da
000005d7
0000188f
00001236
ffffce33
ffffff3e
000028d1
00003080
00000f53
00001a16
fffff26d
ffffd1d6
00001f20
fffff356
fffff68a
ffffdc96
000000de
ffffd20c
0000051e
00004270
ffffc0e1
0000036c
ffffecd8
000041c4
00001d2d
ffffdb18
00002819
00000c09
ffffdf36
00000c55
000042d1
00000930
000001a8
00003c90
ffffdf7f
ffffff59
00000b21
000045cd
00002c98
fffff705
00000af9
00001ea9
00000286
00001c71
fffffeb4
ffffd575
00002f24
0000090c
00002067
00000b1d
ffffef4a
ffffddc4
00000f75
ffffe287
0000010f
fffffd44
ffffe349
fffff6dc
00002eb9
00000238
00001ef1
0000323e
00001f65
ffffd0e8
00001a2d
ffffebfd
0000278b
00003da0
00002d4e
00000664
ffffc4ac
0000207a
0000005e
fffff7e7
00001ab0
ffffeb4a
0000103b
fffffa87
000001a2
00000de3
0000054b
00000292
fffff0b1
00003212
ffffca98
ffffe0eb
00000fa5
fffffdfd
fffffc94
ffffe494
ffffdd5e
0000191d
ffffec03
0000265e
fffff97d
0000069d
000026f8
0000050e
ffffeb04
000015ea
ffffeb10
00001038
ffffddc3
00000c78
00000952
ffffeaed
000025b9
fffffcbd
ffffd5d3
ffffe224
000017ef
000024b5
ffffcee6
000018f0
00002345
fffff29f
fffff6ba
fffff38f
00000331
00003720
ffffc39d
00000a6c
ffffd9cf
ffffe582
000001d3
ffffcd59
000025b6
ffffe976
ffffd7b8
00000eec
ffffff6d
ffffeed4
00001860
00000c52
fffffe18
ffffe445
0000095b
00003124
00000e35
00001381
000015e6
000028b5
000038d9
0000170d
00001dee
00000b88
00003a98
00002901
00000a3d
ffffec37
00002122
00005631
ffffdad6
0000137f
0000080d
fffff887
ffffb8df
ffffed30
00001951
00000aa1
00001b93
000021b7
00001657
fffff6ab
00002b31
fffffde0
ffffe53f
00004145
ffffe187
ffffd887
ffffeab7
0000039b
000005a9
00002a82
0000099b
000029c2
00000089
fffff276
000029b1
00001471
00002349
ffffd288
000009e3
ffffe9bc
0000166e
ffffd8e9
fffff945
fffff7d5
00001445
00002cef
00002c76
00006c6f
fffff1ad
000018c8
0000208b
00003214
00000ffd
000008d5
fffff160
00002902
0000097c
00002a01
ffffc69c
00001b7a
ffffe014
ffffdcb6
ffffefcb
0000028d
000018ae
000012d1
ffffca54
00001eee
00000f5f
ffffceda
00000221
ffffd393
ffffc65b
00001066
fffff2a9
00000010
ffffd4d1
ffffcb88
fffff2b9
000012e9
fffffb90
00000349
00001766
ffffdb23
0000173e
00002475
00001b32
00002ceb
ffffea65
00001c3f
00003c18
fffff71b
00001cf5
ffffe8e3
00000217
0000071e
000005b6
00002855
00001737
000025a9
00002778
ffffdcd1
0000144d
ffffec2c
00001485
fffff7a4
fffffc3d
ffffe50c
ffffe5a9
fffff63f
00001830
000041d7
00000912
00000acc
00001ba2
000033e4
ffffef57
ffffe37a
fffff51a
000003b1
fffff902
00000bf2
ffffedf4
0000129c
ffffecf0
fffff1c1
00001cbf
ffffd1db
ffffdc75
fffff6ae
fffffe29
000014c3
ffffc84d
ffffbf17
000011a1
fffff740
fffff4b4
ffffd480
00001441
000001fa
fffff3ff
00001486
0000177b
fffff29d
fffffeca
ffffce83
fffffa20
000010a8
000001d9
00002baf
00001539
00000e96
fffff8fb
ffffecfa
fffff228
00000356
ffffeb06
ffffe30a
000020a3
ffffd87d
00000d4a
fffff0f3
ffffd0c1
0000062b
fffff603
ffffed58
fffffd9e
ffffeeac
fffffc4e
00006493
00000824
ffffca35
000003df
00000dde
ffffd9fe
00000bf0
ffffe8e3
ffffe50c
fffffc83
000009a2
fffffac1
000004e2
ffffa988
fffff0cf
000016a9
fffffc3e
00000861
ffffe461
00002a53
fffffa87
ffffecae
000002ee
ffffec2e
fffff7ee
00000c63
00001323
0000032a
00000300
00001902
fffffea1
00000687
ffffd597
ffffd60b
fffffad9
0000044b
ffffe37d
00001fd0
ffffff56
0000058d
ffffd5dc
000003bc
ffffdffa
00002ca0
0000218a
ffffd69b
ffffbce7
00000e03
0000123f
ffffebf0
fffff964
ffffe9a5
00000845
fffffd28
0000313b
ffffe68a
ffffd25d
00001502
00000311
0000091c
ffffce5c
fffff9af
000009a1
ffffed68
00000838
00001269
00000d3a
0000304d
ffffc83a
00000978
fffff886
fffff5c2
fffffb18
ffffea5c
ffffe74f
00000568
fffff93a
fffffc1a
ffffd678
ffffd201
0000266b
00002cb6
00001dd9
ffffdb0f
ffffdc93
00004b0d
00000c68
ffffe8a0
000000f3
fffff322
00002fcf
ffffe85a
00002f8f
0000117d
00001dbd
ffffdbe7
ffffece7
00001ea6
00000c3e
ffffcdc9
00000849
ffffee10
fffff952
fffff200
0000194f
00001a35
000003ef
00002342
ffffe8c1
ffffe75e
000004d7
ffffe308
ffffe5fb
00001823
fffffa7f
00000678
0000004b
00002f31
ffffdb55
fffff5b3
ffffe3bb
fffff51a
ffffffbe
ffffffc0
ffffe31b
00001279
ffffb8fb
ffffcdd1
ffffbc46
fffff614
ffffe2f8
fffff737
fffff608
fffffe11
0000144a
fffff78f
ffffd301
fffff57d
00004732
00002479
fffffe42
ffffdb85
000005e6
00002b67
ffffdfab
fffff9ef
00000f00
00000642
fffffa77
fffffeb9
000016c5
ffffec6d
00000ba0
ffffe9a4
000027ef
00004eb8
ffffdf87
000009aa
ffffcaf2
ffffec55
000015a6
000023a1
00004288
ffffea03
00001102
000005b7
00003e69
00000e8c
ffffee8c
ffffe721
ffffc6dd
fffff7c6
ffffd703
0000060b
ffffd735
000029b8
fffffc1d
fffffdd3
0000187b
00003a6b
0000275d
000049ef
000006fe
ffffeeef
000017ad
000017f8
000022f2
ffffe922
00000967
fffff8b3
ffffcd87
fffffa57
ffffc898
0000046a
fffffd1e
ffffff24
ffffef25
00001612
00002a0d
000020ea
ffffb887
00001056
ffffd617
fffff15a
00003505
00000a9d
00001ea5
fffff6ec
ffffcca8
00000a42
ffffd6ee
000031f3
00001017
ffffe56d
ffffdbb8
ffffbaaf
00000075
00001754
000029e6
fffffa99
00001981
000028ce
fffffc1d
ffffe64d
00000aad
00004786
000025df
000005f7
ffffd1ed
00002ec9
fffff862
00002735
00003a00
000008d0
00001951
00000262
00000686
fffff75a
ffffea15
ffffe933
00002228
ffffefbf
ffffed1d
0000232f
00000f94
fffff61f
fffffa43
ffffc4b8
ffffdad6
fffffd36
00001513
fffff412
00000f64
00001391
0000262c
ffffe44b
ffffeaa1
0000003c
00000dfe
ffffd678
00000564
00001ed1
ffffdab4
00000364
ffffbfd4
00000e6d
0000463e
ffffe69c
000009ef
00001c17
fffff631
000029d6
ffffff8e
ffffe5f6
ffffe0a2
fffff945
0000183d
00000afe
00002213
0000027a
00002782
ffffe687
0000101e
000004ff
fffff8f9
00000bbc
00001576
00003348
ffffdf65
fffffc70
000023e0
0000067c
00000117
000012b3
00001cbf
000039fb
fffff6d9
00001c46
00001fbd
00000ed2
ffffff50
000026ec
fffff5db
ffffe9cd
00000741
ffffcba2
ffffeec7
ffffdc8f
0000051a
ffffe1c4
000006ff
ffffde59
000012ef
000014df
000004af
00000a23
00000069
0000251d
fffff9ad
ffffd089
000038b5
fffff785
ffffda79
00002d2c
000002dc
00001fd5
fffffec3
fffff01a
000013f2
fffffd6b
ffffd206
000019f3
ffffd697
00002f35
ffffee1b
000000bc
0000268f
000005f1
00002ec3
000012b0
00002359
000000c0
ffffe08e
000010e9
00000afa
fffff79a
ffffee41
000043af
00000717
00000f58
fffff978
00002256
ffffff88
00001730
fffff148
00000473
ffffc161
00003e2f
ffffedce
0000169e
0000343e
ffffcaaa
00002b32
00003697
000020c2
00000b76
00002e35
00001efe
ffffcea5
ffffe073
00000e69
000003ba
fffff65c
00000a71
fffff821
ffffebcc
ffffe137
ffffff55
000028ff
ffffcf82
00000bdc
ffffcbdd
ffffe32e
00000955
fffff715
00000324
0000124c
000042ca
00003943
fffff76f
00002965
ffffd420
000009b5
ffffe878
00001ac7
ffffe969
ffffe244
000012d9
0000013a
0000182c
00003786
ffffd4e9
fffffa64
00002198
000003db
00001270
ffffdd35
ffffaaa4
ffffe4be
00002913
ffffd9fa
fffffd7f
00003a4b
fffff5a0
fffff4f3
00002fa0
ffffef6f
fffff80d
fffffb2c
00003104
0000210c
fffffa41
00000a0a
00001b7b
ffffcaa9
fffff2b1
0000317e
000012aa
fffff3ab
ffffea37
fffff4d5
ffffd492
000022fe
00001ee5
fffff0a3
ffffe6b6
00000fb6
fffff5f4
00000910
00004633
ffffe3d7
fffffc4f
ffffed48
0000111f
000022ea
00000f0c
00001359
ffffebe0
00002bb8
00000467
00000d42
000040ca
0000082a
ffffff7e
00000a3f
ffffe470
00002506
00000382
fffff66e
0000258d
ffffffc4
0000046d
00000b2e
fffff2fa
ffffcc63
00001c01
ffffc843
00001fcf
00000a7c
00002744
000014db
0000151f
0000278e
fffff754
fffff8ca
fffff94e
fffffb35
ffffd981
00000bbb
000009eb
fffff5d4
fffff321
000008be
00001986
ffffb431
fffff731
000027ad
ffffda0e
fffffef0
ffffcff2
ffffef81
fffffe65
ffffd56d
fffff122
fffff858
00002a28
00000ea9
000017f9
ffffe7cd
ffffb588
0000035e
ffffe717
00001d3c
000017cc
00003f26
000005e8
000000f1
fffff677
fffffc28
fffffafc
000039d8
fffffdd4
ffffced0
00000452
ffffd6ab
ffff9ab7
00003825
00002d6d
ffffe790
fffffba3
00000de0
ffffeeca
fffff7d6
00000361
000002c2
fffff427
ffffc87b
fffffd6a
00002607
ffffec5b
fffffb4a
00002111
00001b86
fffff66e
00003503
00001c8e
fffffe4d
00000eb3
fffffc89
000007fc
00000970
ffffa9b1
fffff07c
fffffa4b
00002810
00005c66
fffffb47
fffffba0
ffffddb4
00001722
00000ab6
00000577
00001677
ffffea75
00003b09
ffffedb6
ffffbeeb
fffff5e7
ffffed90
00000401
fffff83c
ffffea25
fffff745
000008f0
000045b1
00000f8a
ffffff11
000041eb
ffffecfc
fffff09d
00000a73
000015a9
00000990
00002bfa
ffffe553
00001e20
ffffec49
00002259
fffff55f
fffff1d0
000020a5
ffffda40
fffffc2f
fffff365
ffffdacc
00002321
00000c2e
ffffe8d7
fffff834
fffffd0f
00000df6
ffffe10d
ffffe231
000006c3
fffff620
000013eb
00000edb
ffffd697
00000668
000012eb
ffffeeb9
ffffe9e3
000005bd
ffffed0a
00001e89
00000f12
ffffd74d
000002f0
00001399
00000a4f
fffff755
00001799
000014b7
fffffd42
00003ba8
ffffefa5
000023f0
00000d3b
ffffdf62
00000002
ffffe617
00000787
fffff9ab
000025a6
ffffe95d
ffffe4af
00001d98
0000290c
000008c6
00000f75
ffffe73c
000012d7
00002910
fffff8b4
fffff651
ffffdb31
fffff7c2
ffffca40
00000935
000010c2
fffff02f
ffffda57
ffffeaf0
ffffdd71
ffffe0a1
ffffea36
ffffe000
00002e7b
00001089
000020cb
ffffc297
00003154
fffff741
00001694
ffffd129
00001d34
00000e95
00001fda
0000008c
00003e75
ffffe640
ffffcb91
fffffbaf
fffffa45
000014d6
00002477
fffff76c
00006e5a
ffffd068
ffffeb76
000003bb
fffff32a
00002281
0000301a
00002b10
fffffb69
00001d0c
000027e9
0000074d
00000cbd
00000dea
fffff3c7
ffffe08d
00002928
fffff8c5
00000bc5
fffff7b4
000010c0
00004625
00000e37
fffff6a4
000037d3
000006ab
00003495
00000191
000006cd
00000c82
0000403c
000015d9
00001211
ffffd834
00003524
ffffc632
fffff295
ffffe162
00000718
00001830
000004ee
ffffe7f8
000010fb
000031ed
ffffe2dd
00001bf0
00002931
00001871
00000e8a
ffffea6e
fffff70e
ffffeff2
fffffffc
ffffc982
00001dbe
ffffd995
00001cc4
00002576
fffff8cd
ffffe7ee
ffffec09
ffffd41f
00003ad6
00001bd8
ffffedc8
00000ef1
00001ee2
00002764
00001e19
fffff11a
00001ea9
00002c61
000004f9
fffffaa0
00000908
ffffee32
fffff22a
fffffe85
000045bd
000044aa
ffffdf4f
00000935
00000a02
000010fc
ffffdfd8
ffffecab
000008d1
ffffe1ac
00000257
00001f6a
ffffe3c7
fffff045
00000f92
00000ff7
fffff894
00000c36
fffff646
00000097
00003316
00000f61
fffffc85
fffff381
ffffec34
ffffe3a7
ffffc5c8
0000074b
00001507
ffffda06
000001f5
ffffc020
fffff542
000009fc
00002a8b
fffff1a4
fffffe20
fffff7fa
00004d1d
ffffdb0a
000017c7
fffff502
0000020b
00000cda
0000123b
00003bdf
fffff959
0000130c
fffff593
fffff656
fffff85c
fffffff6
000027a1
ffffe716
00004c62
ffffe78c
ffffe932
00002c4f
ffffeaf8
0000202c
00001ad0
000037e3
00005a8a
00001398
fffffd8c
000025b3
0000436b
0000124b
00003e74
00001fa4
ffffc111
fffff1d5
ffffe809
ffffd275
ffffe50d
00001d46
fffff73e
ffffed51
ffffdcc2
00001ddb
fffffa7c
ffffe8e5
00001464
00000d3c
00001330
fffff1d1
00000018
000014be
00000624
00000be0
000038da
ffffedb7
000011ef
ffffff11
ffffeffd
ffffc730
fffff6c3
ffffbd32
00000b66
ffffefc0
fffffdf0
ffffe273
000017fb
00004a12
00004464
00002d2c
fffff9ea
0000478d
00002024
000017e4
fffffa4c
fffff745
00001ce4
000023c0
000010a1
00003649
0000057b
ffffdc20
00001d18
00002b63
fffffbf6
000003d5
fffffc9e
0000307e
fffffbd7
ffffddc3
fffff356
fffff9c7
00002e1f
0000234f
00003544
00002a4c
fffffffa
00000154
0000190e
fffff841
ffffc425
00002226
fffff810
00002ce7
00000525
000043c6
ffffec45
ffffb7c1
fffff00d
00001d0e
ffffe271
fffff96b
ffffd767
ffffd737
ffffe231
00001427
ffffd9ed
00002600
00002ff5
00000862
fffff985
000034c5
ffffeb53
ffffde70
fffff078
fffff242
000017c7
ffffdde4
00001224
000000cd
ffffde3a
00003a73
ffffd89b
fffffb9e
000021c1
ffffe490
ffffe6f4
fffffe4b
00000ff8
ffffc843
fffffc96
ffffc747
00000921
00003af3
fffff880
ffffe90f
000008a3
00002763
fffff59e
ffffed44
000013d7
00002b28
00000f80
00000334
fffffa9b
00000456
ffffd164
ffffd9e9
00003182
0000208b
fffff07c
ffffede2
ffffd6a2
00003105
fffff4b9
fffff1d5
ffffed83
fffff274
00000ac6
fffff7d2
00000e31
ffffd663
00002806
ffffc62b
000019f6
fffff533
00001e9d
000006f5
00000f9c
ffffff4c
ffffe22d
00002273
fffff402
ffffeb51
0000104c
ffffe9d6
000029f8
00001cee
fffff1ab
000010bd
00004b26
fffff0e9
ffffd92b
fffff617
ffffc7d6
ffffdff0
00000052
ffffef40
00001eb5
000007fb
0000329d
fffff109
000015c7
00003b20
00002b66
fffffeeb
00002398
ffffe195
fffff79d
fffff966
00004502
ffffe070
00000d37
fffffac0
000012dd
ffffc96a
ffffdf20
000035a8
ffffb6b4
ffffe21a
ffffe8b9
000013d5
ffffbc2a
000034f4
ffffea25
ffffff42
fffff128
0000097a
000024c6
ffffd6cc
ffffc89f
000023ba
ffffd382
ffffcac3
00001622
fffff1f2
0000079d
000003e4
000016a2
fffff420
00000ab4
00003aa0
00000da2
ffffcde0
ffffe8d8
ffffcecc
ffffbe73
000018f1
000010c9
ffffedaa
ffffe2d8
ffffcb7c
00001bc5
00000a9a
0000134f
ffffe334
00001cd4
ffffcd3b
00002f10
ffffeabf
00002111
ffffd2b9
fffff5c2
00001ea0
fffff729
000023d2
ffffe746
ffffe84a
00000795
ffffc994
00001384
00003d0c
ffffd6c8
fffff7c2
000007fd
fffff2a9
fffff14e
00000c63
00001992
ffffeaa4
0000304b
fffff5e5
00000cba
00003342
00000fbe
00002d93
00002196
ffffe7e6
000023e8
00002458
00000907
ffffd50b
ffffe018
fffff5f4
fffff609
00005a36
00002ca3
fffff3e5
0000059c
ffffeda2
ffffefea
ffffdc4c
0000387d
ffffeee6
0000204f
ffffd3ce
000044aa
ffffff07
ffffe8e2
fffffe8c
0000095a
ffffdc6e
0000165a
ffffeccb
00001052
ffffe2ce
ffffee56
ffffb605
0000184a
ffffe496
ffffea89
00000883
000001d1
000000a1
00001e19
0000043a
00002e4c
000031b0
ffffd1d4
00001376
0000009a
ffffe74a
ffffdff6
00002ca7
ffffdb7e
00003222
00002ccf
ffffd55c
00001300
ffffe451
00001523
fffff5ab
00000936
00003841
00001251
0000016a
000005ba
ffffff7d
00003462
ffffd3e3
ffffedb7
00001da5
00001125
fffff875
00000c20
ffffe159
ffffd7a5
00001561
ffffe3b1
ffffef49
0000032a
ffffd417
fffff055
00000227
ffffd81a
fffffd2c
ffffcca8
ffffe920
ffffce18
ffffe3d7
00002c6e
fffffd2a
ffffe12f
fffff962
fffff9b3
fffff7f7
00000e20
ffffe3c7
00001af0
ffffd2ff
ffffe642
ffffdf03
00000291
ffffe0b8
00001535
ffffe41d
00000dd3
000010a9
00001b41
0000051d
00001e11
0000066a
ffffe85b
ffffed4c
000004ec
0000310d
ffffff88
ffffe5ff
00001087
ffffd2c3
00001370
00000027
000008ef
fffff8ae
ffffec5e
ffffea63
ffffe91a
ffffeb1e
ffffe395
ffffd524
00001e32
000017a2
00001fe3
000015b7
fffffa71
fffff805
00001040
00004041
ffffe842
00003017
00001c7b
fffffdf3
000018b9
00000e37
fffff150
fffff1fe
ffffeaa9
0000173b
00001b97
00001121
ffffe7da
ffffdfaf
00001fec
000000ef
ffffea40
00000084
000007a5
fffff478
ffffe667
ffffd381
00003beb
000058c1
ffffca44
fffffefc
000045af
0000162a
fffffd08
00000430
ffffd4c2
ffffc5f5
00002dec
ffffe1da
ffffea2d
00002a41
ffffd090
00000867
ffffd838
fffffc5c
ffffe513
ffffe6ab
00002bd9
ffffde4a
0000100d
fffff5fc
000020f9
fffffc44
fffffcf1
0000178c
000027ba
ffffdc70
00001a31
00003280
ffffd497
ffffdbf1
00000f2b
ffffdfe5
000049ee
000006e5
000012a2
ffffeaf3
00001cd8
00001b23
00000168
fffffea8
ffffe550
ffffed14
00002870
ffffe910
fffff4dd
ffffeea8
00001ff4
fffffc60
00000a9b
00000a11
00002c41
0000252d
ffffe920
ffffe121
00000cd0
000048b3
ffffd3f2
00000960
fffff9cf
000005d2
ffffdc5a
0000381d
ffffe448
fffff282
ffffe2c8
ffffe399
00001adb
00000e5a
fffff5c4
fffffb50
000026d3
00000f06
fffff640
fffffbd5
ffffdd83
000018c4
ffffd755
fffff65d
00000b69
000001f7
fffff66a
ffffd676
000023c0
00001a1b
00004d33
000001ac
00002405
0000118c
fffff396
ffffebc3
000004e5
fffffa16
ffffef85
fffffa82
0000180a
ffffdd07
00001837
ffffe294
00002595
00000b49
00006e87
00000909
ffffe0aa
00000858
ffffe7c9
ffffda74
fffff5aa
ffffff19
fffffe41
000006e5
000002b8
00000cea
ffffd457
000006b7
00000861
00002ad1
fffffbd4
fffff3c3
fffffe96
fffff8b3
000008a0
000035ac
00000598
fffffef4
ffffef3b
ffffd66d
000021f6
ffffe681
ffffe75d
00000d35
ffffe346
ffffdf00
fffff0c2
fffffb8b
000005ec
000018f0
000025da
00000b30
ffffa6f0
fffff609
000014d2
000013d7
fffffaf6
00002013
000002f6
fffff2b0
00001246
00001bf9
ffffdb46
ffffd646
00000a60
fffff12e
00000746
fffff372
fffff5ae
00001821
fffff83e
ffffd009
0000198b
ffffeb35
0000092c
00002d13
fffff848
000035d1
00002a18
ffffcc8e
00001389
0000152f
000027db
00001ee8
ffffef95
00000d61
ffffff16
00004677
ffffec0e
ffffdc82
ffffdf8e
ffffe961
ffffe99b
ffffe6b9
00000505
fffff4c1
ffffedd4
00003ac5
000002b3
00002e1a
ffffdb10
ffffedbf
00000d74
ffffe40a
ffffe88c
fffff3b8
ffffe3e3
00000cb7
ffffffe9
ffffd539
fffffb8f
fffff52f
ffffd93d
fffff116
0000174d
ffffe1a1
ffffead7
fffff796
fffffadb
fffff5e2
00001140
fffff799
ffffe0f8
fffffb32
ffffed56
000008d6
fffff154
00000465
000015c9
00001864
0000157c
ffffbe17
ffffeafb
ffffc244
fffff795
ffffe72d
ffffc83f
fffffb97
00001c93
000002d6
000002b5
fffffb0b
fffff57c
00000dde
fffffb71
ffffffaf
00002279
00002398
00002200
00001c79
fffff71b
00002ad2
ffffec8d
00001a94
ffffe739
00000b99
000032b4
ffffda2b
00000cc1
00001aa9
00001b59
ffffee67
fffff684
0000006d
ffffdf63
0000226d
ffffc7ae
fffff666
00000250
00002e99
fffff248
fffffed8
ffffd4f3
ffffc3df
00002da4
000020e2
ffffdf9d
000024ac
ffffe102
00001b8b
0000268d
ffffce49
ffffe5b9
ffffe94d
000034f0
00000e19
ffffebff
00001fe7
0000135f
ffffcc4a
ffffdb43
0000142d
0000281c
ffffbe3f
00003256
00000d5e
ffffddc9
000012b4
00000785
000015d8
ffffd85e
00001d2c
ffffc8c7
ffffe878
000026e7
00004861
00004060
00002725
ffffe691
00000422
ffffff44
00002dd3
ffffbcf8
00000c98
0000215f
fffffe28
00003207
ffffdfc8
ffffcb1d
fffff4b1
00001f4d
ffffe2ab
ffffff10
ffffea65
fffff676
ffffee34
00004519
00000636
000027b6
00000e1e
00000cf1
ffffee56
00003e24
00001512
00002296
fffff60d
00002593
0000162a
ffffc060
00003af1
00001325
ffffed4a
000046e9
ffffe574
0000020f
ffffb6ef
00001619
ffffe760
000015ed
ffffe4e0
00001b54
00002869
ffffe28f
00000fee
00000110
ffffe4b8
ffffd6af
00000b72
ffffc917
00001954
00000e59
00002df7
ffffe8d3
fffffc1b
ffffeb65
00001076
fffff635
00001001
00000d60
00004c44
ffffbdc9
fffff17f
0000083b
ffffe864
00003e76
000023e1
fffffb5b
00000600
00003c34
000030b1
ffffe3fe
fffffb85
00000420
fffff926
ffffe96f
ffffd401
ffffedad
fffffb71
00002bf9
ffffdcfc
ffffd6c5
ffffc934
ffffeb7a
ffffde7c
ffffebb7
ffffddb9
00000942
fffff6ca
00001b70
00001e28
ffffff77
ffffd6c9
ffffdc7d
ffffe00c
00000ef7
00003461
00001d84
fffff17f
000022b4
00000c60
00001949
00001558
00001415
ffffe0f2
0000430f
00003a58
ffffd248
00002207
ffffe932
00003101
ffffd0c8
0000263e
ffffd96c
fffffdc8
ffffe201
ffffdc43
00000d6f
00002bea
000020c1
ffffecfa
00001ef0
ffffe2b1
00001a63
fffff36b
ffffe4dd
0000387f
ffffe3ca
fffff583
fffff4cb
00001053
000025f4
fffff8d9
ffffe100
00000305
fffff445
000012ca
00001752
000006b7
00006c09
ffffe3ae
00004991
00000a8c
fffffeed
ffffe83d
00000f02
fffff3b2
ffffdbc6
00001e9e
00004472
00004e5e
00000ff8
000010df
00002149
ffffe234
000015b0
000001dd
ffffdad3
00002ba4
ffffd155
ffffe5ef
fffff185
00002a22
ffffe116
ffffd867
ffffc7dd
000008cb
ffffee62
00001551
0000029c
ffffffa4
00001c2f
fffff922
ffffe94c
ffffec42
fffff85b
000003d9
0000137f
00000882
ffffdcec
00001999
fffff0db
fffff3af
00000ee3
0000093d
ffffe595
ffffa839
00002695
ffffe0fe
fffff9eb
00000e33
000034f5
00004253
00000a3b
ffffe052
00001cb4
ffffe798
00000308
fffff464
00000a13
ffffde47
00004431
fffffa67
00001173
ffffd60d
00002f06
fffff3b8
fffff354
ffffdefe
ffffd27e
fffffc4e
fffff3fd
ffffc385
00001c95
0000292a
fffff942
fffff44c
00000722
fffff087
00003c04
fffff9b0
ffffd83e
ffffe677
ffffeee5
ffffde5b
0000019a
fffff36f
00000514
00000f06
00001a1e
ffffe351
ffffea3c
fffffb7b
00001a70
fffff2a1
00001510
ffffd612
000028f6
ffffef20
00003c98
ffffdb6a
00003063
000004f5
00003220
fffff19a
fffffb7f
ffffcc98
ffffb245
ffffde43
00003a01
00000ce4
ffffc2bb
fffffcb4
ffffee61
fffff2dc
ffffeff5
ffffdfa6
00002203
ffffefb6
ffffefcb
000008c7
fffff569
ffffdec5
00000cb8
00000c78
ffffe13a
00002d98
00002a4d
ffffed39
ffffe90e
fffff888
00001cf5
ffffe71d
ffffc6e9
00000ae8
ffffe749
00001695
0000372d
fffff059
ffffd166
ffffa9f2
00001700
fffff75a
00002b3d
fffff3bc
00000bd3
00000e6b
00003306
ffffd0f7
000007f2
ffffd8c3
0000032f
00000cf8
00002440
00001e1f
0000220d
00001e60
ffffeea6
ffffe93f
00000e62
00002739
000015b8
fffff066
000031ea
ffffe0d0
fffff0b6
000017aa
ffffeda6
00001e83
0000099a
000014d7
00001739
000006d8
0000368b
ffffff29
00001948
fffffb62
00006d1f
000029f3
ffffd0bd
ffffd36b
ffffc106
ffffe6d0
ffffed2a
00002ae2
fffff900
ffffd336
ffffdade
ffffd3d4
ffffecf7
ffffcb25
fffffc74
00001336
0000076e
ffffb415
ffffdc00
000005a1
fffffc70
00000ec3
00000e23
ffffe46d
00002229
fffff0fe
00001edf
000004bd
fffff3d2
ffffd1f3
fffff955
fffff408
fffffb18
fffff8e9
fffff9b2
00001957
00003027
fffff320
ffffff1f
00002bba
ffffe578
00000dfb
ffffdca1
ffffecbc
0000071c
00002c10
00001842
000044d2
000001dc
ffffdad9
0000206f
000017d4
0000190b
ffffd565
00001d63
00000d4b
0000236a
ffffeb93
00003c42
ffffed1f
000023cd
00001b7d
fffff74a
000059ad
000022fb
fffff92c
00001c8e
00002bea
ffffd197
ffffeb0a
ffffe1c3
ffffe535
fffff2eb
00001e3f
ffffc07a
ffffbf80
ffffaebf
00001987
ffffd010
00000bc1
ffffd2fd
ffffd847
fffffe6a
00003617
00000338
000020d8
00004111
fffff49d
00001eb4
ffffdf6a
000010fe
fffff479
ffffe024
000001cf
ffffd4e3
ffffdeb9
000009ee
00000e5b
fffffda9
0000009a
00001dd0
00000406
00000d32
ffffdada
fffff873
ffffee28
000003a4
ffffe3ca
00000382
ffffc70f
00001ad9
00000dba
ffffd342
fffffa97
ffffd8ed
00001c70
fffffe96
fffff590
000025fc
000016f8
00002b98
000026fb
ffffedcc
ffffe88b
fffff6dc
00000411
0000162d
0000159c
00001126
0000041e
ffffdade
0000385e
00001e20
fffff93a
fffffc22
00000611
000020f0
00000870
00000525
fffff8a6
00004b46
00001347
00001fb0
fffff969
00000ce9
ffffe025
00000aa5
fffff1b9
ffffc383
fffff384
000027d3
fffffc78
000000e7
00000036
000016cb
0000282a
0000027e
000030a0
000028f2
ffffcca5
00000995
fffffa21
fffffa25
fffff270
0000180f
ffffe662
00001e96
fffffac6
00000cc2
ffffe433
00000f26
00002498
0000011b
00002463
fffffd4a
000001e9
ffffeae8
000003df
00003160
ffffd499
fffffc26
000017df
000005b7
ffffca1b
ffffddc7
000038e1
ffffc4d6
ffffffc6
ffffd984
00001758
ffffdbe7
00004295
00000c6e
00001254
00000559
0000205a
0000179b
ffffdd74
ffffc228
fffff9b6
fffff0ee
ffffdc82
00001445
fffff614
000004fa
fffff2dd
ffffe4ae
ffffdbfb
00001224
000031bd
ffffe397
ffffe731
00000cae
ffffb14c
ffffbaa2
000011f4
00001250
ffffeae4
ffffec24
fffff241
fffffcda
00001be1
00000cf0
0000167f
fffff394
ffffbc94
00001b5a
0000046c
000022ba
fffff86e
00000db3
00002926
fffffd12
000044bb
ffffe89d
fffff780
fffffe52
fffffff2
ffffcc00
000018e5
ffffc744
ffffd7c5
00000099
00000af6
00000d23
00000bfe
000007b2
fffff90b
000041ce
fffffebc
000035ec
000040d2
ffffe7ba
000044e8
00002d40
ffffe7aa
ffffe88d
00000237
00000f57
ffffd8ff
000000cb
fffff757
ffffe3fa
00004800
00002692
000007f1
ffffeea7
000022bb
00001867
fffff460
00005bc5
fffffaab
00002851
fffff66f
0000398d
000019b2
fffff819
ffffe003
00001a0e
ffffdfae
00001139
00000032
ffffe07e
ffffc53c
fffffecd
fffff9f3
00000d0b
00000daf
fffff9fb
ffffe47a
000002cd
0000163f
00004272
00001fdd
00001f1d
00002266
fffffa1a
000023e3
0000233c
ffffefaf
ffffed6f
00004d50
fffff273
00002ac7
000046f3
00000784
ffffeeee
fffffea7
ffffe7ae
000004ae
ffffe6af
000024a8
fffffdd6
00003443
00000359
00002d98
00002066
ffffc981
00003375
fffff9c5
ffffce4a
00001820
00000e9c
ffffd4a7
ffffee01
000028d6
00002fab
00001049
00000f4a
ffffeb2d
00002640
00001153
ffffe7ea
0000154a
fffff63f
ffffe17b
ffffdc8f
ffffdcc5
fffff938
ffffcfef
ffffe23e
ffffff5d
0000106b
fffff864
ffffdc18
fffffa25
00001c23
fffffa08
fffff069
ffffd5f3
00001008
ffffe039
00001991
ffffe410
fffff78c
00003cfe
00000ad9
000005ca
00001287
00003eb8
0000090b
ffffefb0
ffffe461
fffff5e8
0000042a
ffffe39c
fffff852
ffffefd9
00000c66
0000013d
00001ec0
fffff132
ffffee64
0000181b
000009dc
fffffe44
fffff1bd
ffffdb36
00002e85
000005bb
00001b6f
00001905
ffffef72
ffffeb23
00001ebe
00000697
ffffd44b
ffffc895
000007d4
00000d9c
0000034c
00000a70
ffffe94a
ffffccf0
ffffcc7a
00002814
000009cd
000006a3
ffffed37
000011f5
ffffd507
fffff11b
ffffd071
fffffbbd
000002e8
0000019d
ffffdf45
000002aa
000036ef
00003449
ffffbd40
ffffce60
00000b08
ffffe504
ffffef59
00000f84
fffff364
000007a0
00002b4c
00000345
00001b72
000010c4
ffffc59c
00000342
ffffd230
000013e5
ffffe36b
00001bcc
ffffddfd
ffffc40c
00000b6b
00000887
00000524
ffffeb0a
ffffcd67
00001f57
fffffa57
fffff816
fffffdd9
000002ce
ffffe08c
fffff338
00003c1a
fffff374
00001e21
00001190
00001f4b
ffffb20a
fffff4ea
ffffd4df
000012cc
000003a9
ffffe6a2
000009fe
00003523
ffffdbd3
000016ff
000023b9
ffffdb06
000002f0
fffffe69
ffffab3f
fffff002
000035a8
ffffe2e0
fffff95b
ffffe86d
00003de9
ffffecf6
00000265
000017aa
000004a2
ffffc449
00002c1c
00000de7
0000238e
ffffee9e
ffffcbf8
00000d22
0000054a
00001cfa
ffffd9fe
fffffd38
00004f90
ffffd11c
ffffeaf5
fffff146
0000222e
ffffdd54
ffffd84f
00000aa4
fffff201
ffffe696
ffffda83
000024ac
ffffe91b
0000246d
ffffec28
0000037b
000007d6
000014cc
fffff384
000039b9
ffffe68a
ffffd254
00001f0c
ffffdf8b
0000042e
00001ebf
ffffdf60
ffffe3dc
fffff7c9
00004f32
ffffee6d
ffffee7b
000021ed
000008c3
ffffe3e9
ffffeeea
ffffd3cf
ffffca2a
ffffff03
0000490b
00000edc
ffffe738
00003294
00000434
fffff073
fffff1f9
00006165
fffffafa
ffffeab2
ffffe9fd
00001cd0
ffffe3f1
00002488
ffffc32c
ffffdf50
00001a4d
fffff00f
00000ee5
00003e93
ffffd8bb
fffff4c5
00000464
0000072c
fffff456
ffffcf01
fffffe6d
0000072c
ffffdbdc
ffffd63d
00001520
000009a0
00001c9d
00002c69
fffff43e
ffffdbd4
0000108d
00000e26
ffffdb4d
ffffbce0
000008aa
ffffffb1
fffff947
fffff6dd
000019c7
fffff4ab
ffffe872
0000130b
0000123f
000000d8
ffffcd80
00001dfd
fffff886
00001202
000024d2
ffffefdd
000001d8
fffffd58
00003e1a
ffffee4e
fffff43a
fffff4d4
fffff1e5
0000124e
ffffef4e
fffffe97
ffffffd5
ffffc0da
0000092a
000010ac
fffff9a8
ffffeaa0
ffffe9d7
00002f36
00002067
000008a8
ffffd366
ffffe0e6
ffffe729
ffffd769
0000199a
fffff07c
fffff0ca
00000c9f
00000f79
0000230c
0000219b
000006d7
ffffd54c
ffffcc72
00002b66
000007a1
ffffe720
00000a00
fffffc44
fffff41e
ffffd4e8
00001719
000000d6
ffffe7eb
000015f1
0000140f
ffffd544
ffffd555
fffff201
00001510
fffff293
000006db
00000120
00002135
ffffc935
ffffe9fd
00000c25
ffffd4ca
ffffe936
fffff1bb
000057f6
ffffea64
fffff62c
00002da1
000019d1
000022c1
00000a9a
ffffd3a4
ffffebac
ffffec0d
000017ec
ffffc155
ffffdac9
ffffe2e3
00002a29
00000266
00000c52
ffffbd20
ffffe209
00001eba
ffffdd7d
ffffff07
ffffb2b8
ffffd5e9
ffffcb25
ffffd027
0000473a
000015da
ffffe1bd
ffffca32
00002263
000006db
00005d39
ffffedf8
fffff289
fffff9d0
ffffe4f2
fffffb75
00000a0b
00001677
ffffe65e
ffffce0b
ffffed1c
fffff9bc
00000356
000044e2
ffffefac
ffffdb2f
fffff84d
ffffb1f5
00002670
ffffd77d
ffffffff
fffff72a
00001949
00001d1f
00002ce1
ffffe8b6
00000860
fffff654
ffffeea1
ffffe497
0000136d
000002e4
ffffd102
fffff094
fffffe61
fffffc6b
fffff68c
fffffdef
000045a0
fffff6f7
fffff1a0
ffffc29a
000003e0
ffffda67
ffffef4b
0000070e
0000199c
00001f24
00001402
fffff769
fffff04c
ffffeb11
fffff7ea
00000ae1
ffffe8d9
00000aa1
ffffed16
ffffc952
000006af
00002196
ffffcc8a
ffffde7b
00001839
ffffe514
fffff785
00003110
00000f6e
fffffa0c
000007f5
fffff8a1
ffffd312
ffffc3e3
fffff129
00000cfc
000027e6
000007f5
00000ade
fffff246
fffff605
ffffe637
ffffc26c
00001295
00001983
0000018b
00000b40
00001425
00002606
fffffed7
00000169
ffffec51
fffffd6b
000018a6
ffffef99
ffffe69a
0000175b
ffffe971
00000705
ffffd4e9
00004657
fffff936
ffffeebb
ffffbbcc
ffffcd6b
0000119c
00000481
00003224
0000292c
ffffd886
0000340b
ffffde4c
ffffc1c6
ffffeb3d
000026cb
fffff816
fffff769
fffff835
fffffb8b
00000db8
00000ba0
ffffe6fb
000001af
00000cec
00000022
ffffd6db
00003fe9
00002a03
00000ec9
00000fd2
0000038c
ffffdeb8
ffffea0e
ffffec91
ffffe9e7
000002cb
00002c12
00003005
fffff1f7
0000065b
ffffea83
fffff510
ffffdeba
fffffcd3
ffffe09a
00002214
00000592
00002e09
00001c54
ffffcde5
00000a97
ffffeb77
00000c5a
ffffe6e6
0000108b
fffff946
000007a6
00003526
00000f38
00000134
fffffbf4
00000eae
fffff10d
00004bf4
0000298e
ffffd9ad
00000b22
000031d0
00000819
ffffeffe
fffffd5d
ffffd98e
000025f9
00000aac
fffff45a
000009cd
ffffd61d
000009f2
ffffe6c0
ffffdea9
ffffe656
ffffd5b2
fffff818
fffffba5
000012ec
00000403
fffff038
ffffe8fd
00000ebd
ffffa5cb
00001a39
fffffedf
ffffef23
0000204d
ffffb796
fffff2cc
fffffc5b
00001628
00000b5b
ffffd868
00002537
000028a2
fffff698
ffffe68b
ffffc8c6
00002411
000007e7
000001e9
fffff190
ffffeeee
fffff8dd
00003be2
fffff986
fffff3d6
00001e91
00001c18
000015ea
ffffe333
ffffe5b7
fffff6cf
ffffb612
000012df
00000b44
00000739
ffffe50c
ffffa079
00000317
ffffe4f9
ffffe0b9
fffff9e7
00001b66
fffff660
0000000a
00000a25
0000118f
ffffef54
ffffee50
00001287
00000b7b
ffffdba9
fffff489
ffffe81e
00002035
fffff959
00001a12
00000136
ffffe7b6
000007b5
fffffa67
00003779
00000852
fffffb17
fffff060
fffff9b0
0000144d
fffff6ed
fffff503
ffffee5f
0000161e
00001330
ffffeb2c
ffffff17
ffffd52a
fffff37b
ffffd872
000002ef
0000259d
0000146e
0000309a
ffffe097
fffff8e0
fffff4a2
00001d1e
00000ffa
00001daa
ffffcb6c
00000ae6
00000811
00002964
ffffd84f
00004674
ffffd614
00002d1c
00000b0c
00002fac
ffffef28
ffffdbdf
ffffdbd8
fffff47e
ffffd6c1
ffffe84c
00001e11
fffffc9e
ffffef1e
fffff407
ffffeade
0000107f
00001852
ffffdc4c
0000165f
ffffea96
ffffddb4
00002ac8
00000c1d
ffffe67a
00000591
00003c4c
000000b5
fffff2fb
ffffd931
00002865
ffffd046
0000054b
00003369
ffffe62d
00000441
000037eb
ffffe0ec
00000e6d
ffffc11e
000032b8
fffff8e0
00000631
fffff1fa
0000178c
000045e0
ffffe189
ffffe46a
0000050e
ffffd6c4
ffffffd9
ffffde8b
00000074
ffffee7b
0000194b
000002e8
ffffe3cd
000013f1
00001d20
000039e3
0000227f
00000572
ffffec7b
fffff516
ffffe15a
00000ad4
00001884
0000104c
ffffeb31
fffff3ef
ffffd79a
00001361
0000271b
ffffe7a2
00000c0a
fffff232
000036d9
00000a72
ffffe28b
ffffee62
fffff78d
fffffcf9
00000ad2
00001bd2
0000296a
ffffdd99
ffffddd4
ffffe938
fffff803
ffffe65b
ffffe871
fffff57e
fffff54c
ffffc0d1
0000079a
ffffec44
ffffce2b
fffffc38
ffffe2a6
ffffcb41
fffff6e0
ffffc440
00001fd9
00000ef3
ffffe312
ffffc17e
fffff12c
ffffcc02
0000024f
fffff65c
fffff01f
00000c5d
fffffdca
ffffd447
00001cfb
00001b30
ffffcc33
fffff22a
ffffd2f8
ffffe264
00000a21
00000ca7
fffff82a
000011c8
ffffdb1a
ffffe79b
00000dcf
fffff686
00004c02
ffffeb9c
fffffe67
0000088b
0000220a
ffffe350
00003d33
ffffff84
00000fe2
fffff786
ffffc8d0
00002dd0
00002f06
000006f0
000012a7
000021a0
ffffdc4c
ffffe2bb
ffffdee8
ffffd7f8
fffff33d
00000f7e
ffffd994
000002df
ffffe2dc
ffffff3d
000008c1
fffff037
fffff3e3
00001160
00003e4e
0000308c
ffffe9e4
00000022
000020a0
ffffe615
000045c0
000010e5
00001457
fffff3b1
fffff0fb
00000714
ffffe63f
ffffd9cd
fffffc28
000018cc
00003137
fffffb6f
000001e2
fffffdc1
fffff884
00000b27
00000ec6
00000e6d
ffffe951
000020fd
ffffd224
000000a1
00000864
fffffe24
ffffe557
ffffcd67
00000df2
00001a9f
00000142
fffff847
ffffe362
00001404
ffffe411
00004942
000005fb
ffffce9b
fffff7b9
fffff2f6
00005508
ffffd6e4
ffffefcc
000027c8
000042ec
000002ae
00002e90
fffff5bd
fffff593
ffffe9e9
0000006c
000002b9
00000325
ffffd8a3
00001a6f
00000c3f
0000146e
ffffd6ba
fffff4ee
00001468
fffffb9d
ffffedc3
fffff68c
ffffd36c
000011be
fffff7bd
000006dc
0000032e
00002e94
ffffee94
ffffef7a
0000037f
00002fa0
fffff0e4
00002364
00002cf9
fffffc09
0000200d
0000150b
00000517
ffffe53e
ffffe10f
00001020
00000526
00001644
000054a0
ffffd036
000011ac
ffffda3f
ffffe0df
fffff916
ffffd51a
fffff43c
ffffcad0
00001234
000003fb
000025de
ffffd52a
0000203a
ffffeba6
ffffd976
fffff574
ffffca81
ffffdd7a
ffffeb94
ffffd13b
fffffc7c
ffffcf10
ffffe9d4
0000100d
fffff3d9
00000ef7
ffffc0ef
ffffed3c
0000051f
ffffe8e6
fffffce9
00000242
fffff40c
00001046
0000145b
ffffdbaf
fffff62b
00001579
ffffe7c7
ffffe9f5
0000177d
ffffff72
ffffe7d5
fffffffa
00002806
fffff938
ffffcdfb
fffff35f
000021cb
ffffe6ae
ffffd916
00002b32
000001de
fffff785
ffffe012
0000177c
ffffca8f
ffffc6cd
000010ef
00001c83
0000332c
00002c33
00000005
ffffebde
00001a1d
00002694
ffffd9ad
ffffe93d
ffffe0ff
00000ff9
fffff5fb
000007c0
000037b2
000029db
fffffcd9
ffffe858
000028d0
0000091b
ffffe012
fffff981
000014f8
ffffeaa7
ffffdf5f
ffffc9c4
fffff16f
fffffab7
00000bf7
ffffcddf
ffffe9a6
00001dc2
00000307
00003570
00003262
fffff06f
0000106a
ffffdfcd
fffff40c
ffffeec1
0000155f
ffffc65a
fffff247
00000f4c
0000031c
0000123c
0000219f
ffffcf30
fffff99e
000016b0
0000090e
ffffdafc
00000144
00001c00
00000a6a
ffffca01
00000567
ffffea91
fffffbef
ffffee2d
fffff05d
ffffe7ce
000015f5
0000299d
00000d61
0000020d
ffffd3d1
00002182
fffff83a
fffffb36
ffffe3c1
00000dbb
00000878
000014fb
00004740
fffff0b8
ffffdbf5
00000508
00000951
ffffe725
00000ed3
ffffdb80
00001d28
00004150
0000240c
000043c6
ffffd94c
ffffe0cf
fffff576
0000151c
ffffea36
00000f9c
00002f5d
000001d1
000001e6
ffffd750
00000909
ffffcbb6
00002e92
ffffd698
00000739
000016b7
00000463
00000d14
ffffd4e3
fffff147
ffffd0c8
fffff411
ffffee34
ffffe7cc
00000857
ffffe3d3
fffff0f2
ffffe284
00000556
ffffc8ae
000024a5
000028d0
00000d2c
0000276b
ffffbb87
00000763
00001375
fffffd40
00005b10
ffffe87a
000020ee
000034f9
00000b2f
ffffeee7
00000c92
ffffe7fb
ffffeb77
fffff1bf
fffff0aa
ffffed76
0000180f
00004095
00001026
ffffee6a
fffff2d9
00000e85
fffff2e6
00003d09
00001c3b
00002eb6
00000f9c
fffffe33
00001548
ffffd946
ffffcde3
ffffec8c
fffff94f
fffff2e2
ffffe6ad
ffffe2a5
00001f7f
ffffdd69
ffffdc50
00001852
0000101c
000005f3
00001438
fffffeab
000005c9
ffffeda9
00000409
00000db1
ffffd7a8
00002875
fffffb1d
ffffe6bf
fffff975
ffffd1aa
fffff0b0
00002802
ffffffa1
fffffe98
000011aa
ffffe9f0
fffffe42
ffffb002
ffffe0a5
ffffbad1
000013db
0000301d
00000009
000023ba
ffffe7eb
ffffe70f
00000b39
ffffc4c3
0000293f
000015cf
fffff233
00001278
ffffbd95
ffffda1e
000031bc
fffff45a
000025d4
ffffee37
fffffc95
00000aa7
000027dd
0000340e
fffff6dc
0000120f
00001b98
ffffda24
00001687
000016cd
000041aa
00004d41
fffff32a
000007dd
ffffe3fc
00001c18
fffff1da
ffffe76d
00000fb9
00001c07
ffffef86
ffffcd7c
00001d9f
00000612
00000722
00000077
ffffe0f0
ffffd3b2
00002a63
ffffd363
00001c2b
00002379
00001def
00001bfc
fffff94b
ffffb706
fffff7da
fffff573
ffffeb43
ffffec9c
00001fec
ffffeefe
fffffabd
ffffd978
fffff891
00002d80
ffffb49a
ffffff83
00006c73
ffffdb26
00000e45
000006d6
ffffe512
ffffee83
ffffd628
0000109a
ffffe527
000014a1
fffff407
000003e1
ffffcfa0
ffffe104
fffff6fe
00000573
00002823
00001a09
000014fd
00001abe
fffffabb
00000001
00000e2f
00000beb
fffffe99
00001e68
00000a13
ffffffb4
00000705
00002a8b
ffffda68
ffffc6b0
000047a4
000029f0
ffffd927
00000f35
ffffe5ff
ffffe0a6
fffff7dc
0000202d
00000047
ffffe20f
000007d7
00002c18
ffffde56
000013f7
000012ba
00001713
000027ea
fffff3fe
fffff790
000018f0
ffffe0c3
ffffef49
00001714
00000752
000021cb
ffffd7d0
0000297e
000008d4
000004d0
ffffef6e
fffffea3
ffffe3ca
0000268f
000021df
000027f2
000008ea
ffffcce4
fffff40d
00001351
000020dd
ffffbbe8
ffffcb07
000017b6
000021c8
00000812
000006a7
0000413d
ffffcb3a
0000050a
ffffeb5c
000041cf
fffff4e1
00000f68
ffffcf0a
000034a9
fffff70f
0000114a
ffffda08
00003167
ffffdf32
ffffbff9
00000a62
00002415
000035ce
00003d8f
00002236
000034d7
ffffed74
ffffe6a0
00002d24
fffff207
000009dd
00000481
fffffcfc
ffffe91a
ffffff7f
fffff521
00000f4b
ffffe3cf
00001377
ffffc949
fffffc57
00003fc8
00002924
000010d7
00004719
000022b9
0000410b
0000141f
00000e77
00000722
fffff764
ffffd739
ffffeea3
ffffe0a6
000003b8
0000184b
ffffe431
ffffee37
00004969
ffffe5a4
fffff6d3
ffffe41d
ffffdaa6
ffffeebc
000000ad
00000df3
ffffe797
fffffe68
ffffffd7
0000535a
00002c9d
fffff6e3
ffffefb2
fffff60a
0000159b
000000e0
00002f49
fffffdf6
00000c6c
00003207
0000258c
0000097e
ffffdecc
ffffdbe3
ffffe89c
0000014a
000003ef
0000051a
ffffdbef
fffff4a8
0000099c
fffffd98
00000d81
00002b49
00001e2d
00003749
00001575
ffffe05d
000008f4
00002d4a
fffffed4
00000af1
00002811
0000090d
ffffe9f6
fffffd87
ffffb83a
ffffebd9
00001913
0000128f
000000ef
fffffb64
ffffe0bd
00003376
fffff0fa
ffffe20c
fffff4cb
000006e4
00000817
00001d02
00001bad
ffffe2d5
fffffe4a
00000802
ffffbd12
00002dd1
fffff313
00000a9a
ffffe597
fffff489
00000bdc
00001e11
00002579
000018d1
000014fd
ffffe7de
000025ef
000010e7
fffffc7c
fffff949
000035ba
00000113
ffffdea2
00000702
00002bc2
00000982
00002e23
fffff89b
000030cb
ffffda8c
00004a07
00000d23
fffff746
00000635
000039dc
fffffe2a
ffffe508
ffffe036
00000446
fffffddb
ffffffd1
000001dd
ffffcfe9
000003a6
fffff706
0000045b
ffffd80d
00003986
00003946
ffffed93
ffffbdf2
0000145d
ffffda87
ffffd1c9
00000d1a
00000fc2
ffffbb92
fffffae2
ffffe8f0
00002a21
00003e42
fffffae7
fffffcef
fffff496
ffffe247
00002135
fffffe3c
00001a8f
ffffe04c
ffffea47
00001f35
fffffafa
00003d2d
fffff633
00000a34
ffffdf66
00000762
ffffcfdc
00000a46
fffff072
fffff32e
000009db
fffffca1
ffffff2e
00001ee8
00001536
00001824
00002063
fffff8aa
000030f6
0000223c
fffffc25
000035c6
000031a1
ffffe7b6
00000324
0000140e
fffffc38
ffffed62
00001cf3
fffff9ef
ffffeb04
0000363c
00003b57
00000165
ffffe72d
00002f26
000016b6
fffffd86
0000315d
ffffe461
000019b4
fffff6a8
0000199f
00001fea
ffffe51f
ffffc1d7
0000206a
fffff70e
fffffdb7
ffffd867
ffffe1f1
ffffdf51
00000074
ffffe1d4
00001b41
ffffef1f
00001477
ffffff84
00001d22
00003afd
00000a19
000019a8
00000cb6
0000385b
ffffd8d5
fffffb50
00002785
ffffffad
000018ad
000021aa
00001d30
00001858
00002156
000022da
000012f1
fffff2dc
ffffed34
00000745
00000d53
ffffe6bc
fffffcc9
000005b0
0000063d
00000ccc
fffff860
fffff768
00003786
00001737
ffffea24
000037e2
000023b4
ffffcc09
ffffcfe5
000022e2
000016d7
000018d8
00001f99
000018c8
00001e99
0000002b
000006a0
000027cb
fffff42b
fffffebe
ffffde8c
ffffe8a7
00003c66
ffffffef
ffffe220
00000aae
000023f8
00002606
00001031
000037df
fffffadb
fffff1df
ffffd875
ffffc488
fffff8eb
ffffefe2
fffff681
ffffe662
fffff918
00005a1c
ffffe29e
000013fc
0000008c
fffff506
ffffe4ea
00000f91
ffffeac4
fffffa92
00001255
00001f4b
00005830
ffffc05e
000024dd
fffff0b8
fffff68f
0000114d
00004495
00002d8d
000000b7
00001227
00002137
0000101a
ffffebd1
0000002f
ffffead4
0000111e
00001d05
ffffe729
00002669
ffffcc5c
00003294
ffffefb0
00000c56
00001e77
00003768
00002ebf
0000494a
fffff963
ffffe859
000033bf
00001bb4
fffff45c
00000e0c
000006bb
fffff0bb
ffffcb4f
ffffd37f
ffffc63a
00001591
ffffda0d
00000b87
00002b16
0000114f
00001d43
ffffed80
ffffdaee
fffff02c
fffffe6d
ffffe04e
ffffe4ce
00001947
00001c16
00001fac
ffffc2a5
0000296a
fffffa95
000028a5
00000069
ffffde6b
fffff9a5
ffffd7f4
ffffe356
fffffa8e
00003e5c
ffffe279
0000401a
00000fe4
0000263d
0000206e
0000102c
00002dc8
0000483a
fffffc91
ffffd214
00000eba
00000c00
0000273f
00004383
0000129d
00001801
00000fd4
ffffec8e
fffff8db
00002a78
fffff343
00000dbd
fffff8cf
000021f3
00002f01
0000104c
fffffa19
00002b61
0000043b
000001bb
000003d2
00001346
fffff736
ffffcd52
000037d2
0000004b
00000204
0000013b
00000fe9
000001d3
ffffedf7
fffff68b
00000e4f
ffffcd4e
00000eef
ffffee7d
00000fdb
00001a2b
0000323f
00003710
fffff6dc
00000149
00005be1
0000006c
fffff5fc
ffffde48
000027a9
000023ed
000019b9
00001478
00001434
00002ef5
0000299e
00003fad
fffff261
ffffd578
fffff478
ffffc9a7
00002b13
ffffd90b
ffffc743
000039bf
00001688
00004872
000017fe
00002a3f
00002ee2
ffffe14a
fffffe36
00000dcf
00002bad
ffffe9d8
ffffe613
fffff6fc
ffffe314
00001894
000019cd
000015e4
ffffdbf5
fffff07e
ffffdd2a
00000ea9
fffffc2e
000031bc
00002ec1
00001699
00000b52
fffff331
00002143
00000f1e
ffffdda2
00000f36
00000e24
ffffdd1f
00000884
00000790
fffff9ae
ffffd4a9
ffffe582
ffffd00b
0000370a
ffffd638
00000387
fffffe42
00001287
fffffe0f
fffff475
00002700
00000ae8
00004b02
fffff873
00004244
00003c4a
ffffe9e9
000009ff
00000492
000035de
ffffe515
00002505
0000043f
000000d7
00001b68
0000146a
00001d8d
ffffd782
00002e82
00001a4e
ffffde13
0000312a
ffffe41e
fffff0a1
00001720
fffff69c
000016a6
00004a16
ffffef1e
ffffecfd
0000237f
00000b59
ffffe2b8
ffffe15a
fffff763
00001be4
000012e3
fffff6e7
000017eb
00000091
ffffe572
0000195e
00001ecb
000044c8
ffffed6c
00000ccc
fffffe91
ffffd94e
ffffde20
ffffe5c8
0000231e
00003524
00003208
000003bd
0000529a
fffffcc8
fffff4c3
fffff356
ffffd025
000012a8
fffff8e6
ffffdad6
000005ac
ffffd11e
00000a17
ffffe1f4
ffffdb8c
000012b1
ffffe80b
ffffbba2
fffff6a3
00001e62
000006e3
00002219
fffff586
00005565
ffffc9c2
0000040e
00001d86
00000454
00002ad8
00005a23
fffffe65
ffffe730
000006ab
00000abd
ffffd3be
ffffd65d
fffffb2b
00000459
fffff180
00000e60
fffffc8e
ffffeefe
ffffd859
0000176b
00000a0e
fffff711
000036f9
000050f9
00001452
00003378
00001032
ffffe180
00001ded
000040eb
fffff39a
00002476
fffff30a
00001bb0
ffffd131
fffff63f
ffffb6a8
fffff729
000004c8
00001a87
00000f74
ffffdd1b
fffff975
0000044c
0000246b
fffff9da
ffffef87
fffffbd6
ffffcef3
000013fb
000006d4
00000e5b
ffffea2e
fffff4ee
ffffd00f
00001462
ffffea78
ffffe9e5
ffffee72
000021f3
ffffd4ee
00002ab7
0000224a
0000062b
fffffec0
000007cd
000032df
000060d9
ffffd8ba
000008bd
00003742
000002fb
00000217
000016a8
ffffe696
ffffdd0d
00001c29
000027f4
00002683
ffffe829
00002407
fffffea4
0000175d
fffff6de
ffffe5ec
00002fd7
00000e7e
fffffa2e
00003513
ffffe533
ffffded1
000036f3
ffffbfae
ffffdd7a
0000196a
00003b51
ffffb9c2
00002216
fffff196
fffffdb9
ffffec9f
fffffd59
fffffad3
00000029
00000f34
000015ae
ffffd757
00001666
ffffd6f9
00002b3e
fffff3bb
00004d92
00001451
fffff821
00002e72
00006c00
ffffe286
00003cf5
000000ee
000015fd
ffffd878
00001c73
00002210
00003841
0000076e
00002c02
000030e4
ffffedf0
00000b5e
000009d7
ffffd12e
fffffea4
fffff4d4
ffffcc6e
00004d98
ffffe3e1
00006ea1
fffff0c8
00002130
00002493
0000229c
fffffc4f
00001237
0000458a
0000426f
000004e7
00002877
ffffc72e
ffffe325
000014ed
00000b95
fffff455
00001be1
0000310b
ffffff90
ffffd183
00000e1a
00002898
ffffeae1
fffff2ac
fffff802
00000e4d
ffffeae3
00000966
ffffe25f
ffffdd52
000007aa
00000978
ffffd4f8
ffffede4
ffffd19d
00000eee
ffffc6d2
00000a56
000002e2
00000904
ffffc23a
ffffcb24
0000090b
00002d21
00004063
00001301
00001d13
ffffec38
00003967
00001cb6
00000f68
ffffef60
ffffe861
00004cce
00000169
000004b7
00003a5d
ffffd723
ffffe585
fffffb18
00002c74
fffffbf4
00000d3d
00000bab
0000008a
00000773
ffffd3fc
00001019
ffffea90
00003ee0
00001250
00002569
00002a17
00000ee5
00002886
00001007
0000146f
ffffd6f0
00000f4a
fffff684
00001c24
ffffd3e3
000035d6
00000708
ffffc0dc
0000003b
00002575
00004b18
fffff8ac
0000166c
ffffffff
00000845
0000005f
ffffe277
00004213
000035c9
00001bf7
000025e1
00005996
00000321
ffffe769
000016ad
ffffca72
000004e9
ffffe242
ffffeb3a
00001f55
ffffce5f
00001a9a
ffffdcd6
ffffe2f8
ffffe68d
00001446
0000238f
ffffe297
00000f02
ffffac88
ffffee87
ffffd5a9
00001906
000025d2
fffff748
fffffe54
fffff6e3
00002188
ffffd714
000014ab
00001726
000000e0
00000489
00001019
ffffe197
ffffdf24
0000200d
00003650
0000241d
00001ff7
000003eb
00000a66
ffffaf03
ffffe520
fffff51e
fffffc42
ffffe174
000019ee
0000203b
0000081f
ffffd98a
00001f93
0000182e
0000023c
0000030f
ffffff7a
ffffdafb
0000146f
00000597
ffffd0d5
ffffa56a
000004c9
ffffd846
00001c52
0000041d
000029dd
ffffdb1f
fffff19d
000002e8
0000091f
00001953
ffffdbc9
00001538
000009a3
ffffe8bf
0000119f
000029b1
fffff5a6
fffff63a
ffffce6b
ffffe408
fffff7cd
fffff32b
0000532e
ffffcd2d
fffff1b6
00001a01
000001de
ffffd58d
fffff143
ffffde5f
ffffedfc
ffffb626
00001c30
fffffe0f
ffffcda0
ffffe30b
000026bf
00002456
00000386
ffffbe98
000008dd
000011ff
00002933
00001c45
000008b3
fffff82d
00005b9d
fffff62c
ffffefbd
ffffe19c
fffff3a5
0000029a
ffffe287
fffff04d
ffffd8c4
00002087
ffffd316
ffffc709
ffffe72a
00001d21
0000443a
ffffc5b6
00002d3a
000032ea
ffffb776
ffffe96b
ffffe9bb
ffffb7ba
00003865
fffff30f
00002d6a
fffffd46
fffffa54
ffffe4fe
00000c0b
fffff69b
ffffdbe7
00000d86
000029ff
00002093
ffffe3a5
ffffddf4
00002431
ffffee16
00002ef0
ffffd8de
ffffe521
fffffc5e
ffffcf50
ffffe88f
ffffef32
ffffda59
00000052
fffff32e
fffffe6f
0000375a
fffffdbe
000042da
fffff607
00000d07
000001c2
fffffbbe
000010c6
ffffe23e
000036da
00001c22
ffffe001
ffffd33b
ffffddc7
ffffffb3
ffffe85d
00000f4e
00002b98
ffffc55f
000004a2
00001826
fffff8b0
00004c6b
0000238f
00000943
00001838
00003b6b
ffffcda1
ffffff96
00002579
00001e3e
0000296a
ffffef76
fffff8e7
0000278e
000007d7
ffffe0e3
ffffed66
fffff12d
fffff367
fffffceb
00002ec8
00000df0
fffff697
ffffd973
fffff63b
ffffe38a
000016a4
fffff4d5
0000118e
ffffd19d
ffffe625
fffffd23
00000628
00001cba
00002de8
fffff631
00002ecc
ffffdb65
000018b4
0000303c
000008fc
ffffeff4
ffffe7be
ffffc5e6
00001a9e
000002c3
00000d95
fffffc4b
00005457
ffffe77d
00000c97
ffffe4c4
ffffd2da
00003116
ffffbb6d
ffffe01f
0000111c
00000610
fffff736
000011e0
00002616
00002de1
0000151a
00001cb6
ffffebe2
00001508
00003b4b
fffffb18
ffffd992
00001013
000001ad
0000139f
fffff894
ffffe1b5
ffffcff6
fffff440
fffffc04
ffffed53
000009e1
fffff465
ffffcc74
ffffff90
ffffd7f7
fffffe79
ffffcc0e
fffff040
0000087c
000015e2
ffffe868
ffffd92d
00001f3d
00000b54
000034db
ffffe90f
